{
  "_initiator": {
    "type": "script",
    "stack": {
      "callFrames": [
        {
          "functionName": "method",
          "scriptId": "126",
          "url": "https://www.vectal.ai/_next/static/chunks/9da6db1e-ad7decc175389864.js",
          "lineNumber": 0,
          "columnNumber": 80787
        },
        {
          "functionName": "",
          "scriptId": "126",
          "url": "https://www.vectal.ai/_next/static/chunks/9da6db1e-ad7decc175389864.js",
          "lineNumber": 0,
          "columnNumber": 148111
        },
        {
          "functionName": "Pe",
          "scriptId": "126",
          "url": "https://www.vectal.ai/_next/static/chunks/9da6db1e-ad7decc175389864.js",
          "lineNumber": 0,
          "columnNumber": 148117
        },
        {
          "functionName": "retriableRequest",
          "scriptId": "126",
          "url": "https://www.vectal.ai/_next/static/chunks/9da6db1e-ad7decc175389864.js",
          "lineNumber": 0,
          "columnNumber": 118977
        },
        {
          "functionName": "Rs",
          "scriptId": "126",
          "url": "https://www.vectal.ai/_next/static/chunks/9da6db1e-ad7decc175389864.js",
          "lineNumber": 0,
          "columnNumber": 148321
        },
        {
          "functionName": "",
          "scriptId": "126",
          "url": "https://www.vectal.ai/_next/static/chunks/9da6db1e-ad7decc175389864.js",
          "lineNumber": 0,
          "columnNumber": 141725
        },
        {
          "functionName": "",
          "scriptId": "126",
          "url": "https://www.vectal.ai/_next/static/chunks/9da6db1e-ad7decc175389864.js",
          "lineNumber": 0,
          "columnNumber": 118337
        },
        {
          "functionName": "",
          "scriptId": "126",
          "url": "https://www.vectal.ai/_next/static/chunks/9da6db1e-ad7decc175389864.js",
          "lineNumber": 0,
          "columnNumber": 118343
        }
      ],
      "parent": {
        "description": "setTimeout",
        "callFrames": [
          {
            "functionName": "Er",
            "scriptId": "126",
            "url": "https://www.vectal.ai/_next/static/chunks/9da6db1e-ad7decc175389864.js",
            "lineNumber": 0,
            "columnNumber": 118125
          },
          {
            "functionName": "enqueue",
            "scriptId": "126",
            "url": "https://www.vectal.ai/_next/static/chunks/9da6db1e-ad7decc175389864.js",
            "lineNumber": 0,
            "columnNumber": 117852
          },
          {
            "functionName": "capture",
            "scriptId": "126",
            "url": "https://www.vectal.ai/_next/static/chunks/9da6db1e-ad7decc175389864.js",
            "lineNumber": 0,
            "columnNumber": 151479
          },
          {
            "functionName": "Bi",
            "scriptId": "126",
            "url": "https://www.vectal.ai/_next/static/chunks/9da6db1e-ad7decc175389864.js",
            "lineNumber": 0,
            "columnNumber": 65378
          },
          {
            "functionName": "",
            "scriptId": "126",
            "url": "https://www.vectal.ai/_next/static/chunks/9da6db1e-ad7decc175389864.js",
            "lineNumber": 0,
            "columnNumber": 64921
          },
          {
            "functionName": "ai",
            "scriptId": "126",
            "url": "https://www.vectal.ai/_next/static/chunks/9da6db1e-ad7decc175389864.js",
            "lineNumber": 0,
            "columnNumber": 64904
          },
          {
            "functionName": "",
            "scriptId": "126",
            "url": "https://www.vectal.ai/_next/static/chunks/9da6db1e-ad7decc175389864.js",
            "lineNumber": 0,
            "columnNumber": 65345
          }
        ]
      }
    }
  },
  "_priority": "High",
  "_resourceType": "fetch",
  "cache": {},
  "request": {
    "method": "POST",
    "url": "https://vectal-api.onrender.com/_events/i/v0/e/?ip=0&_=1755719662371&ver=1.259.0&compression=gzip-js",
    "httpVersion": "h3",
    "headers": [
      {
        "name": ":authority",
        "value": "vectal-api.onrender.com"
      },
      {
        "name": ":method",
        "value": "POST"
      },
      {
        "name": ":path",
        "value": "/_events/i/v0/e/?ip=0&_=1755719662371&ver=1.259.0&compression=gzip-js"
      },
      {
        "name": ":scheme",
        "value": "https"
      },
      {
        "name": "accept",
        "value": "*/*"
      },
      {
        "name": "accept-encoding",
        "value": "gzip, deflate, br"
      },
      {
        "name": "accept-language",
        "value": "en-US"
      },
      {
        "name": "content-length",
        "value": "1364"
      },
      {
        "name": "content-type",
        "value": "text/plain"
      },
      {
        "name": "origin",
        "value": "https://www.vectal.ai"
      },
      {
        "name": "referer",
        "value": "https://www.vectal.ai/"
      },
      {
        "name": "sec-ch-ua",
        "value": "\"Not(A:Brand\";v=\"24\", \"Chromium\";v=\"122\""
      },
      {
        "name": "sec-ch-ua-mobile",
        "value": "?0"
      },
      {
        "name": "sec-ch-ua-platform",
        "value": "\"Windows\""
      },
      {
        "name": "sec-fetch-dest",
        "value": "empty"
      },
      {
        "name": "sec-fetch-mode",
        "value": "cors"
      },
      {
        "name": "sec-fetch-site",
        "value": "cross-site"
      },
      {
        "name": "user-agent",
        "value": "Mozilla/5.0 (Windows NT 10.0; Win64; x64) AppleWebKit/537.36 (KHTML, like Gecko) Noi/0.4.0 Chrome/122.0.6261.130 Electron/29.1.5 Safari/537.36"
      }
    ],
    "queryString": [
      {
        "name": "ip",
        "value": "0"
      },
      {
        "name": "_",
        "value": "1755719662371"
      },
      {
        "name": "ver",
        "value": "1.259.0"
      },
      {
        "name": "compression",
        "value": "gzip-js"
      }
    ],
    "cookies": [],
    "headersSize": -1,
    "bodySize": 2047,
    "postData": {
      "mimeType": "text/plain",
      "text": "\u001f\b\u0000\u0000\u0000\u0000\u0000\u0000\u0003VYoÛ8\u0010þ+\u0016¨dÝûTl.za\u0017½\u0016\u0005AQ#0Eª\u0014e')òßw(K±Ý8ÝæÅÑpføÍðãÛOg\u0018xå¬\u001c?(rVø¥[G,w³¤ÈÜ2ñC·(\u000bXEi¥Î3\u0007¶ \rª_\\¬v(ë´ê@\u001b\u000e½³úé\\(üq¾pY©]§øM¶ {®$Ê\u0003ßJg ñûµV-XY\u0005[Îë\u000ePþ\u0012úQÖûá-Ü(i¥/jÍ\u0019]¾Vk*%ôå c\r¢êº\u0007ç\u0006¡r6hpÉ \u0005\u001a¯éúÕr¹Ûí¼-0CGùÒÚ¯Uoc:9°òµ¤\boåzîÈ¸\tmöYx§n¸\u0010txþâÉ\u0014òâýÇEà{þó\u0005\nÒøùâ*.^t/P¾áfD\u0017¥'oþüøîí³à\u001bX¼\u0002¶QO\u0017ï\u0015_ú^îöY\u0006aèù^\u001a¦\u0017DþâR >­ä2,¼ÀK\u0016\u001fhM5<\u001eeöqtp$\u0016T6\u0003¢Gì ÝO\u001fMæ3Òi¨ùÕ¨bÏ{¦\u0001$Y\u0003oÖ\u00184¦ÖævîxeÖÎ*\f¢\u0018[\u000e»NisPöüX>©\u0007IjQ\t^Ú´Ci¯ÁcxaRx#Y¸Dt,M{!Ë7CÜmË¡\u001b\ríë£Ë,I² HSL_^<s*Þ\u001b.Ùd¤´(ü¸vkH27ÎãÀ¥Qå»eY§AFó¼\u0006º¿\u001bN\u0005¿¡\u0006q½k'ôÃÄõs7ô?\u0006Å*VaâÅiúÕZ0%kÄ£¡\"=ô\u0016ýh¥\u0006CZ, ÷íßßwÅ\u0004e%FS,¶$p27baÁhÁò4\r&ç½\u0012@j\u0006¦tÅeC@ÒR÷iL\u0018éy \u001eÀ>Ëá -ÁìÞ^\u000bE+Âhg\u0010®-Õéß¿@×J·T²Q:\u001b`\u0018h?{ÆW\"[µAý*!T\bµCD-\u0018,PÔ\u0010··gñ´´ß~­ÎY\rFåö\u0007\u0001²®4t^¶XJDSh'\u001fÓ\u0011âåíÐjÀÓG§çÈYÞ\u0019²²»C:\u00185e kÎä¶Æ\u0018mr\"þ·7x,1¨\u0002W\fºbóÍg\u001dÎ\u0017W`\u001fNp¶yàæY2Ã·@Í£ÓZÐ\u0006/ýæ`mÛLº\u001dÖ·+açÚ6Ö»¹ä¾£õd¶|\\{å°55û>H\u001a­±S\u001f_;óÍÎ\u0004ûz'g\u001a~\fÐOµégIÍâÐ@YamVK\u0004Ü*\u0003Z%0}`ì¼ÿ«±\u0001N\u0000;g.*|2\u0007©%Z¥ZÊm0G§}µ!\u0015\u00059FC«\fÎ%Í\u0006\u0001´Ô°õÈÒS\u0016Ý³\u001b'åYo0|;\u0018gÁÌ´³wâÀúMKÁå\u0006É1fù?yÆ8©¨¡¶ú\u001f+Ü\u0014p$D9¶ùküÍ°­\u001bª\u001b0\u0004g\u0005º)8ÍïVásµj\u000bÎíw|~£68LVN·fÄ\\v_7M²k?%ÓèË~~wýãë+óâåå&i®j\u0019¾½üð÷åëðÐ`1Ê\u000eÂØ0öí8qÃxLÁÔ?N·\u0018\\Y¥,só´Â}\u0006m¢¢Îòd?lvã¬~Ô&ã´36²i¾\bU[ZãÖ9\u0007v¢ûØrªýÐÆrªuo¹k±wØ7³TâÒTr¨1\u000e\"@6vxÓÿ1åßàµ§ªó:6¼×¦\u000fª³\nâÔv»Ä©Ý'¯·b7\u0019àèN»K°¡7ª%´ãs¶æäî3æâ§$\"ª@{LµË}É;«í|viù!FÈªvi\u001aPäJÆ\u0014bðýzÜ\u001ezÔG\u0017¼æ¶\"¦që1Ãp\bîÈ=5\u0017ia±Úa¥ÛrcÛ\r2Å¾ÑX3øFE\u00054o¶AG·ßÿ\u0001&F·\u000b\u0000\u0000"
    }
  },
  "response": {
    "status": 200,
    "statusText": "",
    "httpVersion": "h3",
    "headers": [
      {
        "name": "Content-Security-Policy",
        "value": ""
      },
      {
        "name": "access-control-allow-credentials",
        "value": "true"
      },
      {
        "name": "access-control-allow-origin",
        "value": "https://www.vectal.ai"
      },
      {
        "name": "access-control-expose-headers",
        "value": "X-Accel-Buffering, Content-Type"
      },
      {
        "name": "alt-svc",
        "value": "h3=\":443\"; ma=86400"
      },
      {
        "name": "cf-cache-status",
        "value": "DYNAMIC"
      },
      {
        "name": "cf-ray",
        "value": "972471356f8893c9-JNB"
      },
      {
        "name": "content-encoding",
        "value": "br"
      },
      {
        "name": "content-type",
        "value": "application/json"
      },
      {
        "name": "date",
        "value": "Wed, 20 Aug 2025 19:54:23 GMT"
      },
      {
        "name": "priority",
        "value": "u=1,i"
      },
      {
        "name": "rndr-id",
        "value": "9e99eafe-009d-4333"
      },
      {
        "name": "server",
        "value": "cloudflare"
      },
      {
        "name": "server-timing",
        "value": "cfExtPri"
      },
      {
        "name": "strict-transport-security",
        "value": "max-age=31536000; includeSubDomains"
      },
      {
        "name": "vary",
        "value": "origin, access-control-request-method, access-control-request-headers, Origin"
      },
      {
        "name": "vary",
        "value": "Accept-Encoding"
      },
      {
        "name": "x-envoy-upstream-service-time",
        "value": "68"
      },
      {
        "name": "x-render-origin-server",
        "value": "uvicorn"
      }
    ],
    "cookies": [],
    "content": {
      "size": 15,
      "mimeType": "application/json",
      "text": "{\"status\":\"Ok\"}"
    },
    "redirectURL": "",
    "headersSize": -1,
    "bodySize": -1,
    "_transferSize": 380,
    "_error": null
  },
  "serverIPAddress": "216.24.57.7",
  "startedDateTime": "2025-08-20T19:54:22.375Z",
  "time": 397.3160000023199,
  "timings": {
    "blocked": 1.7230000016335398,
    "dns": -1,
    "ssl": -1,
    "connect": -1,
    "send": 0.43599999999999994,
    "wait": 388.61699999855364,
    "receive": 6.540000002132729,
    "_blocked_queueing": 0.9290000016335398
  }
}