{
  "_initiator": {
    "type": "script",
    "stack": {
      "callFrames": [
        {
          "functionName": "method",
          "scriptId": "126",
          "url": "https://www.vectal.ai/_next/static/chunks/9da6db1e-ad7decc175389864.js",
          "lineNumber": 0,
          "columnNumber": 80787
        },
        {
          "functionName": "",
          "scriptId": "126",
          "url": "https://www.vectal.ai/_next/static/chunks/9da6db1e-ad7decc175389864.js",
          "lineNumber": 0,
          "columnNumber": 148111
        },
        {
          "functionName": "Pe",
          "scriptId": "126",
          "url": "https://www.vectal.ai/_next/static/chunks/9da6db1e-ad7decc175389864.js",
          "lineNumber": 0,
          "columnNumber": 148117
        },
        {
          "functionName": "retriableRequest",
          "scriptId": "126",
          "url": "https://www.vectal.ai/_next/static/chunks/9da6db1e-ad7decc175389864.js",
          "lineNumber": 0,
          "columnNumber": 118977
        },
        {
          "functionName": "Rs",
          "scriptId": "126",
          "url": "https://www.vectal.ai/_next/static/chunks/9da6db1e-ad7decc175389864.js",
          "lineNumber": 0,
          "columnNumber": 148321
        },
        {
          "functionName": "",
          "scriptId": "126",
          "url": "https://www.vectal.ai/_next/static/chunks/9da6db1e-ad7decc175389864.js",
          "lineNumber": 0,
          "columnNumber": 141725
        },
        {
          "functionName": "",
          "scriptId": "126",
          "url": "https://www.vectal.ai/_next/static/chunks/9da6db1e-ad7decc175389864.js",
          "lineNumber": 0,
          "columnNumber": 118337
        },
        {
          "functionName": "",
          "scriptId": "126",
          "url": "https://www.vectal.ai/_next/static/chunks/9da6db1e-ad7decc175389864.js",
          "lineNumber": 0,
          "columnNumber": 118343
        }
      ],
      "parent": {
        "description": "setTimeout",
        "callFrames": [
          {
            "functionName": "Er",
            "scriptId": "126",
            "url": "https://www.vectal.ai/_next/static/chunks/9da6db1e-ad7decc175389864.js",
            "lineNumber": 0,
            "columnNumber": 118125
          },
          {
            "functionName": "enqueue",
            "scriptId": "126",
            "url": "https://www.vectal.ai/_next/static/chunks/9da6db1e-ad7decc175389864.js",
            "lineNumber": 0,
            "columnNumber": 117852
          },
          {
            "functionName": "capture",
            "scriptId": "126",
            "url": "https://www.vectal.ai/_next/static/chunks/9da6db1e-ad7decc175389864.js",
            "lineNumber": 0,
            "columnNumber": 151479
          },
          {
            "functionName": "se",
            "scriptId": "126",
            "url": "https://www.vectal.ai/_next/static/chunks/9da6db1e-ad7decc175389864.js",
            "lineNumber": 0,
            "columnNumber": 77615
          }
        ]
      }
    }
  },
  "_priority": "High",
  "_resourceType": "fetch",
  "cache": {},
  "request": {
    "method": "POST",
    "url": "https://vectal-api.onrender.com/_events/s/?ip=0&_=1755719713497&ver=1.259.0&compression=gzip-js",
    "httpVersion": "h3",
    "headers": [
      {
        "name": ":authority",
        "value": "vectal-api.onrender.com"
      },
      {
        "name": ":method",
        "value": "POST"
      },
      {
        "name": ":path",
        "value": "/_events/s/?ip=0&_=1755719713497&ver=1.259.0&compression=gzip-js"
      },
      {
        "name": ":scheme",
        "value": "https"
      },
      {
        "name": "accept",
        "value": "*/*"
      },
      {
        "name": "accept-encoding",
        "value": "gzip, deflate, br"
      },
      {
        "name": "accept-language",
        "value": "en-US"
      },
      {
        "name": "content-length",
        "value": "1051"
      },
      {
        "name": "content-type",
        "value": "text/plain"
      },
      {
        "name": "origin",
        "value": "https://www.vectal.ai"
      },
      {
        "name": "referer",
        "value": "https://www.vectal.ai/"
      },
      {
        "name": "sec-ch-ua",
        "value": "\"Not(A:Brand\";v=\"24\", \"Chromium\";v=\"122\""
      },
      {
        "name": "sec-ch-ua-mobile",
        "value": "?0"
      },
      {
        "name": "sec-ch-ua-platform",
        "value": "\"Windows\""
      },
      {
        "name": "sec-fetch-dest",
        "value": "empty"
      },
      {
        "name": "sec-fetch-mode",
        "value": "cors"
      },
      {
        "name": "sec-fetch-site",
        "value": "cross-site"
      },
      {
        "name": "user-agent",
        "value": "Mozilla/5.0 (Windows NT 10.0; Win64; x64) AppleWebKit/537.36 (KHTML, like Gecko) Noi/0.4.0 Chrome/122.0.6261.130 Electron/29.1.5 Safari/537.36"
      }
    ],
    "queryString": [
      {
        "name": "ip",
        "value": "0"
      },
      {
        "name": "_",
        "value": "1755719713497"
      },
      {
        "name": "ver",
        "value": "1.259.0"
      },
      {
        "name": "compression",
        "value": "gzip-js"
      }
    ],
    "cookies": [],
    "headersSize": -1,
    "bodySize": 1590,
    "postData": {
      "mimeType": "text/plain",
      "text": "\u001f\b\u0000\u0000\u0000\u0000\u0000\u0000\u0003í[kÛH\u0014ÿè£\u0015æ~ñÛÂ½°,»ÛBK1²4JE\u001bËµ¦!ä¿÷\u001cÍdË\u001e7\u000e}l^\u0014>ÛÛ»Çìî®©²eF¨5¥%e¾Ö¢Èµ^»Ü8]ç¬&\\JæªRól¹/nÓ\u0003þªÛ\u0014ÛîCÛÃÙv×nÝ®o\\-\u001f§7«õCG\u0013µØ;®¾È ¹ØºlÉ\u0017?yÌºönWÂ\u0011\u0005m×ôM»ïü\nµì![\n\u0006O´\u0011!\u0017YßÜº¿ëºs`\u0014yzÿäOº¾¸Ý\u001c-¥¦V\u0013#9Z\\¨\u0019â5*Ò\u000bÉP.ÐT\u0004d!-,ÁÜª\b\u000b\u001d`\u0010x\u001afj°\u0018a\u0006\u0006#Ì!\t\u0000[\u0010¬\r6\u001f³TEV{¹*ú§PÑ!KLdA7²zdç¡`éð[Â\u0007Ï/\n§J{-\fÖ\u0019x,&Z\"B6²zXjx&`1ÂÌû-E:§\u001d\\_ìø¤\u0013ò/á¹÷Byð&\u001d&®í£>£%OJælÌQ\t.#\u001c\u000bî\u0019&å9%\u000f&&=GYÃ»ýr9T{ÅáO\u000bÂ¸à\u001anä´\"ªÎxT´ïóK\u0014A?x¢ý¼\u0007rÛ6Þíþó\u0016¥UÑ§÷Ø3]×Aj¬ö;ô:§eUæZ:7ª2¹f`¸­µn\rÝøÕ}³©Úûï~ÃPÐeß|jÖ@ß{\u0001ðcõÅíP3\u001cÒ+&í\u0015\u0017}ûÑáÉöC¹ê¯·oå\u001f7òþöùZñ7\u001f×=|~û[ÿË¯×oäÍ×zÃþ¼þ÷ëß\u0019,ÛMÝÜ¬*W\u0017wzHõ\f9Pkð¾jº¾Ù½7ZªÂZ\"ê¼vRC\t\u0017¼\"ùz]+ª\u000bcjWd\u0010º6ä!ÔökG¬f4×\u00149\"8Î!¶Jª\u001búÂI¦Õ\u000fdÏ(,®èX¡\u0019¤Két\u0015J1\bºlî±`\u001f=3÷|Ñ\rSÒ÷iaá¢i¤9Î\u001a¤ñ«\u0004=9/onÂæ\u00064üwH8'U°[`È\u00124\u0013±\u0017j\u0016ìæi/±µÇQ\u0019,mö\u0004=öd­ãâvA'.\u0017\\S<9yiÑyCÃþÁáº)T\"¬6¨#å\u0015\u0019KÎxïÇ\"î+\u0018þ\u000e²¡\u000fÏoÁD\u0012Ù\u0018Ù8»¡U\u001eÍc6;Xu<y¸µàïéK£4ÊF\u0003[Å,\u001fÒ&Å°\t^Ö\t(cÐÉ±¯\f:Åñ3ZHT G\u000b\tøwHq|\u0013Ü-fè\u0006ÒÌÅ~¤Cñ°¸\f\u001aLÞY¥»nÜ:\u0018f§ç·ÆÄ¸¿ÒPô,^sK\u0000hm,6\u0014©qHS¼\bÈ¶AÔ\u0017¡|°¸\tîÛ#\u0013ÅTùÍÇ-Ûàâ9Ûõ§,D·\u0007ÙÑ¡#ÙOÛiØ{9nÜ§é°\f4Zp>\u0018.\u0002gÇY:¹ÃS\u0006+ðÏäÙ;Ðà¿\u0001±í½^\u000f\u0000\u0000"
    }
  },
  "response": {
    "status": 200,
    "statusText": "",
    "httpVersion": "h3",
    "headers": [
      {
        "name": "Content-Security-Policy",
        "value": ""
      },
      {
        "name": "access-control-allow-credentials",
        "value": "true"
      },
      {
        "name": "access-control-allow-origin",
        "value": "https://www.vectal.ai"
      },
      {
        "name": "access-control-expose-headers",
        "value": "X-Accel-Buffering, Content-Type"
      },
      {
        "name": "alt-svc",
        "value": "h3=\":443\"; ma=86400"
      },
      {
        "name": "cf-cache-status",
        "value": "DYNAMIC"
      },
      {
        "name": "cf-ray",
        "value": "97247275191073c6-JNB"
      },
      {
        "name": "content-encoding",
        "value": "br"
      },
      {
        "name": "content-type",
        "value": "application/json"
      },
      {
        "name": "date",
        "value": "Wed, 20 Aug 2025 19:55:15 GMT"
      },
      {
        "name": "priority",
        "value": "u=1,i"
      },
      {
        "name": "rndr-id",
        "value": "8bc7480b-6077-4ed7"
      },
      {
        "name": "server",
        "value": "cloudflare"
      },
      {
        "name": "server-timing",
        "value": "cfExtPri"
      },
      {
        "name": "strict-transport-security",
        "value": "max-age=31536000; includeSubDomains"
      },
      {
        "name": "vary",
        "value": "origin, access-control-request-method, access-control-request-headers, Origin"
      },
      {
        "name": "vary",
        "value": "Accept-Encoding"
      },
      {
        "name": "x-envoy-upstream-service-time",
        "value": "505"
      },
      {
        "name": "x-render-origin-server",
        "value": "uvicorn"
      }
    ],
    "cookies": [],
    "content": {
      "size": 15,
      "mimeType": "application/json",
      "text": "{\"status\":\"Ok\"}"
    },
    "redirectURL": "",
    "headersSize": -1,
    "bodySize": -1,
    "_transferSize": 383,
    "_error": null
  },
  "serverIPAddress": "216.24.57.7",
  "startedDateTime": "2025-08-20T19:55:13.501Z",
  "time": 1211.1170000070915,
  "timings": {
    "blocked": 1.317000002018176,
    "dns": 9.54,
    "ssl": 10.185,
    "connect": 20.137,
    "send": 3.070999999999998,
    "wait": 1175.2059999985927,
    "receive": 1.8460000064806081,
    "_blocked_queueing": 1.317000002018176
  }
}