{
  "_initiator": {
    "type": "script",
    "stack": {
      "callFrames": [
        {
          "functionName": "method",
          "scriptId": "126",
          "url": "https://www.vectal.ai/_next/static/chunks/9da6db1e-ad7decc175389864.js",
          "lineNumber": 0,
          "columnNumber": 80787
        },
        {
          "functionName": "",
          "scriptId": "126",
          "url": "https://www.vectal.ai/_next/static/chunks/9da6db1e-ad7decc175389864.js",
          "lineNumber": 0,
          "columnNumber": 148111
        },
        {
          "functionName": "Pe",
          "scriptId": "126",
          "url": "https://www.vectal.ai/_next/static/chunks/9da6db1e-ad7decc175389864.js",
          "lineNumber": 0,
          "columnNumber": 148117
        },
        {
          "functionName": "retriableRequest",
          "scriptId": "126",
          "url": "https://www.vectal.ai/_next/static/chunks/9da6db1e-ad7decc175389864.js",
          "lineNumber": 0,
          "columnNumber": 118977
        },
        {
          "functionName": "Rs",
          "scriptId": "126",
          "url": "https://www.vectal.ai/_next/static/chunks/9da6db1e-ad7decc175389864.js",
          "lineNumber": 0,
          "columnNumber": 148321
        },
        {
          "functionName": "",
          "scriptId": "126",
          "url": "https://www.vectal.ai/_next/static/chunks/9da6db1e-ad7decc175389864.js",
          "lineNumber": 0,
          "columnNumber": 141725
        },
        {
          "functionName": "",
          "scriptId": "126",
          "url": "https://www.vectal.ai/_next/static/chunks/9da6db1e-ad7decc175389864.js",
          "lineNumber": 0,
          "columnNumber": 118337
        },
        {
          "functionName": "",
          "scriptId": "126",
          "url": "https://www.vectal.ai/_next/static/chunks/9da6db1e-ad7decc175389864.js",
          "lineNumber": 0,
          "columnNumber": 118343
        }
      ],
      "parent": {
        "description": "setTimeout",
        "callFrames": [
          {
            "functionName": "Er",
            "scriptId": "126",
            "url": "https://www.vectal.ai/_next/static/chunks/9da6db1e-ad7decc175389864.js",
            "lineNumber": 0,
            "columnNumber": 118125
          },
          {
            "functionName": "enqueue",
            "scriptId": "126",
            "url": "https://www.vectal.ai/_next/static/chunks/9da6db1e-ad7decc175389864.js",
            "lineNumber": 0,
            "columnNumber": 117852
          },
          {
            "functionName": "capture",
            "scriptId": "126",
            "url": "https://www.vectal.ai/_next/static/chunks/9da6db1e-ad7decc175389864.js",
            "lineNumber": 0,
            "columnNumber": 151479
          },
          {
            "functionName": "Bi",
            "scriptId": "126",
            "url": "https://www.vectal.ai/_next/static/chunks/9da6db1e-ad7decc175389864.js",
            "lineNumber": 0,
            "columnNumber": 65378
          },
          {
            "functionName": "",
            "scriptId": "126",
            "url": "https://www.vectal.ai/_next/static/chunks/9da6db1e-ad7decc175389864.js",
            "lineNumber": 0,
            "columnNumber": 64921
          },
          {
            "functionName": "ai",
            "scriptId": "126",
            "url": "https://www.vectal.ai/_next/static/chunks/9da6db1e-ad7decc175389864.js",
            "lineNumber": 0,
            "columnNumber": 64904
          },
          {
            "functionName": "",
            "scriptId": "126",
            "url": "https://www.vectal.ai/_next/static/chunks/9da6db1e-ad7decc175389864.js",
            "lineNumber": 0,
            "columnNumber": 65345
          }
        ],
        "parent": {
          "description": "setTimeout",
          "callFrames": [
            {
              "functionName": "Ui",
              "scriptId": "126",
              "url": "https://www.vectal.ai/_next/static/chunks/9da6db1e-ad7decc175389864.js",
              "lineNumber": 0,
              "columnNumber": 65324
            },
            {
              "functionName": "onRRwebEmit",
              "scriptId": "126",
              "url": "https://www.vectal.ai/_next/static/chunks/9da6db1e-ad7decc175389864.js",
              "lineNumber": 0,
              "columnNumber": 63832
            },
            {
              "functionName": "emit",
              "scriptId": "126",
              "url": "https://www.vectal.ai/_next/static/chunks/9da6db1e-ad7decc175389864.js",
              "lineNumber": 0,
              "columnNumber": 59214
            },
            {
              "functionName": "At",
              "scriptId": "159",
              "url": "https://vectal-api.onrender.com/_events/static/recorder.js?v=1.259.0",
              "lineNumber": 0,
              "columnNumber": 72562
            },
            {
              "functionName": "mousemoveCb",
              "scriptId": "159",
              "url": "https://vectal-api.onrender.com/_events/static/recorder.js?v=1.259.0",
              "lineNumber": 0,
              "columnNumber": 76208
            },
            {
              "functionName": "e.mousemoveCb",
              "scriptId": "159",
              "url": "https://vectal-api.onrender.com/_events/static/recorder.js?v=1.259.0",
              "lineNumber": 0,
              "columnNumber": 41250
            },
            {
              "functionName": "",
              "scriptId": "159",
              "url": "https://vectal-api.onrender.com/_events/static/recorder.js?v=1.259.0",
              "lineNumber": 0,
              "columnNumber": 42525
            },
            {
              "functionName": "",
              "scriptId": "159",
              "url": "https://vectal-api.onrender.com/_events/static/recorder.js?v=1.259.0",
              "lineNumber": 0,
              "columnNumber": 22912
            }
          ],
          "parent": {
            "description": "setTimeout",
            "callFrames": [
              {
                "functionName": "",
                "scriptId": "159",
                "url": "https://vectal-api.onrender.com/_events/static/recorder.js?v=1.259.0",
                "lineNumber": 0,
                "columnNumber": 22856
              },
              {
                "functionName": "",
                "scriptId": "159",
                "url": "https://vectal-api.onrender.com/_events/static/recorder.js?v=1.259.0",
                "lineNumber": 0,
                "columnNumber": 42720
              },
              {
                "functionName": "",
                "scriptId": "159",
                "url": "https://vectal-api.onrender.com/_events/static/recorder.js?v=1.259.0",
                "lineNumber": 0,
                "columnNumber": 22821
              }
            ]
          }
        }
      }
    }
  },
  "_priority": "High",
  "_resourceType": "fetch",
  "cache": {},
  "request": {
    "method": "POST",
    "url": "https://vectal-api.onrender.com/_events/s/?ip=0&_=1755719718052&ver=1.259.0&compression=gzip-js",
    "httpVersion": "h3",
    "headers": [
      {
        "name": ":authority",
        "value": "vectal-api.onrender.com"
      },
      {
        "name": ":method",
        "value": "POST"
      },
      {
        "name": ":path",
        "value": "/_events/s/?ip=0&_=1755719718052&ver=1.259.0&compression=gzip-js"
      },
      {
        "name": ":scheme",
        "value": "https"
      },
      {
        "name": "accept",
        "value": "*/*"
      },
      {
        "name": "accept-encoding",
        "value": "gzip, deflate, br"
      },
      {
        "name": "accept-language",
        "value": "en-US"
      },
      {
        "name": "content-length",
        "value": "21181"
      },
      {
        "name": "content-type",
        "value": "text/plain"
      },
      {
        "name": "origin",
        "value": "https://www.vectal.ai"
      },
      {
        "name": "referer",
        "value": "https://www.vectal.ai/"
      },
      {
        "name": "sec-ch-ua",
        "value": "\"Not(A:Brand\";v=\"24\", \"Chromium\";v=\"122\""
      },
      {
        "name": "sec-ch-ua-mobile",
        "value": "?0"
      },
      {
        "name": "sec-ch-ua-platform",
        "value": "\"Windows\""
      },
      {
        "name": "sec-fetch-dest",
        "value": "empty"
      },
      {
        "name": "sec-fetch-mode",
        "value": "cors"
      },
      {
        "name": "sec-fetch-site",
        "value": "cross-site"
      },
      {
        "name": "user-agent",
        "value": "Mozilla/5.0 (Windows NT 10.0; Win64; x64) AppleWebKit/537.36 (KHTML, like Gecko) Noi/0.4.0 Chrome/122.0.6261.130 Electron/29.1.5 Safari/537.36"
      }
    ],
    "queryString": [
      {
        "name": "ip",
        "value": "0"
      },
      {
        "name": "_",
        "value": "1755719718052"
      },
      {
        "name": "ver",
        "value": "1.259.0"
      },
      {
        "name": "compression",
        "value": "gzip-js"
      }
    ],
    "cookies": [],
    "headersSize": -1,
    "bodySize": 31719,
    "postData": {
      "mimeType": "text/plain",
      "text": "\u001f\b\u0000\u0000\u0000\u0000\u0000\u0000\u0003¥}\u0007[SM·ö_¡Ù\t¤\u0017D\u0014T°`£F1\u0015B\t\u0018\u0002\b (\b\n\b¢4+(U@°p]³þØwÏ^³Cðy<ï9ï÷óJ²3{öÌÕÛ®èHjn\u000eù2&Óç2ú\f>gÀep\u0004l~Óe÷\u001b\\^³7h7ylV7)5)Ð\u0012\bG1<¥)ìilªnâZc¤¡1\u0010\u0002MI\u0019\u001d{¿TzÛ¢òÙá´¥Æ]ö{¢¤\f<9ÚÖ\u0018HÊ°¤&ñ¤¦æ\u000fL³¡)\u0014\r5q?FÞÁ5ÃÔa5;Sä]NsjR4T\u001f(\f\u0006\u0002XÁjµw¦ªÑNÂh\u0015ÉÑ&£ýÏá\u0016§C\u001fn6ÛµávÜiüÇh-6ÚbäÑvÜdýs¸Ù¸7¹×b+øËpmo¸E_Kl¸\u0011ÏÛ?ÜhíÔ\u0005èjÃ­±áøô\u0007`:otòµ¦¨§¾\u0011\u001c6Ãär,F«öäÿëa`mò¡¶ØCÿ±%«Ë\u0018[£]\u0000¶ö·á{ð5Ù±\u000e\fwÈ}ói`\u0015ûOÃ\u0011×Þhüý÷Ñfko4V¬ôÀ\u00052ü¹pQ-ü£M\u000eSl´C\u001eÀ¿vìmÒ¡È\u0011\u0003¡\u0005\u0018þ\u0007\u0012ýýÜlÿáÜ\u00140,rMx\u001e?Ìfáÿ\u001c\u0016£Ýå\u0000ýmz§Óù_Lo\u0003äþ}>×ïßÑLÇÿ\tÍ\u001cØ>)ÇæRg\u000bRøÇpóÞqéÃm:V\u001a%Ùgö8ÌQÃÍ±ÓÅ>ö6Æa\u000eãÍ\u0014ü\u001f\f\blç¯çk5Zµ'ÿß\u000eÀæ2§ÈìN\u0011\b\u0006&ø×ÙÿÅìv#(úßç3¹4°þ_çû\u001búY-¦ÿ\u0002ý\\¿®Ïú\u001fæt\u001a¸\u0013¨w#5É\u0013FBÞfM|\u0001\u0015åÌ\u0010ûèHò<Þº\u0014I¸/\u0012¨ohQ75z\"\u0010çc·ò$¢1ßÿïÂXü\u0016n®«Ã·\u0006?\u0016·j¹ÄÓ\rá(Ëàü\u0006?\u0014®J¨o\u0004ÒÒÒ ù\u00196K§Üëßæ\u0003þ[b¦§ê§\u001eZª0×þ­Þ©¯tT\u001d6f¤§·¶¶¦µZÒ\u001a\"Uéf£ÑÎ·´üÑj\f2Ùñ¥:\u0010ªªËÔ¾µ\u0002­9\r8©$c1ÁlÅÿãj0TWKáp\u0000ß¢Z¹\u0000_sD.ýtC]C$vÝ ÏnÞ»T\u0017\n\u0007|\u001e\u001ctR¤¡9ìßÿCMC(\u001c÷¯ÎÓ$wP×ì\u000bù\u0003\tüÇP\u0007\u0018\u0006\"\u0006_(â«\u000b$xÂ¡zO4`hjÄ­\u0000A$ä1Tüþ(\u001ai\u000e$\u0001¿|Õ¡:ÿ%O!K¨éjq^Rü9v\u0002Öä`ÿÓéî;F\u000fvú\u000flÃ\u000f\u0005fSÉìq%¸\u0000E|4ØÓÌ&Áf³ÿof\u0003¦þJl@ÿ;Ó7:þJv6ûÅõYÚlJü¬vè8û%£)/«á1õÊa\u0005ºïç´P.þ¾kÖ%þ»Æ0uXfÕ\"\u0005û¿Oowj4Ò\u0014hjÂ>+ãÕm¯Áäóû\f\u000e»ÏapÚýN\u0003,Ââ\nBe\u000eHu;¥5\u0014ö7´þÇ{,P}ýVÏ#ï©\u000by1º'ÀÊ@D>YÒbÙæJ3â(ÈD^i¬öUFÏ6Û.VÙZë¯ÛíZOqAÛíò¼hö³·«lUwasþÙ«Ï^´âk\b\u0007CUþ@ÐÓ\\'Yf\u0012\u0016m3\u0018m\u0006¨Á\u0015£¡°/Ê¶Ù=.Ñ\u001a4\u0004\u00036Áê´\f\u001eßhðJ«Âáq:\u0001DÝ\u0006uT\u0016#«¶%~cÀ\u0002³Äá2x¬Æ ôåQÎ\u0010\f\u001aå3ÿ\u001b³Än¶AMøÿ·Kbè§c«óúwÚ'\u001fª!7Pú/Ã-L<\\WitävÿDn³kO\u0003\r×\u0015¦\u0019n[><¶\fù7Ê±\u0019ÿ³Ôÿ\u000bÀX3²ë\u001a¸Éiý\u0007À\\ÿPïÿ§áû¬\u0001¥w9ÿ\u000e\u0001Ë¿èR\u001bÃ5cu?¼ì·l6§\u0006Ìÿ^än6\u001aMAÑïöÊOFcÊa1[Í\u001fµ-Ú¿&í_3_§ß´[qãØÊwGâ¯ÇÿûøÏ\u0011ýb¹úò/5³Ù(¾ÑËË\u0017R\u001cÁ£ób±&æ/ÐÓÔKùÔw^»ÅF}4+Fi>ÒK\u001a£ÇûÖÈ\u000b?ú¯éDÿË\u001d=z\u0006Ñjü\u0002©O\u001ba\u0015ëù\u00055ÍüÕä¢Wû×rÔâ\u000eÓ¤ëß¤é\\ÿy\u0011´$¦h)'ÆÄlÃ\u0001ñ]»ÃSMÏxÔÁ\núI]bÖÄJ^u±Lî\u0000*kè\u0007õòè\\Ñ}ö²öÑ|Cûc=rõZ'}\u0013oEøoøßp[¡6©ýÞ\u0017Ym¨úsÅ\u000bÞáU1 ViþZQö]Ã\u000eKôegwð¸XÇ.Ö3\u001f\u0016ÛâM\u001aV±V)~_J£÷4ä\u0010+Úp;¤cÌ\fÑ\u001e\u0018¤u\u0017íMÜ5)vÚé·ÁLc´B_i\u0006ë(©¥mZ§\túä\u0015\u0003ôJlc\u0010ÍÓxE\u001f¨>·`ùoriVq½¶Jð\u0013@ð÷3ÎeæN]zM;4-º©Æ\u0014$\u0003î`\u0007Í¶^¢¯s¯\u001ci\u0012;ô\bX¡YË]ñVÛ\u0001¢7wJ\u000biE|¢Q\u0016\u00060`±%±\\Bý¢Wl\u0001àYôL\u0003Øú\bV»Eô»]lçµV\u001e?om+¥©ô\u00121ÑÜAú\"Ä{\u001afÝ¤çYbFïÜ>YAÏq ý4x'K<Ocü(\u0016OèC:=¥Gg£b¶­7ÄoÚi¤)Àq£j£¼ø\u0002\b\u001d\u0014=Þºø!&o¶FäFvðÓXÀ\u0004\u0003u÷è'OJOø|]ì/¸®\u001d#7ýÀµ,ñ°üdziiâ×w÷\\yF¿[\nÜz\u0005hO\\J/Ç|Ë\râ\u0014\u001e´\"~Ý?\u0001 ,P\u000f\rÌ\u0000¸Ïô%1\b§û\u0019ôºmÉ\u00113vñ\u0005 \rÆä&\u001a¢¥³ß\u0016­úÅ&=¦Wñlm]~\u001aÅz{«Å³z\u001cùðAÚÎ¼r\u001bGðÞÏ(,\u001egºÃ§EÿåSX\\Ö#\u001a\u0004:¿¸u\u0003ÇÔ\u001bÖ\u0011\u0010ßÅ/àÆ(ýð»*Å2ßk\u0017%bývU\u0016í\u0018qì\u001fÓ¶è)¡9Z·_n÷½âeÔO=¼6zÇ\r>\u0001nÎÕ\u0002ó\u001e\u0001ó&ègNûm±~\u0013Hó þÊ¬ûø31-â\u0015\u0000¾ voÑæ\rÚ>\u0001\u001fq<NÑ{Oà>\u0016öú\u0002÷\u0000ã\t1\u0007ìüFë­Ô\u000eRZ8\u001be\u0012; xËè\u0005\u001cGë\u0018%ü\u0015\u001a{39®âÞ¥{âwù=ñ\u0012}Õþz\u0013Ä\u0017±+F/ß\u0011}­êb·Ö´>Æs\u001a\u0001æ\u001f\f,êº«]4ÒÆ}¾fò] ä.­ÝQ§¢ÎT`¹¬WðÓü°\u00153ÅN¼7\u0017\r\u0003vô\u0000ÿç\u0014vnçÅò5^É\u001d±]ÓþHÃÀÎ!Ë\"­E\f\u000b\u0010Ë8¯ë&¸EßA´Û´Ra\u0004³ X¹J»â¡XÆ\u001fzHï3hJ\f0+\n\u0000Ñ\u001e@Fo%ècS|¸L/Å«8æ\u001d±#~ROÅMýÐ$õ] Wwp²Cb\b·\u0014Åñ½Ìc!\"¾\u0003¥G*è\u000býâmµ¦ðÝÇÄÔýc7ÄsàþxyéR±ø½\f¯ÒOLÙu¡Æ¢¹\u000eÚª¢á\u0002±^m\u0011[G´\tl4É\u0013EÅÈE`æ\u000eöþ~fÒrèÆ\u001e\u0007-¼aÖDÌ\u001c\u0005f}\u0017ÓÌ½â÷\u0019 Á®\u0018\u0016ÏàÁc@°\tñYÜ\u0017OÅB&$Å[u6Ï1èØRÔ7\u000bVó\u0014èúªv­ôë&Pt\u001bÄÆ,ÌÙ\f\u001e1\"\u0016«nö\u001cóþ½RÌ¼Eïë\u0018\u0003o\u0018\u000e©y×VAzå\u0013¯±É\u0005ÌòØ\\IÓé\u0017Åcz!\u0016i½Úíõ=¦¯vÛ=1U~\u0010âx)é\u0006l·Û\bï¦õ xXyZR\u001d}ÆÊ¾øOé¼\u0006°OØÅoZb,T\u0010{\tîÇà7²í-Ä\u0006\"\u001c÷\u0007pº\rú/^\u0000\u0006\u0016\u0010æ+±B\u001bâ!=¼TxúÄvør1~\u0018°®u|ßÍ-\u0013o\u000bhæ®\u0018<ySL^ÎfB¼ÃNh¢í\u0018\b5¨\u00184¨Å¢\u0015¿\u00142ô\u001dT½ÒtÞOëõ7óhU|? ~\u001b dv@½Ó\u0017\f¥mi'Å\u0012Í·W\r\u0019ÀÞÇÔ-¶ÒÅîÙ\u0018úîeîÑÀ\u0000\u00043^=.\u0016o@Ú¨A\u0004N­áIâù}\u001a¸¾RcÏøaìk\u0016\u001f5Ñ\u0003ñø¦&Ïã8wh\r\u000b\u0011\u001a\u0003½5aÐB_ogn\u0001!¾§ÇRiS2ÜÊ:x\u0012À©wõ.®\u0002è\r\u001bô*_ì\\vG;AUCb\u0018óÕí¾q©\u0004\\ç\u0013Èª\tÙhkì é:Ú¹|\u001d«ý$FµâqÝM1êhW0Z\u0012Ë'iû¢xF}vÚ¾é~ÕÓ7O&ý<|²ê6Hp´¶y;\u000e9#&0âw-ØÉ¤\u0019x×\u0003\u0019%æ}x*3 GGVnU1'¦Ò!o>¦¤CÏû\u000e^dõ\u0006\u00182\u000ev§<:\u0001ôZ\u0006Yîbë*tßb\u0017lÉ®½\u0012\u0012ã9+i^ñÈ^\u000bà½¢±\nÅz\u001cÅ)0å|¡\u001f>³\u001c¤g@â]õÀ÷Xô4M{ÄK1S\u0005V¸í;Ô@ßÛ1þ'èu\b°û,?ÓZ\u0014*5wé;+Lt±s\u000flè5À>K3¹Xõ:mäY&;yI×äMÀ¦n($¯ù>Ï\b\u0010JÌhç¼}\u0015÷´ï©Ïì\u001b\u0005¬2è¡\u0003ÊÄAl\\ÿsÅ´Áç¾\u0017\u0007\u0000a\f}nªÅÂqZ\u000eÒ}ã~²ñ@fE&=\u00019®\u0000m§1ÅðIZÒ\u0004\u0002 ñ\u0013\u001aM+.è`)I¯ª©÷xÐJ\u0013¡Û\u0010Ð¯¥\u0015\f 'Í\u0011Ð2\u0004Y2=Â`Ä6­9ð \u000fÚ?ÿvCEÛ\u00054&qû\u001cõß­8E;\u001e&u\u0010ä:ÒÉW\u0014­?\u0007Ý¢\u0001m\u0001\u0010f3·èm1õ·ÝSå¬üßJ6\u000f}f\u000b:Y?ö±K§Óð 0¼«\fËkÀ·%zr_©p;·ZÒO\u0016à\u0014¡;²jqú¸\u0006\u0014Åóæ*1\u0006±}Tª½\rÈ5TÞF]¾N@u\u0003jÐc\b¯/ï4Õ_àµ`¶.±Í\u001a\u0015IYë\u0015K¥´]s¡9±{\u001f`\u001e§>'¯&¶MNÐ\f@²é\u000eòE\fUn73@àú'úÜz¢vÀ¬ËÜï4\u001a¥¢ÿ¥]b9\u001f\u001b\u0011C,%ò@\u001c?ðøQÚm£\u000f/³ØícºuÃíÏ\u0014PóR\u0003zÁLgJ2ÿ@ü\u000fÂùaÀÁ}Ç@Qsjã\u0000DÉÜ%û%ññE\u0015ã\u001e]¦áóa±Ö©}·à¬ûÇM¡\"Xµ¾ô0ìwb§­ÑG\u001f/ãø?oÇÅó\u0014H÷Ô®\tUàÛç[wïÑb=í¸\u0005ÝNcÁ0Ê1¼\u000e8n\u0003b»´Y\u0000þÜÏ?&7³µ\u001f½A\u0013Yf°ï\u0017 ~~Dé\u0005¨\u0019mÆ³xÉW-´+°&g\u001aiý,\u0014ºÙâv±c«\u0013;hæ\b­w¿\ro>\u0003\b·ð ]ðuñ+Þ_Ïb]ÙZsC¼r\u0000«M@þ-Hewô\u0010u_t|OKE ·\r\u0010\u001c³\u001b#Õ,»¹\u001d*¥fALÍØo¯TÌAÖKJ;ó\\?t\n'¼\u0002¨ÏM¬kÄ²DoÄ;0Émº\u000e±hãóÊW&ØDäÊIñ6z÷\u0014w¢\u000eÆ§\u0002e;_¾&XðûÀ¨\u001eÓ3±¨³A¾\u0007Öçd1¡DïozÛ\u0011\u0002Ýªòfïc-\u001b7Ûyú`¥O,¸\u0000¸å³@Ñ>Öê5t}\nö±~É+F+h\u001eÂ{ÅíÆ\u0002g±E¯g\u0015´vÑN;}M§i)ã[õÅâÐwGj­¾lð\u0000W\u0018\nØt5½( \u0011ë\u0005Pö<P¶T(gÏ­÷B\nà\u0007àÊ\u0010R0JèK\u0010£¾³\u001ehò(Áù]Ób\u0001¯Dÿ%æj­bÖÃW]'qÊ\u001fÎ\u001eÂ\f_!uiù¢FÞ¦\u000f\u0001aXLøÀO¿Ó¢ÛÝ\u00022ä¸ÒJKu ]'ì)¯)ã.½ßF±æº~ôHs±)÷p+äèøE(8¿iºîe)½Â#\u0016:<¢?¨T\u0002?½¹\u0006ÎµF«qiËI5\u001a¡O·i(\u001d§Ñ\rqä Ç'\u0000H Û°bôÏÄ×\u0012R\u000e-ñÁ\u0001¾¹QÏé\u0000ÃJ¡­\u0003´\f\u001då\"ý¼ÂFå\u0010®KÀ­/G¿\u000bÒi­\u0001ªgÖ\u000bW(Ä\u0006Ìè\u0006Î¦ÜcÕ\u0019ÄTu\u001apó\u001bÍVxÏÒÖmñãzµï¶xi\u0017ÏëA<Ì1`Å)à =ôæÜ\u0005ðüy[+´³\u00191SØ!í\næ¸¬j:À\u0013\u001føÅñÄ¾½; u1Fúu.\u0007®®\\0\u001bÀµåpÑ\u0011Ñ_TJÏ.ÐP\n\u001b@°l\u0006 Në\u0013\u001f\u000eJ\b²æ =:z§¼uÞ\t\u0006\u0013©¥\u0000\\\n²ûÅ51r], ­F0Ø\u001fXt_\u0005v1Ioëhõì{Ìäòßö\u0017Ù·Ýn¦@;lVñPÚbÁZp³\u0001E\u001f}àÏ)À<Çc$î\u001eúr>\u001eã)\u0019,¬¤\u001bm~\u0010ý´n¡}÷ßõLã{÷¸ASE\u0017t7 v<ÚÇV£\u000bôû\u001a^ñ¸k°ÁÖ4ü\u0001X\u0007¡\u0000¼Tj×\u0018©1à/\u0012Sþ\"Æw\u0016.ñD¼8¡¦{]~h\u0015ß[h1\u001dþ\u001e%\u0006úêÎº£7< \u0004(:\u001e_A&r:Öèí /Íù\u0002-u¾êàµ¨øÂKg]Ø\b6\u0007WÌq\b)ñ¤\b¼ô+à$mÞÑd«Ñ§®¦ÊO\tÍN¥Ïhï9\r\\\u001e\u0011 Ãwp®\fí£ê¡ò¦\"h¶\u001fo!i»U\u001c½w´Ëñb4îxMîKì­³\u001er»é]JVBÎmzx\u0006[¼°üÞº£g\u000e_à6p\u0019\u0001\u0015\u0017Öçpà¿Ï\u0000¶\t}ÙFp:°t\u0005þ'\u0010Ç\u001f1q&ï^s\u001dÊy®«æßAñ}\fµ£JùÑ0Àh\u0016;ÚÍ@oa,HAy\u001aâI×,LâM¹º%|Drû\u0010\"Þ\u0006f¿\u000b^\u001d\u0002[çï\u0006Åì,P`pî\rÚcÁÖÄ3¸mM<4@xÀîKæºôÁ\u001a8§ÔìNÒ,ÿøßR)\u001c8\u001fèðºØ¡Ø,~2E^»sü©X)Do/æ)w+ðD<»H¯S\u0013rä¶c.ØAñúøÃô!Ç\f°è\u0007â\u00077S\u000eªC÷Æ£¤©\u0006\u0014£X\u0000í\u0016gÀo;L\u000f,Ò\u0013xüø\\\"w(©s¼=þÛG\u0003ÄßËc\u001fxàK0så²¡yÞHBN{ClgCüÈ`«Öh;S~\u0006°\\&4!©1NHÁKò\u001c,vL¼²6Ê5UöÇx±\\ùÌQñT^#\u0016x\u0007!ù)Ô,~=d\u0014*'NDßÐá&>y\u0017|×ÃbÃíN7áÂCv±(~\u0016Ózê­\u001c\bçð7áÓGØÐc1]\u0019\nüCÑS*Vê;Ø\u000eÐ\u0006Õ\u0001Zö7¨ÈPhg¯v\u0001\fã@´%I_\u000f\u0016¯Ø#bL\fZ±îqzqÙÈ\u000b2.²ûÑèÈð^µ3\u0015iP&A$/ZßQf\u0018Ä8âO+¥\u001fuXî*\u0018óWÁ\u0006T\u0000·â$Ö(ÒÑÔS,\u0003JëWñËQL½rP¹\u0016Üì\u001f4Ñ1\u0011ûÝ\u0004:\u000eÂø¯\u0010\u001b4äNÊ¯\u000eÝ8\fÎõM±\u000fy\u0002Q\u001bØi\u0014{ettwÅ¾\u001cvÄÙÃ\u0007ðNlSÿ1¹þGp\u001fz¸ÝXçM\u0000zð \u0000¹(¾Äé\u0013ÎIÃ[Åh,b^>\u0004¦îcVr½L\u001ar]ï=ÍÖv(\u0003\u0003ú2 ;¨\t\u0012£¥2ãx,ïS²\u0003ký*ÆÛøZ\t_K¬\u0001²\u001fd>Ê¤\u001al¢ÇéX.\u0001n¯K\u001e50\u0011N7v±Ê\u0006½G,\u0017FEo«x\u000fCúg9ÍîÃOÈ 0OÙSÔ_ï\u000e^ÅùEÆ\u0005z@;õà³2r¡äoP¼8bd\u001bØüÛèRþxáIÎPp\u0010/Øâ5y@\f[âM\u0001Ó¬.kÅÚ6Vf-\u0012\u0017Ù2º\u001bk×*Ø\"\u0000\u000bÓH\u0011¡«'À!Í\u000f\nØ\u000f({Ïï\u0002¿IÛ]9\u0002\u0014=u\u0003üwi²\u0005©¯âa\u0005´\bÞ\u0011ÖøbÔP ø½l¹qí;m\u000e!\u0013|ð<Ö1I\u0013¹5Êú\u001bbÓ\u0003{\u001b\u0003\fæø~Ö/\u0000Ð0øèñu)§Â,Á}\u0010\\_Å£\nhÓÊ@Ð.]¬¸¨9$M\u0018­\u0010ÐÚWg£;X£ù3a\u001eÿ,\u0017Ówî'ð]*xÔ'~[Á4Y¼01¨Ä\u0017ÚºØvM<AE°5H°tñ\t\u001c¸VE\u000fD\u0005´Ú\u000fw#´ûÏ¥ôÀXÄ\u0007»Ø´²1\u00012Â\u0004\u0010Û´}¢Òyõ¨èõÝ\u0002xßÑJu\u0013ðA©¦ýÏgï¤ù\u0000ý:0­ÎÐ#aÄÞF3\\)ÓUMâUF§3(Ku\u0005Æùììa¬\u0005öT\t¨öZUf°n\u0019Ó÷à±xx_(ã\u0011ÂYÌÞa3JÚ47ø*­]\u0013\u000f}Æ<DÑ\u0010¯aä¨°Ö*-£ÛWä³s´°N<ÎÀ2\néé\u0001ìtS*·\u0007ÕüNbÜ\bÂë«;YËI´{\u000e\u0004±\u001e>ëÙ[àCÊ<Q·8®Â¯ûÕ\u000fkIþù\u001c¬·Ë\u000e±ü\u0014A\u0003¨\u0015#PåÖÁ}°¨ùBúhâ\u0010$ðgzZRÛ\u0006z!Æóèw!>=¦ÇÇÁ\bçÝQXx\u001bp®Ì·ðþ£n!\u0004Âêsà\u0012\u0004mA\u001f±Sé@íjÉxzÿ¤x\u001eÇv\u0003\u001aük6K¡g¶gË:à]JÅdó.ñ\u001alØ6\u0006Ý°ø\u00026DÌP®£R|Í\u00153ù\u000e\u001aðJ¢\t¶¥&3MYkt&hîöéÄûP;qk\u0004\u0007>ë\u0017¿BQÇ\u000e°§çâÍ%D\u0014\u0010ì»®XÖ\u000eýÎý'Ky\u001b\u0018Ø\u0002Ü]Ï\u0011¿H¿\r¡ó¶ ÓÆC?\u0011k5üX-\u0004\n\u000f\u000e«xV¸\u0007>\u0007[zÔÀ0?Ó@xïÞê?n½\u000bËrfÛðÔbÖ.¶ÚöM\u0000\u0003jaß\u0004´\\õÇ\f×b3ÐGÿ?&\u0000§ã' ¬*i:\u0005ÅÆ¥R±EeW°Fm²TÎêt\u000f{.¥Q:9B ·§;°£\u0005(Ô\u0003-Ëâq\u0016´ñ^H;\u000eSnf^¾W%þCPQÞA­ëAèl Ø \u001c*^±Þ\u0004\u001bíÅMzX\u0013\u0018+ïÅÿýÐ.ÑfµMy\n|÷±fMÔCu\u0001[å¹F1ò,ë.Á\u0006ûÁ¿àó°Û[v¿ZÅ\u001d¸8\u0003Ím%Ãeq<Ks­ðLJ§c\u0018o/¤gÖ\n0¢Qp\\MlÃvz\t0R\u0006ÿÿSØÔ[b¥\"\u001b?o¸#Wð.V`ñÈy±N¯óeh¤\u0010&fV¸ì©Á\u001aèg\u0007m^Bp\u0019K\fËø÷Þ]örÉqo@³ù\u0004ØJ\u0006¯äð\u0012.\u0002w×²O±³É°û»÷*±¶tà bâ\u001eð2¦ò\u0000Nã-\rdù{ ¸Eú¬o\u0007îÄob¨=?ÊHÝ*\båë²\u0018½\u0001û$6¤sØõû®KÉ;\\Ø×2xãèI ro¤úºÛ{¾g³ÅfÏO¾¦l/\f.T\\\u0014ÇÊé[6\u000eài3\u0010å\u0001£F@çOÚ>\u0011Ó{\\¸©4v©Í\u0003]lÉþj\u0003DÀ/}l­Ð,^)\"\u0017P|\f{ÿ \u0018kkÀtplWºôÖA\u0001\nú\n°næÕ&\u001fù'\u0000Á\u001ffhô2¤ó2Öá¡²ÔØó>ÿ\u0000xú\u0019X»{85(¦;ÁM_àh¤º³E=0\u0016âµ¡c¢¿Y2èjiéê\u000f(6\u001e£·âË\rBÆ\nàùÆåÕ6m2 \u0016]×aÂú\u0015ðàQÇ`\u000e$*\u000f\u0007\u001b^o\u001b¸ÁkúåòdÓb½&\"©¶\b\u000f13T-ýÃ\u0014äË/kì \u0002È0è\u001d³àû\u000e\u0000\"nOvjgîá[Ù6oö\u000e]kFÐª\u0017\u0011Ä_&\u001a\fÔ_ø¬bÈ\"S SÞÕ\u0004_Õ%ààºè;\u000bý \u0006\ná\u0011\u0018¦\u0003\u001dwéÆ\to<ã\t8ÐGúUÛ\tüïJ>uØ ¾f*ÜÓtY£í\u0014B5/ÄÛõ\u001dÀ;>L;\u0010\u000b8(\u0016xO&0O©Åb\u00150iLê¡w\u000fÿ½mTöv\u00028Ä\u001b#\u0000gõh\flæwâ%âåÊò>ucºàp8ô\"fö \bÒq­&Y\u001a^ÚïYø-Wé\u001eòg1XK<;ë\nF^X/V&¶6Ër\r(H÷ÜÊ\u0011´(úsÅç `ÑèNª8\u0001Ñ<Ï¶µ\\X\u0005-ä\u0001m )C\u001dè)ñÙ\u0015$sØ\u000bg\u0017=WZ\u0010é\u0002\u00164ÂÌäó±h»U\u000eA©­?(*O8+6ÛÅài1\u0001× 3\riÀêNBZµêi\u001aËåHò\u001aÔy\t\u0011Évz\u000fé¶\u0001\u001a;\u000eFä.}9çÊÇ\u000f·åxL¤\u0005^>l¼ I\u0013×\be»èB\u000bt8j9uøÀ\t\u0011´Â\u0000È9â\u0012\u001f\u001d ²9-\u001dÀhÊ9r\u0004\n`<±ÐAhÑ8ù#ÄÝB\bðÕ1Oï \u001b6.JG¶$\b7WN\u0002ñ\u000e\u0005\u001bs\u0013N!¬#«mÓ¥p\u001c\u0007 kl\u0006ílùI(a/-è¶B¼ÍT\u001b»O|¾tJ<IQ¡d³n)¸½\u0007à$Ú\u0002_Ør)aåÜA\u000bÕ2(\n§@×}1tQú\u0013Å»«®3°\u0007\nXD\b\u0015ü5\u000e\n¶¸\u0005\u0005£\u000b^¬ÉÖÊSpÁ\f)\u001ff@\u001a\nì\u0014Âá%Ñ+\u001b\u001f\u0013¨æx«ÙÖz¨zïÍB\u0017Zðê\u0002F\u0011©ÖÛó¥\u000f¬§\rp¼lÌÜ\r±¤X·\u0018Ê¬ÈÉ\u00027ÑPå³¨¸\u001d2â+T\u0010°äÙLpíOÀãq\u0013Ì6Pÿu¨u9VÁ\u0000^çG³Ä\u0013m­P0\b_²«çäÝ\bÄÙÕô#¡\u00182\u0002vµÚNø\u0005ãºAY\u0003,ð5¨\u0014¿n\u0001%@4<g\rì\u00115ùô\u001c\b³YÑ]\"åÔ%êÎ®¢§¨ô\u000bN`ta¹¥õR1u^ô]=®?4Ã§\u0013\f_¹¦?È\u000b¡¶&}1¿\u0003ö×\t!6\u000fw\u000e¢\u000f\tÑâÿ7Ñ\"8ý.è=kÖH&ö]Ls¤Ë)¡å°L¸e¥<«Të>®\u001c)X¶Ò×ÍÃA,A·Z\u0007ÆóQ\u00076\u0016ÓBÅ¥t§Òg´LØ\u0014ì\u0003Ìè»\u0018H¬cÑ\u001e¼Æ1èþÿ¤\"K|>u-,>Þ»t·\b¶ö\u0012<*ë\u0011ú`\u0017\u001bÉÚ-VpX+Òd6°Zé\u001aVodÙA!bmõ7@WË\u000e.§\u0018#EKÿq\u0011\r§Ô]öIÁ\t,}R 6Äjië8M\u001a mEp°ZòÕ/V}bæÞA Ì«2hsë\u00158Wï\rz}Eêu\rÔW\u000fýbN÷\u001d¤|\u0003\\~½ÀÒ\u0007õ\u0011¿~\u0002ÛN¨lÍ½3\u0019ïb[\u000fL_úÕ4?Ô\u0013ø¡ø,\u0012Å&dæ\u0003p¡\u000fë\r½\fw¤:\u001es3a\r<]\"\"º\u0000d»ÒäÁc5g²taiãn\u001aôï\t\u0018$µaí~eOâÞä\u001c¨;×Å#Ð\u0015&\u001bk9¶­¼\u0016ÊJ³kCþýbÍÀäN²MvÞ[KÛ\u0011÷9pÇ!ût÷m¢\u0018Z»\u0000'\u0003äÌ.gàSíi½I³\u001c\u0000è^VR[ü\u0017%ù8ø¢éI_ºô?¾NÖÝ¬PÛ°¹!sf/HÈq÷Té«[X\u0019ä¯iµ%\u000fÄÒÅÙ\u001eþ#\u0000Y¥(ôc4¶¨¤\u0001Íì­>é7Ë\u00037ÿ ¡\u00128:¡\u000b¤¼IPKI«¹\u0002\u000e'ù#ÕhR\u0016éxlÕ]Ñ/]ÖR×7¹½\u0000Ò;a.ÇLVw°ñ°\u000fÃ\u000fW#\f\u001c\u001bbQâ\u0005Áñ¨«hp\u0010ôÁ\u001cx\u0018\u0006Õ@\u001aÑ[LÏPhÕ9Sh^C£Ã©\u0001±÷\u0006\r\u001c\u001e\u0012lo2¤k¢½©,bP£\u0015¨\u000f½ì4[ÅÜ\"zýmÕ`-¬\"së^\u0006õÖËL¡IZ©ÌÕ²!\u001f\bºÄ.\u0012õßâÌgè78\u001fz\u0010bx\u0016 ·5*Ìv§\u001a\nâ\f\u000e3\u0014­\fZk)s±8\u000b}[\u000b×[Ø3¢RUH4Ã\u0006±´Y¥²5uH=y¦ºÖ§\u000eÔÑFæ§_ûò\u0017PÊ_¦\u001cç\u0012zî\u0007Ù\u0006\fÁ¦'tÅï\u000eL¦.kJ¶Ú´äæS ¾^\\é\u0005ªe\u0010«Cjñ\u0001Z¼Z(/Ë_\u0013oQ;4os\u0003@Í\u001cÆ°*\u0004Ú \r»P)zjÄcÌµ¿Ä]B+\u000bî.Æ `\u001f¿ÒüÔïõÀÜ\u0000P·1\u0000´{<.r\u0017 ¾R'\f©\"êf¢\u0013©½Øî<u×Õ+µ%x\u0002Oeîà7×b^ +\u0018jþ3V\u0016,¨\u00065&ÒòùV\u00110ÿJ£\u001c\u0007\u000bõ\u0013pö¼Cùø±P\u000bâu¦\u0001\u000fz~ôXÚAÌ·[Ï*^\u0005\u000fÐÈy¸Æî\u001e\bÃJÿû#°¢'b¨øzä\u0000$Ê&ÇÈÍ÷;nÓnv6ïÀÂ\u0017Ä¨\u001cnÛ´\u001c\n\\)\u001fõ\u001e;qÈ\\§¨\u0016=£ú=rDx9Nó­bÝ#f\u000fµÑP\u0001ý:\fã\u001b+!£ôÌmXæßRSËÀyFjUþkîañ\u0005´ØÀñ´¡qc\"BBãØÅâ%Z(ná(óU\u000fUª\u0012nU25²7ÁòÄFFH\tx·f(H\u0018\u0002à\u001cZ:\u000bCg#»xV\u001eÎúÈa\u001a®=À£ùú8æ\u0004Eo\u001cisú\u001dÀI\u0010ObêI>ç\f$\u0007_×½¢· ´újO\u0000©9&Í~`/¢3*\"b\f&#½ÈK/£]/}4J§ñ@Åâ\bËFcåñs\"ÐÁ\u001flÅºô¿ì«\u0004tÜG \\¹¾Õ\u0012!øáTÐ¿(uV^íÃÑë)sýH§_Z(\u0002\n=Ä\u001c`8ÊÓ\u001a3ì½@®ÜsLî.\u0004ËE\u0012\u0005ã®«CÎÂª\u00076êXNM(¤\u0016IOËë%î«\u0007\u0003 \u0006Ø¶3ö\u000bÜú|6OÖÂ\u0011Ý§\f\nìÊ¡GZr².ÅVuêæ=\u0015¸èbj©\u001d<Vz¸9\u001cé\u0013S¸e\u0015ÿ÷º½\rI<JiÞ@_»eZ4_\u0015²«0¹C<Ð\u001c0¡= Ó{\u0003\fbáì5÷\u0014>\u000fà¼\"ðZ)\u0000\u001fÜ¬\u000bÿ<F¶¼¼\u0005nÖy\u000f\u0014vdqÂê\u001e§o7´\u0001+ ëÄãZæ7 :\u0001ÿÅ(ôâq\u001bîèvGRÝn`ý\u0003à6¥Ù\rqX\u001fÇQ½pAE;\u0003M\u001c\u0012\u000eÔÝR~ÒÕ?)AÍÖð\u000fBÐsZªLÁº[7`ëdÀû³¯¬\u0012´\u0007(Õ+-n%\u0014õg»Äã¬býj\u001b¤\u001f\u0018\u0012\u0013§áã\u0000x?ßÑeqF\u0016Ù×O\u001eÏ4Ë@ù¶\u0005Ç?OÓ\tðRî»\u001d2}Bü>\u0001<}Ù)oWY \u000b±£øªòä8¼Uéh\u0001Pë\u001c\tÉÃ\u0005÷Gh15O\u0003{3d^$5;\u000f)ãkV¥ÍKAû~Þå0G\u000fÑäµ*1Å2Ï«\u0010çu#U\nLÒ]\u0001±ö\"J°OONÒ`\u0010è\u0000­\u001eFÀT!ôß©ãp¡Zú \u001f­ÏÕª\u0005æ°Íp²Äk@³®2¶TªP7Üá|Ädd|©=\fÿ*\rCÍtÇÞvY$Q\u001cVtÂþw# >ê£\u0017Ç·P<Õµc6A+Ö2&Æ­ÕâáMXî«6X¸Ï`·ÌÃ\u0006nFß.çgi\u0018\u001eÔëÍÙví«r>\rk®\u0017p2ÍÍJ§j\nê.3h\tÖ\u0004Ë\f\\Ëò\u0005hîÌ$ÚU\u0002Ï¢'\u0015çeò·`§aX7ì1\r4Èº\u0015,d6ÏÂ\u001e\u0019ÑÀVçô¶{*ØâéPG %Ñ\u0006\u000fiMØÊèÌ¯FzD\t\u0012g\u0016iâìaÃ\u0007<98\u0001\u0019\u001f¦Á|\u0004ÿå¥ÁV\bjdy\u0017ñ\"HXD¥O\u0011ñ^u<°£ßÑv5n|\u0006:ÿl\u0007X[®\u0016°\u001cG.ÍAxaKÄlÑ¨|Ì­\" ÀóÜBuêÈl×ÍDÄÄãü6òf0ýé·ÁxÅ»=pßhË|DOj@·½.%³l¨\u0017ÊÐ\u0012õGñ\\àârµø\u000eùè1\\Ç\u0001\u001f8g·\u0011Ì-G¬\"¿R)±Hdòå Í6I´\u001fÉ5Õ#\u0006?'S:`jIõ\b²c·£z¼WÍ¦*\u001eöæN¸©©ÌÚ\u0015\n-ßÌA'g9îú#x\u001eõ¨MBìáK¤þ&pªoH\u0015èÂ\u0019¥áÓ\bh%´^\u000f2x~eÓ`:l(\\@ç\u001fõ5àÓ\u001b­bÎè\bÛa¼AÎ½Æ\u0019-Ñ§\u0004-\fÙ .ÍÛµd\t£×\u000f®ÿæØ=f¡&³\u001dyo\u0013%¤Å¢\u0007nº\u001f ¿d\u001fé¸ô®<\u0013Ä\u000b[^bm©TØC\u0016ôCbL@G\u0002åcv²ú*c\u0006Û\u0007jÛ\u0010\r@xØ[FÝiõÉ`\u0015b±³NNz4ç\f¥\u0015FÀ1s\bw\u0014ùK\"¥Í¢ÂªD·»\u0000©¥³>N³Vì\u001b-2\re­«#_\u000bG\u0001\u001c»zæC\u000bFw´l¬q%§i»ù(\u0018ÂCéTU\u0003Ö\fõ¦\u0015\u0006±+5-YõjñÏÖàÀ\u0017dÛÞ\u0005Ûþ ¦\u000b3%\u000b¨-£~ÉM\u0016O©´<<`Å/ó«`ì\\ÓMS)¥\u001e ^V\bu£\r¶Í¯0@4ìoV\u0007¿¢\u0012Á4Óóê9JÓaÊ~²D âzC4ãè\u0016\u000fÀÐqÖ\u0004à\"2Ö*M¹\u001b\u00034p;z\u0004^p\u0017ÎÄv\u0001J\u0010Åb¬Ã\u0000áÞwÕA%\u00078ó\u0003VA:h\u001böpÌA\u00073xV\u0004\u001eÜw\u0014³-±8\u000f-`7*V\u000bÊ §ôº&_\tÔ½¤*±¬ÉÄWÀXxÀ\u000bù±?W·Ù1V<®¶\u0001\u001b»a\r®þc\bfÛsd²³¹Ø\u000bØ®`dþ50æIµ4Ä51Ñ(ÜE\fÅª\u0013\u000b~ ¤Aè¾VNÏ\u0013åã\u0006#RØ®iõ#0 úJÝ^ØÀûUMñ\u0013QEÑ­t\u0007ðµN¬¨¥E×/ùÚô\u0004'P\u0005§b4¬[jº¥Z²¼ ^&¨rZï~·\u001bÅ\u0003\u000eÞtÌõ]\f_Ä¥MZðcÿ3N¾ï41s3û¤´lý\u0000ógNÊ\nÁúz-qì\u0018<¨ªJÒ8\u0001î{JÏ®ñ Ô8&z|N\u0003v0Æ>Ü×M#í8Âß1KÖ\"k´lb>Â\u001eQ¨Þ¯,wd\u0004*\u0019\n\u0011,\u000b³4\u0011ª\fýaßy\u0019\u0011\u0006,¡L¿È\u001eWDäpyNÆ×z4ß\u0012\u001dä:R\u000fk\u0006l¢þ ãÀÉßb5#\u0005\fs¾\u0002á\nh%bæ\u0002>x¯§Ãð\r×\u0002 §¥(x!:k ë\"0¶-~±6M¨^¨\u0003\u0001\u000e½P:<âåJÕÁ²>ÐÛ\u001b2Ô]/\u001fÀµ·°\u0019Xé×íÞÝ+FMx%\u00168«ÈTÃ\f!@/«P:²Lo\\Ð°æÜî,zÍ\u001a¿Ð²\u0019\u000bÌ®ßæ|&¿æäe×©/ÆgSÉr5À£~Õ]#<¥\t\"j©L¨mDû~Â9x\"\u001eÍÜG\u0015p£*k¿û\nYgO,?¤\u0006ïÉÚír}ìóÖÖ'~\u0015À^¬óò`±)©å¦\\ê\u0001$nÀJÖñÚ\b\u0014åjuh&Ï\u001dPL6f\u0017Ë,3ªJVØ ô·Y\u0015²`R\u000f+j°VO É|¤¶=c@£Ð\u0007Æá4ò>c®D\u001e\u0017\u0017Ò£\u0016\n­\nWìA\u0006¤:*?âË\u0004÷{NÃá8\u0015O\u0012³Z÷&\u0018e/&Op\u000f\fç\u0005ëØ3-åÉRnñªÖÕËJ×_\u0007Å0Wà\u0004éËu,êO\u0004±è\u000fe\u0005bæ\u0004½«Ñ)Gº«ÞÁÊ\nçÈõ Ð8YûÊ\u000eªSz\njB?@qî^g1Ì')ÙK\"f,}Mí»#8\fm]÷\u000b÷Ð\u000b\u00193{Õ±G¸¼;¾±¼ü\"W[x¬Ù2§\u0013»x^\u0007©úî©\u0001\u0012ø5#·Eô\u0014)¦î§',x<\n\u00039rbÈ>YDÍä>2*¥\u0003*gÈH\ndöc·7\u0011±Æ\u0014¶â}\nÃ+ñ;ÝKKÝ ]\u000fRwîâ§í\\D­PQ\u0004¬#¬a#ýÆ?ß8ÁO¿SP\u0017s}-_®¨IßaN¶\u0004é»¾%6¸jØs\tE®d2k\u00193qÐ\u0019Øb\u0017Í\u0017±«T887ÆY2$*³WÐ\t{\u0017ï:æÂ\u000f\tÅ¼b0÷þåþòKeØï\u0013É?>%\u0007bG1¡ø´Ü@¿xP)ÿ/\\klâî\u00142@²z¿\\#GÎÇâ\u001dÀ!\u0006äL;\u0004ò\u0014;\u0001ÍÕg£\u001c«E¯Yé\r«\fFÎ¸z\u001dÑ\u0004§òô9äðsz­ù\u0010@¯¯r\u000bá\u000eö\u001a3û4z ?é5VÏ>*KNjMª½³r£\u0001¡\u0016éôT\u001e\u0002ã±ò\u0017sv\u00047å×zJëenª3\u0007BøA\u0011\u0013¹Ì[¯\u0001]\u001aÄÓ\u0000/ó\u000fVÅ·\u0002|ò\u0001dH«¤¹ªóÉ\fõw´\u0014£:ÙìÞ´8z¼\rJ\"u\u0014Å£J*Í;#Z\u0003\u0004\u001a\u0013s÷!Û#²EB;\"SX×Â´Ñ§§¡^\twZÈò\u0001 9\b\nE²* Øák\n\u001a\u0013[êjÅÓó¨ÇÇsb¢í\u000e<®\u0018\u0016¡7\u0010±daY «¨¬\u0000&ÛbêI\u001dP·Y@ÊUüª\u00191Ç«¬IäñÂ>\u0003æÊÌ6éÕ¥Í[9%ØÂs­\u001ey]eBü\u0003¬Òö´\u001c`¥Åü\u0004<µ\u0004Lã7þ\u0005¼ô,àGÿÈ\u0002Þ\u0005|ìß³ÙÑ»?\u000bX)î{YÀ`\u0019ÿÈ\u0002¾\u0011Ë\u0002æs@IEiç9ú\tè Î\u0002'Ó\u0007«g[Ëj\u0016ÛÏ\u0000Á´ £b8\u0007iý\u0019ä:\u001fJ]±I©ã$ô\u0007+óBe\u0011I\u0013^dé?ÖBÆÖEà5z|â5.TÂ\u0018î\u0011_y+,º¢Ôº#¥Ø¤¢Øò«iË\u0005_\u0005Á\\HØu|ª\\F5î8§pÚ\u0003*}~\u0014\u001cNË>3Â\u0010^\u0010sW\u0002jÏ{W×þAzÈs¡eÖù\u0003¥5\bwo\u0017X&x9ý7®ð\u0003K$ß Þr°R)%Ä´´HA8ÅE§cw\"ËBê¨õVâ^è\u0012+0\u0015±#Áhº¨d»®_ªzy}¸hDãê5q9¡' l¢+Àó\u0000½NEàqo\u0019%-ÅÁÅäÔµjÈçAS8\"L©á\t\\\u001d00\u0015ÄfbË«à·\u001eÌä\u0018Z2\u000fÆQyiP.mPW#\u0016\u000e0\u001fç\u001aQ |¼BTâþ\u00112Ù7\u0013t¾~^6b*Ø\u0016\u0010Ç¢²!M{'\u0011\u0003CV£\rË½Üå\u0006\u001cõÃÏ 7\u0004Q¦X~T\nú¾cQ\\SF×aZ\r]=­VËªª\rò\u0003øE<A>dÀCÁ&ËÓÐ\u0004C¿\u0016KtkÎeJ\u0007ò¦ÞéXJ\u0014S\\r±J«þ\u0002¡þ\u001bøª5vÕ\\\u001b\u001fôI¨§\u00061<{R÷*lQµ:\u0014énowRåeýè JêÂë\u000fÖÚ,Ö­½±hB±wT*`\u001cPW`¾Õ\\xâÆk÷<ªïTá\u0013NÕ·9Íâ=7:ò8f3\u0011/s-r\u001e\u001aí$ZãØU8XY\u0000ëc8ýÌªQ%\"éÅGe.ÒP¹ÒÎl>)I¯\u00132¯d¡´Àá,éÏY#v,i³æíÒ×®²ÚìÕ\u000e Y´äÌ\u001fm×ë0®\u0005v%jX½ZºË#ØÕ2#4\u000eS¼ÊVB)\u0017\u000eé\r¹ºcZ¬ÖìQ¤ÊÐÁÅ\u000bðý?£î\nyÇ\u0000Híz@ cgñ\u001e,(8ZÝ\u0011oX+çò©\u0000¢\u0005¥(þå\fOì\u000f\u0015ZËB\u000e=89\u0014A\"¼ß\u0019\u001cx\bªÊ@ö0FÊY²héôhM:lYçDúyVz<Ø9dÔü§¨å\u000f9\u0010³&\u0005¹÷,èIBLwg/ z\"s:«°²\u001a`ù-Ñ}TN·xk»C_I3\u0012t åq­\u0015óR¯\u0014\u0018¾}~\u000f,%õ\u0002û=äÇë1¿~ÃÁ@ï\u0003«B}0\u001fXVqÞ!Å!ü×U¼[Ç\u001eÝ\u001cpKô·ª}Ö\"\b\u0005ê\u001b¸t¢/\u0007g¬iêpVO_\u0016O\u0012[ _ræ\f&¥¤¤C¶ÄcPyuê7c\".\u0006þ\"K¿\u000e¿\u00190º.R\u0000Ì*âÃî\u0003\féÚT6H³\u0004|Oß\u0014\u0010r\u0014ÉÜ2Eñ3<\u00032ÒöÙ¬~×#\u001d_e\u0005\u0000&°Û\u0016\u0004¯\u0017ý\u0018ª\u0000q§8°,Aô¶hE¥n\u0004\u0017®¢G\t\u0014ù\u0015\u001aUÉ6\\ß\u001a\u0010«(§\f{qZÅ,¢wO¬eñ>üðýkñ\u00045T²ûÅ+x¦Eo)l´xÊp)¢@à[(¸z\u0015ÓwîÑ\u0004K\u001c\\»¡H\u0002ãa<2E¼8]\u0007\u0007\u0017Sv>ÒE\"ürã§btñ\u0015HfË0´$mÈO1]hù;òAÂ \u001b \u000b½,þ\u0017-Ç¨£z@\u001cØü\u0018:íl±rÝ¿1§þ pX§ðl¼»K[ªº\u0005Rf\u0015¦[,ga\u000fcpú}Í\u0007ð÷M¶ü£Ò\fm¢'5Ñô\nLÿ-ìÚ~\u0018\u0014ÁÛxúÖuñø\u001eTâbø%Æ!O¸\u0005*\u0003g\u0006W^,#\u0005â6s[9ÊFf®\u0017_Ë\u0017ãe²\u0001GG:\r\\ÿÃ­Túy/Ð÷\u0002¨µÊCnÁéÌÓ¸ä<KPbzàøûì=\nì;Áþµ\u001c4¸S_\u0011&\u0003\u0007\u001ckS@¹ÇP¥á\u0003\u0014ÜêÂgAîÀLÄ7gaÞàmÈ\u0015t#É/\u0004Ç@I¾²~æWÔàGf\u0002T\u001bvêxe£\"úy¹¬\u0014îyÀ#}å/Hq®ÅºÆaÃªÞ\u000208µ\"òPm7<ì±@sýbþ¤­®¾Ty\"­²$\\·\u001b\u000fðý0ªe\n\u0006=K¯«Gìn\u00139îH¥®=-6Á>÷å\u0019©[ÐÅMSße·8Ùå£ç@\u0001Ø\u0017v4Ûy\u0010f 7È/\u0014¯¡øEl$jÍÐöÂù5ÇÄ¦Ý/#\u0000®F¥ØÄÛãr!æ0ÒA\u0003\u0007yÊ³4ÁÉfÐ\u0016çS9é.P¡Üêk`\u00171Ï\u000b4\u0001¸m9¨èe¶µå\u001aå°Ý¥Üßú]Ðå]ôº\t!ð@]AX\fßÑÊÑÐÒLÈÑCî¬è>&&«a\f\u0010»h½\u0016\r¿¸Æ¦D\u0019FÜ&L]>\u001e\u0013=Ï¤\töÞ¹àç½\u0004Å½]Éò®Kè%ýÇï¡\u0000×¦\u0017J¢¥6ðÜ\u0017xî8\u0002¬OÔ¯\u000eñ\u0003°ê\u0016ë±`¥¼×UõGÀòØða>Î¿±çíÅ+1J\u0001\u000e\u001eÝájV®|\tÈu-Äû\u0001Õ HÉõ«\u001b¨«z2\u001dXpp&xLB7\n\r²õ¤À²#<v|\u000f\">JF`eb¡MO\u0000\n[z*8Öiå¶:\u0016ôÅ\u0001¶o¹A¹Ç+%b£CV62ûdj¬Ë ÛnU&3X&àýa\u0007^Ê\u0016ì\bFÂâÍÓ\u0003Ç\u0019K+D\u0016\u0004¬Jc£ÖÃ¸j×¡Ö-ÓïsúÍ´U\u000b!ó\rèÃc6ñ°\u0016ï5\u001bøÌ¢üÀ\u000f=æöá|2Xmó^,ÆÕý°Ôcrï­Vm¶QàÌ`iôK\u000f¢\u0018,åú¥R2\u0000\u0011\u001a\u000fÅæ3j%?d\u00197£XA§_\u000b¾\u001ad\u0001\u0011gá\u001eèDK\u0007;Ä¸åèª­\u0013?t}\u0001h\u0000~µ\u0006cÏz\u0016HÛÓæñôé}\u001cWJdT¨6µK9¶3¡\u0006nÃ8|äô'o®3¿\u001bbúô\u0019eÎÙ\b];æõ\"ÈÔ{5©Ùö\"w¤\r[â5È\\ fáRC~Bof¬\u0019~qiî\u000ehù4o÷â`âG\u000e¸è¸Ô§NáÃü\u0019\u0019Û\u001fÕ½6\u0007×ÉÊÏ\u001d½\b\u0000~Ö{OºR\u001bóeÕöaz\u0005Ï#vÛêU>7ú¤ \t*\\vc0ÆáýÁy\u0019&{ÎE±[!fÎâ\u001f­£z´ÕhFBÌ\u0010ê\u0011»¬\u0006\u000e¢\u0007ZèòÔÅ<01\u001a?*\u0017¦4oæ\u0004æã _\u0015ÀÔ/ÑÄ]­ð\tmKò\u0000\\Ü'ÖkÅìÍ\u0019¬\u0006ÀMcÈ5§ùËÈD \u0016ªG<.ÿ£NÃqåÅA3ßÉdº\u0006R\u001e¢_¹ò¨\u0011+áA×TÂï\u001a \u0003\u0015KôPGq¨¿ë!Y{ é\u0001\u0016ÓÉ\u000eDXá\u001bÔ>\"\u0012.Ó² RÌ¶Èæh@ZÕÞ\u0000B{YY=f é¾ú\u0014ñ);Yù\u0007,\u0015÷h´\fnê§·Ý\u0011½UÌXF,T¯÷'xpÅ#«¼Ê.Ó.Ñ\u001f\u0012\u00127ÅËÅñ½GÐ,.>¯¥@&¢=©½Ý,ÝÄ_Á9×u|.\u0005¹êq>Z,¢éãrùZy¾â¿hÖZ#&ko@åQU\u0016\u001b\u0000Ó{\u00183â\u0007àU¿H[ã\")Þ¢6Øa\u0012W!¦ºÅf\u0007c\u0010a:Bc\u0005®\u0011C\u000fU\u0001MH§£±êX½v\u001eß\u000fý.\u001e¢ð¶âÞP\n}4\\\u0005\f:®,q½\u0005\rå'}ð@ÆôÝÈ¼_§µQ\n½­¼æ¦d\fbm'\u0019Õ p×)ýB<¹\u000e\u0004s]Ï1\u0005±­»Éb³Yê©b­yW.Øïv|.ªè\n0s´S?üTO\u001dg\u001c@7<Ü=ÖÂ\u000eÉ¥¬þL\u0015ÒtÈ¤¾²ÆÖT¹¹ë¬±¢üîy\u0015ua¼gËú½ëâO}À\u001aNLXÄf\u0001:L£z\u0000BZnAd­9Ø¸´\u001fSu\f§Ç±{juöRcÑ\u001eÛ,<b\u0013´%§Hn¹¨%02àd»í2h\u000e3è3p\u0015\u0005·à\u00030º°Gæ\u0016®Ü:(êqæ\\·;\n$'\u0006Díaº¨~6à®ßöÇÉtØÒb³\u0016)ÓÖ@c·ä\"úb8Ã®y±Í>\u0006<^j¡2mEÏ£(ÄÙÖ\u0012ðm\f\u0018B;ûÜ\u001cJ)]Eº¶¶Å\u00161\u0006îÑ\u0005\u001by2vV*~*G%\u001c#hê«í¢Lª>\u000e(L\u0000ÛV<iXCÈù'â\u001c\u0001 ¾¥eo=\u0010öx\u0013Õ´.Ñ×x&2\u0000ÏFÙ\u0013_~gæ(;µ0*ýv\u0010Ë9ÅT\b\u0001°\u0011\u0019\u0004;ØN»Í&ñ\u0014½¡pîh»\n{íY'Xï\n½¬½ýºõ\u0016ìdô7\u000eàÁ¯µî\u001dY²\rì¦Ä{0Þôf/[5zU\u0005Ý\rh:\u001fb\u001bIMÑjhúýW}õ0þ ;\u001dÏ\u0017 p\u0013\u0012vtB*-\u001eÞlúCûz\u0001Òû Þ\u001ah1t8¥éÞ %¤Íhkèõ¥J¹§­%/¯\u0002\u0012è=Tn\u0002òøûH>\u0015î)£â£Ô\u0001å2ºÜn\u0003Z\nhÏ¡5U÷m²²Ë\u0016\u0012:á¨¨qz$mëY\u001d¾?!;\u00055²¿\u0007÷±\u000bd\u0006¤_Ù*Q\u000b¦f±øp\u001aÊÏn1ØÈ\u001cº·\u0005¡9Î0\nJ\u0014\u00031Hã|aï\nÈ¥\u0000<]âÍ}~8Xõ«`1¤É\n4\fDêT>t2£±Ô¶\"ÇhC[u0\u0004£\nìü#Ôó?÷É7Ã\u001d\u0015P\u0014×\u0012Æ)©\r13\f+ÅÐ\ft~,æC,£é¼:ÙÂº\f¾©§·kSeþõ\u001f\u0002J»kMïI(y­½N\u0013Pµ`þ\u0014P*â\n;\u0006²©\u0002éh-ÞëVÎÂ\u0001:ÈÓ§\\\u0000\u0010ý\u0013ÐàHiª°y¥ï¥À\u0007}\u0013ÝU2HÓ¸ñÌR\u0005A\u0006ÈñX¶3}(\u0007\u001f9y4~å\u001fI(Ñ(öùY\u000fEÂmÜéö\"e\u0012\nJE)RÙ; \u001e-\u001f\u0005:8NãÚ. >FÏkê\u000bD\u0014\u0010{¾Ý\tT|ÔìòßE»jã%\bÉ\u0019ÐÃ\fÊ\n@Íª×Ø\u00158Y`!·Cz.{íÞN¬\u0005íjU´@\u0015dNC÷^GëD0ì\u000f*ã;\u0010Q\u0001¶\\\bôß4¥ç©p1¦§\u0013n\u0011±s_ P9\u000e @}¦giÔ[)\u001fg\u0002°Ó\u0018(_ï»%{¯s\u0004ÑÖr@Ï!\u0007«Ä:¸æ\u0017¹\u00135 ®\u000fû%áåãÐXåÂ·EÏÝ[\u0012ÚHã«kGëU\\z°Âe<ÊRÀÕìÇP¹¨RzûârSMx\u000e\u0017ÎaH¨uÞË¾\u000eDÕ¯Õá!s*02Gå\u0004p;M\u001eªµÚu3A>E6í5¹2$®êQ¬ô\tzH¨9O¯;íÐü8a´\u0000æDUlô\bUÝ\u0013ÏÑ\u0014ö;Ó Mpøß°5\"¿töJÒðb\u0001i\u0013s\u001eè¡\u0003²æ\u001b*d\u0010M\u0019ß©p-\u000fp\u001c¦®\" Ôkpó0R²Ü°¦ÀFì«\u0005OQÆ²íô½L½Á\u0002\u001aÐK7\u001fÃ¼\\\u0014}Z`VVä%ÔfÁGÕï°¤­¤\u0013Uz\u001c²råD°oÄpºìYCo\u00061\b£èFY-´­Üä6h¼\u0003ÌvceW²BSÃ°bÅT\u0013?C%DPì-Ôúà]´ýÒ\u0017»,FÊÐä\u0018¬>ö`Õ`Ê\u001dW\u0013¸£,\nìW ÅG7âMï®õ\u001eYð$´$Ðï-¶\"òRQü¥\\\u000e#;P@\u000bÁªO\u0000ÙÖ\u0011gí\u0006#ávAæ¬s\u001eU²ÿî[¸\u0014\u001e¬T®?*\u0011áë×«F\u001f\u0003ñÞú£ª¨#1ý_ºàÉGÐ¶\u001f»}\u0015¡&YS[\u0005ô®Ð\u001dÕZ·®e\u001c`¼Ó`½ÈyÄjz#g\u001b.ßÈ£Ý*úÞ\u000be7<´ÃyÔ~ØÉ/ÚÛ-*Á9+j\u000b`\u0007n«\fX©@÷ÄV¸ÓöúÕÂÇÒ¥õ¸\u001aië þs´\naõ\u0016-\f¯;\u00100Ë»\u0002Ý\u0003\u0015ÂbMó5aâ\u001ez,Ká¿µ)÷åðañ;á*nZ\u000b#\u0016éþ\u001añ6ÁF\u0003¯ìÅè\u0013'Û+;ÎF¯ìí'dut6e\u0000\u001d(Á.O¥¯i¼\u0015\tkâ\u001d2Kô\u001ahbÁÚÓ=I\u0014,PU\u000e¸VýiNhàr\u0014(óèz¬Ä^§úN¯\tweKëèKzyahìB\u000fzÌ(e\u000bÜ¡kbÍä\b}<pÚÐ|\u0003\u0011ÖÒÑ¿?Ï2¸Ý\u001f¤jtvðÎ5Nø$(F¹´\u0012\u000bZ?\u00066Íb\u001d\u0015Hî¤sÕ\u001bèGU[\u001c¾ffÄÌvÐÕ\u000eÝ64Ã\u0012¼sí,(bâ¼&$Î -\u0007\u0000é9'%¶ê\u0005e-Ü¬0,\u001e°\\\u0016j(AkÇÒ}U¥ëó84\u001fä\u0014ÍM\u0002\u0015\u001c=Eà¦D+ ì\u001cv{\u0019ã«ûµãJ9c÷`\u001aö \u0013Oü*)Ð¬gËà\u0011Ñ6\u001eV;iì\u0013Â\u000bUþ,\u0007³bA\u000f.ÝàZqÆL2Òµç\u0003\u0005\r\u001d´¤\n\u001c¶TÌ½K¦(³)W\u001aÝ\u0001ÑÐl3«\u0011*Ñ{èW4m¿zòP\u0014\u001af\fj½óTb\rÇÃ\u0005-Rã`è\f\\¥ÿ2ÊØ{\u000ellæTñ4ÄÐ\u0018Cl/Ü(ø±9M6þè¥\u0013Ó'¡\u0005!>\u000e6½\u0000Sbºè+PVö^\u00077\u0019\u0001Ý©èIÒpñ\u0010p\u001d6úcËé\u0004\u001b×+ô'`[íà\u0015\u0007yèô\u0005á¯'­Û2ÎÐlÝ\u0005$\u0004 \u0000X\u001bÙ\tmPw¾Hw<.§Åè*wÆ+aÅAö\u0014îwRáÆÈ7GºÓkît]úÄ<ÑÓg(ñJÑU-ò\u0016<\u0015uÖ*Þ\u0000.²ò|»LER²\u0001\u0015ÿÛâ§£\u0018n\u001a>SØæY¬xYJ\\\u0018Ù¬|Ù^zlë4Qõó%øRºÁ\u001c\u0017eÄQ½j\u0000¡G{\u0011þ¶F%pÜ¨ÞFMM¹sA+2S±2$°8pVÈ[\u0000z#\u0002'@ÿNº\r+ç+\\_JÅÖ9ê½£/ë\nHA+m\u0004Óÿdp°\u0019¤Å£\rïÑûô\u001d/ÉÐî\u0017s\u0013(JâK¶\u0012¤~\"ÌÒDé.vÀùÐÔK,ö[¾÷ºõ\u001cÖ\u0002\u000ew[<Ñ\u0010éC\rKm\u000bð\u000b>Ñ£¨±U\tVàË±Ó@%V©¼wÎÜGþâOÁ©ÿÈßCKK¹#Xç®I½ÞÕÐG¼  sÙàF\u001dE\u001d!1/6×\u0016L\u0011h×ËMZ£0Äôbµ\u001b/¥ë)®D¶ñU/ÉÁouÐ§&ZÊéJ\u0006\u0012sGúPçDWÈ\u00047þ\u0011|FZ¬\u000bð\u0003è8l)P¨\u001e¥HTQ|\u0004^\u0007\u0011SPîå\u0011î !?yÍ\r\r2@a4\u0004\u000bô\u0012C\u0015Áu¥hh#\u001e @B¦#P1ýmv1~æ¾ì³\u000fôD»P¤P¼AFäý\nz#³ã\u001a[â\u0017î¨Ï\\Ø ½î¦Kv*\u0016ß}p`Ôº\u0014pó2Kd9_\u000bA\\HD&¼[¡\u0002Ö\b½4äkÉÕ:AáYoiJ\u000e\u000fú¯æÈ,ÉøöSá\u001d±îxn7w=gË\f%\u000ew\rbBÑ\u000b`í6ÀäÈXÒnAwSyþ^Õ6h\u0019ãR{\u0012/Ûá\u001bÑ\u000bæ¦\u001d<v|²?ú.·\u000eCC/u\u0004(\u0015,\u0015Ma\u001d¦c²5¨2ì\r¡IÜJ@\f\u0000Ãß\u0019\ræ\u0000ohºz\u000fÓÏk\u0005È)÷\u001fÉÜxE\u000fº¿é)A[ªéGu9\u0004øL\u0006K\u0016@Ð¢\u0000dD/\u0000)åR\nG\u0018ó\u0018º\u0007\u00000é»\u0010ÿ\r1\u0017MÍùoÓstYå/¨\fk²°\u0007@GüQuæEÞAç!1âÏ@è+Àg´\u0003>'fw=åÊa\tùÆ2c×q\bÏæU&Ãëk\u0005/×\u0003ÈT}roÓ\u001b\u00070è!R©ÞâÅ$c]XÑ¨\u000e1¯¹#(zC¨a¶êÐq\u0003ô!»Ô\u0007tÙ,×Ä3Ý¥0\u0002ü¡\u000f\bdNÐ\bìææ\u0014Ämq2\u000fÎTNÏ.A4p\u001f\r\rþ¿\fà7(\u001eçiÊ 1Ñ£:Ìc\u000e¶ly%.y^¾a}C\u0001?-\u001dàx´q1\u000ew{|\túU¬sc&ø'\u001390iªø\u0018K3\rlÖ=o\u0010ý^ÚD¡ÎGñ\u0018õ%ðlÂeñ\u0004ÿ*ª1vçèçæÁü»M\u0006\u0019÷ò2ìz¯©²\\4_R\u001bA\u0016|µlJæÊ¬µàôµ´àJÁ\u0005sì>G+2+K ,\u0017=\u001f\u0011\u0006^Êm§¾Xl%Þð»á:1Y¬ùÛÊô¢ýr¹¥úH\u000ff*øçHªOVüM?L²M-0\u0000çÁ¢èE@\u001a\u0012;µc÷Êâ©eÈÖízf`?¡w\brçË¤\u0016¼Së:\u0002\u001dj\u0010¯¯\u001cK×BHL\u0007j\r6é[xZ\u001eíT_G¯\u0002G\u0011\u0017\u001fsâEøQhÕýÜ\u0003ìvHÊp(¬ò¥nJÇ\u001a|é¢x|Ô\u0003,¡[\fdFîce°öãèvö1V:Íü`Ü(èCjå^º<<BêM»\u0019ß\u0004»Z½[¼×D|Ôq­\u001fIVN0.\u0000´¦Ã\u0012\"8H$\t¤ËÖ²ç\u001d¨ö\\¾×©\t\u0000­Bââ\u0015.Ù[·Oúijre~\u0013ú­Ä2%ZÚòª±\u001aîÌî\u0003´÷iÀÑªQ`µHßÏ\u001e6ªîü$ÌíÄÕ<Ë°Ê¸L\u001a<+\u000bý5ø{áÅû£ÂYÝ,6ÿhC¢x§3ÑªÁ\u000f&\u0000_ý\u0016+sæ\u0015+Ï\u0017âW­Vºf¹Yï&m $ñÞ\bµ×²'.ÄÈèFÓ&4[\u0006ÜgÑÁ'\u0019M*9KßãNâF3®Dó\u0005hk2t©a\fÊôÚÑ-\u000e`M7uo_®ê\u0016Ë\u00054-óì¤<®½/\u0013í®µÊ\u001eÀ®ÙJ]à\u0006ð*\u001f¤¥x\u0017\u0006T£\u001béâ½\u0003=AÁÊ¦\u0001¼¯OcâÇ,ÙS¬\u001eFd\u000f&è\u001bCÀ<¦v;ò\tðf\u0004{Km\tsd¾ºRiPVH\u0001}ûÄ×ÄòýÅQÅ²8jQ6ûRÊ¬¯à\u0014\u000e\u001bÒô8½23l´a¡Oh+¬Ò¥\u0003Ô\u001bDQ¯|O\u0011Þ{ò¨¾-!|\u0015v2§êWâ[ÅK2Ã)\u001af`Æ\u0005ZàÉÂfñjR2dÃõ\r~w4$ºBªW :@Z¡þëÀ9\rÔ]\\èöâUERX\"\u0018¾²Ý\u001cûñ|å\u001e\u00146=ªÜ¯¬!#£V]Æ;\u0011=\u0006Ç^|ë\u001c\u0019X:/ºaCÍAFï¨\u000b($\u0016[ñ9q¸ìVèý\u0017¹ø¡2õ4=´Ã7\u000b[\u0007Q\u0010$D÷Ãa¾¯!VÙlÏ\tkû©£×N@\u000b/¦«¦O~í\u0012t)tÛØ3Þäß\u0000½ïdîÂÝ\u001c\u0001H8jTYÁSØ-àÍQ0¥ÊÉ\u0012\u001a8mS\t¼S¹@õÆóÏ/:S \u001cW\u000bI½Î\\hÉ¹s~¯Z±þZfJ\u00154¡ÙL°\u0006*Í\u0006ëÓ¡²\u0003ô;é\u001eì[ù?i<ÇyÈxBê¬4s\u001fpv[Õù¢pÃx»\u001dNð\u0001Xølä®xÞ(\u000bÝÒ\u000eÂ¶É§Ý;b<í`¥¹Ô@ãÀå`¼.\u001b?/C: Æí$N\u0006ù\u0016Q®@·1*¦å4b?í\t\u0006½ð~© V±\u0016/æ9\n\u001e\"VM»sCu»?í\u000f¬`³c¾\u0004<NUÃ\u0017Kò\u000eÙËÒ\u0007\u000bë¥1\u0005\r çâZ'6Ò8µ÷ØÉ\u001e«ïe%¾R7`íß\u0014åùe¨\u0017!I\u0019bÁEú].#,\t\b°¯÷hõ<$Ü'!zÐ3¬\u0005.qôí\u00106ûE\u001f¸\u0006!¼\bÕy\u0015z¡§ §r³Äåp»è>GlHÚx/\u0012Í.jÖêx\t_ã5yy¾`\u001f#Ì.¤Q\u0001vNÃaÏN¹\u0000\u001cÏ\u0003!wï\u0010\u001eÏee4²×\u0005Ä\u000eÐÊX1Ó·ä»@\u001cèuHD\\\u0014?îÐ|±[ý¿nv\u0003È1v[a\u0011J\u001eð$X\u000e\u000e3\nÓbê^!¶²\u0012UâÒ\u0011µIC!tGÇ4SiàE?:\u000eÊæ\u0006~X ÉWð\u0013Dòa6Î²\n\u0005\u0002.×°\u0000Ûmú|\u0010o\u0015\u0013·[Qr\u001f®ÜzvÙqô¦Í\u0016ùÞÓ\u001b¯UÕc&hv\u001b_CE_kR«pD \u000e\u00146ÆWNÅj\u001dt±¨WNÅ¦Sqº\bü£¸\u000f\u000b\u0019amâ\u001d¥Ìkeû\u0017É7ÅÀ57CGfªtàÝ@\u0005P¸87!_§\u0006!\u0017I%UðêoÍ\u0007\u0013Å\u0014\u001aì£{MyP5OòAåéó3LeÌ¸\u001cÀ\u0003V \u0002ª\nÝ-T!½£\u0005±·\u0010àÞôÈ\\]±\f²\u0016sá÷¥¸\u0006\u00016(ënFu[\\=\u00013s¶If\u0019 s{MyHð¶\u0019Ãcú!³Nä\u001b\u00027\n\u0010ý\u0000ßFuÔÂ!÷veOmnÁ\u000eßÏØ¬Úù'h\u001bØW\u000bâi\u000b½=.Û¯m!óE¾¥Pí\u0003\u00010FÄÓ½êcöÑ+÷¯\u0005¶P\u000fÖÚ'ù\u0004\u0006\u000e#`\\^4·ü/%ULK\t+z¬²¶m¿«ë\u000b3rÕ \u0003\u000eû+CzÚêãÁ÷äû\u0011T\u00112®Oãù\u0003ôBË»-m/½,À\u0001·\u0000]ï9ò\u0004ðqþ\u000eFÇ\u0014I\\qÞi%!ø×zUÖ\u001fã%xw¸\u0017:zÖ´+?\u001dçï8ÎÓ¨\u0015ÔÊÕ\u0003c\fC\u001bE\u0016¨÷\u0014ïÝR\u0012ca^¤«å\u001bQ¯µ\u001f\u0000\u000bCW_d\u001dÇýê¥¥µ{G*\u001d4\\H¨bïoºÌë©ä$-wÐbAZåôP¦\u0019½Qé\u0006\u000e|ä¼\u0019ñÓß÷Àj]ö¥°Ý8d\u000f<Ï\bH¦ÌùnxaîC\u0007\u0007D\u001dÞ\u0019 Ï\u0016¡-É3OÎ%úé]=Æ\tÅ\u0004ª27OðfèÅÏrñº X'<6ç|øÔKÓ7á4\u0006uU\u0017ø\nEïÕ\u001c±â¿Uw\u0004Ú\u0019´õ ´\u0001d»«Òc\\[IïrÕ¨CïÜø\u0016î©0×ÈØj÷7ãÃá=¸\u000eî¬rìÅ\u0002Ç\u0005P\u000fÍ£PäY%¶\u0002Ïz¨O¾îoFï?ä \n,&Mçé}5,ó%ÍÀ@\\l\u001e\u001e6¼-ª\u001bü¨*OùÎü{#¹Ý*_'ïká·ò[\r&9òÿüvùu¼\u0015Ý¡¿sÝ×ðï-ºñ¯ïD·[íö½Gâõêú#\u001bë«Ba,,\u0012i\rxÓÃhkC¤öI¾«ßÓV×àÁ:ð¾ðÛÍ\u0017\u0013öÔc¤êh´±)#=ÝÓ\u0018Jk\tø¢º4O(\u001do÷ojÄ·PK ý§©6?Ô\u0014-»V\u0015\u001a|@ lÐ\u0014\bG#m×´uá9\n\u0004©IØA$z\r[[7¹¬x\u0003¼¿9â0Á\u0015wE\\\u0002ßê0\u0002¡0\u0000æ6DÔ\\Á@ÔWü:<8ö\b\\\tãåïç\u001a\u001a\"\rÑ\u0006_C\u001d_\u0004Âþ@$§®ÁW\u001b\nW]z¢ÍòÕäá°Á«.b\u0004N _#\u0012Üò.(­ýóÊÙ0 ïÚ2ÔÏÚF¬i6\u0017ÿ§a¿¡Þ\u0013\nç74Ô67îÍ\u0012UÉ×\u0010\u000eï{TSÀ×\u001c\tæËËÞ/j¨~§:¾øE65\u0002·\u0002{W¡HSô|8\u001aê¯üãW}¼6¡\té6WSíÂi\u0003ºF#pS\u0010\tµó\u000bö\u0003a_?àÏið·Å®ù\u0003ÿ¼\u0016·\u0012\ràf£¶±\bN\f/QqCNç×qÁì²Ë\u0017øK´4ÜUXn7ív×¿ã¿Õn²8þJ\u001d.ëÿH\u0012½°sÃ*i\u0011Ï\u0007!¬¢YðÃj4[¬\u0016íoÓÛ¦ÿÞmü\u0018»\u000bX\"îpâéñän°Ú,r^\u001e\u001fåh9H6¹Ì¸oÿp^Æþájò\u0019nvºö+Þ#y\u0010\u000f·ÿÁ{\ff96\\R«\u001cn\u0007§á¥ëG¦vþ\u000f¼\nÿëÄ§4\u0005\u0000J9C\u0012Ø±Óç2z\r&ßgpØ}\u000eÓîw\u001a\u001cà¨\u0016WÐá´\u0005¼ ÐÖPØßÐú\u001fï±X­v¿Õá\u001c(¥.äÅhð?õ¥\u0012Ø'¦43pÝ\u001f¢\rµ\u0001y¥±ÚW\u0019=ÛXn»Xek­¿n+¶[Jj=Å\u0005m·Ëó¢ÙgÎÞ®²UÝ\tÍùg¯^>{Á,§\u00049\u0006CUþ@ÐÓ\\'¹¨\u0014\u00036Ñf0[%\u0002\f}Q^´Íîq¹Ö !\u0018°9\fV§ÕdðXüF×\u001b´Ã\u0013ít\u0006\u0003\u001e)h\u001a\u0014(]v@ëÿ\u0001´/¶\u001e4\u0000\u0000"
    }
  },
  "response": {
    "status": 200,
    "statusText": "",
    "httpVersion": "h3",
    "headers": [
      {
        "name": "Content-Security-Policy",
        "value": ""
      },
      {
        "name": "access-control-allow-credentials",
        "value": "true"
      },
      {
        "name": "access-control-allow-origin",
        "value": "https://www.vectal.ai"
      },
      {
        "name": "access-control-expose-headers",
        "value": "X-Accel-Buffering, Content-Type"
      },
      {
        "name": "alt-svc",
        "value": "h3=\":443\"; ma=86400"
      },
      {
        "name": "cf-cache-status",
        "value": "DYNAMIC"
      },
      {
        "name": "cf-ray",
        "value": "97247291788f73c6-JNB"
      },
      {
        "name": "content-encoding",
        "value": "br"
      },
      {
        "name": "content-type",
        "value": "application/json"
      },
      {
        "name": "date",
        "value": "Wed, 20 Aug 2025 19:55:19 GMT"
      },
      {
        "name": "priority",
        "value": "u=1,i"
      },
      {
        "name": "rndr-id",
        "value": "a77600bb-608b-47f4"
      },
      {
        "name": "server",
        "value": "cloudflare"
      },
      {
        "name": "server-timing",
        "value": "cfExtPri"
      },
      {
        "name": "strict-transport-security",
        "value": "max-age=31536000; includeSubDomains"
      },
      {
        "name": "vary",
        "value": "origin, access-control-request-method, access-control-request-headers, Origin"
      },
      {
        "name": "vary",
        "value": "Accept-Encoding"
      },
      {
        "name": "x-envoy-upstream-service-time",
        "value": "394"
      },
      {
        "name": "x-render-origin-server",
        "value": "uvicorn"
      }
    ],
    "cookies": [],
    "content": {
      "size": 15,
      "mimeType": "application/json",
      "text": "{\"status\":\"Ok\"}"
    },
    "redirectURL": "",
    "headersSize": -1,
    "bodySize": -1,
    "_transferSize": 381,
    "_error": null
  },
  "serverIPAddress": "216.24.57.7",
  "startedDateTime": "2025-08-20T19:55:18.061Z",
  "time": 723.9780000018072,
  "timings": {
    "blocked": 7.508999999127351,
    "dns": -1,
    "ssl": -1,
    "connect": -1,
    "send": 5.385,
    "wait": 709.8619999964428,
    "receive": 1.2220000062370673,
    "_blocked_queueing": 4.037999999127351
  }
}