{
  "_initiator": {
    "type": "script",
    "stack": {
      "callFrames": [
        {
          "functionName": "method",
          "scriptId": "126",
          "url": "https://www.vectal.ai/_next/static/chunks/9da6db1e-ad7decc175389864.js",
          "lineNumber": 0,
          "columnNumber": 80787
        },
        {
          "functionName": "",
          "scriptId": "126",
          "url": "https://www.vectal.ai/_next/static/chunks/9da6db1e-ad7decc175389864.js",
          "lineNumber": 0,
          "columnNumber": 148111
        },
        {
          "functionName": "Pe",
          "scriptId": "126",
          "url": "https://www.vectal.ai/_next/static/chunks/9da6db1e-ad7decc175389864.js",
          "lineNumber": 0,
          "columnNumber": 148117
        },
        {
          "functionName": "retriableRequest",
          "scriptId": "126",
          "url": "https://www.vectal.ai/_next/static/chunks/9da6db1e-ad7decc175389864.js",
          "lineNumber": 0,
          "columnNumber": 118977
        },
        {
          "functionName": "Rs",
          "scriptId": "126",
          "url": "https://www.vectal.ai/_next/static/chunks/9da6db1e-ad7decc175389864.js",
          "lineNumber": 0,
          "columnNumber": 148321
        },
        {
          "functionName": "",
          "scriptId": "126",
          "url": "https://www.vectal.ai/_next/static/chunks/9da6db1e-ad7decc175389864.js",
          "lineNumber": 0,
          "columnNumber": 141725
        },
        {
          "functionName": "",
          "scriptId": "126",
          "url": "https://www.vectal.ai/_next/static/chunks/9da6db1e-ad7decc175389864.js",
          "lineNumber": 0,
          "columnNumber": 118337
        },
        {
          "functionName": "",
          "scriptId": "126",
          "url": "https://www.vectal.ai/_next/static/chunks/9da6db1e-ad7decc175389864.js",
          "lineNumber": 0,
          "columnNumber": 118343
        }
      ],
      "parent": {
        "description": "setTimeout",
        "callFrames": [
          {
            "functionName": "Er",
            "scriptId": "126",
            "url": "https://www.vectal.ai/_next/static/chunks/9da6db1e-ad7decc175389864.js",
            "lineNumber": 0,
            "columnNumber": 118125
          },
          {
            "functionName": "enqueue",
            "scriptId": "126",
            "url": "https://www.vectal.ai/_next/static/chunks/9da6db1e-ad7decc175389864.js",
            "lineNumber": 0,
            "columnNumber": 117852
          },
          {
            "functionName": "capture",
            "scriptId": "126",
            "url": "https://www.vectal.ai/_next/static/chunks/9da6db1e-ad7decc175389864.js",
            "lineNumber": 0,
            "columnNumber": 151479
          },
          {
            "functionName": "Bi",
            "scriptId": "126",
            "url": "https://www.vectal.ai/_next/static/chunks/9da6db1e-ad7decc175389864.js",
            "lineNumber": 0,
            "columnNumber": 65378
          },
          {
            "functionName": "",
            "scriptId": "126",
            "url": "https://www.vectal.ai/_next/static/chunks/9da6db1e-ad7decc175389864.js",
            "lineNumber": 0,
            "columnNumber": 64921
          },
          {
            "functionName": "ai",
            "scriptId": "126",
            "url": "https://www.vectal.ai/_next/static/chunks/9da6db1e-ad7decc175389864.js",
            "lineNumber": 0,
            "columnNumber": 64904
          },
          {
            "functionName": "",
            "scriptId": "126",
            "url": "https://www.vectal.ai/_next/static/chunks/9da6db1e-ad7decc175389864.js",
            "lineNumber": 0,
            "columnNumber": 65345
          }
        ],
        "parent": {
          "description": "setTimeout",
          "callFrames": [
            {
              "functionName": "Ui",
              "scriptId": "126",
              "url": "https://www.vectal.ai/_next/static/chunks/9da6db1e-ad7decc175389864.js",
              "lineNumber": 0,
              "columnNumber": 65324
            },
            {
              "functionName": "onRRwebEmit",
              "scriptId": "126",
              "url": "https://www.vectal.ai/_next/static/chunks/9da6db1e-ad7decc175389864.js",
              "lineNumber": 0,
              "columnNumber": 63832
            },
            {
              "functionName": "emit",
              "scriptId": "126",
              "url": "https://www.vectal.ai/_next/static/chunks/9da6db1e-ad7decc175389864.js",
              "lineNumber": 0,
              "columnNumber": 59214
            },
            {
              "functionName": "At",
              "scriptId": "159",
              "url": "https://vectal-api.onrender.com/_events/static/recorder.js?v=1.259.0",
              "lineNumber": 0,
              "columnNumber": 72562
            },
            {
              "functionName": "mousemoveCb",
              "scriptId": "159",
              "url": "https://vectal-api.onrender.com/_events/static/recorder.js?v=1.259.0",
              "lineNumber": 0,
              "columnNumber": 76208
            },
            {
              "functionName": "e.mousemoveCb",
              "scriptId": "159",
              "url": "https://vectal-api.onrender.com/_events/static/recorder.js?v=1.259.0",
              "lineNumber": 0,
              "columnNumber": 41250
            },
            {
              "functionName": "",
              "scriptId": "159",
              "url": "https://vectal-api.onrender.com/_events/static/recorder.js?v=1.259.0",
              "lineNumber": 0,
              "columnNumber": 42525
            },
            {
              "functionName": "",
              "scriptId": "159",
              "url": "https://vectal-api.onrender.com/_events/static/recorder.js?v=1.259.0",
              "lineNumber": 0,
              "columnNumber": 22912
            }
          ],
          "parent": {
            "description": "setTimeout",
            "callFrames": [
              {
                "functionName": "",
                "scriptId": "159",
                "url": "https://vectal-api.onrender.com/_events/static/recorder.js?v=1.259.0",
                "lineNumber": 0,
                "columnNumber": 22856
              },
              {
                "functionName": "",
                "scriptId": "159",
                "url": "https://vectal-api.onrender.com/_events/static/recorder.js?v=1.259.0",
                "lineNumber": 0,
                "columnNumber": 42720
              },
              {
                "functionName": "",
                "scriptId": "159",
                "url": "https://vectal-api.onrender.com/_events/static/recorder.js?v=1.259.0",
                "lineNumber": 0,
                "columnNumber": 22821
              }
            ]
          }
        }
      }
    }
  },
  "_priority": "High",
  "_resourceType": "fetch",
  "cache": {},
  "request": {
    "method": "POST",
    "url": "https://vectal-api.onrender.com/_events/i/v0/e/?ip=0&_=1755719718062&ver=1.259.0&compression=gzip-js",
    "httpVersion": "h3",
    "headers": [
      {
        "name": ":authority",
        "value": "vectal-api.onrender.com"
      },
      {
        "name": ":method",
        "value": "POST"
      },
      {
        "name": ":path",
        "value": "/_events/i/v0/e/?ip=0&_=1755719718062&ver=1.259.0&compression=gzip-js"
      },
      {
        "name": ":scheme",
        "value": "https"
      },
      {
        "name": "accept",
        "value": "*/*"
      },
      {
        "name": "accept-encoding",
        "value": "gzip, deflate, br"
      },
      {
        "name": "accept-language",
        "value": "en-US"
      },
      {
        "name": "content-length",
        "value": "1685"
      },
      {
        "name": "content-type",
        "value": "text/plain"
      },
      {
        "name": "origin",
        "value": "https://www.vectal.ai"
      },
      {
        "name": "referer",
        "value": "https://www.vectal.ai/"
      },
      {
        "name": "sec-ch-ua",
        "value": "\"Not(A:Brand\";v=\"24\", \"Chromium\";v=\"122\""
      },
      {
        "name": "sec-ch-ua-mobile",
        "value": "?0"
      },
      {
        "name": "sec-ch-ua-platform",
        "value": "\"Windows\""
      },
      {
        "name": "sec-fetch-dest",
        "value": "empty"
      },
      {
        "name": "sec-fetch-mode",
        "value": "cors"
      },
      {
        "name": "sec-fetch-site",
        "value": "cross-site"
      },
      {
        "name": "user-agent",
        "value": "Mozilla/5.0 (Windows NT 10.0; Win64; x64) AppleWebKit/537.36 (KHTML, like Gecko) Noi/0.4.0 Chrome/122.0.6261.130 Electron/29.1.5 Safari/537.36"
      }
    ],
    "queryString": [
      {
        "name": "ip",
        "value": "0"
      },
      {
        "name": "_",
        "value": "1755719718062"
      },
      {
        "name": "ver",
        "value": "1.259.0"
      },
      {
        "name": "compression",
        "value": "gzip-js"
      }
    ],
    "cookies": [],
    "headersSize": -1,
    "bodySize": 2531,
    "postData": {
      "mimeType": "text/plain",
      "text": "\u001f\b\u0000\u0000\u0000\u0000\u0000\u0000\u0003íW[Û¶\u0012þ+\u0016XÉ¢$êâ>å4{zÐ$EÏÉ¶\u0001\u0012\u0004\u0004EdÂ¨PÍbÿû\u0019ê²ö6Î¥EÑ'ûeWÃáðãðÛÛ;g\u0018dál\u001cd©È|á¬ÈÜ$-\u0003§Aé\u0016¼Ìy$\n\u0004såÀ\u001eZêO\u000e³½4¼îQÚiÕ6\u0012zgsç<QøÇy-ÛB\u001dì*~³=è^ª\u0016åÄ·¢\\ã\u001ahüþq«U\u0003VVÀ^\n`æ¶\u0003?~gTg\u0017là£j­ôi©¥àëÕ·-ôù «S\r¦Ê²\u0007\u0004èÀG¹\u0018´FÀlÐ5nÞ\u001aÓõõúp8x{\u0010\bÞãrm÷oUooõhÁÊ;n¶-Gx\u001bgÔÓüÀ\u0006ÄÍx5ùá¥ú(ë¯©ç¯¾¯¼úåfE|Ïÿa8úaõ!¾_=íº\u001a^Cþ\\5\r\u0013/Wß=ÿÏÍË\u0017W«Zî`õ\u0013ú~õkßÐÜä5\t\u0002Ï÷â &\u001e\týÕuø´j×Aæ\u0011®^ñk9[<ñìÑãhàD\\ó¶\u001a\u0010=bÖýíÕéeu\u001aJùaT±ë½Ð\u0000-Û¬¶xit­õí,=ÈÂlM@Â\b{\tNisTöIz*Õ\t-ªZæÖíÛcðã'^@3o$l\u0011a#O;\u001aÃàAÙ\rt¿¼>L(MH\u0010ê\u0005ivå\u0014²7²\u0015ó>\u001aó,ó£Ò-&nFÄåaá»y^Æ$áiZ\u0002ÎFòZ~ä\u0006q°É´\u0013ø\u0001uýÔ\rü\u001bmh¸\t¨\u0017Åñ\u001b»C¨¶Õ ¡`=ô\u0016ý¸K\r5\u0018\b$õíïÈïp£$/ÝòØEäÄÍB.ÜP\u0004àHãÌÆ{U\u0003«UÅ4\b¥\u000bÙV\fZ×ãy\u001a\u001dÆzY H£\u0007°Ï2c8j·`\u000eJïXÇokÅ\u000b&xg\u0010®\rÕùß_AJ7¼\u0015£tÙ×ÀýåÿDÂx]«\u0003\"jÀ`¢F;ÔõýýY<\rïw£]«sVCðvÏû£\u0000AYS\u001aºß²7\u0018JLshg\u001bó\u0012âÍÐ°bÀÕG×³²3lz²E>\u00185{!kÎø¶Ä;ZçÜøKoð5Ç \n|\u0010Ð\u0014[N>kp9¸\u0000ûpµ\u0014»Ï¼(raä\u001e\u0018²y4ZÖ¼ÂCß:\u0018ÛÖnñí¶ppm\u001aë]ôÄ\u0012rïp÷¼mýuí#¶ÜLyUZ\rc¦>=vá­\töõ\u001e­ix?@?Ç¦ÐRD\r¼ÀØÄ\u0002Ä\t\u0005·Hgy\u000eÂ\u0017c\u001e\u00183ïfÌc\u0015ÀÖ'D>£Ô\u0012­P\rö2'«}±c\u0005ä\u00059FC£\fÖ%-«\n\u00014ÜíÈÒÇ,údßX+\u001f¶õ\u0006¯o\u000bã\"XvöL,Xqg-Û\u001dcôò7Y8!ë\u001fPY`ª{(C­=¯\u0007ü\nI\u001c{q6ý(\r²äÊ±fC\u0014Ó\u0006\u0014½+\u001bì\u0006öÐX+¡6üü>TÐcÇðöî\u001e¹7¾ë>rç4\u001eû±\u001f\u0012¤qÄÔã0\u000eÑ^Ë÷²\u001aCûfj\u0013fm ¸Aù0Åý\u0003õ\u0004bãàÍÈ7êßR÷æ_·6o$\u000e=:#ü0£x\u0013èÕ \u0005¼@Ö>\u0003t¦³Á¼ýHúWpa>àÐ\u0016 g}¦<2f|ß'QæSÌ×xeTº\u001b\u0013ã·ö&Kz<mÓrB¸I,\u00127ÔM°BY¤tª¥±\u0015ùê0â\"J\r\u0016ë\"$JÓR?HSõ\u000f\u001cù\u0002\u001bÚaÓuz+¹îÞÐç\u0015=4¿ÑßãðõÿþòöýÌÓg×ï+Z}(ÛàÅõ«ÿ^ÿ\u001c\u001c\u000b)²¹äCm,]§²KÝ ú'\u001dñpe¨\rÿs9äÎg3Ê#Ýo}ïIûséc­OúÔRú\u0010úSa82dk@·¼fùPâ=X\rm56iß¢ÜË\n¾íþÊ\u000b¹\u0017ÇLü,&á#åE\t±jÛ2.\u0019F±í\u001dO!ØËbå\u0018`>×öU¶o\u0014CoTÃx'\u0017-\u000e¼æâ§ZÄ±ê\tÕ¬§D7Î'¶ÊÙ\u0006õ,8Dn\u0014¥ËcÂ/ÈbÀ÷Ë±SìQ\u001fMÈRb\"]J?&?×a8\u000fõx%ü,e}ì\f,VÛ¸`n¤±¥\u0005Ùbßi\u001b|§,Ãx[¦ Iû«33\u001aÏ\u0010O%¬t1y\"$û¹m\u001a\u001ff´'[,¹\r·ù2¡]&´hBË\u001b³§ßl[\u0005Ý!9;¡E)¦ËvÐ.\u0013ÚeB»Lh_¶0qVp;KÝ}®Jâ å`I \u0014Ó<N\u0019Øc;Îu\u0005a­°=ÊLÁ¹~[Æuîßáó_:÷Kç~éÜÿ®Î&Ùý»ÿ\u0003+DÕ¨_\u0019\u0000\u0000"
    }
  },
  "response": {
    "status": 200,
    "statusText": "",
    "httpVersion": "h3",
    "headers": [
      {
        "name": "Content-Security-Policy",
        "value": ""
      },
      {
        "name": "access-control-allow-credentials",
        "value": "true"
      },
      {
        "name": "access-control-allow-origin",
        "value": "https://www.vectal.ai"
      },
      {
        "name": "access-control-expose-headers",
        "value": "X-Accel-Buffering, Content-Type"
      },
      {
        "name": "alt-svc",
        "value": "h3=\":443\"; ma=86400"
      },
      {
        "name": "cf-cache-status",
        "value": "DYNAMIC"
      },
      {
        "name": "cf-ray",
        "value": "97247291889c73c6-JNB"
      },
      {
        "name": "content-encoding",
        "value": "br"
      },
      {
        "name": "content-type",
        "value": "application/json"
      },
      {
        "name": "date",
        "value": "Wed, 20 Aug 2025 19:55:19 GMT"
      },
      {
        "name": "priority",
        "value": "u=1,i"
      },
      {
        "name": "rndr-id",
        "value": "1fe43c50-0f94-4434"
      },
      {
        "name": "server",
        "value": "cloudflare"
      },
      {
        "name": "server-timing",
        "value": "cfExtPri"
      },
      {
        "name": "strict-transport-security",
        "value": "max-age=31536000; includeSubDomains"
      },
      {
        "name": "vary",
        "value": "origin, access-control-request-method, access-control-request-headers, Origin"
      },
      {
        "name": "vary",
        "value": "Accept-Encoding"
      },
      {
        "name": "x-envoy-upstream-service-time",
        "value": "69"
      },
      {
        "name": "x-render-origin-server",
        "value": "uvicorn"
      }
    ],
    "cookies": [],
    "content": {
      "size": 15,
      "mimeType": "application/json",
      "text": "{\"status\":\"Ok\"}"
    },
    "redirectURL": "",
    "headersSize": -1,
    "bodySize": -1,
    "_transferSize": 380,
    "_error": null
  },
  "serverIPAddress": "216.24.57.7",
  "startedDateTime": "2025-08-20T19:55:18.066Z",
  "time": 387.4900000009802,
  "timings": {
    "blocked": 7.360999999512453,
    "dns": -1,
    "ssl": -1,
    "connect": -1,
    "send": 0.819,
    "wait": 377.87400000281957,
    "receive": 1.4359999986481853,
    "_blocked_queueing": 1.5889999995124526
  }
}