{
  "_initiator": {
    "type": "script",
    "stack": {
      "callFrames": [
        {
          "functionName": "method",
          "scriptId": "126",
          "url": "https://www.vectal.ai/_next/static/chunks/9da6db1e-ad7decc175389864.js",
          "lineNumber": 0,
          "columnNumber": 80787
        },
        {
          "functionName": "",
          "scriptId": "126",
          "url": "https://www.vectal.ai/_next/static/chunks/9da6db1e-ad7decc175389864.js",
          "lineNumber": 0,
          "columnNumber": 148111
        },
        {
          "functionName": "Pe",
          "scriptId": "126",
          "url": "https://www.vectal.ai/_next/static/chunks/9da6db1e-ad7decc175389864.js",
          "lineNumber": 0,
          "columnNumber": 148117
        },
        {
          "functionName": "retriableRequest",
          "scriptId": "126",
          "url": "https://www.vectal.ai/_next/static/chunks/9da6db1e-ad7decc175389864.js",
          "lineNumber": 0,
          "columnNumber": 118977
        },
        {
          "functionName": "Rs",
          "scriptId": "126",
          "url": "https://www.vectal.ai/_next/static/chunks/9da6db1e-ad7decc175389864.js",
          "lineNumber": 0,
          "columnNumber": 148321
        },
        {
          "functionName": "",
          "scriptId": "126",
          "url": "https://www.vectal.ai/_next/static/chunks/9da6db1e-ad7decc175389864.js",
          "lineNumber": 0,
          "columnNumber": 141725
        },
        {
          "functionName": "",
          "scriptId": "126",
          "url": "https://www.vectal.ai/_next/static/chunks/9da6db1e-ad7decc175389864.js",
          "lineNumber": 0,
          "columnNumber": 118337
        },
        {
          "functionName": "",
          "scriptId": "126",
          "url": "https://www.vectal.ai/_next/static/chunks/9da6db1e-ad7decc175389864.js",
          "lineNumber": 0,
          "columnNumber": 118343
        }
      ],
      "parent": {
        "description": "setTimeout",
        "callFrames": [
          {
            "functionName": "Er",
            "scriptId": "126",
            "url": "https://www.vectal.ai/_next/static/chunks/9da6db1e-ad7decc175389864.js",
            "lineNumber": 0,
            "columnNumber": 118125
          },
          {
            "functionName": "enqueue",
            "scriptId": "126",
            "url": "https://www.vectal.ai/_next/static/chunks/9da6db1e-ad7decc175389864.js",
            "lineNumber": 0,
            "columnNumber": 117852
          },
          {
            "functionName": "capture",
            "scriptId": "126",
            "url": "https://www.vectal.ai/_next/static/chunks/9da6db1e-ad7decc175389864.js",
            "lineNumber": 0,
            "columnNumber": 151479
          },
          {
            "functionName": "k",
            "scriptId": "126",
            "url": "https://www.vectal.ai/_next/static/chunks/9da6db1e-ad7decc175389864.js",
            "lineNumber": 0,
            "columnNumber": 17669
          },
          {
            "functionName": "e",
            "scriptId": "126",
            "url": "https://www.vectal.ai/_next/static/chunks/9da6db1e-ad7decc175389864.js",
            "lineNumber": 0,
            "columnNumber": 11366
          }
        ]
      }
    }
  },
  "_priority": "High",
  "_resourceType": "fetch",
  "cache": {},
  "request": {
    "method": "POST",
    "url": "https://vectal-api.onrender.com/_events/s/?ip=0&_=1755720222633&ver=1.259.0&compression=gzip-js",
    "httpVersion": "h3",
    "headers": [
      {
        "name": ":authority",
        "value": "vectal-api.onrender.com"
      },
      {
        "name": ":method",
        "value": "POST"
      },
      {
        "name": ":path",
        "value": "/_events/s/?ip=0&_=1755720222633&ver=1.259.0&compression=gzip-js"
      },
      {
        "name": ":scheme",
        "value": "https"
      },
      {
        "name": "accept",
        "value": "*/*"
      },
      {
        "name": "accept-encoding",
        "value": "gzip, deflate, br"
      },
      {
        "name": "accept-language",
        "value": "en-US"
      },
      {
        "name": "content-length",
        "value": "13777"
      },
      {
        "name": "content-type",
        "value": "text/plain"
      },
      {
        "name": "origin",
        "value": "https://www.vectal.ai"
      },
      {
        "name": "referer",
        "value": "https://www.vectal.ai/"
      },
      {
        "name": "sec-ch-ua",
        "value": "\"Not(A:Brand\";v=\"24\", \"Chromium\";v=\"122\""
      },
      {
        "name": "sec-ch-ua-mobile",
        "value": "?0"
      },
      {
        "name": "sec-ch-ua-platform",
        "value": "\"Windows\""
      },
      {
        "name": "sec-fetch-dest",
        "value": "empty"
      },
      {
        "name": "sec-fetch-mode",
        "value": "cors"
      },
      {
        "name": "sec-fetch-site",
        "value": "cross-site"
      },
      {
        "name": "user-agent",
        "value": "Mozilla/5.0 (Windows NT 10.0; Win64; x64) AppleWebKit/537.36 (KHTML, like Gecko) Noi/0.4.0 Chrome/122.0.6261.130 Electron/29.1.5 Safari/537.36"
      }
    ],
    "queryString": [
      {
        "name": "ip",
        "value": "0"
      },
      {
        "name": "_",
        "value": "1755720222633"
      },
      {
        "name": "ver",
        "value": "1.259.0"
      },
      {
        "name": "compression",
        "value": "gzip-js"
      }
    ],
    "cookies": [],
    "headersSize": -1,
    "bodySize": 20700,
    "postData": {
      "mimeType": "text/plain",
      "text": "\u001f\b\u0000\u0000\u0000\u0000\u0000\u0000\u0003í}\u0007WTÙÒö_Q\f ¤Î\u0001\u0015\u0003\n9\u0007\u001a¥»éF\u0010\u001al\u001a\t¢$¤ \n*9K  H^«ê}Ï9µ[0à8÷÷¾÷®õÎ¬aä}v¨]õTÜÛô'\u0011ÅÅ9Y\u0011\t\u0011\u0006£Óáu\u001a-±ö,¯9Önò¸cÝ63Öh¶û­\u000e§Íà³Ø\"b\"|}\u0010ï/\n¸\u000b\u001e\u0014ð¬0XPè\u000br|E\u0011\tO¶ßÜ÷´G6Å\u0010³ãq;äHÀÈ¡²B_D9&B<(*(\u000ezñÈ>\u000brB9\u0005\u0001|¥xf0ÅDiÿwÄDh3¶8Ð,ï»ä÷\u0017ù0§X4y\u001a#Mh¤7¶ìÖØbñT\u0015Üùhl·Zí&Éè08­ZGo~Ú\"õ!­»\ri6:Ãó³ç·kcUÖØfû«ÆF§s÷ÕXñòw«\u0001]å\u001dzýÖ½\u001bgÃ?\u000e»Áh´\u001b\u001dv\f/Ó3ã\u001fÙj°¢s³cfû\u001f\u000eõi\u0003L¶]»r\u0018ÿ¬«m\u0012íÞùÏºÂ~þ£ä°\u0019í60þðÃÀÛû_X\u0013\bù×e»\u000eeÂ,ÂCáëðPyÅÙ9\u0001o0XâóÄ{Á¿\u0005y¾\u0013FMÝey\u0005n\fû$\"\u000fBFy\u0005Ùx\u0011\nºµÙ¥G¸Oíz\u0010\n\u0015\u0016%ÄÇÄ=öyCî¼8wNüý¯4\u0014Yr¼ñÞ\u0007ÅEñV«9ÖèõÚ\u001c>ÏeódÙ¼q¹E\tÆ\u0004Ñ\u0002*\u001eB×ÿHof§Õª!SáïLÏâÉ2zlN[¬Ói4ºýFG/Ëgr¸ÝÒ«Ãa³Ùµ)\u0016þ½\u00020W½Ûkÿl·ØÿÙÚ\fÆÿ¢ÙZÍÿs´ÍØ!!é\u0011®ôkè¥hÏÉË©\u0019{Üyy9ì=ñîÂ\u001c½÷¢xèÃ¢;Ï\u0015\u0011ñtW)µíP3ÿÞøÇ¤ÔéÐ·éR¶ÿÒÿÒÿ\u0018)Íó¹³|AO;õ{AµCÓþFsÃR\baÎ°\u0005#\\Å\u0006ÑOÍ.ö'AÿÝs>>ØþÝ`Ö\u001aõ&yÎ\u001b¼qÖÎ»;ïü\tª¹C¡`§X·«ÿp¬\f~yÒ\u0015 :ËÛhÚéel\u0005m&ÐÄ9ý\u000b;]~jO¦.\u001a§\u0006úZ¢?öp\u000bõ\u001cÓÛù¸ßÞ?!sç\u001eÚ¢h£Iêä\u0017\u0017®pUáL¼ªÔ¬ê¼NWðÀIúr\u0016L\u0007¸.ï\u0011×Ó7è£ËÏË\u0019´q»+ôÆYÜfö<*åú£)Ôs'J\u001fÁr>\u001aéÛû=NWþ\"A_~Áã¿AôYY>\nÞ¼PÀÝ\u000eý-F¦çÜâåFzÇë¸GîÕÚð\u0007\u000fUÇ»BA\u001a8Í]$jy¤ÞI£f^çeýW\u001fOpÃ\u0015/Õ\u0015_I¸\u0002úÿ-óòÑ{gù\u0015È;Æ¯xi|/u¥òþ¹^Ñ\u0012Oä\u001a©y?OñÆiZ:ÅUç¯È$òië\f/Ñ U\u001b©÷\ffùé8½Ñ_¹©o\u001f7I\u0017Ü\u0016ãàw¹÷hÞéoÙ7]\u0001\u000f\u000fìå.þL}Wø9º¥K®çñhnñÐ¢þ»>¥kæÑp@`¢M®·ð*«q¸YXÎÏµ´È\u001fxø\u0014½æùg´I-ú$\rÆ}Ü\u0001v«¦Þk4ü(\u001bTíWôÒ\u0015<HÓ7xîQZ\fWÓ\u0017\u001a:É\u001d\u0006WHmØ\u0012­ú¸c\u000eGÇñxÊÍò?\bð¬§($§ÒúÝ8Edýg¶ñt\u001aXe1üçe«ÎïHÓúm·\u001b2\u0003<XÈ=7X!KÿiM»Â\u001d2b$\r\u0017Ëí£é»©BI®£\r]º \u0010}Mý×·{0Ø¯\u0015<ä7<,Ü@³\"¡\u0007¥{P³7êy2À\u001f\u001cØÿ\u000eªæ\tê½,\u001dÐFÏØ\u001b\"ËñÔF\u0013.\u000fÕÉ{¼l,¬¤¯×±Á#ô1k.p'u@æÛyÛÝ\u000f\u000by\u0013µÂÕ)¼èòäÓì\rªÏ£ê;ü)¿b³»c¨ºygÎóË+V\u001bÞ<%ý¦z\u001aç\u0011÷aîã\u0011Þ(ãÍ\\ac;¿|\fà\u0019â×ôUÄÅ¢Ø W\u000eñ8×]çÅc®åÄñì#!\u0016¨+\u0016Ê2©ªoðüÄÄ\u001bB£L\u001extV¤§|}Nÿ\b¿)äfê\b9i\u0016>áVÖYØ`äBpF®& ßºp\u00057\u0019²bè³´æ\u0015Ò\u0005\n\f;DaÉ\\à·è%¿£¾£>\u001a~r^PUþAüG37b¹µ^Es\u0003;¬\u001b%<ÇS\u0006Zpo©ÛåâîÊ½G¹ÑI}1eTËÝ4i¡\u001e²\u0016a\u0017¨\u0007ð[¯\u0012G°ØM^8¥fì¦\u001aê \u0017î2z»'®?P¿è©{ÕæÏq\u0013wùPI\u0006/Ó`zÅåòãxØA:\u0019ý÷yÂA_ô`sôá:V4\u001b}_*ë)®\u0004ÓèüC\u001fÔtVé¹¯O<C_\u000biùìanÌÄ¯7Ã¨u;s\u0015oò\u000bîåj~H½¼IëûékÖ\u001cêI¤\u0018^}¤XÛÃ\r<ù »¦\u001f»(\u001b fð>K\u0018k\tðö»\\ôºÔ6Õò¨ÌN4Èa\u0011Pæ&pæ\u0010\u0014ß\u001a\u0018³\u0007©^\u0001Ð<\u00168L;ÐØ{ãÐ~Pý#¿å1h¸a|ÜýLmr»Ç\u0015q¹ GØV\u000790Éf©Ì0ªÔÈ«%ÀØ7JÈñqÉ&nsÒKj+¥·%§îÐ\u0000×íåÆTjºE¬Që±4ÚO[Bqî¢çw1äsþ(\u0012Ã³ÇøµL\u0014sù\b~íäºË\u0007!K\u0007°9Öm°Ñ@LÚ!öhA#üæ>OàIA¹«ô6íyà\u0000\u0004u<ÆîÊlGÑ)ê«8F\u001bõú)Z(äOôªÖ\u000b/$®c»´åOò+à\u000f'Ïá]s\u0006¿*à)WèÆ³2W[©ý¨ /\u0007ÎkìÌë\u0007<$L\bÞ|+\u0012|%ÒVÅ©\u0003`ë~¬ôs7½Ü\u0015å\n1^âéçk\u001epè[ep\fò'(-\u0018\u0002\"Ð~ËH×iSmíªys?\rªµÚSyõ\u0000¨Ð\u0018i\u0004-°íN\u0006£¾á\u001aõ\b¡Ì4i\u0006'\u000e]à¾ûÜuúø\u000b×eÈ\u0006W©~1>£N]\u001f\u0018¿·\u0004v7\u0012áÂy\u001fÃDÀ¯\u0016\u0004#Ñò¿ÕfüÇúÏ´Æh\u0014û_\u001d \u001eyo \u0017÷¹Nô·ÑI\u000büâ\u0001ºáó±ëÇ,ô>6N;é+ptÍaµüÜ\u0019ÅCÜ{[ré­^qÓ©ýPM°]x\t@¾\u0002F^yÂ5\u00004 ,`VDöRê£eÔIS\u0017!¾:\u0003G \u001aWÁÛ®\u0010ôµE\u0006_2l®=\næVuN<Y¥\u0006aÙSè~Çd\u0001\"s~ZÑÎ\u0006®~BÃ\u0017ÏíxØq#ô\u00171ah]\u001dÞ\fþrÞ*¥¶}Üôìè\u0001ú\u001a\t×\u000eæd\u0012êÏ||rÒ ¢ÅD³ÓG\u001dfH?­_{ÇÏ\u001fâq\u0002.qäåú\u0010\f»Ü\"lôò*­:wONè\u0016¿+çqRC2O$Éâx\u0012\u0016A\u0007 ©zO\\=­@¼\u0019ø\\Íã÷¸öÂáL(Ý@x±ëbÈzÔL%ÐµÅÁ¡¦Èxî¼~\u0003\u001c!¬)\u0015¼\t]³\fÀ®Üðò¨dÕÎÜXéQÔ;örõuwq4Õ¸\"ÒXlîYW(ÞGQ\u001bíäÞR77¸4Êbp[d·\rÖ\u001cP³\u001dl'£>»ÌÂ\u000565[\u001a^Ñ1Äó\u000foð×#7¤x6\t¾\bß6 ÷ç¹ê$,®¬kY°J\u001d »ûi\u001a¡Âeæc\u0005wÀ7Ð5ôÒ\n¬c?­Å{\u0015\u0007¼äÆÇ9j\u0002½º\r\u0000ÚÃ!èÊF`t\u0007Ïde^*\u0003EEsú\u0000¯h8+§±\u0017º­o´dòP¶\u000buÃ o¤Á\ne×\u000fé-ìb1lý0óóü~\t{X\u0007ÿã-·Â\u0011Â\u0007ÝT\u001f\u000bé£î\u001cZÅ*\\£Ä3\u0000k^H(Ãü\u0015ÈÚ-ï\u0002²ÿqnÑòû ÄÉâÐ=¡¾À\u001e_iNQ¨(\u0001\bm.Å¾ßÄ#ì6$Jþs\u0003V£Éù?³ld¹´L¢¯¨\b©·û;ò\u0006\u000ffåµÛ¼öX-Ë\f¦Ádvúí\u000e«Ï®÷ä\u0004²\nJþò\u001b³ÅbË²Ø½ní¼\u001c\u000fZêû\u0011ÖÅÈxh3Yq&Ò'\u000f¼÷Cg\nïZÏe[KòoXoÚÌ·\u001eºo^({t7%tòôGÙÖìRÀtþÌµ+gÒLZØ Nöý,ß]§\u0002´5Ö`5Yð>\u000bÉ\txC2i«Íít\u001a,þX¿Ïjµ8,ÆX·9Ë\u0010ëñøYr;\u001c~[\u0002\u00144YÍ\u0016K~Ìï:¬^_,ÚgÅz,Ns,$Ýìögù¼Yfÿ¿ß5Ú¬Î¿àÝ6~Ò±¡;\r\u0014í÷oF\u0004º(t\u00071¡Ôp:Lòb&\rÄ\u0002Hß%íi\u0002ªï\u0010?MâÚÂyY4\u001a kß'[\r»eZ1¤ýÒn\u0001_¨¤ øðG¹\fú\u001e\u0015£OLÀ>¾ÅÞ\u0011³Ü!¿`j\u0017\b\u0005Ë$5ÞÔBc\"Ð4\u0018º\tcRÈ\\FÌ*\u000eB5N¶Ú\u001dqZÒ4\u0000J¸C\u0005*³\u0018á÷¼\u000f4\u001eôååëÃ½â\u0006\u0006g\u000b\n/\u0007\u000bB\u0005Þ\u0002\rHt»/yÊ+ð>DUôb\u0003\u0005XzVÚª}A¼\rjtÔ¾ÊÊ\tbU??9\u0013\u0000Ið»>\rõZæ\u001egrÊ?vL® ß\u00138_Pð°¸p»OÃý@Ò\u0002ß\rTäó\u0016\u0007}Iò\u0018Ø~£¿T»²sE`\u0019ßö\u0013N°(ª¥esò¯þô6Ü^ï\u0010kÀ\"âìÛk\u0000þ\u0006ü JN¹\b/à-@tûTAVÙ·g\u0010ÏíNlA_V\u0010»½Ö\b®\u000b\u00136æÛÖÛ(Ðy9£3¤Îºp]\f&Í¹\u000bê:\f\u0016pün,ovî\bÿ[X>Zûc~7aeÛün3;âÌü\u000e«Áÿ%¼orÄÙÔÄ­\bÿW2¿Í\u001e\u0007ëÿh¼øïd~&m¿f~»¦~ir8\u001d¿a~ù÷\u0005.åãgý\u001b}ün¬¿ðñ\u001aiææá³1i\u0018èçóWhÞd1Øüö\n\u001cÔç\u000bñË\\=øYÉ\u001dåy¿ñw¼þÆåé\fî\u000eÂym 6\u0015ö¶Òs\rîñ¨\u0004F%¼cç¾rêG@hø6/'ÀVNwV\n¯¹õ!>Ý37ê\u0004\u0001 À[ê.ËI}\fßµß\u001eJK®À\u0014É[\u0010Öªº\fÌW×0ÑàUdnÚ÷Òë2z\thGïß¢©<êG(së\bmËy5\u0007\u0019^D\u0010#*\u0011ìOo^2Í\"\u00120<Ð$²g[Øç¥h^Õ?qã÷5vy¹\u001bá7Â¿åR¸ì£hÜ{\u0003Ý÷¢ý\u0018\u0002\nkù´\bi2-ä%q?bÎ½ ü<\u0018U,Qn3b¤ïh!ó1âm}´u?^Q¹×òx \\\rF\u001b\u0015hALÐ§\"\b\u0006\u0004\rÄ)F^ê &«Í gi&\u0019àD\u001aÅÆ[ã1ñMÄ@»\u0010t\u001bä/Ot7yù°\u0001Â\u0012\u0012>´H¦\fÌêAüN\u0005õÑð\r\u001cÕM\u0004Eg\u0011¿Ý(\u000bçJh\u0015Q\u0006v\u0015OÙõ\u0017\u0016á¥D,x\u0004sN nä<j/ê\u0011ÕnW(@ïyêûù@åa;\u000fçALDfnqs1\u0002Í_\u0011c¨£W\u0017\u0012¸ºVÒ1èÂ#d\u0001\fþHi¼C\u0004±;¬D/÷\u001d£:Ìör«,Ù\u0017­â³\u000eøï0}*ÄgC Èå\fEö#\u0004¦ÁdFéy\"}(àÚý·©S²¾h8Ñ5\u0007©×ÄíITU~Z\u0012ö\"\u0014¼(±\u0005£\u001f!\u0003?ÞwET\u001c/à÷e¼ä¤\u000f*x\\#\t&_Ìcä)Â9×\u0018lM\r·\u0005é37¦háEI\u0007û\u0010°^ ±\u000bHí.\"h cZyî¼Êt\"\u0004\"ëÙ¢g\u0014¹\u0007\\þ\u0004lù\u0018Ø÷3½Ì\u0011)6X.êy\u0015\u0017¡Oz@\b$Q\t´Ï\\WD\u001f!-ý'y$NO\u0011 Â\r×\b¹©e?\u0002k#.ÿ\tÙVÄsª\u0010Ðê)ÂH½Øü\u0005Õ.ár-h°ÃÜc@ëA¢û=âÉ³×\u0011mø\u0004[6ÏS­x²Y y3ÕçÛ\u0013¹¿¨û\u001d£)®\u0016î.TB¡Å_Ú4xN[þ\u0004j<Çï¦rS<à¢;\u000f=Ä\u0007©ÿR\u0001\u001a\"z-¬X!À\u0000öÛüDDoïDvc©\u0012 ±ðÒJ\u001eõóGp¬çZÂS\u001d¶\u0010%\u001b\u0006£½åº§üÕp\u0000ïîLZ¾«\u0005PTdìÕ\u001d0ã¸\bFÌa.E\u001cjÚ³\u001cáiS:µª<¤fÓ\u0013\u0005àýhô!¶}\u0014â9\bæJL×¿wÐæAîÆ¦\u0003R\u0003¯:Ñþý\u0014¤\rlW?¿}R¼ßæ­\u0007Z`\n{\u0018¤¦kåFÆ$±\u0003ÒÔÒûOý\rðWÞN`6_DÒ\"ÔX;o¦¤É>R»Âci3½;sfm\u0018þ\u000bÏÓÌôÇ´¶U@MÌy\u00153Æ´f!Î7G\u0013.\u0005þ¾è\u0004dÆÒYHn§­XÒ£tMEr}I\u0005@Y`ª\ró\u00170ù¤¥W,\u0015Ö2\u001aÒ\"Ã\bõ¹ù\u001e>q:©\u0005%\núd±sã¼x\u001bÌ<\u0007ú\ni^AØ¬\u001fñ;Ä°d\u0002Çe1²t\u0013 q _ÜóÑbbêQl\bÍú{\u0006^§×÷Jh!\n\t\u001fdþ0Â?=Saº%BgèJæ\u0017I<ÄÍå'©U\u0012'FsðxE\u001aò»CXÁsIØ;bÝZ\u0004Öú#¹VÓykl$[bðåI\\ÓÈÃ©¡\u0004ªÝCÓ¢\u000ejyO\u0012&7aWkxp?â}\u0019\\{,R²`U%\n\u0006\u001a\\\u0011YeÉý\u0019<qøl\bñÇU~¯B²&¤\u0015yèÞv\u0012AH\u00119\u001b/Tbõ¼qO*Gì\u0010`Á\u0014àõIÄ\u0017o&óÆ\u001e\u0010FËK%¥ ³tÂ¸¦\u000eÈF[HÏ\u001e\u001b,4²\u0017Þç\n\u001dÞ\u0002û\b÷ èªâr\u001cäÇéK \nY«\u000f\bT«`¬^D¥Ü}Pz6ß½õãå¼¾u\u0006_\u0010Hö\u001a\"Ü4Ñ\nþ<B5¹\bçwRëñóQÎã4\u001e©6`^Ó\u0016ÚI¾ØHë\u0018¿ÎâæÃ9h?{_7&\u001bøs\f\t15ãNT!ô!1[\u000f\u001eèä-¤±Ì\u0002Õò.½\b{9\u000bùo.\u0004\u0004Hú¯\r\u001a¹\u0001aû¾ëô¶eh?\u0000r\u000bA!¤ÑÅ5nd½ß\u0003ÜjaTa#úé½`tÜUÉÆ\u001a,ûuÕgôH\u00188:á\n\u001d@ù\rÒþ*%ü\tÅ\u0001k®\u00007\u0006P\u0005ð\u0006éåç\u000fm:ê§ÕÈS4(ÊXÏ¥ª8¾7ºUÞ>Í£¡þ%U£c§VèÍvúøP¤H7£\u0016aÖn¹àZ(h\f`4\u0017NÛ\u0001PC\u0017r±\u0007¯®ß¡ºLI{\u001a9MýO¢2ý¢é!±¬Ãª¬ÈzB\u001d\u001eÐ¸÷¸Ô©kWR±e-Ö[\u0006-\u001d8Id:ÅÔ\u001cï§-\u0013}\nÐ»h\u0018c{±ïü\u0007µl\f·]÷AÀ r\u0006iàN1Ú¯ó´¡\u0012ÅJ\u0017 oÓçJ-*%ë;nk¹ý\u0011w\u0006¡%\u0017y2ÆBÂûnÓ'/m¸.:¾ßÎ­\u000ez}´\u0004:J*\u000b½ôC\u0004½Éå\u0013\u0010á-`G?Í\u0007\u0010\u000b\u001f\u0012òX\u0011=o©<=iI\u0015äz'X£>ßÏ¡\u000e'\u0006í=x¿ú\"ê¹\f^o§úÒl\u0016è÷qÿ\u0001ä:\u001a`XuàÓq\u0018iðß\u0006ÕÅ\n±&Óô!ô7Üý\u00166\u001eÄáÍK\u001aÚæäzx3>\u001dèéOVà¡[1PZ*©bEY\u0018Þ\u0016d\u0010D\u001fy\\AÉ\u001b]RÛM¡óº66d\u0013¥¬Ã\u0003×E®º©ü\fã¥S´ZÊUÔ|BûAÑµa-ZKSÆß'ü»RJ\r%§®Qc)õ\t\u0002Ûè3Ty'ò$5ÈjÕ@Ü<4¹<®\u001c½w¹Êa\u0019FP¯\u0014²oáçÏ\u0017\u0005ì¼.WäÍÓÔr\u0012<óÞ&Üpù³ùÍq\u001eI/B[Ô+å7h\u000bôÃ8´b2\u0018mªu»[ØÑ||o\u0019LÁob§Ã¼Á\u0000\u001fè¥ùÒ}ø<}Èoû=×aò-ßä$êºÇC¹´|O7Èçõ:\u0016\u0010\u000fv\u000erü¯¹ö2oÝ=©èýºË\u0013î¡ðaÕF\r'¡\u0016\u0012sôú\u0016öqÓ\u0015\u0014³Ã\u0000»pèð%d¦nÒ\u0005[ÌRßeÂîUR\u000b\u0019ÖúÖS`Ï\u0006-çñÞ\u000e\u0016Ú:Ê-D\r¹&\u001f\u0006÷z(\u000f$ªâ¹\\-ëô,ëD\u0000Ó\u001eQw%d§!\n6×5K\u0006\u0012®å\u0018U­Lä64\u0011r\u0002É½j\u001eg\u001dÐ´ElRÇé+'\u0000\u0015³°ú\u001c@öVQîÊMó¡\u001a¬)ïèQ\u001aA%Û!ú­m(OÝÝ·,\t)÷ÝK{À×Ê.Ïà5©±rTÒ¼p xZ&HØûÔr8Q\u0011¨\u0000òàØëð>Ñø½»ÜÊU±0ã7¾ÙqóXä©LÜ·_Mh\u0002ví*-çÂÞi w©4\u001a\tKb\u001a¨=y`\u000f\u0000ºëvÙYðñr.\u0014îÚ=\u001e¾¨g\u001b!Qw`I¼¸Æ£Çyú\"O\u0019à¤þ\u0010wTµ?úQY\u001a¨ß\u0001C>F«\u001c¤>ùÔê\n\u001d\u0002\u001d'pú¥+â\u00065.ß Æ½Øß¹«Zõf\u001300\u0002\u0018[\u0018\u000b\u0000óCh\u000fwT»\u001euF÷@*æ\u000f\u0014?¦¶Ãg /³i©àëÏXÄ{Ø\u0003\r·¢=¬°åt¢È¸\u000e @a3µÜZ©í\u0012V\"õ*¦O5·Ææ¸/\u0018z6\u0003°\u001a²©#V÷â@üÏà¥&­¢/Îå)?Ïýeú©¡¼\u0002\u001eÛû\u0004\u0007^L\u0005ö;\u0017Õ|\u0002\u0006\u001eäÅ{±vKÛs[+O\u0006\\M¾¦¼áùàS¨f©\u0006¬zuÁ6é\b?É\u0010Æ;K«ùÜn?¯\u0015ÄÂî\u001aÒ±\u000e\u0013\u0015|HÓrª\u0017ÁÏ­¼âÐ\u000b½ÞÍ\u0003Ù4,RVõ°x­gäh¡.ú!Rå¡\t?/æ°^L=½ä\u0011YA¢2 U)\u0012Ã¦ü=X(Ï¤ø\u0000\u0014\u001d4 \tY,ÔP»îþaaað\fy\u0012¹Ã)Ü\u0005uÑ |jSZYªÊò[Ò¬û÷dÝ\u000fÛ\u0019qâD\u0013½\u0012f\u0004lð\u0010zn-¹Cïï¡ PÔA\u0011HÐ\tM£È&ì\u0005c\u0019ö\nBfÅÕ\u0011\b<Ëc{á&7óÐÜëò']ù/\u0002@æÐ8bHÈÄM=\u0005XÏjqãnQÂ\u001c¤Á\u0018Q\u0015¢\u001a<´\u0011tVðÊ\u0001¬\u001e¼\nj»ÞCy­ñ\u0014ê%ìÍå(\u001e9\réå/'\u0001¤sp_çfµÁ¢¡2zNkÜ`\t\u001e¢¾óEgÁ½'iî\rÝ2ÐçæL\u0001§Ïc\u001eÂrq\nÕÝ}\u0014ª@7Ì_b\u0006¦\u0002¶0uá5^ÝõÏ¥që!?j\u0014zÑu©egÃ\u0011\u0011\u001b°A;½\u0004÷¤(GÂ\u000e®JDÓâÐc¶yÀXÿòX CÝ\u0011,b\u0014bßò\u0014<&»¨!í±uR°\u000f¿ú\u00180®åª\u0018âþÌkbÏÀ\u0010RLíòdR·è÷,º/\u000e:°¶[÷ö0\"¤M!î,=×`ó\"æ.[RÖ\u0004î¿¨øÁ{;\u0013 ¦;Xû\u0018\u001a`,6ÁV\u0019ÈÑxytoÃèñ´X\t-\u0017\u0004p@WÑÌiZK«\f\u001d(e*Ê\u0018Jí\u001c´³¸dFì\b¿<-\u0006&âx<÷àìÃc1ØIØá°£_\\á¦ÃEz\u001d¦Ñ®\\>Xyºû\fñBÉ\u0019±\u0002*Õ3\u001ez.¶ºl\u0004~üN­\u001a:\u001eÊ°÷´Ä\u0017ý\"1\u0006\b'nC¼;Á¶£ù(Ò[PU£R{hà¹<êÑ¤sByºö\n^/M£w\u001d.ÏMìïòHT©­åz©8´©\u0018ÿ|\u0001\"\u0013¼t\bªþ\u0003·éo¡6tKMUOÑ§\u0002Zö\u0007°z±_mºAþ\u0006èU\u0005\rä\u0002ÿ½HMâ#9üRt³\t%\u001caBPàùehçE­Þ\u001czì¬D$ åFàX\r\nUæiJBØ¢ç¼\u0017\u0010ùüºç­UxGÔyæ\u001c¸:\\ì)a=\u000bBUB*¦®«jEÔ&¡òòU\u0012Í=A|±\n³­WÅ²¾RZå±ô\u0001~uj\u001d\u0012ÓÐ\"e}\u0006+â1«FU¸íÑÊO¦å«¨Ä:¾úÈ½Wy.JT¶\u0007e;_Ä×v}\"J£S[4w\u0003jë5tlu2Äv\rÚ\u0002hö¥,-¨¬\u0016\u0013\"}íÀNèJÄðî&\u001e\u0012?Â\u0002A\u0001\fîÚ{\u0018Ýµb\u0019`Wp\u0018 ÉëÀU°­_ Ë_ J\u001eD_Ûóy @KáÀ\u000eJÔá¼èºÄ`ÛGoNùÁjÕ\u000fT=üJ\u0003¾&_ØË\u001fnÝ\u001dÓ$\u0005OR1jU.³\u001eâ \u0005\nç?ÐdT¡I\u0004Ìv\u0017æ¦wQ®»\nh¨Í( 5tTóRA\u001e,h\u0016ÓÐ\u0010Â¿(Å¬ç±d1¸í÷`X5<K<j§#h=\t©T\u0005YZ\u0015÷ÞR\u001e½Ä\u0013â¶\u000bZûÎªw&tq\tDø«²\u0011Ó÷\u0004ä, qH¾ñÇÃ©\u001f[Ã\t-DEëû lùM\u0014ô%p;\u0013Ñ]Ä\u0010 \u001c7áq?MÇAóâÂÊ37á'®äw×\u001e\n¶\u0018Ô,4¯Õ\u0011¡n¯B©uÖÀ$P¬ò\tÀ-Æ­\rØóYø\u0015å¥\rTo!ìE/·\u00024P\u0006\"ô\u0019±ºL\u001aÌ{ñpòö£(È<Îâ4L­\u0013*ë\u0005f:§B[~~Sc0´¢\u0015¼÷òÒSØá³¨#\u0003meÃ\u000b\u000bìù\u0005Á\u001c\u0015\u0004+O(\u0012V¡\u0018þ6¸pF\u0004Yý\u0017 ÄªaÚÔ%òë=ü\"\r}~ñæ¡ÆWÂFß±4Á\u000f\u0004(aÛ¹iÉ8\u000e5%\u0007³\u0000 Á'èåC7wÏáóQ`ò{½Þ0\n);¡ :$\u0006m¢Ål®÷\" :@o\u0003,úÃè\n\u0006I/ÚÃ0´ [k\u0006?l\u001fL´\u001dñ\fÞJ¤PXÒÜo9ûTú\rÓÚelÚË\u0005ö}ü!\n«h¦[õ\u0013\b\u0000E\u0015õÒB¿U´¤ÂAEZtQ2\u0007Êb@>2\u0014´y\u0012&^oiú$ìàÏVÂ\u000b¤e»\u00032P´j¢üP¸ÄD\u0005\u00106^ÊïÂq\u0014^rì±4_á\n]×ØM3ëx¼,\u0019+¬\u0017àñ£'¡¸¿fC­¨\u0000\u001a\u000eE$\u000b\u000e5´Ö\nM[÷¹<÷\u0014ÄØ\u000fC7^Æ&Ê\u0014\u0003ß¡ÉgH\bÀã¦cû`Î}æþXß%8\u0001/A!ø\u0018«pÚF¸õ\bfØ\u001b¶«æyÒ\n5=Æ½Eæ×\u0005e?,\u0001åZ\bI\u001eÌ½U*\u00031»Ó0±§øK\u001a7øJîe\u001eÑí(ì¨nj¼(ÊÁÃ\u001f\n\u000f@·Ì=£4§|°ý\u0010\u0018eÈ\u0013+}Þ±O{ÊïÅ¿À\u0013°Ê\u0000øpzÊhì\u001edS§\u000f,a®Ñ*T\u000f\u0003\u0015DC«ÊúÐ_jæù÷ow8üV­EÊ\u001aé\u0003òÀ!m\u0012´åViPÞ¥ùqÙÙôÛ86\u0005B,\u0003¾HôÒ`Í\nz{[·i!1¥$ÃÊm\u0005ü®cOÅ3±ÆÀAf\u0005ÞÆ\u001dÉ³UB«~ÉÃy(e7\u001fçr^\nY¿ë/9nTí[·¢J³Òál5ê¹÷^ºJA\\\u0017ö+È%ñ:k\tW\u001f\u0014y¶\u000b7ÉC¤çÍm]\u001d\u001aì\u0017¢µEaI/yZº \u0001tã0ÍdW^£Zý­U¦²ætê¼>\u0015°Ø\u0012\u000fÅñ\u0018\u001eÍÌí[\u0013+làÎWÐtáw@p\u0012%üëuÞ¸I}à\rmdq1\u0017\u000f«õa\u0011\u0004£õ_2Àßâ2ú\\q(ªå|UÑPT°'L7þt\u0000(&þÐþ6úÖ8Q ÃPë£{E·\u0001\u0012-\u0016Ô«Ö\"oq\u0002ðÛ·Ç¼¼vç¢È\u0013-G\u0012¦È\fàÕ-K6!¿Ó(²>PV»\u001d&¯7{gÏ>Í´øF\u000bHõ*¬\u000fo=½ò\\pÃã{°\u0010\u0006jïEØ\u0018u°!Ö`¶|\u0000Í$\"¯!Å¿\u001e|&ç¸ÌZX ¨¼\u0007î¸>A1¸\u001cÐáïx1õrùIx£<wqß\u0013j¾\u0000A÷Q¤Á\u0004OÐ&mûa-r3âw®^ÊÍ-ö?µÌ¯ðfv:OñàjO£*)ùØã\u001e~RzîAá©gêD¡È \u000f $\"d\u0004|}=j¡MJ\u0007&U§\u0016ëçÞ´Ó\u0005W\u0019ÁVV\bËò\u0013Ôq­3ùÒ>\u000fî(c\u0003j-\"Ç|0zÑÉ\u0014Pã\u0013õKPÇs\u0012 7\"Z;\u000f:\"l¡??Áãûêy]U±uz/½º\f·ê£`7ÀÑRÚtç\nù\u001bì8ø#}\f\u0005[_TnSI\u0005±r\u0010+\u0012ÇÕtTrk\u00140Â+\u0012)\t\u0002=\u001b°v-ì;O\u0003\u0002Â^8¨Ó\u0010`dà±õÃéÊÜ1RûqxÛÓQb\u001aÃp\u000f\u001eú\u0006vâ\b\u000fV`É\u0012Æ¶\\#æÜ\u0004\tWI`0C¸3êÑãGbT\u0001YFöÃC­ELÓÊ\r©´X\u0000\u0003PÓE¸I½á3)F£êßy\u000f \u0005×¢\u001b\u001eª\u00032E±\u001aÌ¥4¹¿\fnØÀÁ+¢ÿQÓÑ<Á\n¬Û%{¸\u0015Ó·¨oWPæ\u001e}1\"Pý@\u0016#'aP÷S;ð¾^\u0001$Ïß\u001b¹ËÎ\u001f,á´?±Çz¨Tú\u0016º¼\u0011\u001fât\r67\u001dáÐ×{\"¯D#ï§*E¥õðP¢ë>(Tàý\u0002&ùþ\u0011¯=ùFòTÈÑG\u0018Ã;wuç¼\u0005·MÖbj;ú \n´ºi\t¿||\u000bFÝLÙ\t\u001c²\u0013:Ò:ÍºcÅÖhÌ:\u0000k \u0017s¯Â$CwÓ\u0007*w­Ï¡:<k+d|õJ¤\u000bZ\"åXª?î»Å%P}¸,né|x;é]\u000e\u001cNø\tRâ\u0006¹»hñÉ\u0013êR\u000fJOäÊ¤/ÐP\\ñö¹\u000e=í½ô/f*~Z\u001eì\u0004,·w1Ú-é\u0004ß½\u0002)hÁË\u0012Ä7z¸õ\u0001à÷+½Ø9f2><éet¤M\u0017äI\u0019<pïF\u001f·\u0019Å~à\u0007¶ÎEØ¤\u0013/\u0012½Êq\u000fËÀDªÊ%ü\u0004HáÎê«\u001dÌD_\u000e.c¨§÷~\u001c'ÑÂjéÀ\u000b±}¼¯Â ê ïÙ\u0010÷)íe\u0017L®_óð\u0011ï7\u000eÎ¥Ñ\u0018éVæýÝFß=«\n&Ô>o\"ç²FµÏQ÷Yñ\fl´v\u001f\u001ea\u001bô)ÂÂs°W\u00053Ãaed=1í= AÆhÔñ]×2Â\u001b\u001f\u0007£÷§Ç6Ê¹ \u001bÌf\u001c§>{±\u0000\u001a§*I-\u0010( q·¾Q]§/ À¶|ÈM¼Uf´áã\u0010h1mÓR<@Kì{\"Ü\u0003\u001b:©\u0006¢óáÄêQ\u0002ì¦nKÿb\u0007\u000e~ÿ96x\u001eÞ3\u0010(\n£\u00033ß\u0003ÆzâO))\u0004·&þ\u001aGjÕ\u0000¨°¼N£\u0017x2\u0005I¦_äN\u0014Ñ9-\u0017¸Í+eÁ\\P;áC<ÛGI56\u0015 \r\u0005ËcZ \u0011Í`\nÁÃ(»¼'R\u001dÖ1ã,²t[\u0001ü\u001cçF\u001fn@8ªÃ³\u0000_¢º¥ñÔ»°gÅUÓ¨ªµê\u0014Y¿D£¼\u0004´~k\u0019\fòb~þHçÎ\u0014L\biAô\u0004V\u001e\u0002N'Ë\u0018¨Åù\t\\\\\u0011áN5V¯á¡,u×ûèG:\u0007\u0011ÎûFbý©1%Ì%áN6c ÕtÝàò?b17ÔÙw{\u000f¤\u000b\u0003Èå\u001fºÒþÿgø(¬|^WMíYPé\u0000ÒÊ|~«: \u0012DNïÚÿNNÜ}CõÞÖÅÏ¤E@ÿì\u001aÂüÉò¾é l³ËYó\\r C¢\r\u0002ÔÚ³_kd\u001cøC\u0012yäd8 ÚwjÞ\u0011jØ§³P¸\u000eå\u0003ubÄÛïp×é\\X1¯R5(¥\b+Çð¸a\n~óÚÃkÒ\u0004ùïQðGJÀéîXO¤ÁQ\u0000¨õGÍ.ÜVÒã©Û½CIÿª÷\u001d\b÷\u0007Ôý>üö\u0016¿?\u0010u^8l?ó\u000böi\u001c&¦¦¡@Á`ú7¤\u0017À'8\u0007¯ÃFm{w5ñvaäpÏÊ0ùq;ÿ`2\nèm\u000eÕÞ\u001cÄ0ð»Ä\u001b¨\u001b¢íÈYÿ³þeiº\u001dÏã¿Ýä\u001f,±¿½É*ÁA\u0010ì\rÇÝE>\fÊÓ\u001b5\u0001Æ$`@)Îí\r\fk,8¿\u001f%¶§¢fîmíº_Ï|3¡\u0002<¥®íyýõCøÀB4Wðãù\u001fÐ$\n41ÊZ£¢.\"Û°s­'~|°«\u001cj\u001c:Òe\u001f(>\u0007ÛyÃ\u0016²Õ\u0007ÄÙÉÜJ}*\u001f[ûþ°\u000e\u0005&\u001d§þ\u0014çPèòJÝÛk\u001aº$ÿ\u0013è²SüÀÌ»\u0011zF\u000b\u0002kFd%¼ÃFûGýô_\u0000û¿KæãÐ<Är\u0014äYv1Û~µ\u0015ßà\u0018¿(Þÿ­\u0007®ÒôÐ\u0017Oè\u001fÜcq¡?\u0016.Ý\u0005Ý]~Á'.Ó;(3êy$úëÌð]\u0006ûÔÊ¥¸wTÉäíÚ&5ò¦%÷é}|\u0004éFÜ3të0µ¤\\KHÈC-¸?:Ñ ¸O\u001f@ê¤N[¶ñ¢\u0004Eú-ÁUGR âï6\u0005­ÖqÚbwU½ø´ïØl<\u0013R\tßÚ£P\u0004\u0013&Ì8Ê^v\u0010F_ùà¨\u0002d·eU+mÖ\u0011p# ¨n\u0011iGM_½Ä)}Â¸\u0013Fq\fFB tÂ¦\nõl2O8+Í\u000f¸é\u001c÷<Ú«@\u001aÁ_Ð F\u0016Ñ¹á\u001d7ì\u0013jÜEÔn»Ú\u001cj<\u001aD\u001c71ØöªðÁÏ\\«|,p¤{\u001d¹Øþpï4xYëé;®DL\r\u001b²û{ÝÉý7x)%\f\u0015\u0011iÿýf\u0013\u0017\u000fâ(=\u0015åeÞé\u001fè1ïôHÐ$AA\u0013QÁÜ\u001b9fù\u001d\u0010î\nÔa§N4ÁRÆ#5vÏZ¤RÁ\fajÛ§ùú+×>¡\u0005\u0011Ø¶]\u0004VÍø×\u001aqç|þÁ\u0010\"Í)ÛÒ\u001cîc¾¤Ó*&\f§eWþòÍ <<\u001f®Þ\u0017\u0019¦æOHñó¤\u0010Nîuÿ½*túÝz~1n¡×\u0019ö£î »\u000b%ñ«Ç*\u001bnÁ­.gmqû\u000eÇ«{,´zw\"rgá·7#, n¡IpÍ«NÓ3£X«²Á³¨kçÊ\u0016Q\u0010¤¯lSk¸\u0003df¸\u0015\u0010uÞÛ\u0018ö\u001b¬\"°\u0010\u0007Iz)\u0012¬Ý·P®k\býOé\"£¬þbu\u0015}/vMÈ¨1´`Ì1¶µ«è'¤v«¦\u0011D0jÑN¼áW»yÃÛ]s­Ô\u000fx¨#\u0016õÐíiôºZ²@;À(÷íØ½0ñØ7ØmHÃ½`Éwxþ4bªeQ\u0003]¾\u0019swaõë\u001dn(Qù\u0003´\u001fÐ»ÓY\tU,G\u0018Ï¿Þ\u000f*ëµ§.Wè)\u001f½LjQ!Ú\n\"5ÙQ(©\u000f¿.³IÕ\u0017¼CÏOPu*âTcÑ`\u0012©\u001aà¤)_ªJ¹Qôu¯½cæP¶Õ#\u0017Ó}¯\u001d©&¤ÆS\u0014ßï¤0Qc1ýOÎÂKÜx\u0010ÎC\u0015÷ÆTºüûèsd\u001cNú\u0014øÌÌ-6z[QQ\nã\u0015àºÜ\rçe°MÌ*î|J\u0000Ðr¾\u0018Zg\bÌ%1F8\u001fÒòK§n\"\u001dö\u0005eC}\b\u000f7=T:Hv½~rê\u0010.*£úKn)¢¶qÑmúQ2\u0001V\\½_4¾\u0011Àw\u0007]!í\u0000ªpV .fy¥¢\u001c)¹\u001eTí ¿\u0011Ë\u001fÊÙO\\L#nÈpM!\u0012Æ\u0013wÊi½y:\u000e)&ªÖn@lÇ\u0011À\u0015ªIF.v\f95s£\u0016\u0003%v¸!êV.»l°¾÷¨\u001a\u0014«D\u00003¼í¤\u0010\u0007|8Î\u001bûöÂO[Ò[\"è:Üvb\u0017ÏÒR(ã\u0018Â3H!1É°\"¬ø3äàý\u0013¨xíÐåJ;pl\u0019vÇ²]Õ«íü©ê\u00147á/Á§IÈ\u000f\u0015!O\"åWV\u001eÊ<B'\u001f¥Å\u001fÄF->óhWeÒT<0\u0005ÚJ}ÚR*«PÂIÄ ß`ýãø·7d£á$,{\u0014ê~ì\u0016 bº\\;ôÄu|lïVó\u001d+ákÔh\u0019ývdaf³+\u0013Q8\u0015§UF.\u001fj+TÍleø\n)ír;íèýéöÑ+9mfWªFÆ\u000bq\b&\u0005UÞ¸ê\u0010\u0007¯ \u0002aä}¬\u001eãöBuÑEìèð£\u0000~vÒL\t=¤Ø:þ¸tK«ïÓ¢ª\u000eÈ\u0004;>¨3\u0014ðã»n$G£Zõ§ÉúVh.5£(ïh¼¤.¤H#¬'µkk$ÊkçquQ (×+:kç ¦Bá½¸£ðì9]f\u001eC#4`\u001aíü5ßK89\u000bõ#*»kÔÎæÏÖ§gon?£.ÀT\tDª?§Ý±Ëá¡öTr·Ò}\u000b¦\u001fã9Dú\u0013µj\u0014WÄí+ÐJ\u0001­\f\u0011GË©ùª+â\u0002-?ºaªáq\u001a¦Rõ;®K\u0000dMeç´ã¦óÚé`Ü\u0000µªÕÀ)\u0014þ\u0004\u001em\u0004ÁÎoAÚw(V#Ù³6\u001cÒhÆq;?\u0012Ú\r<.F \u001eùä\u0018\u0010\u000eªZF3úUçµ;ÐÖ\\~)3RÇÄö{m\u0015°_q'1u\u0018\u0015w\u0013rNÔyÀL½Õz\rÕ/\rG\u0005úÎºQw\u00069­H>L¨Xý`²â¨Øá\u0002ë(üÒËÊ»Ôñ5»\u001cO\u0015ÃËÌ[\u0006\u001a,\u0002-õq\u0003î4<|\u0019^ß\u001a·y\u0016{(£¬-¿^¥$Ë\u0002\u001a\u0002¯È1¢\u000f¼\u0016yO\u000fÎÈ±4*íÂÍ¼°\u0000FµZÿ\"­Ô÷0:°I\u001d¯\u0000\u0017CÌ\u0000®À\u0017Å÷´\u0013F¨¦ý ²S^fæV\"ö°\bÄ\u0005\u0004\u0003½ÈWuI±Ñ\u0012ÐêT1\"6¿¹G#é`£nï\rÔ«}T@¥Nßß*!\"\u000f5\u000bË×¦2\u001f@N:·\u0007à\fKÄn×\u000bÁ\u0014Mè\u0017ÇKwä¬DYùÊqT|jlü>\u001dG\u0015yàªH{\u0003TàÇ\u000bO±{«§hý,Ò\u0013\u001fùÍ\u0019­Ì¾à\":$¹6 ³a\u001b$`Ëj\u000eÛpÞ¢J{\f\"¨Ãrçh­«ð¥R\u0014/Îdê_K»§Ð¢øZÝiÜW]\"g\u001fôÌT¶Â4{ÊiÚxÊ!ÙT«\u0001Â\u001fÈ×l'A®:Á«×°1Ó(ïX=«JTqP>ÇrQD«²ïVîôÓV\u001dÖêqðeFÂU@åvAsUéÙ'Ð5RKæÔ>\u0003Çô]\u001dÒ`Kõ\tìî\u0014@¶e\u001fX­\u001bw¾ÊÞ\u001eD\u000f(­QhÝzñn¹v\\\u0014\u0006\u000bH~ÔPz\u0016\"n_&áÜCª(ð](Ñ°ó&>\u0006!ûP£ÙO5Í÷Ì¦¡\u0019{Ìµ9n\u0015¸'µ\u0006¥V\u000f#Iû²  x#Ê§@nè=uôC\u001ers-\u0014Ç\u0007z]AvÈªé*v8\b\u0018Ç\t?±ªz\u001ac\u001c/8s?ï\u0007CMçñzæPP\nÇ,ôú¶\u00188\u0016½O(õa_\u0014\n\u0017{§öýØÐv\u001cSþÅ\u0006\u0014e©ó\u0005vê|\bñ@ÁGÏ\u0013¨ $\r`pÖDG\u0013Ôê¨²·7H\u0006=ç)9\u0018dÁ£P3Õ<pWÝR}cÛÃëNØF[°²ê/éd\u0007\\\u000b\u0006«Ô9ê;l¸VßÒuû\u0012X³Þed\u001e\u0002\u0011P\u001cÜ\u000e}Ùp\u001b7õ\bygê¯ì0`e\b;Z\u0001J8¢\u0005ca\u0006î~\u000fõ=ÐjtU¡pÇ6b\n\u001fÜ\u0017´[Zñ]ºTVj_\u0001ÊÂ_ÝKù\u0001\u001dÖGÝú±9@ö,ò÷-@Õéó>½Úc¶²\u0004ìÑ*¿´\u0015\u0018]ý\u001dB\u000bh¨c(YÚ¤G+Ò´2×ZÍb\u0006Îá6Â\n,PcllBM>My1NbD{\u0000\u0005\u000bÀImº¥À5\u0003FÜ¢8öÀ-,\u0005g#\u001f\u001eAOù8¢t¢\u0014ç ÔIm$Ç®\u0004²q\u0002k#i\u0019×)ºsTU¨=T0Ú1Ö\u000e8â*9ïÉr\u00028í8\u000f¹\u001b\u0012R821íÞH~IÅ71iï1¯ÁBÝÑEº~­®%ô\rÙÑ¬Q\u0015§z¨p]<Vä´ç\u0000«Í)\nIU-5ÇrWvºK]Õ~ú:¾\bÒZ®FZÔ­*\u0005\u0010©«D\\\u0012´^q>¾¨j\\\f`/\u0010ÊºK0\u001eq\n\u0019\u0019\u0006\u001c0PG\u0007yÓ¢Î*(+\u0004¦D\u001d­Ó}¡úl\u0002\u001e\n\nï\u001c9¼%!/]À!Ü=Ú9~À\u0014n!h&Î\u0001ÞãÈr07\u00189u¯Ý¯Ð|»2à\bé÷\u0013´Ã\u0004\u001c\u000eP\u000b.o×?sq\u0019öv³9M;\rr\\³làæ®Ð\u0016Î\"S_\u0001ìæ>j)E5i\b§2¦¤ÌËp¯$\u0017T9ìAý\\Â[\u001a\u0013tD¦\u001c)\u0011d»Çõ¢ÜP\u000f¸k!Nê¸\ffw¼×mù©êæ_±Xl9\u001aª ä\u0010caÏ;iâ\u0014÷Gâ\u00149@S»N`\u0002\u0004\u00071mà(W0áèSn¿\u0000È<-}\u0001Ê´?£×Ygö\u0010îöØ:JÁ\u0006Ïùkvú_«\u0004\u001bGíí:X½\u000fµê\u0007où×1k\u001c½<FíÅ¼¬ª\u001bàþº¨\u0010^D«ùÈõJ~\u0005Ç:\u0006\u0003Ñ¶èû\t\u0012@7 \u0006û\u0005á½A5\u000f³¨î&F+¥º\u001b\u00005¯ªhÇ~Óz\u0006¶©\u0013ÿ\u0001¾^aC÷Å\u000bÒó¡¿C\n¥ß]®É4\u0019ñ¿¿s\u0017ñ¯¯ÂÃuIÚUxFõ÷`ýâ*¼Xëëì}×\u001e\u0003ìÚ\u001e×+Ûkw.iíM»_µ\u0017;¯¾ý-hNõ·`ÛÞ\u001cþ+à03½½SÝ\u001aæ?¾É\u000fW\u001aþþïêú¶F§F\u001e\fg²Èß\u000efG\u001f&§I»Ù\rïò\u0017t¡ÜàùWYþéU\u0016»õiÆÿ\u0003ÓKKð«p\u0000\u0000"
    }
  },
  "response": {
    "status": 200,
    "statusText": "",
    "httpVersion": "h3",
    "headers": [
      {
        "name": "Content-Security-Policy",
        "value": ""
      },
      {
        "name": "access-control-allow-credentials",
        "value": "true"
      },
      {
        "name": "access-control-allow-origin",
        "value": "https://www.vectal.ai"
      },
      {
        "name": "access-control-expose-headers",
        "value": "X-Accel-Buffering, Content-Type"
      },
      {
        "name": "alt-svc",
        "value": "h3=\":443\"; ma=86400"
      },
      {
        "name": "cf-cache-status",
        "value": "DYNAMIC"
      },
      {
        "name": "cf-ray",
        "value": "97247ee31eb9739a-JNB"
      },
      {
        "name": "content-encoding",
        "value": "br"
      },
      {
        "name": "content-type",
        "value": "application/json"
      },
      {
        "name": "date",
        "value": "Wed, 20 Aug 2025 20:03:43 GMT"
      },
      {
        "name": "priority",
        "value": "u=1,i"
      },
      {
        "name": "rndr-id",
        "value": "6db2cf37-a0de-4431"
      },
      {
        "name": "server",
        "value": "cloudflare"
      },
      {
        "name": "server-timing",
        "value": "cfExtPri"
      },
      {
        "name": "strict-transport-security",
        "value": "max-age=31536000; includeSubDomains"
      },
      {
        "name": "vary",
        "value": "origin, access-control-request-method, access-control-request-headers, Origin"
      },
      {
        "name": "vary",
        "value": "Accept-Encoding"
      },
      {
        "name": "x-envoy-upstream-service-time",
        "value": "490"
      },
      {
        "name": "x-render-origin-server",
        "value": "uvicorn"
      }
    ],
    "cookies": [],
    "content": {
      "size": 15,
      "mimeType": "application/json",
      "text": "{\"status\":\"Ok\"}"
    },
    "redirectURL": "",
    "headersSize": -1,
    "bodySize": -1,
    "_transferSize": 381,
    "_error": null
  },
  "serverIPAddress": "216.24.57.7",
  "startedDateTime": "2025-08-20T20:03:42.646Z",
  "time": 786.6890000004787,
  "timings": {
    "blocked": 3.3960000054957344,
    "dns": -1,
    "ssl": -1,
    "connect": -1,
    "send": 1.794,
    "wait": 773.9889999991645,
    "receive": 7.509999995818362,
    "_blocked_queueing": 2.1010000054957345
  }
}