{
  "_initiator": {
    "type": "preflight",
    "url": "https://api.vectal.ai/api/stats/oldest-tasks",
    "requestId": "14616.203"
  },
  "_priority": "High",
  "_resourceType": "preflight",
  "cache": {},
  "request": {
    "method": "OPTIONS",
    "url": "https://api.vectal.ai/api/stats/oldest-tasks",
    "httpVersion": "h3",
    "headers": [
      {
        "name": ":authority",
        "value": "api.vectal.ai"
      },
      {
        "name": ":method",
        "value": "OPTIONS"
      },
      {
        "name": ":path",
        "value": "/api/stats/oldest-tasks"
      },
      {
        "name": ":scheme",
        "value": "https"
      },
      {
        "name": "accept",
        "value": "*/*"
      },
      {
        "name": "accept-encoding",
        "value": "gzip, deflate, br"
      },
      {
        "name": "accept-language",
        "value": "en-US"
      },
      {
        "name": "access-control-request-headers",
        "value": "authorization,content-type"
      },
      {
        "name": "access-control-request-method",
        "value": "GET"
      },
      {
        "name": "origin",
        "value": "https://www.vectal.ai"
      },
      {
        "name": "referer",
        "value": "https://www.vectal.ai/"
      },
      {
        "name": "sec-fetch-dest",
        "value": "empty"
      },
      {
        "name": "sec-fetch-mode",
        "value": "cors"
      },
      {
        "name": "sec-fetch-site",
        "value": "same-site"
      },
      {
        "name": "user-agent",
        "value": "Mozilla/5.0 (Windows NT 10.0; Win64; x64) AppleWebKit/537.36 (KHTML, like Gecko) Noi/0.4.0 Chrome/122.0.6261.130 Electron/29.1.5 Safari/537.36"
      }
    ],
    "queryString": [],
    "cookies": [],
    "headersSize": -1,
    "bodySize": 0
  },
  "response": {
    "status": 200,
    "statusText": "",
    "httpVersion": "h3",
    "headers": [
      {
        "name": "Content-Security-Policy",
        "value": ""
      },
      {
        "name": "access-control-allow-credentials",
        "value": "true"
      },
      {
        "name": "access-control-allow-headers",
        "value": "authorization,content-type"
      },
      {
        "name": "access-control-allow-methods",
        "value": "DELETE, GET, HEAD, OPTIONS, PATCH, POST, PUT"
      },
      {
        "name": "access-control-allow-origin",
        "value": "https://www.vectal.ai"
      },
      {
        "name": "access-control-max-age",
        "value": "600"
      },
      {
        "name": "alt-svc",
        "value": "h3=\":443\"; ma=86400"
      },
      {
        "name": "cf-cache-status",
        "value": "DYNAMIC"
      },
      {
        "name": "cf-ray",
        "value": "97247f09bfe773c6-JNB"
      },
      {
        "name": "content-encoding",
        "value": "br"
      },
      {
        "name": "content-length",
        "value": "6"
      },
      {
        "name": "content-type",
        "value": "text/plain; charset=utf-8"
      },
      {
        "name": "date",
        "value": "Wed, 20 Aug 2025 20:03:49 GMT"
      },
      {
        "name": "priority",
        "value": "u=1,i"
      },
      {
        "name": "rndr-id",
        "value": "3b7152a1-0679-44dc"
      },
      {
        "name": "server",
        "value": "cloudflare"
      },
      {
        "name": "server-timing",
        "value": "cfExtPri"
      },
      {
        "name": "vary",
        "value": "Origin"
      },
      {
        "name": "vary",
        "value": "Accept-Encoding"
      },
      {
        "name": "x-render-origin-server",
        "value": "uvicorn"
      }
    ],
    "cookies": [],
    "content": {
      "size": 0,
      "mimeType": "text/plain"
    },
    "redirectURL": "",
    "headersSize": -1,
    "bodySize": -1,
    "_transferSize": 0,
    "_error": null
  },
  "serverIPAddress": "216.24.57.7",
  "startedDateTime": "2025-08-20T20:03:48.825Z",
  "time": 212.74000000650994,
  "timings": {
    "blocked": 1.335,
    "dns": -1,
    "ssl": -1,
    "connect": -1,
    "send": 0.4910000000000001,
    "wait": 209.07899999647728,
    "receive": 1.8350000100326724,
    "_blocked_queueing": -1
  }
}