{
  "_initiator": {
    "type": "script",
    "stack": {
      "callFrames": [
        {
          "functionName": "method",
          "scriptId": "126",
          "url": "https://www.vectal.ai/_next/static/chunks/9da6db1e-ad7decc175389864.js",
          "lineNumber": 0,
          "columnNumber": 80787
        },
        {
          "functionName": "",
          "scriptId": "126",
          "url": "https://www.vectal.ai/_next/static/chunks/9da6db1e-ad7decc175389864.js",
          "lineNumber": 0,
          "columnNumber": 148111
        },
        {
          "functionName": "Pe",
          "scriptId": "126",
          "url": "https://www.vectal.ai/_next/static/chunks/9da6db1e-ad7decc175389864.js",
          "lineNumber": 0,
          "columnNumber": 148117
        },
        {
          "functionName": "retriableRequest",
          "scriptId": "126",
          "url": "https://www.vectal.ai/_next/static/chunks/9da6db1e-ad7decc175389864.js",
          "lineNumber": 0,
          "columnNumber": 118977
        },
        {
          "functionName": "Rs",
          "scriptId": "126",
          "url": "https://www.vectal.ai/_next/static/chunks/9da6db1e-ad7decc175389864.js",
          "lineNumber": 0,
          "columnNumber": 148321
        },
        {
          "functionName": "",
          "scriptId": "126",
          "url": "https://www.vectal.ai/_next/static/chunks/9da6db1e-ad7decc175389864.js",
          "lineNumber": 0,
          "columnNumber": 141725
        },
        {
          "functionName": "",
          "scriptId": "126",
          "url": "https://www.vectal.ai/_next/static/chunks/9da6db1e-ad7decc175389864.js",
          "lineNumber": 0,
          "columnNumber": 118337
        },
        {
          "functionName": "",
          "scriptId": "126",
          "url": "https://www.vectal.ai/_next/static/chunks/9da6db1e-ad7decc175389864.js",
          "lineNumber": 0,
          "columnNumber": 118343
        }
      ],
      "parent": {
        "description": "setTimeout",
        "callFrames": [
          {
            "functionName": "Er",
            "scriptId": "126",
            "url": "https://www.vectal.ai/_next/static/chunks/9da6db1e-ad7decc175389864.js",
            "lineNumber": 0,
            "columnNumber": 118125
          },
          {
            "functionName": "enqueue",
            "scriptId": "126",
            "url": "https://www.vectal.ai/_next/static/chunks/9da6db1e-ad7decc175389864.js",
            "lineNumber": 0,
            "columnNumber": 117852
          },
          {
            "functionName": "capture",
            "scriptId": "126",
            "url": "https://www.vectal.ai/_next/static/chunks/9da6db1e-ad7decc175389864.js",
            "lineNumber": 0,
            "columnNumber": 151479
          },
          {
            "functionName": "se",
            "scriptId": "126",
            "url": "https://www.vectal.ai/_next/static/chunks/9da6db1e-ad7decc175389864.js",
            "lineNumber": 0,
            "columnNumber": 77615
          }
        ]
      }
    }
  },
  "_priority": "High",
  "_resourceType": "fetch",
  "cache": {},
  "request": {
    "method": "POST",
    "url": "https://vectal-api.onrender.com/_events/i/v0/e/?ip=0&_=1755720239036&ver=1.259.0&compression=gzip-js",
    "httpVersion": "h3",
    "headers": [
      {
        "name": ":authority",
        "value": "vectal-api.onrender.com"
      },
      {
        "name": ":method",
        "value": "POST"
      },
      {
        "name": ":path",
        "value": "/_events/i/v0/e/?ip=0&_=1755720239036&ver=1.259.0&compression=gzip-js"
      },
      {
        "name": ":scheme",
        "value": "https"
      },
      {
        "name": "accept",
        "value": "*/*"
      },
      {
        "name": "accept-encoding",
        "value": "gzip, deflate, br"
      },
      {
        "name": "accept-language",
        "value": "en-US"
      },
      {
        "name": "content-length",
        "value": "2537"
      },
      {
        "name": "content-type",
        "value": "text/plain"
      },
      {
        "name": "origin",
        "value": "https://www.vectal.ai"
      },
      {
        "name": "referer",
        "value": "https://www.vectal.ai/"
      },
      {
        "name": "sec-ch-ua",
        "value": "\"Not(A:Brand\";v=\"24\", \"Chromium\";v=\"122\""
      },
      {
        "name": "sec-ch-ua-mobile",
        "value": "?0"
      },
      {
        "name": "sec-ch-ua-platform",
        "value": "\"Windows\""
      },
      {
        "name": "sec-fetch-dest",
        "value": "empty"
      },
      {
        "name": "sec-fetch-mode",
        "value": "cors"
      },
      {
        "name": "sec-fetch-site",
        "value": "cross-site"
      },
      {
        "name": "user-agent",
        "value": "Mozilla/5.0 (Windows NT 10.0; Win64; x64) AppleWebKit/537.36 (KHTML, like Gecko) Noi/0.4.0 Chrome/122.0.6261.130 Electron/29.1.5 Safari/537.36"
      }
    ],
    "queryString": [
      {
        "name": "ip",
        "value": "0"
      },
      {
        "name": "_",
        "value": "1755720239036"
      },
      {
        "name": "ver",
        "value": "1.259.0"
      },
      {
        "name": "compression",
        "value": "gzip-js"
      }
    ],
    "cookies": [],
    "headersSize": -1,
    "bodySize": 3814,
    "postData": {
      "mimeType": "text/plain",
      "text": "\u001f\b\u0000\u0000\u0000\u0000\u0000\u0000\u0003íYëH\u0016~\u0015äÍHÂ\u0001\u001bGó#f5vÌDJO\u000b\u0015PØ\u0015\u0017@a»{wß¯\n°±îvv¥ý±ê$\npêTÛw.à«¿&MÃÉrbÙÁ\"\u000elD\u0011³ÉÜÍÈÂ\u0002bÅ4uç³¥,¼°-Ë%Ø=[3*3ZVVEÉ*ÉY=Yþ5yVà2ùÄó¤ØÕXÅs¸eUÍ\u001ctÛR¤¨Â\u001a«ðüf]\u0015\u0019S´myÌByS2ÐbõF\u0016êôggì¶È\u0015õuZñN)Ö4ÏY\u001d5ÕjÈ\u0011\u0016iZ3¨GlÇ\u0002=nª\nêM%°y-eY/§ÓÝngnY,©0)ªýë¢V6,(zIå:§Po9Ñ|\u0015Ý\rô\u000eéªõÂûâ\u000bA§i\u0019Ï;ß>\u001a¶eZ¯\f\u0010|÷±÷Ý\u0017Æë²\u0014ì\u0013Þq9õfssæ\u001bÏßýããû__\u001aoñ37Å\u000bã·O-ÓÅq­c¦¶ãé;¾mÚ3Ëx+ _UäS'0mÓ3>ÐV¼;qàÙ£ÇqÀ,h¾j =tg9ùýÃpK¿\u0016\u0015Kù^³¨õ:®\u0018ËÃ5ã«5ko;ê'r=Y:öÌ\u0005qËÙ®,*yd¶ìÅÞ±Û¯´\u0012<Rng\u0012!NLÇ\u000bL\r\u0016C;\u0019j®néâfã®â3Á5¾TôqäÜóæåÌ|Ó²pxÂkÉó¸Ûçù4\b,7%)óæÄ]¸6¡³Ä\u0002ØSßÓÅ\"e´Å%§ßR\t=Âöè\tõµ õÑ\u000eÞléx¦ëûÕ¸ÈS¾j*5«özWÑÈ0C\"Ø\u000bKý9âûl\u001d¥$ò¨O ¹M\u0019É,v\u0006ñÂ÷íîðº\u0010,\u0014Å*¬X\\T\tÏW!Ëi$´¼\n\u000e\u000bk@IY5L¥ÓáÈ3¹+ªMXÒ\u001bQÐ$i)¡®JÕîö¬J*£y¬©ý\u0006ýýÉR¸åÈ\r\u0018uN\t©\u0010Å\u000e\u001aeL\"AÁ7B|û6ªOFë>WñrÄ4ßÒúHRê¨Þ5ÍJaE%´íÎè /Ï,L\u001a¬j\u001c®\u0003³¼a\u001b²Ã\"mdÑy\"\u0004jF|ÂFåÜÅ\u000fÅà1ÇícVjõG\u000fì\u0005'L\u0005NðxsäÆoY\b4ëCSAW\u0010z5An+O\u0012ùMr¶#ªÕ\u0004èSî\u001a»»mÓÇ¹xMe[\u0007ÃUU4ºR\u000fÅöxS=AEïd­b_\u001bVw¹iÍ½4v\u001d\u0002QÜL\u0002BmdÎhn\u0014[±®\u0003ºò~W6£1t\u0000Õg%\u001cxGª\u0002ZRd+c\u0006«u²\t\u0013\u00165JI\reD_ªøj\u0005\u00052*ãµFé)îìÓò°­0_5ÆÐ#mT&\u001aÖ¸Sð|\u0003ph/_tB×ÆÃJª²ÿ.¹Ä¤àxþËÉÍdé¢ÚKZ­\fÑ*pRý®{k¨N¾]#ð²Ø ,'å:\u000eåÛò³÷nåí²ß½?üÙ§\rýãýÍ×Ï?Ë×?½ýºòVû4w~}ûá_oq¥\u0015ö¥´\u0011R\u0019Ð\u0016b8®6¾«\u001cùÅ\u001d'1æxN\u0016~² º'\u0004é|áµmf§»ô£{f®ë'î<Ö8ê\u0005! \u0002Ä\u0018ªÆxîÅØ\tïcÓÉ)÷}³Ê)×ÉåP\\\u000f`hKÅ(x.YS\u0011FM\n;BÁònÛºñ?Æ]ó[Õ½o°÷ÓX¯é±Jû3Ë\u0007'Ì=\u0013Ô­Ô\u001c¡º»\u001døçúj \u0018*¡ìE9iX'Y)©¸©e´ä½Óz\u001f·#X1\u001c:%¬2ã\"¶9«\nUúÔÔr\u000e\u0014æÏ\u0000$%Ô·) 3\u0003¹Ì²R=>ÔàÇ\u0011<åÇxù89!ä\u001a&á1åâØ.®ª!w3.U½\u0001`T¨tê TA<êGÛ5ó¾½\u001c\u0019ÛSß\"s7ñHd\u0007\u0001A\u0001u\\º@¾7\u001cÛ\u0007ÍîirÜÿw{^~eóåvã4eÉ¬Åèä¾\b óirÜ&÷§ÉýirøNÍáÄ­\n\u000f\u001bt\u0010Å%X¦\u0010a×\u001e«·+sM<S41\u0000Ø]ÈÞÜ\u0011oI¥¬Â\u0010}5O0Éüø'D7ìÏI»\u0012\u000bZ× µ~¯ó\fìïÙ0Þ\bpåhì=©m+ :nOªÑ\u000e7\f¤®Ù¿)DQ.\u00128!ÏÀ\u0004¤æÉÈê+-ÇuËR\"{ºjf/ö Ye8.þõK\u0007Þ\u0003e\\ÙªnöØÍÌ¢ZMÑF­)Ü\b\u000bå\u0000S\"\u0001Ý>\u0016)Q!i\t¯¢FÊ\"7×\u0005b²l/ÉnÍ%3KbZe\u001404õZÎ\u001aYa0õ,ËÄM^£¥\u00159²\u0017©Á\u00114bÊÃoDQ3C¡¤6²\"¡â<PçÇ\u001aç\u0018wä\u0018C½\f(zj&y×ÌoÍ\b%U$êoz©h£f*Ø^ÿGê5òwC,\u0013²3\u0014&Ä\u001dÃ÷\u0017ê<½!\u0011\u001a\u0018f\u0013³Ü\u0013×,oÓ\u0019Ý£0;³Úi¨F¯O3ÐÇ8Qå0jûV#\u0002Ïê¬|ØX8\u0014©¦ã«Ü¢£tyeVL ÑmÙ\u0001\u0005{aÖk18ê6[®ÉUàm××ê>£{rþ¼#ó1SÎ\u001a`k§%y®ga\fÐ2æ®£Èr\rÖ*c¨zèuì\u0017\u000eÏgæëu\u0015©£É:&m`à¶KcBãMw\u0018\u0012¦\"u¦\u0014\t\u0010§\u000bÄA}h£¡\u0006Qy\u001fèºÇ\u0012\u0004WÒ¾\u0003\u00125[·Ès\bªSî@C1´¢²{\u001che«lÈí³X}!:¯\tÞÓÅø\u0012ß,¿\tõû\u000b\u0014íg\u001aam­Þ#Jù©ßrpÕ¨\u000fV\u0016\u0010´ôÑ\u0012«e¦4ÁµpÅ\u0004\t¸á*ñ\niä¸ãÐA·ãï\u0001}>Co7ôQF'H] \u000buFÈ¯þf;êïõ@em\n®gØë¿¯J<lÂPRSÛrGq(\u0001gR.À\u001a¶tn\u0001¼jfÌ»¼Ò\u000e³±Ñ7`ØÁä+Û²\u0012U¯z³³dY2\u0000@£úJ5-ö#6\tZÖ,¹\u001e®mUËå\u001a:×ËL\u0010çl÷9Ç£\fBAã!A\u001d~¯­X]ÄêíÚ|@¨æ¹©Ã\u0019`&riìy]Ò\u0018¨é¾xq}_\u000fÑ:Hjái\u001fQz\u0012\u0010ã¿ÔÃxÌÁg\fß\u0019¿GGx\u001eæ\u0018´ \u000bÂÓ¦ó\u0011¬8\u0000ôÂ¡fò6ëÆ&.0-ÃIñVïZêíK\"X5ZÀ1pÊ\rew¥ã0.´ÎZ]\u0014ºzÖo¸°jYúmpª^K#Z]Eñ¡¦2×´&WWÚS__/\u0001À{\u000f£\u001a\u001eÝFéï~¶¸DàqÔ¿\u0011Ê\u0010Ò/´SÿÒy?¼2Î¨#\u0014XÂáÝµ¬ðUv/Ö\u000f¯.¨òQÜteþµú{Ý\u0007ìPø\u000euVÏ\u0012£~\u0019î\u001fâuØN9·»_\\\u001am1Ls\u0004\u001coO?Êüÿü(ã]þ\f>·\\üíêÏÏO¿È<úc»Ö·ë\u00031H\u001e\u001cJ%\u0000\u0000"
    }
  },
  "response": {
    "status": 200,
    "statusText": "",
    "httpVersion": "h3",
    "headers": [
      {
        "name": "Content-Security-Policy",
        "value": ""
      },
      {
        "name": "access-control-allow-credentials",
        "value": "true"
      },
      {
        "name": "access-control-allow-origin",
        "value": "https://www.vectal.ai"
      },
      {
        "name": "access-control-expose-headers",
        "value": "X-Accel-Buffering, Content-Type"
      },
      {
        "name": "alt-svc",
        "value": "h3=\":443\"; ma=86400"
      },
      {
        "name": "cf-cache-status",
        "value": "DYNAMIC"
      },
      {
        "name": "cf-ray",
        "value": "97247f498e3b739a-JNB"
      },
      {
        "name": "content-encoding",
        "value": "br"
      },
      {
        "name": "content-type",
        "value": "application/json"
      },
      {
        "name": "date",
        "value": "Wed, 20 Aug 2025 20:03:59 GMT"
      },
      {
        "name": "priority",
        "value": "u=1,i"
      },
      {
        "name": "rndr-id",
        "value": "0673d710-04de-4c12"
      },
      {
        "name": "server",
        "value": "cloudflare"
      },
      {
        "name": "server-timing",
        "value": "cfExtPri"
      },
      {
        "name": "strict-transport-security",
        "value": "max-age=31536000; includeSubDomains"
      },
      {
        "name": "vary",
        "value": "origin, access-control-request-method, access-control-request-headers, Origin"
      },
      {
        "name": "vary",
        "value": "Accept-Encoding"
      },
      {
        "name": "x-envoy-upstream-service-time",
        "value": "23"
      },
      {
        "name": "x-render-origin-server",
        "value": "uvicorn"
      }
    ],
    "cookies": [],
    "content": {
      "size": 15,
      "mimeType": "application/json",
      "text": "{\"status\":\"Ok\"}"
    },
    "redirectURL": "",
    "headersSize": -1,
    "bodySize": -1,
    "_transferSize": 380,
    "_error": null
  },
  "serverIPAddress": "216.24.57.7",
  "startedDateTime": "2025-08-20T20:03:59.039Z",
  "time": 308.2819999981439,
  "timings": {
    "blocked": 2.676999993883073,
    "dns": -1,
    "ssl": -1,
    "connect": -1,
    "send": 0.873,
    "wait": 303.45800000224773,
    "receive": 1.2740000020130537,
    "_blocked_queueing": 1.2069999938830733
  }
}