{
  "_initiator": {
    "type": "script",
    "stack": {
      "callFrames": [
        {
          "functionName": "method",
          "scriptId": "126",
          "url": "https://www.vectal.ai/_next/static/chunks/9da6db1e-ad7decc175389864.js",
          "lineNumber": 0,
          "columnNumber": 80787
        },
        {
          "functionName": "",
          "scriptId": "126",
          "url": "https://www.vectal.ai/_next/static/chunks/9da6db1e-ad7decc175389864.js",
          "lineNumber": 0,
          "columnNumber": 148111
        },
        {
          "functionName": "Pe",
          "scriptId": "126",
          "url": "https://www.vectal.ai/_next/static/chunks/9da6db1e-ad7decc175389864.js",
          "lineNumber": 0,
          "columnNumber": 148117
        },
        {
          "functionName": "retriableRequest",
          "scriptId": "126",
          "url": "https://www.vectal.ai/_next/static/chunks/9da6db1e-ad7decc175389864.js",
          "lineNumber": 0,
          "columnNumber": 118977
        },
        {
          "functionName": "Rs",
          "scriptId": "126",
          "url": "https://www.vectal.ai/_next/static/chunks/9da6db1e-ad7decc175389864.js",
          "lineNumber": 0,
          "columnNumber": 148321
        },
        {
          "functionName": "",
          "scriptId": "126",
          "url": "https://www.vectal.ai/_next/static/chunks/9da6db1e-ad7decc175389864.js",
          "lineNumber": 0,
          "columnNumber": 141725
        },
        {
          "functionName": "",
          "scriptId": "126",
          "url": "https://www.vectal.ai/_next/static/chunks/9da6db1e-ad7decc175389864.js",
          "lineNumber": 0,
          "columnNumber": 118337
        },
        {
          "functionName": "",
          "scriptId": "126",
          "url": "https://www.vectal.ai/_next/static/chunks/9da6db1e-ad7decc175389864.js",
          "lineNumber": 0,
          "columnNumber": 118343
        }
      ],
      "parent": {
        "description": "setTimeout",
        "callFrames": [
          {
            "functionName": "Er",
            "scriptId": "126",
            "url": "https://www.vectal.ai/_next/static/chunks/9da6db1e-ad7decc175389864.js",
            "lineNumber": 0,
            "columnNumber": 118125
          },
          {
            "functionName": "enqueue",
            "scriptId": "126",
            "url": "https://www.vectal.ai/_next/static/chunks/9da6db1e-ad7decc175389864.js",
            "lineNumber": 0,
            "columnNumber": 117852
          },
          {
            "functionName": "capture",
            "scriptId": "126",
            "url": "https://www.vectal.ai/_next/static/chunks/9da6db1e-ad7decc175389864.js",
            "lineNumber": 0,
            "columnNumber": 151479
          },
          {
            "functionName": "Bi",
            "scriptId": "126",
            "url": "https://www.vectal.ai/_next/static/chunks/9da6db1e-ad7decc175389864.js",
            "lineNumber": 0,
            "columnNumber": 65378
          },
          {
            "functionName": "",
            "scriptId": "126",
            "url": "https://www.vectal.ai/_next/static/chunks/9da6db1e-ad7decc175389864.js",
            "lineNumber": 0,
            "columnNumber": 64921
          },
          {
            "functionName": "ai",
            "scriptId": "126",
            "url": "https://www.vectal.ai/_next/static/chunks/9da6db1e-ad7decc175389864.js",
            "lineNumber": 0,
            "columnNumber": 64904
          },
          {
            "functionName": "",
            "scriptId": "126",
            "url": "https://www.vectal.ai/_next/static/chunks/9da6db1e-ad7decc175389864.js",
            "lineNumber": 0,
            "columnNumber": 65345
          }
        ],
        "parent": {
          "description": "setTimeout",
          "callFrames": [
            {
              "functionName": "Ui",
              "scriptId": "126",
              "url": "https://www.vectal.ai/_next/static/chunks/9da6db1e-ad7decc175389864.js",
              "lineNumber": 0,
              "columnNumber": 65324
            },
            {
              "functionName": "onRRwebEmit",
              "scriptId": "126",
              "url": "https://www.vectal.ai/_next/static/chunks/9da6db1e-ad7decc175389864.js",
              "lineNumber": 0,
              "columnNumber": 63832
            },
            {
              "functionName": "emit",
              "scriptId": "126",
              "url": "https://www.vectal.ai/_next/static/chunks/9da6db1e-ad7decc175389864.js",
              "lineNumber": 0,
              "columnNumber": 59214
            },
            {
              "functionName": "At",
              "scriptId": "159",
              "url": "https://vectal-api.onrender.com/_events/static/recorder.js?v=1.259.0",
              "lineNumber": 0,
              "columnNumber": 72562
            },
            {
              "functionName": "mousemoveCb",
              "scriptId": "159",
              "url": "https://vectal-api.onrender.com/_events/static/recorder.js?v=1.259.0",
              "lineNumber": 0,
              "columnNumber": 76208
            },
            {
              "functionName": "e.mousemoveCb",
              "scriptId": "159",
              "url": "https://vectal-api.onrender.com/_events/static/recorder.js?v=1.259.0",
              "lineNumber": 0,
              "columnNumber": 41250
            },
            {
              "functionName": "",
              "scriptId": "159",
              "url": "https://vectal-api.onrender.com/_events/static/recorder.js?v=1.259.0",
              "lineNumber": 0,
              "columnNumber": 42525
            },
            {
              "functionName": "",
              "scriptId": "159",
              "url": "https://vectal-api.onrender.com/_events/static/recorder.js?v=1.259.0",
              "lineNumber": 0,
              "columnNumber": 22821
            },
            {
              "functionName": "",
              "scriptId": "159",
              "url": "https://vectal-api.onrender.com/_events/static/recorder.js?v=1.259.0",
              "lineNumber": 0,
              "columnNumber": 42720
            },
            {
              "functionName": "",
              "scriptId": "159",
              "url": "https://vectal-api.onrender.com/_events/static/recorder.js?v=1.259.0",
              "lineNumber": 0,
              "columnNumber": 22821
            }
          ]
        }
      }
    }
  },
  "_priority": "High",
  "_resourceType": "fetch",
  "cache": {},
  "request": {
    "method": "POST",
    "url": "https://vectal-api.onrender.com/_events/i/v0/e/?ip=0&_=1755720243475&ver=1.259.0&compression=gzip-js",
    "httpVersion": "h3",
    "headers": [
      {
        "name": ":authority",
        "value": "vectal-api.onrender.com"
      },
      {
        "name": ":method",
        "value": "POST"
      },
      {
        "name": ":path",
        "value": "/_events/i/v0/e/?ip=0&_=1755720243475&ver=1.259.0&compression=gzip-js"
      },
      {
        "name": ":scheme",
        "value": "https"
      },
      {
        "name": "accept",
        "value": "*/*"
      },
      {
        "name": "accept-encoding",
        "value": "gzip, deflate, br"
      },
      {
        "name": "accept-language",
        "value": "en-US"
      },
      {
        "name": "content-length",
        "value": "1375"
      },
      {
        "name": "content-type",
        "value": "text/plain"
      },
      {
        "name": "origin",
        "value": "https://www.vectal.ai"
      },
      {
        "name": "referer",
        "value": "https://www.vectal.ai/"
      },
      {
        "name": "sec-ch-ua",
        "value": "\"Not(A:Brand\";v=\"24\", \"Chromium\";v=\"122\""
      },
      {
        "name": "sec-ch-ua-mobile",
        "value": "?0"
      },
      {
        "name": "sec-ch-ua-platform",
        "value": "\"Windows\""
      },
      {
        "name": "sec-fetch-dest",
        "value": "empty"
      },
      {
        "name": "sec-fetch-mode",
        "value": "cors"
      },
      {
        "name": "sec-fetch-site",
        "value": "cross-site"
      },
      {
        "name": "user-agent",
        "value": "Mozilla/5.0 (Windows NT 10.0; Win64; x64) AppleWebKit/537.36 (KHTML, like Gecko) Noi/0.4.0 Chrome/122.0.6261.130 Electron/29.1.5 Safari/537.36"
      }
    ],
    "queryString": [
      {
        "name": "ip",
        "value": "0"
      },
      {
        "name": "_",
        "value": "1755720243475"
      },
      {
        "name": "ver",
        "value": "1.259.0"
      },
      {
        "name": "compression",
        "value": "gzip-js"
      }
    ],
    "cookies": [],
    "headersSize": -1,
    "bodySize": 2084,
    "postData": {
      "mimeType": "text/plain",
      "text": "\u001f\b\u0000\u0000\u0000\u0000\u0000\u0000\u0003VÛnÛ8\u0010ý\u0015CÈÃ\u0016dQ7KîS±\rºè\r»è\rhQ\u0010\u00145\tK¤BQV\"ÿ¾CYíÖÙìn^b\rggg.ß~8}/\ngíø$KyF\"\u0017\tqWÉ*pY\u0012s7rûIäûséÀ\u000e¤Aõ\r0Ó°\u0016e­V-h# sÖ?\u000bÿ/B\u0016jèð\u0014¿é\u000et'D9ñ­(×x\u0006\u001a¿ßhÕ\u0015°\u0013\u001c¨¹m\u0001å/¡Û\u001ae½_\u0018ÑÀVú¢Ô³åkµaRB÷º:Ö ª,;@x.\t|ó^kK{]£ñÆ¶[/Ã0x;àÕ\u001e\u0013Kk¿QéäÀÊ[f6!¼µ3êi6Ð\u001eqSVí³ðNÝºfËØó\u0017¿M!/Þ\\\u0010ßó/PDÏ\u00177Iôlñ¢mkø\u0002ù\u001baq¸òÂdñÛ?>¾{{¹¨Å\u0016\u0016¯oÕ³Å{%¾\u0017¡»}b$\b<ßKx$ô\u0017W5âÓJ.Ì#^¼øÀJ¦Åäñ(³£#qÍdÕ#zÄ\u000eÒýôáØd>£­RÜ*ö¼ã\u001a@Ò\rjAcjmn'é \n³qÖ\u0001\t#\u0014î\u0004\f­Òæ ìôX>©8±¨jÛ´Cn¯ÁcxAy#YDt,½óëAÞ­ü\u0013\u0016~~}t¹ãUà\u0007\u0011¦/Eçè|²\u0013e~Tº%Ä+7J#â²°ðÝ</\u0013²biZ\u0002Ûß%`µ¸c\u0006qÐ½k\u0007ÝÆ®ºÿdë8\\\u0007±\u0017%ÉWkÁ,EÕk(h\u0007E?Z©ÞÐ\u0006\u000b¤¾ý;ðû¡Øbn\u001e³ÄEäÄÍBÆÝ\u0007\u0019g\u0019OLÎ;U\u0003­UE5p¥\u000b!+\nåõxÆÑN\u0014\bÒè\u001eì³L\u0018\u000eÚ\u0012Ì ô¶ì¶V¬ µ\u0006áÚR~þ\tºTºaÒÙ\u0000Ã@ûÙ3¾\u0012Ý\t¬\r\fêg\teu­\u0006DÔÁ\u0002E\rÙ×õýýY<\rë¶£_«sV3¹cÝA ¬+\rmÍniÇ\u001a,%ªA´é\bñ¦ohÑãéÈ£Ósä¬h\rÝ?ÙÃ!ë2A5gr[b6¹G\u0011ÿÓ\u001b<\u0018T\u001b\u000eíH±ùæ³\u000eç\u000b°\u000fW\u000b¾}äæYq#v@Í£Ó²f\u0015^úÍÁÚ¶t[¬oWÂàÚ6Ö¹¹ä¾£õd¶|Z{íð\r3û>H+­ú±S\u001f_;óÍÎ\u0004ûz'g\u001a®{è¦ÚôWqÉ£À@^`m\u0016ËH\fn±\u0002å9p}`ì¼ÿ©±\u0001N\u0000;g.\n|2\u0007©%Z¡\u001a&l0G§]±¥\u0005ä½\u00059FC£\fÎ%-ª\n\u00014ÌðÍÈÒS\u0016ýb7NÊ\u0007³Î`øv0ÎigïÄõ?-k!·H1ËÿÊÃ4ÆiÁ\f³ÕÿÈ\\ã¦#ixéÜ:ë\\:é\n\fÅY®&òOã{äªsùÑÄÛÉÊÒ|²ü1j\u0013hí´\u001bNÍUû5~SÅCó)þ_¶ìó»Ûë¯¯ÌW×U\\Ý2x{õá¯«×Á¡+cjJÖ×ÆÆ¾ïá±\u001bDcÞ¦¦s´úø¹KxÁqõá+7MÔµã$ÌÊU\u001aï'Ô0\u000eø'mÂ(JhÅG\nÎ\u0017!\u0017´åÒ9BÓy'ºO-6§Ú­9§Z¿,=\u000f}ùGû.sB\u001aÐÕ4ïKÖ +;ñÇá)åNÜáµ§ªó\u000e7ü¥·\u001fTg\u0015Ä©íîa7\u0002%~\u001c%v\t9¾Þ\u0006-¨£;í\u0002ÂûÎ¨²VÌÙ»Ï'¨\u0000íqÕ,÷u>.º¶]ÚMçg@\u0012\"/\u0012\u0017jÂìjÍ³\u0004\"ðýr\\9:ÔG\u0017¢\u00142ºÀc8\u0014\u0017ë\u000eCÂÏRÔ\u0011c±Ú\tõÞ\bc{\u00142Å¾ÑX3øFY\u00054¯ÃAE÷ßÿ\u0006<\f%Þì\u000b\u0000\u0000"
    }
  },
  "response": {
    "status": 200,
    "statusText": "",
    "httpVersion": "h3",
    "headers": [
      {
        "name": "Content-Security-Policy",
        "value": ""
      },
      {
        "name": "access-control-allow-credentials",
        "value": "true"
      },
      {
        "name": "access-control-allow-origin",
        "value": "https://www.vectal.ai"
      },
      {
        "name": "access-control-expose-headers",
        "value": "X-Accel-Buffering, Content-Type"
      },
      {
        "name": "alt-svc",
        "value": "h3=\":443\"; ma=86400"
      },
      {
        "name": "cf-cache-status",
        "value": "DYNAMIC"
      },
      {
        "name": "cf-ray",
        "value": "97247f654ede739a-JNB"
      },
      {
        "name": "content-encoding",
        "value": "br"
      },
      {
        "name": "content-type",
        "value": "application/json"
      },
      {
        "name": "date",
        "value": "Wed, 20 Aug 2025 20:04:04 GMT"
      },
      {
        "name": "priority",
        "value": "u=1,i"
      },
      {
        "name": "rndr-id",
        "value": "8c927df8-2cbc-41ac"
      },
      {
        "name": "server",
        "value": "cloudflare"
      },
      {
        "name": "server-timing",
        "value": "cfExtPri"
      },
      {
        "name": "strict-transport-security",
        "value": "max-age=31536000; includeSubDomains"
      },
      {
        "name": "vary",
        "value": "origin, access-control-request-method, access-control-request-headers, Origin"
      },
      {
        "name": "vary",
        "value": "Accept-Encoding"
      },
      {
        "name": "x-envoy-upstream-service-time",
        "value": "71"
      },
      {
        "name": "x-render-origin-server",
        "value": "uvicorn"
      }
    ],
    "cookies": [],
    "content": {
      "size": 15,
      "mimeType": "application/json",
      "text": "{\"status\":\"Ok\"}"
    },
    "redirectURL": "",
    "headersSize": -1,
    "bodySize": -1,
    "_transferSize": 380,
    "_error": null
  },
  "serverIPAddress": "216.24.57.7",
  "startedDateTime": "2025-08-20T20:04:03.478Z",
  "time": 433.418000000529,
  "timings": {
    "blocked": 3.2349999963860028,
    "dns": -1,
    "ssl": -1,
    "connect": -1,
    "send": 0.7449999999999999,
    "wait": 427.9940000027865,
    "receive": 1.4440000013564713,
    "_blocked_queueing": 2.3319999963860027
  }
}