{
  "_initiator": {
    "type": "script",
    "stack": {
      "callFrames": [
        {
          "functionName": "method",
          "scriptId": "126",
          "url": "https://www.vectal.ai/_next/static/chunks/9da6db1e-ad7decc175389864.js",
          "lineNumber": 0,
          "columnNumber": 80787
        },
        {
          "functionName": "",
          "scriptId": "126",
          "url": "https://www.vectal.ai/_next/static/chunks/9da6db1e-ad7decc175389864.js",
          "lineNumber": 0,
          "columnNumber": 148111
        },
        {
          "functionName": "Pe",
          "scriptId": "126",
          "url": "https://www.vectal.ai/_next/static/chunks/9da6db1e-ad7decc175389864.js",
          "lineNumber": 0,
          "columnNumber": 148117
        },
        {
          "functionName": "retriableRequest",
          "scriptId": "126",
          "url": "https://www.vectal.ai/_next/static/chunks/9da6db1e-ad7decc175389864.js",
          "lineNumber": 0,
          "columnNumber": 118977
        },
        {
          "functionName": "Rs",
          "scriptId": "126",
          "url": "https://www.vectal.ai/_next/static/chunks/9da6db1e-ad7decc175389864.js",
          "lineNumber": 0,
          "columnNumber": 148321
        },
        {
          "functionName": "",
          "scriptId": "126",
          "url": "https://www.vectal.ai/_next/static/chunks/9da6db1e-ad7decc175389864.js",
          "lineNumber": 0,
          "columnNumber": 141725
        },
        {
          "functionName": "",
          "scriptId": "126",
          "url": "https://www.vectal.ai/_next/static/chunks/9da6db1e-ad7decc175389864.js",
          "lineNumber": 0,
          "columnNumber": 118337
        },
        {
          "functionName": "",
          "scriptId": "126",
          "url": "https://www.vectal.ai/_next/static/chunks/9da6db1e-ad7decc175389864.js",
          "lineNumber": 0,
          "columnNumber": 118343
        }
      ],
      "parent": {
        "description": "setTimeout",
        "callFrames": [
          {
            "functionName": "Er",
            "scriptId": "126",
            "url": "https://www.vectal.ai/_next/static/chunks/9da6db1e-ad7decc175389864.js",
            "lineNumber": 0,
            "columnNumber": 118125
          },
          {
            "functionName": "enqueue",
            "scriptId": "126",
            "url": "https://www.vectal.ai/_next/static/chunks/9da6db1e-ad7decc175389864.js",
            "lineNumber": 0,
            "columnNumber": 117852
          },
          {
            "functionName": "capture",
            "scriptId": "126",
            "url": "https://www.vectal.ai/_next/static/chunks/9da6db1e-ad7decc175389864.js",
            "lineNumber": 0,
            "columnNumber": 151479
          },
          {
            "functionName": "Bi",
            "scriptId": "126",
            "url": "https://www.vectal.ai/_next/static/chunks/9da6db1e-ad7decc175389864.js",
            "lineNumber": 0,
            "columnNumber": 65378
          },
          {
            "functionName": "",
            "scriptId": "126",
            "url": "https://www.vectal.ai/_next/static/chunks/9da6db1e-ad7decc175389864.js",
            "lineNumber": 0,
            "columnNumber": 64921
          },
          {
            "functionName": "ai",
            "scriptId": "126",
            "url": "https://www.vectal.ai/_next/static/chunks/9da6db1e-ad7decc175389864.js",
            "lineNumber": 0,
            "columnNumber": 64904
          },
          {
            "functionName": "",
            "scriptId": "126",
            "url": "https://www.vectal.ai/_next/static/chunks/9da6db1e-ad7decc175389864.js",
            "lineNumber": 0,
            "columnNumber": 65345
          }
        ],
        "parent": {
          "description": "setTimeout",
          "callFrames": [
            {
              "functionName": "Ui",
              "scriptId": "126",
              "url": "https://www.vectal.ai/_next/static/chunks/9da6db1e-ad7decc175389864.js",
              "lineNumber": 0,
              "columnNumber": 65324
            },
            {
              "functionName": "onRRwebEmit",
              "scriptId": "126",
              "url": "https://www.vectal.ai/_next/static/chunks/9da6db1e-ad7decc175389864.js",
              "lineNumber": 0,
              "columnNumber": 63832
            },
            {
              "functionName": "emit",
              "scriptId": "126",
              "url": "https://www.vectal.ai/_next/static/chunks/9da6db1e-ad7decc175389864.js",
              "lineNumber": 0,
              "columnNumber": 59214
            },
            {
              "functionName": "At",
              "scriptId": "159",
              "url": "https://vectal-api.onrender.com/_events/static/recorder.js?v=1.259.0",
              "lineNumber": 0,
              "columnNumber": 72562
            },
            {
              "functionName": "mousemoveCb",
              "scriptId": "159",
              "url": "https://vectal-api.onrender.com/_events/static/recorder.js?v=1.259.0",
              "lineNumber": 0,
              "columnNumber": 76208
            },
            {
              "functionName": "e.mousemoveCb",
              "scriptId": "159",
              "url": "https://vectal-api.onrender.com/_events/static/recorder.js?v=1.259.0",
              "lineNumber": 0,
              "columnNumber": 41250
            },
            {
              "functionName": "",
              "scriptId": "159",
              "url": "https://vectal-api.onrender.com/_events/static/recorder.js?v=1.259.0",
              "lineNumber": 0,
              "columnNumber": 42525
            },
            {
              "functionName": "",
              "scriptId": "159",
              "url": "https://vectal-api.onrender.com/_events/static/recorder.js?v=1.259.0",
              "lineNumber": 0,
              "columnNumber": 22912
            }
          ],
          "parent": {
            "description": "setTimeout",
            "callFrames": [
              {
                "functionName": "",
                "scriptId": "159",
                "url": "https://vectal-api.onrender.com/_events/static/recorder.js?v=1.259.0",
                "lineNumber": 0,
                "columnNumber": 22856
              },
              {
                "functionName": "",
                "scriptId": "159",
                "url": "https://vectal-api.onrender.com/_events/static/recorder.js?v=1.259.0",
                "lineNumber": 0,
                "columnNumber": 42720
              },
              {
                "functionName": "",
                "scriptId": "159",
                "url": "https://vectal-api.onrender.com/_events/static/recorder.js?v=1.259.0",
                "lineNumber": 0,
                "columnNumber": 22821
              }
            ]
          }
        }
      }
    }
  },
  "_priority": "High",
  "_resourceType": "fetch",
  "cache": {},
  "request": {
    "method": "POST",
    "url": "https://vectal-api.onrender.com/_events/s/?ip=0&_=1755720247500&ver=1.259.0&compression=gzip-js",
    "httpVersion": "h3",
    "headers": [
      {
        "name": ":authority",
        "value": "vectal-api.onrender.com"
      },
      {
        "name": ":method",
        "value": "POST"
      },
      {
        "name": ":path",
        "value": "/_events/s/?ip=0&_=1755720247500&ver=1.259.0&compression=gzip-js"
      },
      {
        "name": ":scheme",
        "value": "https"
      },
      {
        "name": "accept",
        "value": "*/*"
      },
      {
        "name": "accept-encoding",
        "value": "gzip, deflate, br"
      },
      {
        "name": "accept-language",
        "value": "en-US"
      },
      {
        "name": "content-length",
        "value": "4192"
      },
      {
        "name": "content-type",
        "value": "text/plain"
      },
      {
        "name": "origin",
        "value": "https://www.vectal.ai"
      },
      {
        "name": "referer",
        "value": "https://www.vectal.ai/"
      },
      {
        "name": "sec-ch-ua",
        "value": "\"Not(A:Brand\";v=\"24\", \"Chromium\";v=\"122\""
      },
      {
        "name": "sec-ch-ua-mobile",
        "value": "?0"
      },
      {
        "name": "sec-ch-ua-platform",
        "value": "\"Windows\""
      },
      {
        "name": "sec-fetch-dest",
        "value": "empty"
      },
      {
        "name": "sec-fetch-mode",
        "value": "cors"
      },
      {
        "name": "sec-fetch-site",
        "value": "cross-site"
      },
      {
        "name": "user-agent",
        "value": "Mozilla/5.0 (Windows NT 10.0; Win64; x64) AppleWebKit/537.36 (KHTML, like Gecko) Noi/0.4.0 Chrome/122.0.6261.130 Electron/29.1.5 Safari/537.36"
      }
    ],
    "queryString": [
      {
        "name": "ip",
        "value": "0"
      },
      {
        "name": "_",
        "value": "1755720247500"
      },
      {
        "name": "ver",
        "value": "1.259.0"
      },
      {
        "name": "compression",
        "value": "gzip-js"
      }
    ],
    "cookies": [],
    "headersSize": -1,
    "bodySize": 6311,
    "postData": {
      "mimeType": "text/plain",
      "text": "\u001f\b\u0000\u0000\u0000\u0000\u0000\u0000\u0003í\u000bW\u0013ÉòÀ¿Jn\u0016¯°ËàÌdf°*¢¯]\u0015u%,N2\u00135/ð\u0012\u001f(* \b(èÊK\u0014\u0005Ä\u0007>@PT<§êýkº'@\u0010½þ÷{Îc\u001e=5ÝUÕUÕÝ¿Le»¾Þ2ÜnQòûB~I\u0011\fCò\bÞ \u0011\u0014ü\u001c\u0012DÑðé\u001eÝç÷{Uw¾Ûl0ci\u0012ÏIÅôDª6¦¶D20iËL¹\u000b[>_©\u000e6§í&O\u0014ó5\u001bzZw\u0017ÒÈéæIóÝ¼¥Å×'CÔ$Qñ¶â1º$¨MQóÝÍîBLï¶Æ^MÎw§­¨y(\u001cN¤ xsù\\Ø£8ÂôÎ%m°ÇëË\bK¤\u0002\u0013ögëÙ#K°.Ù²J¦cýBVZê8#+fdJH²7#ëc²î±e5ÛÌ/d½(wêuD\u0015{\u0015*«:ÇÛRi= \u001b½*É²\"+~Ñîç|ïç\u000eR=¤äÚ#*ÑÎ²jG*ddÉ\u001f$«xé=%þÕ>/õdõd\u001c¯ÒD¬ÇU_\u0011¥Ð´E5z·EU&ëKu¥ìÎôsõ¾É\u0011UÇ\u0010M\\9Ó\u001e9ãÌ%ÙLT¬å%N~xl\u0003%~ºyEX°©'YÛ$+ÛiÂdUòî²å)ù2²òÊ(Ö2sddÚùÃDÅÉ¡dõ¥Gñ3«³úÒ¶ÆlJ\u001fÝzQÂp=\u0010´?¢çg¨å\u001fÙ«½JìUæíø\u0011?UVåÁûýäòöå¯TÊôt:i\u0005ëYÝÚÀ0Iì\u00021h\u0015\u0003aÖ¢b/¼Ç\u000f8P\u0000X\t\u001fáZiÙ\u0001¸\n­ð\u0018\u001e±.¥|\u0018oy|ÚR\tm2Éðµ{°\u0003G\u0014øTÀûWpq\u001e¼þ\u0010ÜMÀ4tAüX\f¯ñQ Ío»0\\\\Ç\füx%y}RùÐ8ÿ\u0013ûê=£\u0017p\u0006À(\fXÓì¤\u00197lÐæïv­alh\u0000x~\u0014\u001fÄp}Äópû\bLÁ\u0010\\É\u001d{÷9zÃMÃ!è¡ñ§Ø­A×Q\u0018À»9p]\fÑÅ×$\\>\u0006\u001fð=v\u001fÄ[¬]A\u0018§G\u0003\\\u0017\tp\u001eßÁ{x¿fåLy \fo\u0002\u0001|W8Q´\u0019:qì@ \u0000Oa\u0004úá-öA×f\u001c8cÐÃÕp\u0014fÊpÌj>t:\u0010Ø¼\u001fA_Y1Mü|\u0010fÈïÃ|:Ù`>x\b÷Ø'y\u001f\fÔB\u0007ÞÄ«}\u0014CÏ·Âkè6\u0018×É¤y|\t·pf/Ù\\èj@\u001ePAx.ã]¸F\u00015Ã­ÌÁQ\\\b\u000fc\u001f>Âûð\u0006§Ã)¼nÃ\u001cv£më#¸wa\u0017^g\u001d(Ø\u0000>Ç\u001exà¸ã\u001aïÈ¹<SÁ­R£g`Ô\u000f½8s\u0002îA'tÀ\u001c1I\u0005\u001fkÐNªö\u0002÷¨ÂÃ®b\u0013¾ÀÇ|\u0016]Ð¾×q°\u000f\u000f8êã\r\u00170S²)\u0007ÞïÝ)âm¼}z\n\u001eµ\na\bG°ë\u0010LbçiÞ)>Ä@\u0010§vÃ[òÏ}î¼ZèÙ|\u0014®\u001dÆ\u0007¿ÃEþ\r»p\u001aûæð ©+\u001e`~¤(¼-®ü\u0017Lí²\u0013\u0007nÂ3\u0016x|\u001a{[b0ÏS&\\ºÏ\u000f>¤¹x÷t¸\u0005]Ø\u001f\bk8(Çð¢BI\u0017Ã.¸¹ÿ\u0002u;KÆË¤üýñ\u001a¾tÒý\u00120\u0007H²\n\u000bÅÖ©}4c4{5á\rLc\u001b>iàò\u0012\fV\u0004Â8IÙÝulÆ\u0016~=ì²\u0017ÃÍ@\u0010n`b@7>Ãø¡L{ÃQÅyXø³æ \u00154áèI¼\f\u000f\u000e\u001b8ÇÆÑùÔâ\u0013\u001aLÙ3\nøzÙN\u001eLØ£^\b¤ÿÂ;(ª&ràé\u0016ì3ð\u000e<OB{y\u0013ÞÃ)\n¶9\u001c·âÓãdíèq¿OÑá^%G)á¦aRpî ÀB9ù\u0001®S\bS3ô¦jÆQVD\u000f¯Y^¸ð´\f~ÎZ\fXàÚ*Ø\níxûOÊ_>G\u0006tñ(Û8Í\u0004ïL\té0Kë`²M\u001dwSûF)ó\u000bY¶¼Ü£p«ül\u001eoiIèÿÍÄaèÒp\u0011ßìÀÕ\u0017à>¾¢\u001c\u0000\u000f\u000eaÏ¯EÐ»9Ê\u0015c÷q\u000e/\u0016¹°\u0015ØREÙß3Ð\u0017a¸S\n7\u001búÿ7M\u0016Uaë\u0004Î\u0017â\u0015¸AÝuéÐíØó\f&4äåÉO95w¾Ü %£Ï\u0007¥`,/Á©ü\u0013ß6\u000fïáGêa\u001a^Q,¦aâ\bò\u0004\u0010+\n)\f¹ß¼0èÃ\u0005l«û­é(eõ\u0010¯ÐÛâÛá~\r9yb?vñL¨¦ªË®ÑºêãNª\u0006ñ\u0006^\u0007\u001e6\u0012öâh´ñ\u0002\u001d¦\u0004h¯>K}kõ\"\u0015´·ðÛ±\u0005nnÇ¶CØiQB-ÖÃ\\iÑ6\n+8>\u001cWð\u0018óÂã2o¦Ø;A¶-O¡E>Ô@«ýUlÉ\rí\b*«¾\\ºi§eï?$YöÒ®hù\u0015º;Ý\u001c¡[ÜÔ\r«IHÄ\u0013t|\u0011ô\u0006ÝèÁ)4ZFºTMN4ÑÒU²Ö´jjíã\u0010m­\n$MÓ¼dìýÞ5ïjãÉÏÝËjÇþ§ú¼¢)>e>ä/P×K'õX*\u001cOFxÒª±bîÂ°\u001eIçÎ#ß,­ïÌQl!®Ìº\u0011£³ÍîvÚ\tfq»\u001e³¢º½#\u0016ú$ûà¨Jw,]\"Å¬X\u0010®²H\u0018fD§½æªv+mò^P¼Þ>ª®¾ÓJÙz\r[\u0010\u001b¤éªk\t\u001aP o¥×º\u0018Ó£k5Û\u000eX±µ.Ñ|ÕvÉµäWÍ\u0018¹334'_\u000fê¥0 Pa#¤o®hÊwI\u001e­\"4Ñ·èq«â&ÇÃ\"âí{âH]C¿æáÈ9l¬s3§\rûÈfËzSÞêGóe?oøý~Û¤J\nÕË(\u0018\u0014¤\u0011\u0012¼ZÈ+ø4Ã'Ø·xüa¯O5ä½F+fÄ\u001b¿zGQ4Cñtû\u0015$éFÞ\u0001}©n0öÈvR\u0017Èª¿ÀÞ%§ã§M»%Q\u001bªN$NªûjÔÆhzLó\u001c?­\u001f;Ð\\wrozçîº\u001aµ¦)\u001c÷\u001cù½¤\\¶»\fÅca«¦Ú0Ãz}HiU\u0010U:qÓuÃJ¥-J'®´ªé~¿¨°©z\u0005ª= {\fQ\b\u0006ÃäÕ}¾°©Ûu:îøÒCeßöûJZdj*xE5$øü¦\"\u0004\t¢\u0018¢ßT©ýûhê\u0011iî¿\u0016Ùg{vBe)\u000eìøP(Ü5Íç¥uÍ+ùì¤áçXÖ¼T©³Äâó­\u000fJ¾Z\u0006\u001e_¦©´tª\\©\u0010µFÔÕG\"¼ïLiq\"ñiPÆ-KøU=­}Ç7¦¨âó¯_ê\\ë07Õ&\u0013ÙºbÀàë]e@Ë\u000f%UT\u0018Aûú°²4ìgª[1Z5rõ²¤®?Ò\u000f[\u0016­An*Éz&ñÛë¯*z7¬°£ DÜ¬AÔÛ#S¦â1=Â¶`\\}ê#sµ6%»â5®]ñ¤éÚMi\u001e'¢v®ÛZ®a»²zÉ\nEô]¤\u001aiD\\áÙä¢Å;\u0012BÔtÕè\tA*P]¶B¥D»*W¢I]fAr%iu7LÃÅV.¶Ð\u001f'S®`Pù´Óþ«â77ÖRÇ®Zr]²]÷ØUT\u001cÿ»?§\u001bÅøw©Jze#¥\u0013IÚ¾~V@\u000b©£QÄ\f§×Ph¹5:Ù!\t²(r»2áx,-¤Ì¨\u0015GþËL\nÆT­NëT¡+Y\u0013Ì%*J{\u00001ß%+ZtqÑ¶ý·bTãý¢âds\u0001\u001b©&I;![%¦EÔ4¬ú(©N5»\u001e-u#K\u0014b_vÃ·IvÑ[\u0011Ï-î$gÙ3àF¶Óa\u0001õHogÚÃ*m®¼æîAÌºuPý*®ß*µ\u0006U®\u001ePåN\u001bUºøùq9®¬/.ÂrB\u0004]x#Þ8Âðm.%¦ð\u001e'qÎ~Ï\u0003nNö\u000bü0)\u0012«Üäì\u0001ù,ïÈ\n¸±IO\f/ÑYµu\u0017A³>b\ràªÅÙ(¡V\u0000Ìk¸YV\u0004w\bå\\#´ùÞQü\u001d\u001d<\u0007qÑ!Ý\"]\u001cùã\u001bQå\u000ftíÚ¨rÕ\u0000ð¦â÷Ó8äJ\\üðEû)h«Í±`¦A;Çí69>hÁ)à$sW.?¸ïW\u000eê}mälª;Ixf´¸ßs\u0002.[\u001báJ\u0001\\<·ÎÑé~þfpÄ$Py\u0017ûká\nÎ\u00155Ã­\u0002Â\u001cR\u0010¢Ä§ðü0Ìz\u0002\u001c\n!£ubXÝF\u0013ÑCuÐîÐ\u0014\u000e^<\u0005Ø³\u0013_Ð÷@\u001c>2ô Jx\u0015oþDä²ÃÄ¶¿àß4£¯q¸ö\u0010>Ä%bP(UI\\ä8N)~q\u0016oq¤ )\u001aWÆ\u0013¶rGmÒ¶Ã\u0015\u000bG\f¼\u0000GàEþ_0/Á\\9\u0011Úñâ-Ûá&÷\u001cÙ\u000e#ç)ÊwnRqh\u001fÙÌ=¦ü\u001c!\u0018é`Øg\u0013É\u000eß¯(zñF,ò#á@\u001cßOÓ8Ë\r¡K\u0017ê#æ{ýßäµ\u0001èßþ\u0007¡fFÈ\u0017~ÚK\\kü/¸UzØÒ`´G\u000f¶c'gÍ@¶Ø\u0004Ò`\u0004²\u00035\b$<6à\u0001Nån>\u0013nÄ'[y2©vÖ÷Ñô\u0017C@¬\u0005:òO\u0011h¹mxpÛ\r¹åX9vÃ\u0015NGO\u0013`íÏ©qÔj'Rø*\u00108á$c\u0003C\tßÀE¼\u0001ùØzÄa]\u0015x¿\u001c\u001f¥¡}\u0007<6K`º#@¼Ër]\f\u001fÒ!¼!xBî[ Z¼!ÃÕ\u0014ôýBÜqµj\u0018Ç\u000e¬¡ÁÚp®t÷\u001eãty/Î:\u000f\u0013+bx\u0007¯¶\u001c±Ãm¥\u0004Q¨\u000fñ||P§\u0011OtÀÒ\u001bþÁ±ãÕ¸päÄÖB*\u0012W´O0Väà¡7u<}\"U¤Ú8eÐ@\u0014ßÂôI\u001c§º3³0FÄýv¢\b_VQ%zLq·X\b\u001f%Â®×É©\n$wpÊjàà!xýr=¡ÒQ|vbÄ'\tµ-2N\fú1vø\téWk.\u001cú%-ÔÒO3Tácn È!Í`\u001fvïã]Ò\u001eû«xé{ÁÚÓ¼¨° ¥\u0019Ï,«72\u0011ÄV\u001b8rñZÎYÔm\u0004-Yý ²zû$>\t¸c{øôÚLðã\u0016\u0002®½¶ù4b/1ÊI\u0018áU\b; Oë--EÈù/\b\u001e±Á\u0013b\u0015NðÁ¸\u0002ÛÿÆî\\\u001c£;\u0016(%kÌMçÃ³\u0016Õ1ØÝy\u000e3\u0011[¼AYq\u0015ÆÀkµ'\u000ffS\u00017õ\u001b(A¼z\n7+Î\u0014\u0015\u001f6\u0017åDàYý\u001e|\u0012¢¯i\u0002Ú0ðob×\u001c_8ç\u000eRq6¹¬Ç\u000f\f²Ójqh&÷Ý«\f½¥\u001f<2æKðÆ¹(\u000eQßèGöÚ4Ó\u000f·akcÅo¿ÐÇ×p©Úaä%8Kyu\u000f\u0007ÈôWåTggÎÂ(Áz5\u0018®\"úÂn`}jÝ¿Nñ¨Û½14©yì-ÑEöOýÿ\u0000EéË£Ô/¤YXÿ¹!·Ó}ÿCÿ_hr ^\u000fMj¾\u0012Mjï80ØÑ>0Øß,\u0013W ÉÌ-6U°¯°é%UVbL7óÜ$ñeû|ÍW=~$e\u001e\bì\u0007pæiUÂ²yVØ×\u0017æiá<\u0012²NÇÙOD¢®ÿ Ì×a=Üe«\u0013üÀ2Mû\náúaÅç\u0007\u0001 Í÷NÊw(ü½Ý§}7mÝ\bG ç½6¤\u0004Ã\rÿûI`C?\thTªþ\u000f[\u0018öëA*\u0000\u0000"
    }
  },
  "response": {
    "status": 200,
    "statusText": "",
    "httpVersion": "h3",
    "headers": [
      {
        "name": "Content-Security-Policy",
        "value": ""
      },
      {
        "name": "access-control-allow-credentials",
        "value": "true"
      },
      {
        "name": "access-control-allow-origin",
        "value": "https://www.vectal.ai"
      },
      {
        "name": "access-control-expose-headers",
        "value": "X-Accel-Buffering, Content-Type"
      },
      {
        "name": "alt-svc",
        "value": "h3=\":443\"; ma=86400"
      },
      {
        "name": "cf-cache-status",
        "value": "DYNAMIC"
      },
      {
        "name": "cf-ray",
        "value": "97247f7e7b75739a-JNB"
      },
      {
        "name": "content-encoding",
        "value": "br"
      },
      {
        "name": "content-type",
        "value": "application/json"
      },
      {
        "name": "date",
        "value": "Wed, 20 Aug 2025 20:04:09 GMT"
      },
      {
        "name": "priority",
        "value": "u=1,i"
      },
      {
        "name": "rndr-id",
        "value": "d4433249-4bd8-4a91"
      },
      {
        "name": "server",
        "value": "cloudflare"
      },
      {
        "name": "server-timing",
        "value": "cfExtPri"
      },
      {
        "name": "strict-transport-security",
        "value": "max-age=31536000; includeSubDomains"
      },
      {
        "name": "vary",
        "value": "origin, access-control-request-method, access-control-request-headers, Origin"
      },
      {
        "name": "vary",
        "value": "Accept-Encoding"
      },
      {
        "name": "x-envoy-upstream-service-time",
        "value": "840"
      },
      {
        "name": "x-render-origin-server",
        "value": "uvicorn"
      }
    ],
    "cookies": [],
    "content": {
      "size": 15,
      "mimeType": "application/json",
      "text": "{\"status\":\"Ok\"}"
    },
    "redirectURL": "",
    "headersSize": -1,
    "bodySize": -1,
    "_transferSize": 380,
    "_error": null
  },
  "serverIPAddress": "216.24.57.7",
  "startedDateTime": "2025-08-20T20:04:07.505Z",
  "time": 1152.2970000005444,
  "timings": {
    "blocked": 4.527999996032101,
    "dns": -1,
    "ssl": -1,
    "connect": -1,
    "send": 1.327,
    "wait": 1144.683999998719,
    "receive": 1.758000005793292,
    "_blocked_queueing": 2.2019999960321
  }
}