{
  "_initiator": {
    "type": "script",
    "stack": {
      "callFrames": [
        {
          "functionName": "method",
          "scriptId": "126",
          "url": "https://www.vectal.ai/_next/static/chunks/9da6db1e-ad7decc175389864.js",
          "lineNumber": 0,
          "columnNumber": 80787
        },
        {
          "functionName": "",
          "scriptId": "126",
          "url": "https://www.vectal.ai/_next/static/chunks/9da6db1e-ad7decc175389864.js",
          "lineNumber": 0,
          "columnNumber": 148111
        },
        {
          "functionName": "Pe",
          "scriptId": "126",
          "url": "https://www.vectal.ai/_next/static/chunks/9da6db1e-ad7decc175389864.js",
          "lineNumber": 0,
          "columnNumber": 148117
        },
        {
          "functionName": "retriableRequest",
          "scriptId": "126",
          "url": "https://www.vectal.ai/_next/static/chunks/9da6db1e-ad7decc175389864.js",
          "lineNumber": 0,
          "columnNumber": 118977
        },
        {
          "functionName": "Rs",
          "scriptId": "126",
          "url": "https://www.vectal.ai/_next/static/chunks/9da6db1e-ad7decc175389864.js",
          "lineNumber": 0,
          "columnNumber": 148321
        },
        {
          "functionName": "",
          "scriptId": "126",
          "url": "https://www.vectal.ai/_next/static/chunks/9da6db1e-ad7decc175389864.js",
          "lineNumber": 0,
          "columnNumber": 141725
        },
        {
          "functionName": "",
          "scriptId": "126",
          "url": "https://www.vectal.ai/_next/static/chunks/9da6db1e-ad7decc175389864.js",
          "lineNumber": 0,
          "columnNumber": 118337
        },
        {
          "functionName": "",
          "scriptId": "126",
          "url": "https://www.vectal.ai/_next/static/chunks/9da6db1e-ad7decc175389864.js",
          "lineNumber": 0,
          "columnNumber": 118343
        }
      ],
      "parent": {
        "description": "setTimeout",
        "callFrames": [
          {
            "functionName": "Er",
            "scriptId": "126",
            "url": "https://www.vectal.ai/_next/static/chunks/9da6db1e-ad7decc175389864.js",
            "lineNumber": 0,
            "columnNumber": 118125
          },
          {
            "functionName": "enqueue",
            "scriptId": "126",
            "url": "https://www.vectal.ai/_next/static/chunks/9da6db1e-ad7decc175389864.js",
            "lineNumber": 0,
            "columnNumber": 117852
          },
          {
            "functionName": "capture",
            "scriptId": "126",
            "url": "https://www.vectal.ai/_next/static/chunks/9da6db1e-ad7decc175389864.js",
            "lineNumber": 0,
            "columnNumber": 151479
          },
          {
            "functionName": "Bi",
            "scriptId": "126",
            "url": "https://www.vectal.ai/_next/static/chunks/9da6db1e-ad7decc175389864.js",
            "lineNumber": 0,
            "columnNumber": 65378
          },
          {
            "functionName": "",
            "scriptId": "126",
            "url": "https://www.vectal.ai/_next/static/chunks/9da6db1e-ad7decc175389864.js",
            "lineNumber": 0,
            "columnNumber": 64921
          },
          {
            "functionName": "ai",
            "scriptId": "126",
            "url": "https://www.vectal.ai/_next/static/chunks/9da6db1e-ad7decc175389864.js",
            "lineNumber": 0,
            "columnNumber": 64904
          },
          {
            "functionName": "",
            "scriptId": "126",
            "url": "https://www.vectal.ai/_next/static/chunks/9da6db1e-ad7decc175389864.js",
            "lineNumber": 0,
            "columnNumber": 65345
          }
        ],
        "parent": {
          "description": "setTimeout",
          "callFrames": [
            {
              "functionName": "Ui",
              "scriptId": "126",
              "url": "https://www.vectal.ai/_next/static/chunks/9da6db1e-ad7decc175389864.js",
              "lineNumber": 0,
              "columnNumber": 65324
            },
            {
              "functionName": "onRRwebEmit",
              "scriptId": "126",
              "url": "https://www.vectal.ai/_next/static/chunks/9da6db1e-ad7decc175389864.js",
              "lineNumber": 0,
              "columnNumber": 63832
            },
            {
              "functionName": "emit",
              "scriptId": "126",
              "url": "https://www.vectal.ai/_next/static/chunks/9da6db1e-ad7decc175389864.js",
              "lineNumber": 0,
              "columnNumber": 59214
            },
            {
              "functionName": "At",
              "scriptId": "159",
              "url": "https://vectal-api.onrender.com/_events/static/recorder.js?v=1.259.0",
              "lineNumber": 0,
              "columnNumber": 72562
            },
            {
              "functionName": "mousemoveCb",
              "scriptId": "159",
              "url": "https://vectal-api.onrender.com/_events/static/recorder.js?v=1.259.0",
              "lineNumber": 0,
              "columnNumber": 76208
            },
            {
              "functionName": "e.mousemoveCb",
              "scriptId": "159",
              "url": "https://vectal-api.onrender.com/_events/static/recorder.js?v=1.259.0",
              "lineNumber": 0,
              "columnNumber": 41250
            },
            {
              "functionName": "",
              "scriptId": "159",
              "url": "https://vectal-api.onrender.com/_events/static/recorder.js?v=1.259.0",
              "lineNumber": 0,
              "columnNumber": 42525
            },
            {
              "functionName": "",
              "scriptId": "159",
              "url": "https://vectal-api.onrender.com/_events/static/recorder.js?v=1.259.0",
              "lineNumber": 0,
              "columnNumber": 22912
            }
          ],
          "parent": {
            "description": "setTimeout",
            "callFrames": [
              {
                "functionName": "",
                "scriptId": "159",
                "url": "https://vectal-api.onrender.com/_events/static/recorder.js?v=1.259.0",
                "lineNumber": 0,
                "columnNumber": 22856
              },
              {
                "functionName": "",
                "scriptId": "159",
                "url": "https://vectal-api.onrender.com/_events/static/recorder.js?v=1.259.0",
                "lineNumber": 0,
                "columnNumber": 42720
              },
              {
                "functionName": "",
                "scriptId": "159",
                "url": "https://vectal-api.onrender.com/_events/static/recorder.js?v=1.259.0",
                "lineNumber": 0,
                "columnNumber": 22821
              }
            ]
          }
        }
      }
    }
  },
  "_priority": "High",
  "_resourceType": "fetch",
  "cache": {},
  "request": {
    "method": "POST",
    "url": "https://vectal-api.onrender.com/_events/i/v0/e/?ip=0&_=1755720247506&ver=1.259.0&compression=gzip-js",
    "httpVersion": "h3",
    "headers": [
      {
        "name": ":authority",
        "value": "vectal-api.onrender.com"
      },
      {
        "name": ":method",
        "value": "POST"
      },
      {
        "name": ":path",
        "value": "/_events/i/v0/e/?ip=0&_=1755720247506&ver=1.259.0&compression=gzip-js"
      },
      {
        "name": ":scheme",
        "value": "https"
      },
      {
        "name": "accept",
        "value": "*/*"
      },
      {
        "name": "accept-encoding",
        "value": "gzip, deflate, br"
      },
      {
        "name": "accept-language",
        "value": "en-US"
      },
      {
        "name": "content-length",
        "value": "2312"
      },
      {
        "name": "content-type",
        "value": "text/plain"
      },
      {
        "name": "origin",
        "value": "https://www.vectal.ai"
      },
      {
        "name": "referer",
        "value": "https://www.vectal.ai/"
      },
      {
        "name": "sec-ch-ua",
        "value": "\"Not(A:Brand\";v=\"24\", \"Chromium\";v=\"122\""
      },
      {
        "name": "sec-ch-ua-mobile",
        "value": "?0"
      },
      {
        "name": "sec-ch-ua-platform",
        "value": "\"Windows\""
      },
      {
        "name": "sec-fetch-dest",
        "value": "empty"
      },
      {
        "name": "sec-fetch-mode",
        "value": "cors"
      },
      {
        "name": "sec-fetch-site",
        "value": "cross-site"
      },
      {
        "name": "user-agent",
        "value": "Mozilla/5.0 (Windows NT 10.0; Win64; x64) AppleWebKit/537.36 (KHTML, like Gecko) Noi/0.4.0 Chrome/122.0.6261.130 Electron/29.1.5 Safari/537.36"
      }
    ],
    "queryString": [
      {
        "name": "ip",
        "value": "0"
      },
      {
        "name": "_",
        "value": "1755720247506"
      },
      {
        "name": "ver",
        "value": "1.259.0"
      },
      {
        "name": "compression",
        "value": "gzip-js"
      }
    ],
    "cookies": [],
    "headersSize": -1,
    "bodySize": 3438,
    "postData": {
      "mimeType": "text/plain",
      "text": "\u001f\b\u0000\u0000\u0000\u0000\u0000\u0000\u0003íY[H\u0016þ+ÈÛ\u0012)\u0001\u001b|æ!Jzg5vÌDJÇB\u0005\u0014¦d \b\u0014¶»GùïûU\u00016¦Ý·Yi\u001fFÝýÐö©Sç~«ÓWêG£åÈ²\u0017ópaOI\u0014O\u0018Q:%\u0001\u000bm2ÂÉ\"\u000eE\u0010Z£×#¶e¹\u0004ú\u0005­¥\bi!ë\u0001\\¢`¥ä¬\u001a-ÿ\u001c]\bü\u0019}áy$v\u0015NñÝß²²â\"\u0007ÜVt.\u0012g¬Ä÷wI)2Eä\"b[\u001e2_^\u0017\fð÷¬ÚHQ¨\u0003É3v#r\u0005}\u001b<¤ã_DBóUA]®û\u0018¾ãABb;\u0016àa]Ø¯Ë\u0014\u0013)j9\u001eïv;sËBISò±ºJ©ur à\u0005IN!Þr¤ñJºókÈíÓucâ§)\u001d»¦e¼lU6~ûlØi½1\u0000ð¦o½7}e¼-}aÁ\u0007.ÇîdfN<ãå}þøëk#å\u001bfüÌÂxeü&øØ2§ ×\u0018fl;iãÙ¦=±Ë\u0014ò\"\u001f;\u000bÓ6]ã\u0013iÉ[=Ë\u001e-\u000e\u0002=pJóu\ré!;ËÉïúWº3¿(YÌ÷\u001aEWaÉXî'¯\u0013(\rÓ*Û¶Ð\u001dd2Z:öd\nà³]!JyD¶ìy\u001fÞ¢Û®§¤Jy ÌÎ\u0002Å\u0006_úqb:îÂÔÁÂsH'}\u001d¨éÚ£)\u0016Á5½qtÞ\u0007ÉëÎ\u001cËÂ\u0017®ûz\u0014ñJò<lï¹\u001e],¬iLbæÎÈt>µ\tD\u0016\tØ³gt>\u0019mxqÉiÊo¨\u001c~Cz\u0004².±æÄ±>Û¥;Y:®9õ¼¯êF(ò¯\b_±JI¯oZú\u0019\u0012Á[êç\u0018ß|sí &K=\u0002Ém²ÐLj!]sÏ³[âHµ_²P\u0011Ï×>Ëij~%\fæW<²¬rK+Ã\u0011;gr'Ê_ÐëTÐÈïò\u0016©Ú~ü7+cQf4\u000f5´»\u00005p¿£\f/ù[ÜRCOÓTì QÆ$\u0012\u0014\u0018y¦?~'£ÕFÓU8g1Boiu\u0004@(EªdEJ¯ýfH%¿¤\u0012Ò¶4Ú#ÈË³:ó£\u001a§:NÏ\u0011³¼~ã²Ãa¯ù3¶¡£2nOãû|ðaÂö!+tuÏ\u0012ì\u0018GL9.åáæ\u000eÎ\u001d\"\r%ß2\u001fÑ¬Æ)]éÕ\b¹­,I\nä7ÉÙ¨2V\u0011X¢K¹\u0015n·×Æ\u000fc/GaBeS\u0007ýu)j]©ûl»xS=Ayïä¬dßkVµ¹iÍÜ8:*\u0005\b¹\u0019-\bµ]F¢\u0019£\u0000}ÈÒÍçBWÞ'e3ê\u0018C\u0007P}æ\"â'yª@DF¹R¦wZE\u001b?bA­ÔAS²LHô¥¯×\u0010 £2LtFÑ­{ºY\u001e®U\u0012ê«ÆØ\u0001ºH;Ë\u0013\rë/ÞLy¾Aph+?B+fÓuuéÂÃz\u001dDa¥,\u0003^åÃíÚbUAs\"Ýçfr¨\u0019ÓH\u0003\u000fy\b\u0004spÉp%D8]I%²ô\u0011Ò´ª~ú\u0006Á\u001aDã\u0016¢qäa´d>¯o£RD%%JQ\u0006ra**\u0016uG¼N\u00154£{¢ûÏÒ\bi\u001a¾´-ëAUì_½ù6ÊeBàÙ4\u0002ªÓ|\u00151Q\u0001Àl/ñé2LÄ;±6Þ\u0019ïa½T\u0014Ê4ßFoZJ14EÊöæ\u0016Ä1\u0013\u0001.5¹úóOõ»2¡l¼ÂuVEI07\u0014{ \u0016×\u0004ÝÝD^å\u0011LÅ\\Ùb¿j>§,°.Í+´+pB1w$F$\u000e\fÛ\u0000\r%Ñgfh\fÅÌh\u0019½Ñ²4z,Ï¥q[\u0005ãToú6\tÿM#¾5u}1Kò\r4ÔFwø0KEq@âqÌ°®¤È\bHÓD¢\u000eh\u0007Ã~h=$!©\f\u0014£æ=Ix\u0014±ü\b¹&ªÓ\fx\u000fN[÷³lµGm´l\u001f©ÁId2Z©l\"T(m5ÑBÞV©UèÔãwéÓJOx\u0018=\t\u0006ú4\u0001ÛIr.\u0001siä\u0018û\u001fJ^\u0000´úG-zÉ¹|iCö2î)u-£&ff\u0001¬:°Ë­B9º¾5Ý\u0010Æàÿ íÁ§E ª\f² È)ÏÖ\u001aSjO°È¹Ô8kA\u0000\fìÛq|?¿{<>\u001dr\u0003@sÓuÐvÔïÊ\f0«²\u0012þ9\u0000Ê3ý ç+t¡h¬\u000eå­^Wº]­PÚ¯\u001c\u0007mj5Ð¡»3\b#U£/¢ÑIÔ}8ÈÚÏÒçi¦\u001e\u0004x¤\u001fÚJ®A*ÂÍ0ÉøîNâÛ6\u000fÆ:Ûô´5ÚØm\u001bàÓúCÛµUg\u0019«ùZU]5`Ëa&´\"WWzÜØâéMsùz ÊÕJõÅ\u0016»¹jð,éÆèb8,¤;è&ûâ1\u0012\u0019\u0016Gpoe\"à)[ba½xL\rDtÝfÄ[õ»ê\u001cvðCJ«FwÞ.ýûý0î1'dzwK£V6zÄX§g`LÛD0ÖÞ5\u0000K\rö!ËQ¾¼,¾º\u001fÖî.ûÝýÃ|ÙÐ?>^ÿú³|ûþòûÚ]ïãÜùõòÓ.q;\u0002\fê1­S©&ñf£à\u0012gª§øö\tÜÛÅYè\ba\u0014\u0017ÎÈÜæD-7°ÍÝf_²Óë¦\u0007ïL¦S/ÎBý ê\u0018A£R½lÎ=ÎáÜùX:Á}hÍv}×Òí\u0014ëÖ\nî°%8¼j7ïÙ×\u0010W³nNS?¨cèá§,_«ýÚU=\\ñ\u001b°Åjí\u0004¹Û)vb\u001ew\rÞdáÎ\u0016'È\u001d\u0012d-Õ6Lí¨ìg¹SO­Åú\"(eñ(®YËW­ÔJ¬\u0019ÿ|ZðÎb\u001b«\u0011\"L(éf(²qóòÔ«WõW»·a0oØbB=\"^fáÂcSfY±^UÀ\u0007\t\u001es¼\u0011»­\u0006¶¼!ÔñQ©*¨¯1\nÄáXÉªv2xf\\ªW3¢EùIç\rü´X`\rÐ-h±¦s~¼¾½f\u0016\u000bÈlâ.È|N-2\u000fhì\u0005Ö4ÍÜþþù\"Á6!£jéð¼|~^>ÿÏl^m\u0017üûÍ¦¨*z}rkùmÔóòùyùü¼|~^>?/\u001f¢Ð¶q½½UÙG\\â?Õh\t\u001e*ëµªjøjÍ¤V¡F6\u0002Ûö\tx+ÃS`¤F'\\lÖß?V\bçiÿï3í\u000eð÷Nû\r&\u001f÷½\u001a$ÇýÇ}\u0004óÕ\u0001Æw\u001a¦p\"\u0000\u0000"
    }
  },
  "response": {
    "status": 200,
    "statusText": "",
    "httpVersion": "h3",
    "headers": [
      {
        "name": "Content-Security-Policy",
        "value": ""
      },
      {
        "name": "access-control-allow-credentials",
        "value": "true"
      },
      {
        "name": "access-control-allow-origin",
        "value": "https://www.vectal.ai"
      },
      {
        "name": "access-control-expose-headers",
        "value": "X-Accel-Buffering, Content-Type"
      },
      {
        "name": "alt-svc",
        "value": "h3=\":443\"; ma=86400"
      },
      {
        "name": "cf-cache-status",
        "value": "DYNAMIC"
      },
      {
        "name": "cf-ray",
        "value": "97247f7e8b8d739a-JNB"
      },
      {
        "name": "content-encoding",
        "value": "br"
      },
      {
        "name": "content-type",
        "value": "application/json"
      },
      {
        "name": "date",
        "value": "Wed, 20 Aug 2025 20:04:08 GMT"
      },
      {
        "name": "priority",
        "value": "u=1,i"
      },
      {
        "name": "rndr-id",
        "value": "3356a568-a217-41e8"
      },
      {
        "name": "server",
        "value": "cloudflare"
      },
      {
        "name": "server-timing",
        "value": "cfExtPri"
      },
      {
        "name": "strict-transport-security",
        "value": "max-age=31536000; includeSubDomains"
      },
      {
        "name": "vary",
        "value": "origin, access-control-request-method, access-control-request-headers, Origin"
      },
      {
        "name": "vary",
        "value": "Accept-Encoding"
      },
      {
        "name": "x-envoy-upstream-service-time",
        "value": "25"
      },
      {
        "name": "x-render-origin-server",
        "value": "uvicorn"
      }
    ],
    "cookies": [],
    "content": {
      "size": 15,
      "mimeType": "application/json",
      "text": "{\"status\":\"Ok\"}"
    },
    "redirectURL": "",
    "headersSize": -1,
    "bodySize": -1,
    "_transferSize": 382,
    "_error": null
  },
  "serverIPAddress": "216.24.57.7",
  "startedDateTime": "2025-08-20T20:04:07.511Z",
  "time": 314.8090000031516,
  "timings": {
    "blocked": 6.224000005759764,
    "dns": -1,
    "ssl": -1,
    "connect": -1,
    "send": 2.373,
    "wait": 302.83400000341936,
    "receive": 3.3779999939724803,
    "_blocked_queueing": 2.8970000057597645
  }
}