{
  "_initiator": {
    "type": "script",
    "stack": {
      "callFrames": [
        {
          "functionName": "method",
          "scriptId": "126",
          "url": "https://www.vectal.ai/_next/static/chunks/9da6db1e-ad7decc175389864.js",
          "lineNumber": 0,
          "columnNumber": 80787
        },
        {
          "functionName": "",
          "scriptId": "126",
          "url": "https://www.vectal.ai/_next/static/chunks/9da6db1e-ad7decc175389864.js",
          "lineNumber": 0,
          "columnNumber": 148111
        },
        {
          "functionName": "Pe",
          "scriptId": "126",
          "url": "https://www.vectal.ai/_next/static/chunks/9da6db1e-ad7decc175389864.js",
          "lineNumber": 0,
          "columnNumber": 148117
        },
        {
          "functionName": "retriableRequest",
          "scriptId": "126",
          "url": "https://www.vectal.ai/_next/static/chunks/9da6db1e-ad7decc175389864.js",
          "lineNumber": 0,
          "columnNumber": 118977
        },
        {
          "functionName": "Rs",
          "scriptId": "126",
          "url": "https://www.vectal.ai/_next/static/chunks/9da6db1e-ad7decc175389864.js",
          "lineNumber": 0,
          "columnNumber": 148321
        },
        {
          "functionName": "",
          "scriptId": "126",
          "url": "https://www.vectal.ai/_next/static/chunks/9da6db1e-ad7decc175389864.js",
          "lineNumber": 0,
          "columnNumber": 141725
        },
        {
          "functionName": "",
          "scriptId": "126",
          "url": "https://www.vectal.ai/_next/static/chunks/9da6db1e-ad7decc175389864.js",
          "lineNumber": 0,
          "columnNumber": 118337
        },
        {
          "functionName": "",
          "scriptId": "126",
          "url": "https://www.vectal.ai/_next/static/chunks/9da6db1e-ad7decc175389864.js",
          "lineNumber": 0,
          "columnNumber": 118343
        }
      ],
      "parent": {
        "description": "setTimeout",
        "callFrames": [
          {
            "functionName": "Er",
            "scriptId": "126",
            "url": "https://www.vectal.ai/_next/static/chunks/9da6db1e-ad7decc175389864.js",
            "lineNumber": 0,
            "columnNumber": 118125
          },
          {
            "functionName": "enqueue",
            "scriptId": "126",
            "url": "https://www.vectal.ai/_next/static/chunks/9da6db1e-ad7decc175389864.js",
            "lineNumber": 0,
            "columnNumber": 117852
          },
          {
            "functionName": "capture",
            "scriptId": "126",
            "url": "https://www.vectal.ai/_next/static/chunks/9da6db1e-ad7decc175389864.js",
            "lineNumber": 0,
            "columnNumber": 151479
          },
          {
            "functionName": "Bi",
            "scriptId": "126",
            "url": "https://www.vectal.ai/_next/static/chunks/9da6db1e-ad7decc175389864.js",
            "lineNumber": 0,
            "columnNumber": 65378
          },
          {
            "functionName": "",
            "scriptId": "126",
            "url": "https://www.vectal.ai/_next/static/chunks/9da6db1e-ad7decc175389864.js",
            "lineNumber": 0,
            "columnNumber": 64921
          },
          {
            "functionName": "ai",
            "scriptId": "126",
            "url": "https://www.vectal.ai/_next/static/chunks/9da6db1e-ad7decc175389864.js",
            "lineNumber": 0,
            "columnNumber": 64904
          },
          {
            "functionName": "",
            "scriptId": "126",
            "url": "https://www.vectal.ai/_next/static/chunks/9da6db1e-ad7decc175389864.js",
            "lineNumber": 0,
            "columnNumber": 65345
          }
        ],
        "parent": {
          "description": "setTimeout",
          "callFrames": [
            {
              "functionName": "Ui",
              "scriptId": "126",
              "url": "https://www.vectal.ai/_next/static/chunks/9da6db1e-ad7decc175389864.js",
              "lineNumber": 0,
              "columnNumber": 65324
            },
            {
              "functionName": "onRRwebEmit",
              "scriptId": "126",
              "url": "https://www.vectal.ai/_next/static/chunks/9da6db1e-ad7decc175389864.js",
              "lineNumber": 0,
              "columnNumber": 63832
            },
            {
              "functionName": "emit",
              "scriptId": "126",
              "url": "https://www.vectal.ai/_next/static/chunks/9da6db1e-ad7decc175389864.js",
              "lineNumber": 0,
              "columnNumber": 59214
            },
            {
              "functionName": "At",
              "scriptId": "159",
              "url": "https://vectal-api.onrender.com/_events/static/recorder.js?v=1.259.0",
              "lineNumber": 0,
              "columnNumber": 72562
            },
            {
              "functionName": "mousemoveCb",
              "scriptId": "159",
              "url": "https://vectal-api.onrender.com/_events/static/recorder.js?v=1.259.0",
              "lineNumber": 0,
              "columnNumber": 76208
            },
            {
              "functionName": "e.mousemoveCb",
              "scriptId": "159",
              "url": "https://vectal-api.onrender.com/_events/static/recorder.js?v=1.259.0",
              "lineNumber": 0,
              "columnNumber": 41250
            },
            {
              "functionName": "",
              "scriptId": "159",
              "url": "https://vectal-api.onrender.com/_events/static/recorder.js?v=1.259.0",
              "lineNumber": 0,
              "columnNumber": 42525
            },
            {
              "functionName": "",
              "scriptId": "159",
              "url": "https://vectal-api.onrender.com/_events/static/recorder.js?v=1.259.0",
              "lineNumber": 0,
              "columnNumber": 22912
            }
          ],
          "parent": {
            "description": "setTimeout",
            "callFrames": [
              {
                "functionName": "",
                "scriptId": "159",
                "url": "https://vectal-api.onrender.com/_events/static/recorder.js?v=1.259.0",
                "lineNumber": 0,
                "columnNumber": 22856
              },
              {
                "functionName": "",
                "scriptId": "159",
                "url": "https://vectal-api.onrender.com/_events/static/recorder.js?v=1.259.0",
                "lineNumber": 0,
                "columnNumber": 42720
              },
              {
                "functionName": "",
                "scriptId": "159",
                "url": "https://vectal-api.onrender.com/_events/static/recorder.js?v=1.259.0",
                "lineNumber": 0,
                "columnNumber": 22821
              }
            ]
          }
        }
      }
    }
  },
  "_priority": "High",
  "_resourceType": "fetch",
  "cache": {},
  "request": {
    "method": "POST",
    "url": "https://vectal-api.onrender.com/_events/s/?ip=0&_=1755720251969&ver=1.259.0&compression=gzip-js",
    "httpVersion": "h3",
    "headers": [
      {
        "name": ":authority",
        "value": "vectal-api.onrender.com"
      },
      {
        "name": ":method",
        "value": "POST"
      },
      {
        "name": ":path",
        "value": "/_events/s/?ip=0&_=1755720251969&ver=1.259.0&compression=gzip-js"
      },
      {
        "name": ":scheme",
        "value": "https"
      },
      {
        "name": "accept",
        "value": "*/*"
      },
      {
        "name": "accept-encoding",
        "value": "gzip, deflate, br"
      },
      {
        "name": "accept-language",
        "value": "en-US"
      },
      {
        "name": "content-length",
        "value": "10552"
      },
      {
        "name": "content-type",
        "value": "text/plain"
      },
      {
        "name": "origin",
        "value": "https://www.vectal.ai"
      },
      {
        "name": "referer",
        "value": "https://www.vectal.ai/"
      },
      {
        "name": "sec-ch-ua",
        "value": "\"Not(A:Brand\";v=\"24\", \"Chromium\";v=\"122\""
      },
      {
        "name": "sec-ch-ua-mobile",
        "value": "?0"
      },
      {
        "name": "sec-ch-ua-platform",
        "value": "\"Windows\""
      },
      {
        "name": "sec-fetch-dest",
        "value": "empty"
      },
      {
        "name": "sec-fetch-mode",
        "value": "cors"
      },
      {
        "name": "sec-fetch-site",
        "value": "cross-site"
      },
      {
        "name": "user-agent",
        "value": "Mozilla/5.0 (Windows NT 10.0; Win64; x64) AppleWebKit/537.36 (KHTML, like Gecko) Noi/0.4.0 Chrome/122.0.6261.130 Electron/29.1.5 Safari/537.36"
      }
    ],
    "queryString": [
      {
        "name": "ip",
        "value": "0"
      },
      {
        "name": "_",
        "value": "1755720251969"
      },
      {
        "name": "ver",
        "value": "1.259.0"
      },
      {
        "name": "compression",
        "value": "gzip-js"
      }
    ],
    "cookies": [],
    "headersSize": -1,
    "bodySize": 15864,
    "postData": {
      "mimeType": "text/plain",
      "text": "\u001f\b\u0000\u0000\u0000\u0000\u0000\u0000\u0003í\\\tW\u0013KÓþ+¨ ,d²¨à.¸!îAÍ\n\u0011HB\u0012EÜØD\u0010\u0010\u0010Qd\u0013\u0004\u0014D\u0014E6áª?ö=3ÝA\u0014P¯÷¾÷û<ß{ï9\b3=½ÔÖUOU÷åêøòr¿'>=Þ Ømn»¢¦x½6SÕëñ¥Ø^WÓ7*^­æøäxï\ro æ\t3\u0014)\nFñ,\u0014\u000e¼á¨ß\u001bO¯þúæª«2ª=R-\u0016[òÇ\u001egÔ\u0019£!o|º)9^<©\u0004ËÃn<RÐg0âú\u0001|\u0015xf@'ñéF£99^±Y5&ÇGý¥Þ>_Ä9¥¨VCM²lw?nl²XW\u001b\u001bôÆ\r#h\u0015£Ñfý¾¹Á\u001ekn´æªl®ÚñË7f5ÖØ*\u001b\u001bUÑØå~ÓV±¯v¬Io6\u001b·5Ybm\u0015¼ÓÚe¿ë'a3Ë¶vSkjMÍ\u001aQ¾[\\MAx\u0016:KCÚ¼Íf«Ñ`T-v³>¿My\u0005ÚE½\u0015Qð)ÞQn0(>jv¸´ß\f\u0006ëN\u001a-\u0012¿ê?MúOEÿi\u0014Ïù\u000b¯\\.H¢Å\\Gxíóµ?!aÎh4ìwëâô\u000bÃ¹)Ë\u0011 »qzSÃ!\u001e¢E^*¦zzÈÏ+èøR±SïEnáì\u001d\\\u0016c<Åïi¾d×ÎËú¿V½W«q\u0017=×ÿöR'úißwh»\"»y?n¡A1\u0018OðxFÿSÅ»»\u001e\u001e¡\tzÌM\u0006~DÃôçyº©û©M,»¸¸ïâ«\u000f{K7~qé¿Maç\u0006 ·gO\u0017s¯þ\u0017\u0016»¼\u001a¹á\u001aÕ\u0016q_¶h>.z9ÄÏ¸ö\n/`Á¢9=t%Ñì>mí4p\"yñ\u0004^÷Yè5Ñ\u0014\r+`D\u0007ØÐyóæUJ¥ÃÜaØE\u001fyëÒ,ÍQ¿ÞÂÏi»3èU¨æâøÙV~/1Xx@Rß\u000evNÒÛLS(=­6nåê]Ö4îñ¨O`E3u[hÔOuôêù±`4\u0016ðïÑ\u0007æÆê\nnây\u001av\u0004\u0004céQ\u0019wäÐ°{øá9Öº©\u000b.8|ÔA£ü\bßöú.\\Ä¯}ÜÍ=é:Û\u001fVò{}æ\u0014\u0013\ròL\u0002ÄaÉL®WQ;¿8/gÞEúo[<ºÛÜxzÉ\rü0\u000fÿôÑôn¼yIòsé)½¤1ýî~}\ri\u001dç.¬÷£\\ì#z;\u001c¦çô\u0018\u001ft@\u0007h(zøÍõÌ­z\u0013ãÙcÐ\u0019~ÇÍÜéçÙ<®¯àYAõìt9»)ÁÐ|!Qü\u0016®Kºx}÷Nn×ßÑñ3\u001aH§6ü2\bîvÑ\\6½=¾Uåç\u0000×KjuNi\u0016èáQä{<\tò÷íÐ =á\u0011£¦}Ôx4|)Â=úG6°ª\u001eÿÒ«ór0·\u0017J¿J¾âÕ¸`».\u0010ç\u0015j½)%¶>b\u001cÁ`ó1!²A×ZêÝÎÓ×r\u0005ÑÏq³à\u0011×\u0015Sè\u0005õfïà9A\u0003\u0017OQ\u000fõIùtØ\u0011¯:â¹zìôA¬gLô&L3\n\u0014½·úìö\"\u000fÖ\u0014\u000bbRã1~Ìó9\u0017hÆrb\nÅ\u001féÉ^(U=\rçmsÕÉûy!çÔZsÄ÷-Û\nj\u00051ñ\u0019L¥+#;¨ùÊyèÊ#ýáíÓüey\u0015Dò£3°@K©ÜI3W1q/\b}VÀ·÷=+¥.AÞ*\u000fÕ\tö¯3'K4k\t\røÅOéÞ!.<\u0017ÄQ4$(­ðkziÌ¼F÷¯íj·òP\u00125\bâ+\u0016\u001eæ»Îà>Ã¸2j§û¶Ñ3¾OOÅÛk7/å\u0014üòy8:1È#ZÉå~Pf¦4tÛ2öâ»ÎTj®®¦íü\u001eÐôvñy.\r@}Æ\u0012|w\u0015\n\u0005\róH\r×ó'¡óVì\t\u0013Y ôn¥ EcÔãê2AÏ0jý!\u001aÖ¥H±U\tG#P¼Æì£ô\u001bÎIÕ_\u0016\u0003ÑRáÕÄ\u0012,ÏW¶ôÉ\u0011åZ^¦gÛ¹CBB\u0013¤ÝRU!_B\u0002Ô\u001aj¤Á,zn2ï¸Å\u000eßÚ\u0002¥é¢w» \u0004õ<Ê½&nMk«É;*FºöæS\u0013½åqÐ\u001f;oKa\u0014Bi¥O\\{M(@áyHæ\u0013#ð¼BÏ\n¨ÍVÍÃÔ¦í\r¦Ëôâ\u0004OìÅöó\f\u0006öíé[Ã&~Õ ùcî\u001bØ3´?S\u0014­å/¹\t\u000b¾ÝÏáÞÅ.û·oðu´²\u0004\u001fWÇ§¤\u001eEJ(\u0018«â¼áô8]%Þ~O´\bPÌ\u0016c¨\u0002\u001bÙ¦-¼þÂ\"Íu5\u001aT\u000bþ³b1F»ÑnÝð»»(\u0018þÚ½ÑjÒþ3Û¬\u0016Õ¢ÚÔ\u001f|´:bO5oÔ.\u001av\u0006\"¾`¸4%\u0018ö\u0017ú\u0003ñé>gIÄ[SS\u0003Ú¬îö:¡ômùòfÞ\u0015²ñ·ÉnG£MÈî\føK\u001bâ)\u000fë¿È©âÕW?Pâ+\u000f¸7iáñ8á®{îzE¯)î`¹\u0016V¬ÿÒ\u001fönÖ«Ï_RR\u001aô`¦ëÞ0`\n¨\u0015ÝèeÀYºÑcÀ%þÀF¯À¯B¯Ö_x£I·Þ\u0000È\u0019ã#xòs¡^\u0015\u0003þ{\tæh\bU$Ç!\u0016B2~EzâÍmq&.¡·ß#\u0000Kô\u0000ëÛu:Ã~'X\u001fqã×ã\u0000\u0004ÊKJDß1ÞÄ»K\u0011¯\u0007SþJ±õò¸ñ\u0017uªAùá\u001a7:µ¹hq¤fì6#MÆÕ8RF¨Ê¦A§Ñ\u001a\u000bÊ\u0014E\u0004F#Ý¤±¢ÏWo\u001eõÆ±\u0010n]c{l\u001669c\u0013äNojþ>0TM£=«jùrð«ödòÆCo:Ã`Þo\b®Ùüc¦þ'&ü»ÆÚüË¡ôº¹~3Tu|È\u0019\u0006\fsT¯]ÑO'a±ýe-Ð¤M)+f¨Ë\u0015£~+S\u0018\\ÈWhkÒ\u0000\n½­FÝoÛbJ \u0001\u000f\n´E\u0007<\fPoµË\u001aCRF1\t*'a4¨ëp\fcLcT³P/Öã&­\u0012Ú<bkÙ¼ï¯Úh1Ë\u0018$í7h\rwds%³[~¼ioÄ\u0002]ãõåK{±Á ª9Y¤Ý2iDÛXöU\n²#Ö¯QM&\u00036un\u001503Ç¨\u001bëÝ´ÎÆl(ÙTY\u0013Ô7\u0012Á\u0012¯®\u001f\r®\u0014Åíq§X-nkÍâ±¥hì>«Íìua+L¸é\u000fx7úIU-\u001eÕêvjßø]h}St?®Þðµ5\u000f-Õh¶§j\u0000H4XìÕÜW£\u0007CÌ9æ¥gÍç,¦óÅÎsÇ+Ë.\u001df\u001d8XVh.¬ð\u0005¹\u0007Ï>xÌ¨ué\u000e\u0006|þÂ«\u001e¯ÏY^¢#a´9\u0005\u0001¾QÅ{?\u0012õÃ7\u00126[v»Aõ¥ø¼f+ôFUR&!ÅåòY\u0014«ÓfóyÓ\u001d¤4Á}×èþ=Lë³=)VÕâT¼6ðÞd·Ú\u0014Åipkcþ\u0006L«Ø\u0014\u001bñoã´fM* \u001c1xTß\u000e¿3\u0016«\u0017k¼ªxÙøÎZ¬º±ÆúÞ¹qkõ«%RÌ1ÑpÕïìÅ×ÖYÑ[Çf¢©Î·\u0016@Ù\u000bô-1USl&ëú\u0006B»Ú:\u0018kj²që¯±Ys\btxYz\u0011ë\u001aÿ@µì?1î?\u0000kíÿ\u000eX»~\u0018µ\n !µ>\t¹´kh-Í§Rë\u0015z%Cî¦íûç|ÜF£\u0002\u0005QøÝ\u0015~Ê\u00052¥Á\\#2°\u001f\u0016!oØBïröÈ8î#LoSE4-þñ8¢hò*? îbn\u0010\u001fm§1þÂá8Gï\u0011ðw!\n¯Åª\u001fP½}\u0015ªm\u0013àÁ\u0012¼ð\u0017ÑÚÄ\u001b£µë\u0006 ·ùÜ\u001bÐàZ\u001f\u0011W6°!\u001d\u001f4xéXÈ@'\u001b\u000e\u0001JY\u00008ö÷\t0Jþ!½\u0012ØÁè\u0001äÝ\u000e³ÎOïÑ·qo)uV\u0001z( \u0019Ñ'½Ôÿu\t²\u0019¼Ü$A¹\u000eØg\u0012níQZà9óKj\u0019½»y\fXyS(;vðKj\u0003fK3R4\u0004wN@:fàR:»å\u00070n\u0003w\u0003\u001b\u0002Ôöæ¿\u0007rCÜpçøÁ7@î'\u0001äÑÜC\u0000r}\u0012Ä\u0015o;0Å&¾K½øw`\u0015ÊÝYJäanL²ý\"uÜâ\u0015zµÍy\u0004øµ\u0000ÈÔhûq\u0006óÑûÝ\u0002§ÝÞ-üXàXVz-ó£\u001cÒWcp\u0001ÿÐ¨Î\f\u0010´-ÿzªÌ@\b\u0010ÉrôÐU¢>Íã÷Õ\u00025\u0001ývÐÛ\u001d\u0007èå\u0001îäg%@È\u0016£@|¨ÛÀý5Z\u001aä\u00045X\u0013\u0012\u0000Þ­\u0000ÒØ¬\u0002q{%q4\u0017ø=\u0019 ¾ÃéÔy'\u0013mfàIíEreæ\b?8$iûÚ¡\u000b¢A\u0001¿tàé\u0006Mp\u000bÝ\u0003ÖÝ\u0011\u0001¬tOÎÚããF?×;ÝÉ_qLÀoÀ²V\u001aÚÃ\u001dà\u0016s\u0005ÐO\u000b`l´,\u00122\u0006X\u001f²ÓhÜ\u0011-\u0011<\u0017\u0000Þ®ã<È©g'0Ín¹\u0007\u0018Ò\u0000.Í\u001bOðt9Ò\u0005+JÆÞ\"j;PtF·D$ø'¥ÇZÏ#7Ü´då'éåÀI ÑÜ-Wæ%`ÎÜz\u0005ªs¿Æñ\u0012·åèò¯½:\u000fì}§%FîÆr D4(xë¥ºR¤¢\u0016xÁBº\u0006µ\u0003´p§N\u001dKK/àÇ\u0016Z=\u0016¶Þ8ÂôîñC\"\u0002ÛCNCò\u0006X¾À\u001eÁÎI\u001a©|U\nM\u0001ÃüREcªõì\u0002\fä2ÐÏFÍÝI³§ée:%tÉFO-w`ä`.\u0013s-\u0010oÄ<@ÓZzÉ×\u0001Ñ­£\u0011ä\u0004:¢2· @tÞ\u001b.a­zÎ\u0001f÷9½¡\u0016\u0013ë·´$\u0006\u0002ã_Ð]®ã{\u0012úÜ)z\tÏûü)å¢/\tÃ\u000eóÛ;@:Y`Ã¾¢;çm·\u0003®\u001fÖËÇ\u000fR/$¶¶uã¥è{b¸v\u001cÄx\u001c\u0018Lá\u0016nMÄ¤\u001fö\u001dH¼\u0016îà)'«©\u000fæeÈG/ÜÔ*ä\u0012b\u0001¯\u0015yD³·¯à;\u001dj\u0005ûZ\u001c¾ð¶2!êÄ[¼\u0001ööó\u0017-»@ïy<\tÖ¦Sl:\u0000fl\u0011Ò\u0019\nüõ¹\ræ¼¶üTE>·²1(Á=4XDÏh.·©^¹\u0006í²«\u0011ýÒ\"ÉýBt¢*n­¦·ðÓý0Õ­ç\u0013\f'i4m\nÃ\u001dÒ\u0010 #\u00010V0ÀpÈ3ÁZü\u0012¢k7hÎÌ?èÚÑãï#º_Et\u0015\bà/¸* µ¶\u001b·úÇ [ù·Q¯tEpö_Èö?\u0005Ùþ@j7l\u0015ÕdÑQ[EÑ0Ø_Em-T\u0003ÅPE\u001cðÛß\u0000¿\u0010FþX´\bF·6\u0002A\u000e\u0016\u0003\u00135TUÀ\b9ô§\u0000h\ffÙnB0±ÉÀ\u0016=^ù}\u0019Ö£«\b.^§\u000bÿ\b\\l7\b¬öçÄ! Êj6ïJ\u000fáÞÕjÈ\u00074w³®~\u001cá­vµ\u001aÆþC,GG¿6p\f\u0013Z3ð×6\u0014ô\u0007`AòÅ\u00147\u001fëÇôú?\u0018Æ\"úèà¡\u0000ÕÊ#n¼\nú>-ó,^tÓBgÎ\nÇj/\\~~H\r×x\u001a^ËsÄ\u0014ïöÀ\u0007¿\fgõ9OåìñZáÝ\t¯ÐÇS\u0015Â_{(\u0006hâ^n>tÄ\u0007ï\u0003e\u0011B¸é\"\\ºÁ\"Ýl@\u0017\u001f=åøD3=Bpt\u0017!Ñ\u0013\fß#\\r7bÔ\u000b\u001e\u0010õó\"µµ×¤HçEøu\u001eY7b:\u00047D¸K\f:<Ëë<M\t\u0017ÎcßÔ²\u001f¾ß0=àfY!<C«ôñ¬\u0015^äc8¶Mð\u0007?^ºS}\u0017Íùx1Foâd9©\nn×;ÛMÏ®ñÝB\u001a¯á\u001dGddÔW\u0005 PoÞ¹{ÏAdÍçáó\u000e\u0004\u001d§Îõ0&OËÙ\u001dÉ\t&Ð\u0014 \u0004Qfb1ò#\u0010Ðä5^Úr\u0011®ÛÓbx¾óÜå\u0001îð§è->{Ø(°¿\nÇ\b}Fº}¦©ç\u0011J¬K¿º¯\u0001\f}'*8ô:\u0001°©Si{¼¨b:Q°\u001e\to°\u0011]uÁmI¬¦Y§ø\u000e¥\u000e\"¶Ü+DS¬ÐÊâ#£\u00044¾É¿* X:·óHò1~´ßç¦\u000fFÕÌ]§Y\u000fÐ\rªâðå¢\u0010­åz9¼ÄW¨×h\u0011<7¹\u0001b,D_f~âæ\u001e\u0011fý.\u0006Á}.£Ô W\u0010ï¡d¬N,¹õ\u0012'D£A§z0¥\u000f\u0000L\u001fÂ¸üv?Öñ\u0012*!ºtñ²9\u0005aà¸^À£¨¼ÀÝq\bÀ¿@4º<Å\"¸óÊº3/÷î;@\u000f¶Q\u0007j9V\"G ~ï2D\rWpÁwÞ\\ !\u0014Äèl@¸=Øk\u0011×2àÐ; ¨õt×(\u000b!\u0006OòÌ>~¸),çg:\u000eàdõ\u0018\u000b1 ®~\u0006\u0011âÚ¡Ã>\u0012\b\tQÒ'~\tYøä£'~«Kè\u000f\f·îJZ­!|\u0004éî6Êz6QÔd,¡!¥\u0012µ8Ï\u0001¤Ñ£AÅÇ¯\u0010½õ\u001eÎ2smÆeô,$Þ\u0004tå>ßKÌâm(ö²Ýà \u0010zp\u001aÌW\u0004w@{óP\\A\u0019=®1Øô5Ä\u0013`ÂPÌ\b\u0017ã¡,þ\bÖLÓºì\u001b\\G¡è\u0003Ô\t!ÔgÝ(áû\u000f0\u0013Ó\u0000iîÞ\u0006\u00020N£\u0017\u0010·ð»\u0010=Ù$¤\u000f!c\"÷h6\u0005ì8Éã \tJÍÆòy(\u0005àÚÇë Uà\"Ê>ó8Æ\u0000U[}\u0015h1hw.\u0000\u0002êUG\b`ÇSyøl\u0012Z-#Z\u000bÛ¨ëü^0MDÙ[P\u001aó\fÃ/\u0001>Ò¬Ø\u0007ÔóyâR\bÚ*)Ü¶\u0017µ:µ¨y\u001a\u0015àbÚ)ìvÂÕL\u001aÚ\ràç\u0013ªØ^Ñ}\u001e8-m\n£­Ç¨\u001a\u0015¥u¸\"¸É½6T­õ_<\u0006 mÆ\u0003\u00139¥& 4\f\\§ºs§¤l8%¤i£É]´ì<\u0012 K â<×ï¢~/Äl\\\u001dÆ\u000b×odÊ\rÊzVë<+i\u0017BÎùd\u001f*ú¾ðÇLì.­èqzµ{°Jµa\u001e+¥Y×-tÖQA\u0003(kAìg0é]95ß9È÷E¡ç\u0019\"> õ\r~É\u001f\\RvT~zR´8R&ñy\u001fP\u0006\u001a.ç±+\u0000\u0001úíàí¢\u0005èèÇð\u0015\bãL\u0016V?\bN}æÆL0õµÃaHÃTõh\u001f\u0006à)ìëìYGT_\u0018 Y© \u0016ggÔô¤ïË\rJùxY\u0000®÷óû£¡ô=zÕÛ{ Óízm\u0013¬\u0005°hà÷ÇxiÏíqÑme4\u0001â}R\t7îÈ§'ª·Ú\u0004òëÃ>Ð\u000eä\u0007¥Tõ¼d¤é*\u0014ÍÒ`¥ÐòÝÐ©3Ø\u001cñFÀÞþpð<ël\u000f/\u0004/e$ï·ññ¨\u0000:`\u0011'!øº¾(ªûvµíPÀ2Yô`+\u000b+äÙ4\u0014äÍ`3yq6\u0004\u0001zÌ}\u0019ØQ\u001eó\u001bÐã}\r?á\u0003\bòk\u0010ö^¢¦kBê¼zq¡¬dó&ð¤U+[\u0011CËâÆ0TF\n\u0002Ê¾=©SN±'G¹\u0015\u0000Í\u0004JgÇßwÞ¥ÄÙüúÒÙ<\u001eÊ\u000boöK.à*#ç\u0000\u001fèÆyn,\u0007ÿæÚò`\búh/£áâ+B\u0014k:ß¯© \t½®Íà»%\u001eZhÁ\u0010²\u001dÍ\tÂ_ÐeVñ$Ã\u0014ÔûÖ¼àvIî\u001a¦Â³\u0007¼¼Zn<gÔ\u00157MÿÄ\fÓ?,6U=û²á-ÔÊwÍ¨±s\u0000\\-k>\u0003{±P\"Jì\fÇ\u0004l\u0004¨¬\u0017¶nï9©yëTì!µ°D\u001f±ÕwJ\bÌ\f¿\u0007Ô\u0016¥ÆÛC<\u001c1P\u0019Æí\u0005*à^[$íL\\{æ\u0013K0'Ø×_dî.[Ð\u001bÛyGéÓ-èmm\\\u0005ïÅÎÕ\u0002«÷ï\u000bÁ¾r\u001dÎ¬\u0013´ÃSZ\u0001~Á÷¥UÕww\u0010¼AÖ\r[Å>&ö\u000b7Äg\u0004;x¥\u001er\u0004ò/q®r\u0003\u0014;«@Í\u0010¡/$¤\u0002é\u001aI-¯Dåq#\u00157ÄMßR\fæ\u001c¿\u001f°WW¾÷<É\f\u0003u¦aZºèA9?\u0004z$±<M,¹7ñ\"\u000fæêX9`Õ\u001eéÛØ|Û\u000eÁÌ\u0000Ý«ØW\u0006ìoä0|Ù>g1v§¨§\u001c¸9-\u001cÉ\u001e¢ÚjZ<s\rfté\u0018þ^A}£îªÆ¦\u001fÜ\r¢ÎòÄµ3\u001aqiþÌå¼\u0010\u000f\u001d\u0002ÎÝÕ\u001a-*\u0001·öÑëÔ]B®xé:JJÛk²Á¦c\\W\"@ZÅÊ\u0013ÇÑÿD.Ý«\u0001føÇ\u0014ÈÏÂ\u0010¸Á \u0019Wà\u000fÐÝ\u0003©W\u000e\bÙÛ³3{h6Æ24è¯ßzgN@BÄÖOµ;á\tLPç.j5g_À3\u0004\"N»a@W®Ó«\nàlQÔþ®(ô\u001aàb'6ÊN¨þ¬¾@é\u0003Øòø^\u0012ß\rc-ï<é\u0007\u0012ª6À\u001a4ÁN¬ð,\u001c\u0013c7ç§m©Á\u0002D\u0002Ë'9à©ÄÄÂH\u0007EDéª\u0007pþkñ\u0012\f\u0019>Êt¿Ò\tîêþ9fÜDµ6\u001a>\u000f5IHè\ròÈa¸²÷µü*m¤í\u0005w\u0000jCy)\u000eÎÀ8Õæk©\"j+\u0005«Û½ÚnÛÊè­\u0007°\u0017òý\u001cê0}%\u000f\u000b\u001c;w\u0018Õøh*3³ú °Lð¾¦\u0012·\u001eÆºZ\u00030#Í0ã9\u0002¦u\u001fc2\u0005¦¼?\u000e\u0005Õu\u0005\u001eÑ\bLðdm\u0004Ð;Ê±¥0~æh>ÏÞ<\u0000\u001fq\u00070¦ã{¸þRaå\tà\u001bøº2ø¥H ú·\t²\tË`-«\nóPZñ§\u0010Á\u00070×ÝÔ\u0003=á6#pçE÷\u0005zXp?Ý\u0006\u0007_ñ-ü© \u0017nY÷5°ã.weê±ÁP\u0016Ø\u0001·ELûDºîå*j\u0006¯Ø±Ö¹ôÃpÆÄ~Ù\u0003é\u0015Á\u0006«\u0002kÛB¯#ôÚ\bò.ó²=*:\u0010µç\u001bÔ[Hï¨G7ßçßdÂñ}£VhÔónÙ¥Å ·xê\u001a:-«ã»Yw°=Êkw²Ìpy¸ÕBób\u000b5fçRkèÈ>x©½WõMCÆ¿â§\n)ï-\u000fÃÅ¾\u0007ß°ÿ6ëÞ8ôZ0·\u000ec«=lÑ\u0017\u0016¦N\"²ìü\u0006LJÏöóû¨)\u0015yme Ã^^©\u0014\u000e¬A-ªú:àÚïaOfÑÁ\u001c\u000e\u0004´\u000b%Íg·#+ã\b8!Øn!u÷ÏÞ²ÈOOê_ÍWB«j³xÈÊÃ[G² Aa);*è±[Ê¾\u0006yz\u0013¼Ó+¡\r®=Záù¨#¬ÒÓSÔÌÏ*JcÉ7(Ö×bÀ\u0017\"õ¡òl1Ï¹ÿq9\bi\u0006ìâ×qô!Ùá¸*\u000355L\u0013E\u0017åâòÐ0ü`±~Ah+\u001cÀæ\\¯îáÑ\u0000·'\u0014\u000f=]TÑ<6Å&x³[¡SãºÁü\u0000ÔHSÙ°+mZ¥¾PdUPÍÃ£Â\u0015\u0004UO\t÷ÃB-[¨61zÚÂ4®§Ä ýrNLhËÌMûó¨D--Ü¯\\£vgWÜW0qd:]¡®bztNäÂ\u0010ûÌê,uÑNn$¨,p%Ä\u0016çFê®~ØÇ \u0014Ñó2j+»\\væNU\u0005Öö\u001c{[\u0015<\u000fÜ°\u0013\u000eäÂqz¹<MÈÝ}\u000bËãG\naz¶cýon÷\u0019~m;lQº/³ ¿¨x·ÂÐ\f\u0015\\N\u001dzAo$%\\\u0014'ÂÇÉJjß¡+Ï»±téâ:B\u0013¦À-\u001aßv®\bîë /»`T^Á#zv\u0002\n)<P#\u001czÌ\u0015và0\u001cÃEn9xWDP(Ä_\b¾\u000bÖ±n\u000b\u001c\u000e\u001c#Ë±\u0016\u0002YIç¾\u000bØ<¿ÔðrU6\rØè£HÇZi¨4\\èc\u0006¾â4¼eþr>ÁXWeº\f_\u0007hT7\u00048EÑÈ\u001dG\u00034\u0012uøö¾Spß\u001aðo\u001d\rEiá\b¶\u001dk¶\"Î\u0017H¿\u0001µ\bâø\f\rI[ðt\"Ô\u0007C\u0003ö\u001e\u0001©\u0018A·û<}\u0001Ý=\u0010æÊMÃûrEá\u0015{9y|\u001e \u000bRîí\u0000SG\u0015ª;Ò Õý\"+-\u0011\u001d^¤ÏB2½`ñÂ¶(\\ ¶ï6äÒòaBµ\u001cèl!5îa4+ø\u000e\n¢\u001cC.\u0014B\u001d-¤;\u001cºÒÁßi;°#´½\n\\è\u000e\u0017eÙ`\u001e¾`¿ë>&èo\f¶\u001e0Þ³µ(*7º÷èÔ5LÇEZÝç\b\u0014ac\u0019 \nRøø©ð\u0018\\ÂµþYú\u000b¼ÿxúëWÒ4ÿP%,æÿ\u001f­.µ£ ñ\u0017&ñÄïL\u0002çacÅ¤Ú¯êylÐ,îµ?Eò  ÓuÍ´Ñ÷\u0007AëåqõTÈÓ ñ\u0010\u0004'Ð3åß{3\u0014\fG\u000bâªãÄsSæ\u0011Óã\u0002Á7#®æ§ß¦§§ æ°Ø\u001f¯Ñ\u0005ºC5 éZí\u0006H?rFE4\\,\\¨Å\b\u0019ØÎ?I\u0003l\\·ÄÇ\nW×Õ¡­Ä¢±,ÓjC7.S6¯qµ«Ö¿YmTÖUe$ ÆØï´csi\u0001\u0011ÿHé\u0007ÒòMá9ÒU1fJÊE&2\u001cÆØi\u0001oôf0\\¼OÑE%A'ú®\u0006ËÊÑ§  àA|Q4\u001a¤§¥9CþÔ\u001bH÷:KRþ4ä9#!-ù{Ãv\"\u0018õæ¢òõÔgZ¾9­Ð\u001b=\u001br\u0007µ\u0004t\u0017?=h U¬\u0006¢áJ\u0017ÂRLa0ÀÍÇ¢0qÕbÕñk^[Õ*±ý\u0001¹3\u001aI¥x7ê.ÒÊn\u0019F¡o¬O<Ñ}$\u0018:\u0015\u000eFî`x\bÀ\f²KîbÌè\f²å\u001a¬\rz§¸äC´Òèâ\rã­M`½\"Í½þÉA-§¿õiÈ×úÌ­©V»ø\u000f»'Xêô\u0007rÁâòÐ×>Ö>õââÀ7\u0003E¼îò°\u0017R©=\u0006\u0019¾¾Mc_J¾­b$\u0004{àýúÄç\u000fG¢Gµ¿4oÝÛX{½C\u000b4Új_»\u0006Ñ\u0006UüUB¡½\u00017\u0014È\u001dôT®>óx×?[3\u000fØFí\u00027\fnÓ\u001aÁu£\u0000ÆÄ\u0018oU´c-ºñÉs]¸\u0015»Å`´XpÒec#©íYH\u0015oüÖfÖÌüQ\u0003åÞßÐ\u0007\u0018é5ú\u0000\u0006$lf];\u0002ôh)\u0015Ùá?R+ L©¶U¢ÿ»j\u000e¿£\u0016Ø\u00147Wµe\u000fÿAµ(ÇÊRÜE^wñ/\u000b»vôe°ÛÍÌü!\u0002®\u001a¾\u0011?SÒM5æå_t­8q\u0013I×¥mì*ÚYÍ$ÝnøS\u000fKÐ]\u0014ôëOäa\t~&³GGé#>/:·Äí\u0014÷±¨9·úS, Ä£\u001bN\u000b°\u0016TDè/Ã¨;À1¬\u0012ý\u00000\u0015Ûvz±\u000bò\u000bZ!)\"a\u001fÍ=AC6]´¸ì\u0000ð\u0003\u0000-\u0016åå\u001d.ëïö¦Ý8Ä\u000fÿÈ\u0013\u0011Y\u001b(­\u0002¦òÆö ¤åÕIq\u0007\u000b5Ï÷eU®zzD\u0019»:ÂÅßè¨\\=\r!à×\u001f\u0010Ù&+r(¢²Ú\f}\u0007Uê»z<æ\u0007¦7Ç(ZyÅÓ\u001eî\u0002ô\u0004:öIÔ\u001a#çõ\u0014¹«º*\u0002ôiéÚL~\u0015Þ/ÊUäÀ?\u001b¯V\u000bÐ\u0018xYÄ^­>\u0000(b\u0002â\\ä\u0014\\ø+@Ã¨(Aj±~Íy/ß_|s\u0006:2ø\tHr\u001d Î±\u0004ÿÕ[wFùµ¸pÅB\u001fÅ-JöËÈ\r½='Ò*2Óe-\"]pqÜ0\u0007¤xÇ\u0003Æ¼\u001c\b¤V2µ¸s\u001br­U$êìN9½¸¨Qq{pâ\u0010Íæ%Ë§Á5§%\u000e!aóL»ñ'ó'U¸Ú¦]Üt³Wp\u0001\u0019ø\u001e\u001e\u0014\u000b\bÝ¸\rø_k*\u0010øw«è}\u0013ªC-ù)?j\u0004ñ\u0004`&ñs®Ûu\nmWÅy\u001aLC:ë\u0003-*(/r¸r³ùÞXq}\t?>\u0018ÂY\t$íÞâÛÊÇèY\nM$ð¸QÆT\f­\u00147O¡y\u00074ì½Ãq\u0001 ä$÷lÃõ;%¼PsBÇ¸Àå6ã¸Ã±&\u001bìæ\u0001O}½ÒÆàº}\u000ei¹Z\u0006¶W\"¯´¹q3²\u00067]ä:\u001cT\u0011ßxQô1¬ûÇ;nî¾-1W/²Síô w?*#D­½[ÀõÆùAM@;)ñÉ¸zRâá7'%\u001eQ«3fÅxÚ6cÚ6õZ'\"\u000eGEµ#ël\"â PT\\gÃ\u0010§\u0014Z\u0016³õi;Ü=Ã½ç´kmNè×ÚÈIàMB9·\u0006¢¾CÂ\u0000`\u0014Ç\u001aÐÄ4@ÛO\u0003Ú<ëµ4îO*,\u0001 ÛnD²\b\n9B÷\u0001æ6Ñ²À¯q¾[\rP¼ºsÔ\u0014Ç\u0019Ñ\"i\u0014|Å´,T]\u00117ÿà@LêNS\u000eAg\u001aø¾\u0000WíWÜE4arî\u000bÕzîÑ ÚdIÇa\u001a=\u0000hµ\u0006C0.÷vüÄÝy@ß\u001b õ@ë¡³4p\u0007\u001aþE$$L4tñ$/â\u0002\u001cî´Pó\u000e\u0018Ý®½[p\u001céù´\u0002¤üjÅMjX^zç)à×åHè£8&¡ZuÈ\u0013X½8Ô`Ð.¿\u0011GYÅÞãt·\u0006¸âB3äY¯ø3¶nEÅS\rîÛÄ[\u0019U'oâ§\u0017ø#ìfg\u0012i×e¼AQ×q\bÑ2\u000f¥'îF=Ï\u0018îÝ¹4<ÉÁí¦#¸GGK¾AÑäQ«Hã rNf°p\\B¶}~hß½Õ\u0017\u0014: ÷2&µÞ/'÷qÛQ\u001eÄyA0¿W¶Dº#v\u0019\u0016R5\u0003û`\u0015\u0003²2ì\u0017Ï>\u0000¯úÁ_\u0005¡ÙÏ>|Gæ¿[É\u0002Ïó¿g\u001fþCg\u001f~$µ}@h£ÝT\u001côâ\u0006_<þ ¤\u001a,F\\ô»Ç\u001fì@w\u0003\u0004·l*±BõõGÎÅý\fâ ·<\u0016¾z²þ:Õ\u000b`¾¶\u0001ìëZ½tbu&ÚÍ¢±ØW\u001b\u000b_´}ÒÚ®Núû¶¶Íá_»¸Dãw\u0002ô'ÐùçÙ<ÖX7ÆFuÒFÊÝ¨¦:­\b·¥Xì*Za\u000fvgYk \"¯_\f@Öú\u001c\u000fòKy&ÊaWøab5×osDO\u0015a£þìf­¾»\"½Þ¬ÕÈÜ¿ø^8Î&ø7u2\u0011n:ã³¢C=PPÏÌb·ì#§]Cé:\u000b×\u0007Ç\u0006÷b«nË0ÑìyjË+ö6\u0019~úg8\u001dÔ:OÂÓVêõÒ°ùâ!~\u0010Wéð®ÂOÁÉgd\u0017Ç©IM:\u0010è\tÅ\u0007p²_eÓä\t$º\u001fk×IîåÖ\u001bÇàº?ó<G\rm4\u001b¤9¯¥zv¢çy·á^×ÒX\u0004w\u000eÖÑ'\"Â×\u0006y{áµgÀ_~s\fþ\u0002Þôêw×!Þ\u0018®\u00177ÿ=G4ÒnAxÐ\u0002?ª§2jÓnQ§VqO¤\u001b\u0012¨½0ç\n·ßCm[+½\u001c \t\u000bg\\ÿê\bç\u0011i¼ÞJãêeðxô,ªc\u001b²\u0013°ô9ðáà­îì\u0019¼NðÊt½/YxÛzÑ\u0003ªì\u001eÒK_R(Ü\u0017v÷!Üâ·+\u0005G\u0001>&óüEz{µ#ü\u0002±Ð-ô\u0003á\u0018YçÝ|=¤T,\u0005ðÔ\u001b.d5ïEý-\n`ßE\u0010Ã¼EáÀg¸à+ø\r'¨e\u0006^Í£éì}|/\u0003AÃ\u0013û!\u001f³Tg¤\u0011\u000f¼äa$Å;ùa¼G\u0001Ìcy££O»\u0013g\\ùQ\u0012Ê]ÚÁÎ>¸xQT²\t;áÏÝÃµ/¨\u000füJÜO*¿3çi\u0005Ü!êpÓxºE?\u000bàtfp\\¬91]\u0016ºÔý\u00184Sû!¹@ÌË£\u00067\n¡Yä\u0011Hé»\u0011\\\u0015E&Þfz¡\u000ba¦¢þ]70ñ=¨x9/cmYò:Ok\u0016\n\u0016¨1AQ\u0001óÓQH\u001d¢ô:j¹\u0011õõ¢z¬\u001f¥AJ\u0011Rµã^`O¾8¡c1Ç\u0001nTeÊ³úÎ4~°\r×ò\u0017ü1G;µ\u0003õÁÇo¢¢\u0018VT½¸.{ñ\u001eåèïDU!¶1j:µ>'¨+åG!T¦¡\n[Ì/÷0\u0010fÔà|Ý;J\u000bQ¼\u0016QB\u0013Ý@$ úoP°¤GwÚÕÄ¨¶\u001bÖPFnLBÙà$fiA\u0003FtÐäøm)Vp\u0006?yF·äÁ\n\u0003¿L\n½.s?~ê\bHò*Jõ\u0005ÐkaUÄGq¥è³V4À¡\u00071È,\u000f\u001fß¾/¦Îsô*·ò =º\rï\u0019\u0010ÈÞìæ×¨ïCYÚÈ±#8A+\tT\t@\u0010_\u0011\u0000¹P¾)FTh\u0002\t¹Ù½ÅL\u0016PC û& \u0006Gün\u0018Ï#A9Í0¿Là·5Üâwñô\u000ezèL7£ùç«B*Æn\u0005¸q\f\u001f4òÒ\u000e>ziuÑ\u0006ªO\u0005¶ði/-­Ý\u0019,©¿äû5ÚÔ÷ÿ_Ì\u000b!%¤¥½^¸Ú\u0014~9%¤®«î¯Ù®¦â®Ný?£Ý¦Ýþ æFC*2XúZëO\u0004ÌQ¬ò¿05­Þºô\u0017ðr}s¼\\Ó§\u0000¥\u0005 \u00104§?\u0005K÷:Ãî¢´h0äwÿ²\u0012h7-}U\u0002«\u0019Ù\u0017©\u0004ªvÙå\u001f£\u0004&kªE\nùOM\u001b©6¨û7¥\u001f7aýõ¼¨Ö6~\u0005·ÖýF°)nþZ\rÛ4ãüÝµ¸\fo³1U~?Ù¿º\u0015AÎ¯ã×Èßß¬\u0006U£Óª\u0016\"Æ\u0015µ`y¶Tã]¼c\u0003õ¿1%ÿ¢:bìØeA\u001d­ÀU6WG«M¯Gýï%¿t$ ²ÿ\u0001 Feìg\u0000\u0000"
    }
  },
  "response": {
    "status": 200,
    "statusText": "",
    "httpVersion": "h3",
    "headers": [
      {
        "name": "Content-Security-Policy",
        "value": ""
      },
      {
        "name": "access-control-allow-credentials",
        "value": "true"
      },
      {
        "name": "access-control-allow-origin",
        "value": "https://www.vectal.ai"
      },
      {
        "name": "access-control-expose-headers",
        "value": "X-Accel-Buffering, Content-Type"
      },
      {
        "name": "alt-svc",
        "value": "h3=\":443\"; ma=86400"
      },
      {
        "name": "cf-cache-status",
        "value": "DYNAMIC"
      },
      {
        "name": "cf-ray",
        "value": "97247f9a6cb9739a-JNB"
      },
      {
        "name": "content-encoding",
        "value": "br"
      },
      {
        "name": "content-type",
        "value": "application/json"
      },
      {
        "name": "date",
        "value": "Wed, 20 Aug 2025 20:04:13 GMT"
      },
      {
        "name": "priority",
        "value": "u=1,i"
      },
      {
        "name": "rndr-id",
        "value": "af75b364-78fa-48ab"
      },
      {
        "name": "server",
        "value": "cloudflare"
      },
      {
        "name": "server-timing",
        "value": "cfExtPri"
      },
      {
        "name": "strict-transport-security",
        "value": "max-age=31536000; includeSubDomains"
      },
      {
        "name": "vary",
        "value": "origin, access-control-request-method, access-control-request-headers, Origin"
      },
      {
        "name": "vary",
        "value": "Accept-Encoding"
      },
      {
        "name": "x-envoy-upstream-service-time",
        "value": "433"
      },
      {
        "name": "x-render-origin-server",
        "value": "uvicorn"
      }
    ],
    "cookies": [],
    "content": {
      "size": 15,
      "mimeType": "application/json",
      "text": "{\"status\":\"Ok\"}"
    },
    "redirectURL": "",
    "headersSize": -1,
    "bodySize": -1,
    "_transferSize": 384,
    "_error": null
  },
  "serverIPAddress": "216.24.57.7",
  "startedDateTime": "2025-08-20T20:04:11.974Z",
  "time": 741.7380000042613,
  "timings": {
    "blocked": 2.480000002195127,
    "dns": -1,
    "ssl": -1,
    "connect": -1,
    "send": 1.8579999999999999,
    "wait": 735.4779999989606,
    "receive": 1.9220000031054951,
    "_blocked_queueing": 1.3820000021951273
  }
}