{
  "_initiator": {
    "type": "script",
    "stack": {
      "callFrames": [
        {
          "functionName": "method",
          "scriptId": "126",
          "url": "https://www.vectal.ai/_next/static/chunks/9da6db1e-ad7decc175389864.js",
          "lineNumber": 0,
          "columnNumber": 80787
        },
        {
          "functionName": "",
          "scriptId": "126",
          "url": "https://www.vectal.ai/_next/static/chunks/9da6db1e-ad7decc175389864.js",
          "lineNumber": 0,
          "columnNumber": 148111
        },
        {
          "functionName": "Pe",
          "scriptId": "126",
          "url": "https://www.vectal.ai/_next/static/chunks/9da6db1e-ad7decc175389864.js",
          "lineNumber": 0,
          "columnNumber": 148117
        },
        {
          "functionName": "retriableRequest",
          "scriptId": "126",
          "url": "https://www.vectal.ai/_next/static/chunks/9da6db1e-ad7decc175389864.js",
          "lineNumber": 0,
          "columnNumber": 118977
        },
        {
          "functionName": "Rs",
          "scriptId": "126",
          "url": "https://www.vectal.ai/_next/static/chunks/9da6db1e-ad7decc175389864.js",
          "lineNumber": 0,
          "columnNumber": 148321
        },
        {
          "functionName": "",
          "scriptId": "126",
          "url": "https://www.vectal.ai/_next/static/chunks/9da6db1e-ad7decc175389864.js",
          "lineNumber": 0,
          "columnNumber": 141725
        },
        {
          "functionName": "",
          "scriptId": "126",
          "url": "https://www.vectal.ai/_next/static/chunks/9da6db1e-ad7decc175389864.js",
          "lineNumber": 0,
          "columnNumber": 118337
        },
        {
          "functionName": "",
          "scriptId": "126",
          "url": "https://www.vectal.ai/_next/static/chunks/9da6db1e-ad7decc175389864.js",
          "lineNumber": 0,
          "columnNumber": 118343
        }
      ],
      "parent": {
        "description": "setTimeout",
        "callFrames": [
          {
            "functionName": "Er",
            "scriptId": "126",
            "url": "https://www.vectal.ai/_next/static/chunks/9da6db1e-ad7decc175389864.js",
            "lineNumber": 0,
            "columnNumber": 118125
          },
          {
            "functionName": "enqueue",
            "scriptId": "126",
            "url": "https://www.vectal.ai/_next/static/chunks/9da6db1e-ad7decc175389864.js",
            "lineNumber": 0,
            "columnNumber": 117852
          },
          {
            "functionName": "capture",
            "scriptId": "126",
            "url": "https://www.vectal.ai/_next/static/chunks/9da6db1e-ad7decc175389864.js",
            "lineNumber": 0,
            "columnNumber": 151479
          },
          {
            "functionName": "Bi",
            "scriptId": "126",
            "url": "https://www.vectal.ai/_next/static/chunks/9da6db1e-ad7decc175389864.js",
            "lineNumber": 0,
            "columnNumber": 65378
          },
          {
            "functionName": "",
            "scriptId": "126",
            "url": "https://www.vectal.ai/_next/static/chunks/9da6db1e-ad7decc175389864.js",
            "lineNumber": 0,
            "columnNumber": 64921
          },
          {
            "functionName": "ai",
            "scriptId": "126",
            "url": "https://www.vectal.ai/_next/static/chunks/9da6db1e-ad7decc175389864.js",
            "lineNumber": 0,
            "columnNumber": 64904
          },
          {
            "functionName": "",
            "scriptId": "126",
            "url": "https://www.vectal.ai/_next/static/chunks/9da6db1e-ad7decc175389864.js",
            "lineNumber": 0,
            "columnNumber": 65345
          }
        ],
        "parent": {
          "description": "setTimeout",
          "callFrames": [
            {
              "functionName": "Ui",
              "scriptId": "126",
              "url": "https://www.vectal.ai/_next/static/chunks/9da6db1e-ad7decc175389864.js",
              "lineNumber": 0,
              "columnNumber": 65324
            },
            {
              "functionName": "onRRwebEmit",
              "scriptId": "126",
              "url": "https://www.vectal.ai/_next/static/chunks/9da6db1e-ad7decc175389864.js",
              "lineNumber": 0,
              "columnNumber": 63832
            },
            {
              "functionName": "emit",
              "scriptId": "126",
              "url": "https://www.vectal.ai/_next/static/chunks/9da6db1e-ad7decc175389864.js",
              "lineNumber": 0,
              "columnNumber": 59214
            },
            {
              "functionName": "At",
              "scriptId": "159",
              "url": "https://vectal-api.onrender.com/_events/static/recorder.js?v=1.259.0",
              "lineNumber": 0,
              "columnNumber": 72562
            },
            {
              "functionName": "mousemoveCb",
              "scriptId": "159",
              "url": "https://vectal-api.onrender.com/_events/static/recorder.js?v=1.259.0",
              "lineNumber": 0,
              "columnNumber": 76208
            },
            {
              "functionName": "e.mousemoveCb",
              "scriptId": "159",
              "url": "https://vectal-api.onrender.com/_events/static/recorder.js?v=1.259.0",
              "lineNumber": 0,
              "columnNumber": 41250
            },
            {
              "functionName": "",
              "scriptId": "159",
              "url": "https://vectal-api.onrender.com/_events/static/recorder.js?v=1.259.0",
              "lineNumber": 0,
              "columnNumber": 42525
            },
            {
              "functionName": "",
              "scriptId": "159",
              "url": "https://vectal-api.onrender.com/_events/static/recorder.js?v=1.259.0",
              "lineNumber": 0,
              "columnNumber": 22912
            }
          ],
          "parent": {
            "description": "setTimeout",
            "callFrames": [
              {
                "functionName": "",
                "scriptId": "159",
                "url": "https://vectal-api.onrender.com/_events/static/recorder.js?v=1.259.0",
                "lineNumber": 0,
                "columnNumber": 22856
              },
              {
                "functionName": "",
                "scriptId": "159",
                "url": "https://vectal-api.onrender.com/_events/static/recorder.js?v=1.259.0",
                "lineNumber": 0,
                "columnNumber": 42720
              },
              {
                "functionName": "",
                "scriptId": "159",
                "url": "https://vectal-api.onrender.com/_events/static/recorder.js?v=1.259.0",
                "lineNumber": 0,
                "columnNumber": 22821
              }
            ]
          }
        }
      }
    }
  },
  "_priority": "High",
  "_resourceType": "fetch",
  "cache": {},
  "request": {
    "method": "POST",
    "url": "https://vectal-api.onrender.com/_events/s/?ip=0&_=1755720255996&ver=1.259.0&compression=gzip-js",
    "httpVersion": "h3",
    "headers": [
      {
        "name": ":authority",
        "value": "vectal-api.onrender.com"
      },
      {
        "name": ":method",
        "value": "POST"
      },
      {
        "name": ":path",
        "value": "/_events/s/?ip=0&_=1755720255996&ver=1.259.0&compression=gzip-js"
      },
      {
        "name": ":scheme",
        "value": "https"
      },
      {
        "name": "accept",
        "value": "*/*"
      },
      {
        "name": "accept-encoding",
        "value": "gzip, deflate, br"
      },
      {
        "name": "accept-language",
        "value": "en-US"
      },
      {
        "name": "content-length",
        "value": "24786"
      },
      {
        "name": "content-type",
        "value": "text/plain"
      },
      {
        "name": "origin",
        "value": "https://www.vectal.ai"
      },
      {
        "name": "referer",
        "value": "https://www.vectal.ai/"
      },
      {
        "name": "sec-ch-ua",
        "value": "\"Not(A:Brand\";v=\"24\", \"Chromium\";v=\"122\""
      },
      {
        "name": "sec-ch-ua-mobile",
        "value": "?0"
      },
      {
        "name": "sec-ch-ua-platform",
        "value": "\"Windows\""
      },
      {
        "name": "sec-fetch-dest",
        "value": "empty"
      },
      {
        "name": "sec-fetch-mode",
        "value": "cors"
      },
      {
        "name": "sec-fetch-site",
        "value": "cross-site"
      },
      {
        "name": "user-agent",
        "value": "Mozilla/5.0 (Windows NT 10.0; Win64; x64) AppleWebKit/537.36 (KHTML, like Gecko) Noi/0.4.0 Chrome/122.0.6261.130 Electron/29.1.5 Safari/537.36"
      }
    ],
    "queryString": [
      {
        "name": "ip",
        "value": "0"
      },
      {
        "name": "_",
        "value": "1755720255996"
      },
      {
        "name": "ver",
        "value": "1.259.0"
      },
      {
        "name": "compression",
        "value": "gzip-js"
      }
    ],
    "cookies": [],
    "headersSize": -1,
    "bodySize": 37129,
    "postData": {
      "mimeType": "text/plain",
      "text": "\u001f\b\u0000\u0000\u0000\u0000\u0000\u0000\u0003Õ½\u0007WTÛ²6üWL  ¡s7F\u0014E\u0014Q*6©¡\u001bQÐ  ¨ \u0018\u0010\u0004$£$\u0019£ê}Ï\\5WÓ¸·ûóÞ÷½ã;÷ëföZ3T®§jÞzp ®®¬äÀ±\u0003\u0016k§8Áê\røíX·ÇîõXÖXG±Ýí(ò\u0017»­\u000e×\u0003þze\u0010Ã\u000fÕV\u0016U×Þ®\nâ³êªjM°Ì_{àØÝ¿\u0014ø\u001aê#«%Áí\tû¼¤(Xtà\u0018^\u001dl¬ö\u001f8f9 <8P[UWS¬xhUmY°¬ª\u0012\u000fÀÈûøÌiÃS\u001a\u000f\u001cK°Å\u001cPS¶Ù,1\u0007e\u0015þ«@­\u001fu¸=Í1æ`ÇÞÁÖß\u0007ÛÂ\u0006c\u000eÿ8ØêIØ\u001dÙ©ÁøÎ\u001f\u0006[lÍyÍòam°¨¢\u001aßr;nÅæ´$Èþ¸tµ&ÿý Zv^Ì¢`°¦ÌWgì#¶AÞ!á?8PYToVÖ77ãK5þªzýê¢\u001a\u001cØE|Ïj³[õñ£ÛªF\u0016üaX%æ ~U\u000fÅoU%xAØ¬Õ\u0014ª*B\f·Ô\"bkJÊîÇÖ\u0016×TÇâyE±õeþêª`Þ¾\u0007ûäs_QMlCYIðö±}Uþãûÿåw\u001dmðûî\u0005õñ\b<®¤¬¶º¼¨1ô\u0018aYmf°±\u001có\u000bÖÔùC\u000bõØ±'8\f«ÍãøÇÃ\u0000=Èßpä¡³ÖD\u0010gÇÿ¹\u001d\u0016ÝaWômñ¡Ýéq»\u001c.zøß¿×`û\u0012çw\"(ª)+-ñcÊ|þ\u0012\u001f¦#ggì/f\u0010Äs\u000f\u0014WÕúK\u000e4«·ë\rraî{ô÷ßØCX»´óÇ½uXÿÞÞºLvÆüéQ®ïQXÞ??Êýï=\nGðóÄÎ>ñÐ{ÃEÐïâ¦ºª\f,W%\u0013üó«þy»ÄuÀ[g±X\u0003Ôíõ©,ãÑ4s[~4þµ\u001bÿZmò9oóÎ­¼(Ú¼ì­\tÿ<ü_0c8Eýë×p{\u0006\u000fWòc7ÀÛÆhçÑ\u0007Ünüd¥\u0017ÔÃ¿¼<µ>VÒ°ñ±zÔQ\u001b>ýÆK©·ø5\u000f&\u001b\u000fsÆó[c#¢^þ[À/\u00130jþP0y:è.â×4L\u001d4gpñÐÅ#\u0007y?ÑóÄd\u00193>6Vou`ØKÞ¦6î2~Oà×iÓø±H¦zfv\u0017c\r¤q\u000fmÜ¦%\u001e8uDöÇ}ÞJúÅ+[wù\u001d¿¬§õ8îãÖ`É,úF]\u001e\u001a?l|Ùí\rTñ\u000eµÒ¤7y´óz7dY\u0007ÓZÊx^\u000b\u0018C}Å4Eïo§Ñà\u0015y·'KfDsü¥\u001fËÛ\u000bhºx3á$÷òÇfúLíô>»\"h1{ÏÓ\u001a¿3¾dñzk¹ßPß5Z?Iíå÷ciV1ï·´D/¼Acß\u0015Ç\u001fõÆläÒ\u0013^½J<ö^\u0016gåWÜ¢ïØ/ÙX+?£\u0005ÙMMK\u0006µX¹Çü4®7.ÀÏx^ð'þ@[ÞÀ=ê­ä¯ü\"ù\u0011~o=/_\u0001\r<§\r7\u0006\u001bÎñ\u0010}Õ¤óÊcüàÎ\fð/¡/[$ußx\bB\nÖðàÔ\u001aöþ]\n\r\t³MÔM9Ñ)1¸ç(»NË´ìàt¡\b{©#;_\\ÜA«Çøy\u0006Èf:¼¾\u0004Ù¬ÅÆ\u0000\u001f=¥²\u0018y\u0001-ÐÈ4ãØþÊCý7¦÷%3­\ræ9Jë1­v\u001eNÃ\u000fÒ&}Ñ\u0003)ZKø]*µåA\u001fÖâTúÁýÜE½û¹\u0013Ôø\u0004³ÓL}´Ò\"ôi\u00124ä\u0000ÌÀ}¼NB\u0003~£YþBoð\u0017àÅ/jè=M^Ü±^ÆÔw_U¡¼JÏ4»\r$¤ÊôÄÅÓ5WK©¯±ÊÏc<ÉéÇY«\f´¸ü´n÷V¡^¡x^JÛ=J«5¦ø»Ðn¼\n\u0005±.:èÇ~\u000b\rQW£æ¿'2s/JºCÏyæ(õ^Ä\u0018ÐßZ¡/<çÐ\fhìÉ\tê\u0003µ=£ö\\îËào·è#µóly=ÞÜ¥\u0011¯·Þñ\u0007Ï\u0003\u001eJ¥-ê*¨â\u0019°ø0·ñW\u0010ê\u001bÙLzÍßé\u001dh[mqB¦ÕÔî¼$ÓÊ)¦¯4@SUøÆêñCOÊþ4qg3Ê\"+è;ÿ¼Ä\u001dîZZñ\u0006èÍé\u0014ÞqÓ\ba\u0000ðÅ\u0000-fógþ*Dä×Dó(>Â\u001fy¶â0ñð-\u001a\u0005/?ã×y4\u001bòá©¦¿~çÉ29LFxçnf>_M(¤ñ\u0014zÊ#\rü»y9Ü²¶}1g¼5\u000e^ÄQÏñ¸Þß6^1Mzo\u00034Á³\fòz\u0000Ì%B.þHé³~ñ\u0012l\u0002Gxð\u000e½9Nß=4}ù\u000e·¦q§\u0010æâ8ægû©\u000b$¶µÚª\u0002n¯°õ\"ãçÁÜKüùPR\\®z+m\u00193µ\u0004¨-ßð\u0010¨z;\u0014Ó8è-¿;KÛ¥)\u0017cA´ï¼\u0007<'éÍ#-PÖÙxÕMoX\bÑ\n6]¤×^/\u000eÔP.\u0016\u001bwYâ\föÀ²<]Æ±Z-4ã\u0017þË§©»4\u001dÉyx÷TÞ8ù6EP[j]ÒG½µZTÊò\\þ|@c\u0013\u001bx7!A×«*Ý´È\u001f\u000fro|~´´\u001c¦ÁG\u0011V}²Ó;Í*\u000e|­+>óìE\u001cêã\u0000ýÊ¥\u001dhNï1zI§3jO\u0018ÔÊ[6Ê\u0014<²+\\.$ÅõHøÕ\u0001/\u0007#ÿ'6ìßÚµbÂÃ­,«(R\u000e`l \f>Aá\u001c\bTÕ4\u0014Õ@,6ÿç\u0006©ËýìyýÑ©rÂË4×â\bó¨þ<\tÏ?²ð|µ\r¨ßö\u0017Ï×òg\u0017ÇíøwWýÿ\u001bkð<õäA>\u0011V±@_.Aã~¤¥¼k·nó·hJ\u0012aíóÖÐg­ußÓì;Å£¼p5Uó× o¹ä\u000fÐ|v\u0002}ÛºO[\u0005\r4$Ïç\u0001~Ho£¯s?^3V-\rb²?ÖèÙ\u001bü:Y¾ï\t=¿çå\u001aê¤60H\u0018o°Î«ßÂOaË¼hóñ+1\u0012ã©\u0003bx\u0013Rð]i=}ù¦·7øV¯?ø¥¼C¾Àm6¨ÐB^ÐØ¸\u000bËè;òÏ0vu¹}$oHðúèÈÆÊHZ­ÐBØ9.ß¸¡ßädþØ\u001c6ú\u0005DOm±wÄ²\u0011Ê¬¡Ù;òÐÿYÃ_nÝªåaC¡Áfø%\"Óã¯¤!\u0011ZÔÅrçU\bøÏüdK\u0003<L\u0003 /Ô­%xúRRés\u0014õFÀdé¦î|ÄK\rZ\töòì,Í\\¼yåx\u001aàAï}>¶ \u0003Ûh]oÆ\u0016oÚ.BWõÑ+ÑXÄ6wf¸ù\u0005¯sXÉ6^?¬ þQDÏs0³u¨i\u001a¸È¿`YLÀH\u0019¼RÓ\u0000Ãã-mò\u0013^ÕêX¶Â±PÐÜÃ+\u001bü¥ö4}(sò{ªµ¤·\u0004ZÄ&Ãì:.ð/\f\u001emÖ\u0006ÙRò§ùa*i\u0017%ÀCMÐ{Óü^òÁ=\u0016??¡~\u001a¾B¿®\u001cæ\u0005Q*¦Ó<y~bF-Ç¼ÁCPµí ÏU^Yß^MyÞ`\u0011×Öq{-¯\u001e=I\u0003\u001enk\t3\u000fíô\u001dV\u0017sØÎ[Ô§÷vv`KtÁ@~GÃ³f\rx\f&Ô¤ã¿ªÉ&\u0010w¼ü\u0018O\\Qêò@5\u000f¸Jâ¤\u0004\fÃ*_Í°Ã#ðæx>Ðd\u0019¿¿ÐÈÝVx\u000eË±»¶\u0010ØÃ  Ù[§y°\u001cû¾\\çõá`?æ\u000fzÚï5óáhxòt>ÚÇs×Î.Ê½\tKªC¸Îâ(¤í«Þ \u0018{Ö~Kó4~\u001d»?\u0013}\f\u0013\u0007*é1¿\u0004y^ÈÇ\u000b»\u000bxj\u001fÍ7gÒ²GhÉô^JyÀÒü\u0013^*\u0010Îå¹càw¡r¡\tçq7¯5Ê.XDúY±mñ-¼\u0006\u001787hý0tûGø©Ý\u0010]m°©Ö\u001dUïb3OGð\u000eDõ:ÓÛææ|¡ÑLúv\b[÷<â¢aØÉÇv\u001eñ\\_Ñ¤G«Åð(×VÐ\u000f¢Þãö¤\u0002ìñ:¿0ükO°ì\rPõü|ç>?ü¡\u0011üï'ÜÞÃôµÖÎi\u001bÜ\nã\u0012Âl¤\u0011ü3F+ÕIØ¯\rîÈ¹wé.}=9FCáãÍøÃW\u001eÇÃ×\fë\u001eïÙáé\u0006¬±\u001f§¾ÈCw@¿¯n\u001d¡IKfZE³\u000eä={\u0001+\u0014¡è¹çå\u001ewx+í4PÁo÷5ñÇ\\9Ó<eÓ\u0006\u0013x;FNÃ\u001bþí­á.9pÿ}\u0012°h#\u001e¦öÉC4\b®ýXë\r$£<åþà/ùqØ7\u0005'µ\u0002Z\u0007}w7\u0017\u0005K\u000fcm# Ðý°á¾¨ã\u0001lèÏZ2B\u001aÇ\u001b¼\u0003î¥Éxî:Äc0ßó\u001amfß¥÷AZiâ¥\u001bNPÞa3\u0007h#\u001fñ\nÇ\u001fàÓwx\u0003²ä\u001d\u000em\u0018!\u0011÷}j\u0005%·'Y\u00104\u00107i\u0003þØ3ÚtñD\u0011\u0019:Ãê.¹ÈN\u0019l\u0001ËqµÛÔü\t¢\u0005ÁsÜ{LË\u0005LÄë»\u0001!\u0002\u0019º\u0005ÂéÁò¿ÐãÛ°ªÇxì.w¿CÐ\u0018îÅ\u001eIý\rÜ\u0019LSöj\u0005wúyè!~{/Êd¯ï\u0004$ò¨eÑs6~\u0007\u0006Áaÿ~|JËâÈ;bx¢Çy_Â\u0007íÇ¡¿ç\u0017\u001eZ9\u001d\u0014ÛÛ\nØ¤WWx*\u0006^Á\u0013÷@Mb~5Hr\u0007ÏÈ\n«àdðd\u001c}x\bv@\u0003\u0016ð\u000eu\nr+½µC\u000bt¤@?×¸*\u000eþ\u0003\u001e=tãåÚ_³aÃgîá¶û¡+ü\u0013é6½\u0011ÑjÁwfá[\rÐXNÜ\u0015Ö\u001ae\u0010ÐÇ\u0005ÕÐäïhé®¦àw8Æ\u0007K°¯UÍ¼|\u0019ÜsOv]ö\u0010;î Å^èØO?\u0010HÀ§°þgE\u0016ðd,|ûÑÔ#oPñªU\u0005¨ë\u0001>\u0010o! #3¾\fz\u0012-\u0019£ÖD0PGCTr\u0012Îo\u001e\u0016O\u001b\u0004ôh#tP[a\u0002}l\u0000\u0019Ä¹}\u0016¿ÊâLå\u0015C3h¥ìÂ#6ï,?ñï\u0016·§¦Ðv\u000e·#tsz\rËè;µª´:\u001bïñ{D¼Ëà(ø»p*±-pE\u0014$Ãó\u001b\tÒóQ~2ôÕ}÷\u0006\";¾\u001b\u0006À2\u001a±ðà9:¾\u000f¹X\u0007üöãÁGðe;|Ô-$S\u0007òÁ>aiøw\u0010°|ß²%^à?û\u000eÇ!á \u001bÜÖeZ{p×|\u0019´¡?lOä<ñÏ}4ÆïoAvoÒ\u0004Í\u001e\u0013rÐìEÛ¹+ÚÚTâ^væbúÃË<z\u000e/X÷\u001ephà'\u0012ýs\u001a,`uPOög\u0015Sú¨\u0013ºdæ¦\u0010ìmêÖþ;¨é}!©`ÁB£\u0002OÞ\r\"j\u0014ôzK\u000fA\u0002}¥ï\u0015y¾l\u001céej³d\u0018ö/\b÷Kb\r-z}û¤Ðzn\u000e÷Á8Üâ§Ñ÷¼\u0012$AD¡\u001fvs÷Yú\u0002\u0002ÐB®0\u00162¥ºö_\u00173ÚG«äOËxTB®æØ×5¦­\u0014êI\u000eØ°ÓÏKð1ÒÁ\u0012ÚwÀà6\u0001P÷\u000b\u001ePC\u0017õ]às§O\u0016©/×Éq\u0014öz\u0010Q\féeÐ\u0006/]tCm¡e½0P4Ìtÿý]=\bý1ußâ?>Ð§Ú+úÙ\u0002\u0016½l\u000b@ñ=ÁI>B\u001fÝG ¢ÞX²nDC\b\u0011\u0006\u00123\"¢i0©\u0004lÓN\u0006?iÓÀ¾\u001f\u0007Ò\u0003né\u0013R·z\u000f nÓ3FÌhú\bí@M|·½\u001aD\\SâÁî»v´Zpò\u0006«ðV<Mgð.j\u000fh¿AÞâ®P}°Ü'Ío3³¤0çl~+J\u001fûÿ\f*®\u000b±5%~wFîGV!\u0014_Ñl6½i¡\u001fe*<@_Äx³\u0006w<-¸\rót\r'±ÿ~.ø%Ôz\u0011ÒéÀÕL°Ø8Í\u001aFÕ\u001e©yÏI¿öÝ;\u0001koT³ù\u0011\"ÇËà£ÏqØ¬C<RÊoäJxC¢h^¹\fÏä+^;\u0005þß5¶áäþÃ©°\u0018g`9~¢ÍK¼\u001dl\u0005Ûß¦\u0014®\u001cè~\u0007½¦çûe_Î\u000bÍx\\y!Q=å\u0011Dt\u0011±:ïÑ6\u0018ü«¶¬qô,]xI;¥\u000eèÉñºó× À^ál»Jòhí®\u0003GÚ~¾Ýæm±â`a{i:(¦ª`äÃ 7bÕ:¨hOB §\u0015±LcÇLÿÒêK¬Ã§oò¡:\u0016n&_GXúuáôÀ`S;C?!\u001fû!\u0006\u0017¹\röïBX¦í)4Yí=à;læ24¶óãý¼\u00046\u0015½ô\u0016\u000bh¶G\u000b½æ:2\u0006ç\r\u000f~\u0019Mý1 Y3²&´\u0016ëÃt^¥Þ(Þ¸LsIøm\u0013¼ù\u0018~OÄÉ¬EÕÜN¯ï¦Ðf~\no\u0016B©O\u001dEÂ`ÒçþâfÐoiÔdø@Ðo0\u0004\u0005ü\u0001i\u0003\u00188\u00120#vÆeÇX\u0002¡`Öë\u000e{}Í§pÈ]µÚ\u001f\u001e+¬ Õ|\u0004¦nâ¸?ñj)÷7\u001e\u0006Sï\u0017Óð­s\bûõ\u0006Î#ó\u0001ïí\u0004e<&x\f/ù¶xÄÖâ\u0007r\u0000%6ÐÐþ¨8\u0003\u000b §7\u0010\u001dl»\u0005Ûp\u0004Ï]v^B@ï\u0005¿pEEÓÎ\u0011îàµC× \u001aº`f]\u0003AÁÐxÂ0âwÒs$Ê%ë\u0010\u0006tÐ\u0000$ñAdD°zm/ýàÉ\f\u000f/ºhñ\näK&ÜµI¨Ú\u0003J¯VÛ|ÔaÅNbÞ¢Ù\u001cùÕwøÅÃºEn_GÌ¼·\\ç±t¡OW\r_:Å®Ý3Cï\tü*\u000bÜù~JÐÌoã°\u0011ïò©í\u0002NN$G\u00006ócH>\u0018Ýûié¬xV\"#]âÈ¸K1à+\u000f]¯\u0012Z@°\u001b¬SÃsà¾Õ\u0002pª¨ýÀQø`B3´áÜÂaÚ\u000e\u001c¢¸¸ ýÞól¸=Ð:BÎ´r\u001bìþG`S\u0018¥O!ªfÞ\u0000\f´¥t©äÎë\u000e}³@²¼oØEßqªü\u0007¢Hë<D}=÷ÓëqDÝVßùS\"½HÓ=sNäN\u0002·çBÿ®×\u001c¾\\\t«`\u0015Oû\u0002»\u000eÎ\u0000¨V\\}«¡e1·÷åÉ\u0013-QLíþJðè3{È7mA<@òì\u0006û\u0018rz8¾$L^uG`Â}¢é\u000bü\u0015äU&ëv\u0015ðë&1þ,\u0001\u0011\u000fNxË\u001b\bXa\u0001¬#\u001e 6ës\u0014«\u0013@Ï]Px\u0018¨öø#°M¾%Dro#QÖÌÄÈ~oÐM]±ÐE³<ZÀBl~ê?[z?Ý¡þrÉN8Rëyâ\u001c$ûèq(\u0001Ã~´\u0006.5Aúi^\u001dÃ7¿VÎÀ>\u0017\u001añóÏB{¦á@H\u000fzæ!}ºÂcB\u0017\u001eÛC'éý\r<á--'CK@âHôI\u0002k:\u0004j@Ú-X{Þ§ò·Si¹ú\u001anæ^y\"În_\u001bN Åu; U»\u001f¶p{\fäx78¢Fò[NYiÄ^ ù0,Û¶#4bØ»°\bËTjdGmÍ§ô;»`0>\u0003áNò÷*DÙ%ñ;«@Êì@upoÁ=Qð*Þß\tµ7TF\u000b\t«°\u000bÒ\u001e¢v\r{íÍõÙË`Äv\u0014¦wÖu°èR\\\u001c?õ.\u001fã ¾Bã>Æ\u001bw*Ä~FbØÝ\b;ü]9­&`§h©\u0004Fp\u0007\r:\u0005R\u0007Ó\u000fîø\\\u0017e\tó\u001d{l8JV\u001b$ßÙ#Ô}/%\u000b\n¥×\u001e!¾ø\u0005nÈb\n\bo\u001eL­HZ®s×u\u001a¹&ÞÅ\u001eäû\r¼y¬\nÕuR[§;\u0016«y±î\u000fÄ6|\u0011¾\"?Nñ\u0006µef©@¾i@RÝ\u0016pË\u0013¬ò\tOtÝÚ}\u0002þð\u001dÜ(f¶á¦X,Ô-¼ð%z\u001faÊ¢ÞdÒKÈ\r=7ÓAñ\u0007i¬NÐâO=-|\ne·\u000e\rÚ­3$6\u001e;\u000557tÒQh£ù$z\u0019'Lý\u0000oùñ5¡\u0002w=½ÉÀÙÍ@Q\u000eÁøì­Òö_LÌâ{XÊ\u0014Ü\u0003Q½»û\fN°<\u0003\u0002M\f)'oÞ¹\u0015\u000f-6\u0005SY\u0006ñ\u001cÝ\b=IAân\u000fË\n\u001fäg\u00110QoÁä1Ãâ\u0006\u0011³À3<q$ßïÀÙMÂ&~PÂPqc\u0010Æ×V>ÂÏßËµþN¸Có9p}çE÷\u0007ä?È{%Ò(ô¬\u0013iJ\u001aq NX\u001d7Or'Rq¥÷£À\u0018 ­«\u0014§³.\u0011Gèùy¨ç*'lÀýN+\u00125\u0015'Î^\fNlW¾g\u000ew¤ÓÓ³uGð\u001a\u0018¤ÏxV²OÅ2ypÅ*â\r\u0012Æã?\bVîÀ[Ö\u0011]Ðé}ãß*\u0018ÿÆß¸£-b7ô&\u000föéÁ0f\u0010Ø\u0018.ÄÑAdÔ(Ç¹\u001eQ\u000f2)×ew)u\u0007õ¼¶ð<\"hÜ~\u0003YãÉjzê(\u0012ia¿Â\u0003·iB1§\u0002ÖS;ý$\u000fè1;ín\nÂ15¨(_\u0015Bp¼µ]áU\u00189~ùzÊ\u00007xÉGoeB¾×q\u001c§·xõ´&«\u001e\u001cCäê\nHg\u0010\u0011¨_\r·`w¾H¶\u001bêæ_¦´\u0012ìH¬üû)­NÎà£¿À\u0012ín`uô`+ÐN\u0018\fäY\bõôûhI=Ú¡\u0012>\u0018m\f2ñlxÀñ6û\u0018ãÝ\u0018§Æ»wÓR\t¿Ï\u0006+\r·ãj¼GÏýïÆcTh¼F`ÚÔ$þ4Þ\tdá\u001föÛ\u0006üãî\u0006ã\u0019æ\u0006W×Uâ\u0018jjõ¯ô\u0007\u001bªjî&Z\u0015¸´¨±¼ª\bïzÅ½:<S¶^0\u0007n\u0007ÕµÇâãªËâêýÅÁ¢ò¸¢²øºZMlñmñ]\u0005Y­\fÖ4\nf\nÐg\u0019LcQM0\u000b³ÄL\u001c\t\u0016µe%u5FÊ\u0011y=·%Î ÿçVÐX¬·\u0012\u0007_\u0014¬Òð«\u0003\u0001°ø6Sâ//«÷ÞO\u0014v2¥ªúZMU°ª¸ª\\>DÆ°Ä_s¶¼ªønYei&Ðuu*\u000b\u0002øb¬OQjÙþ\u001aüµFeõÔ·JÊj°¬¿~r¾\u0012{ßiè?\u001bë°ÇyôÄÕ©TU\u0014U^®ªº[W½ûðOÍ\u0007\u0015WUVîyS­¿¸®Æ\u000f§ú\u0018»²û\u0017=Ôü¦>ð9ÖVEü»\u0004Êjj\u0017\u0015x­¬\"ã/5Ç\u001b\u000fÄ\"\\\u000eGK/ÂE\u0004k*k\u0003Ø²&ÉXú+\u000f.9[UÒ\u0018ú¬Äÿ×ÏÂ&bl·Íb¬«\u0006çW[nävq4!Bp9Ô\u000b\u0015A×\u00194iP¯5Áe±\u0019\tð?$Y\u0015â÷OTo·\u0001òþ_S½ñðè\u0015¨pè\u0001úKPòRùX°\u0012\nÿ\u001dD`sjzQlüßHó\u0000Æý/ºÇíþ#©»µXÿ+©»þÔ\u000e\u0003Tÿ¿nÿ×p\u000bÛöÏ\u0000ï¿Õèv\u000föÅPsà÷?ª¹]5j·R·[4LüïÆ;\u001cÆLÔx\u001bÏUãM#àïÆãÐx»ÌÇîü\u0007µk·ï>ß!f]½çf;d6Ø\u001aÿOf©Öëµêçÿ\u0019\u0000¸Ph¼Ç|þ?·*,ìn)Ç°;wÍ¿®÷Ï5\u001667L\"\u0010Ç¡Zm-N¶ ¬ÀÅâ\u0005â±8Öí*vÇz\\%Xõ\u0015{BÀíqú}\u0010F\u001aÊ*Kª\u001aþåwì\u000e«Äá.VÂöPy\u000f£!Äõ/\u0005à:õf|h³9\u0013â\u0014î!Xu×¯>©¾]\\\u0010<_ëL-u6Td;s\\öëwrÒ\u001aïå^\b9wþ^©³ô~ Òvù|fúùK6õH\b@YiA?PTWn`uÔ:c-ÎXCIã²Ú`YeqP&ít\u0015%$X\u001c\u0001Tò8Ý±À¤[cì%\b\u0019ú\u0002.«»Èã\tøE\\¥·Ò\u000ei¯¶~o!\u0010B [ $¶¨Èé\u0003Aú~gBQ±Ímÿ?+\u0004\u0002U'ú\u0014\u0002ý\u0003:éäßÂT¸KãSà¾INå\u0017QiÙHïØé*Ýu\u0006\u000eÍàþ\u0018êÛ\u0003ZqdÙè×\u001e\u0018Ü¿]úË$ò1\u001c½BOMìR{\u0001²ápIFL¬\u0006®[ó½ NÓÙês!qºHï²}ð\u0012×ï\u0007ÖÙ¨aæ\t\b0ÎDÑB-o7Ùtð¼¦ó\u0010[{[VÉ\u001d\u0010äxw\u000f1m$\u001eF¥F:\u000b \u0019\t?Xø-<Å®Ý][=\u0002ûý\u0007ùÅ3ÈKnù©»R\u0007\u000fzø#²Ø\u0012+r ^+¯,æÁ\b:b¯çö\\ÇtÚ½T¸¿ð»Ò\u0010-znÍ\u0017ð\u0007a.íò*\u001fsªú\nõÜ?h$S F{%ÕÈ&E K.\u00118\u0017Ü¹×üÌÂÑ\b\f}C°[Ãx\\ò@åå³Èþ¤5¯\u0000\bGRC~S;xá\u0014\u0012\u0001Ú<\u0004\tP\u000fWùY\u0014Òç\u0003ßN\u0014\u001e\u0015DH¯#ÞòH;á\bÜ\r SþPR-È\u0003nz\u000fDò/\u0003¢IäßNý=Mþ\u0015:\u0005È¨@§¨çn8\u0019úuüÂ¥Q)ÿ\u0011ê//G\u001ew´¨\u0016îy\u0007ÒèXZe=BnËÔEC\u0002\u0001Òñ¦}VdA\u001f¸ïeÓ»î0BÏx¡¦U8®\u0017y¿É\u0014\u0015Ý\n$_\u0001Êa\u0007¹´·4p¯\u0002(éXÊóÈ3F\u0012\u0010aO\u001eêt^(Eâ-i/Îòs\u000b(û;\u0012j;M¼b\u0011¤\u000bÉtP\u0007x \nñ§¯Ò¯&{ü)»F2\u000fawù\u0019x²{y´ÕÈ´ä\u0006KI2ÜÍ\u001bîæ\u0007'\u0011ìÞF\u001cùÛÉfpÁL\u0013r\bß¸çz\u0015r\u0003\u000b¼ZÓøáÏ¸è\nIÀø\u0010½ýDÝn7­ðT-.\nMÔß!ò>Ä¯Ãò\u000e0ã§\"\u001e½0!j\u0019® $4Àã\u0012]\u0006ÃÎà\u0001\u000bh Yçø#ðî¼LìBº¬\u0012\u001eª¢f\tk¹Î[A\u0018S\bB÷òª\u000fÛv\u0004òÞñ÷c`£W´p\u0004ÛåÇ/3`Äç¼ãX·\u001fXÅnÎg Ä~4!\t2ÊSÅôíá]Éáé fâ1Ë\u0005kB\u0001Ç`\u0003Ê!xÈ\u0007xJÁà9½UëE²?4¹t\u001aÄ¯ûò!TVïx}¹Îªl\u001aÏ=ÓþUy¦Ù]\fÃ[|c\u001b!ÇÏ7ä+Î&¤\u00146\u0010ª<\u0005ÚØ¸¤¾\u0011bÒqá\\VsO\u0003ð]ÉoòZêç¹[ ÉU\u0004âçkµ+.¸§÷\u001fGöw#ú®P½\u001fÁ¡[ Óùr\\u§FË\u0002R^\u0002\u0010ö/úÙ4ç§\u0002ìÅ\u000e\u0000#\u001f\u0010Ë^;Óºs×«ñxï\t|¼t|7Ëlñ5\u0017!4(ÝGÈqÁÍÙ1Í\u0019Hê)üIð öã\b;oðL-/Va·2 YdC7éÛ%g>OTÐÇ8^½\u000fèU@mÚjÈã\u0011Én8c«hI~\fà\u001bÓH\u0005õæ_\u0002¡\f ×´C\u0013È«ÿ2Rh ¯5\tsëtj\t\r#\u001c~\u0004»óYGîP×B\u0013àmÞiI{\u0004®\u0003¹è|Î\u0002¨þg$Ï?¦ÅS5ä^²\u001d~zæÆ.6hMÀMÅ KðI$r­I/'ßsßª¸D/\u001cXø¬úÂz0ï\u001cØ [NÐG ãîÛ¼ú¤«`Åµ\u0007'Ó\u001eJÆ¹ÏÄ{P=´ÀÓÅü­\u0006??;y\u000fÿö\u0000ÿÖG¼º\u000b±_gq\u0000\u0013%à*dÏu\b\u001f)%ü,\t\f\u001fæ·}VØ¬£Ùë9HCþlCjÌ$ó\u0007ªq73á\u0002Ó#³.ÛU¡Ö®\u0010mBk'AP¯âù»ÛàæE\u001ev7`\u0011ßùG%okèßiãB\tÑ9°ß3þVB\u001b*S\u0003\u000eN»É=Í×@\u0004\u0012TõçñJ9\u000e¿\u001d9µ~<¯;\t\u0000\u0001s\u0007fÛä£bñtn\u001e?\u0003JòDÜuêÀ÷!\"ù}\u001c¤²hî\u001e¤Û^©`¥·¦þ\u0004\rW@0\u0001A©\u0000ôüá:ä]~a\u0007¦¹ã08§ï4íå­â^oCÖüØ*\u0001W®Q_¦Î8÷¢vì{u&\u0004lNÑjEoGîn8W\bÏ×tRªe\u0010!ØNyZ\u0017Ä\u0001Ð´\u0001\b²(\u0001A8Á\u000fsHçñ,gÝÄÌ\u000bÅ!Q2Î}é´´?\rZD*ë¬à¶>Ø)\u0010ò\u000beÑ*ñÈÙi¿¿Ç©à³\u0003jx¥,Å3\u0004<ÀkÉ$\u000fÅRÎø¿þ\n¦6&\u0005Rq\u0006<\u0001^~ÿ´ÜGné)uç¤Ý\u0006ýö\u0007ês¨µ6\u0005x:ìaF-Û8Ø×(T\u0003Wýö÷½/{Á\u0002Ù´Uè\u001füw¢iÚ¡öU¨\u0014\u000fì\u0003ïuèq#±éè}t©Ð\u0003,ý\\ãE<\u0005;¶\"\tU\f\u0006·8\u0005vfE>Ô#ÝæÇW\u0010\u001d7øµYr:\b¦ùtý¬6#\u000e Æ\u000eÅñ:\u0016\\ÜnÄÙ$\u001dBêl\u0003¢e \r\u0010Éº»\u0003Lð\u001còì+¤é°Îx\u0017@·Á(£-t=¥5\u0011N@ÊïSÙU\u0000ßèE\u000br\u0015}µ°°aiÑ¯\u001bñÅ=\u0005jÓy÷È¾:Æ[\u0011ywøýmõ°\u0005¨³\u001e[\rDÒV\u001a¤ø\nÄÁ,6}áQK\u0002äð1¥¥\u0003:@ó¹]oïºèWt §\f\u001c£¡\u0019_Ôóë|ìÇLê\u0011ZÒ{,(z+mä¤a4ê\bÚq\nl'é/7OÇ¤ñw\u001f¯Ç Kú\u000b\u00058q0«åQ\u0007:d\u0005T×.Nõ7¹µÊ\u000f\\h\u0002o}¢Y±Ó\u0016ÇUÈÅ3\u0007ÁöÛ\u000eßÇü\u0007®HU§\u001cU¡<\u001b\u0007ï \b`Ü\u000f=Ü 6~=T¡Ï\u00011 ñûq ºHXÐÎñ(KwÆãÓA¯¡\u001e½\u001f×\u0015\u0006DúÕµmBnaÿ:STÞy]À»¦^Cí|ä\u0017i\u000eúùgê\u000b¯aG`\"¬s\u0003(\u000bà(pô\u0013- ©«üª\u0000ª\u0007ÎÒ\u0006¦Õ\bð56t\u0006ò¹¾¦a®¿x1ödn=þ+å¶{¬\u000b2\u00140\u000eÄ¾¡°ïÜv/×Z¨CAÇRyûÆ1T¦) /ût2/\u0006/b\nßðya\u0013`4¬n^ð]o4ò\u0010ÊJ¶½D[öàBîqæÑ(ãc\u000b²áXÝg\u0010×[\u0010Ó8ð¢_\u000fº\u0005|zë$\bJªÓP\u0004Y;²§?nb½ò¡ý\u0002u°¼4 K%\\7b\u000eÓ¦sÙÉÂ>\u001dµÖE0¤â\u000eÃV\u001b\u0005o¶%ð¬=\u001a\n­Ï[Êo¯\u0002É\reö\u000b\u000f~\u0006ÿãã±\u0004è\u0002kTóZð1°\u0002\u0013\u0005ÀÚ\u0001¡ÑÆ+UpeF­Å`\u0016Á(k\u0007\u0000,:zÕQ)ÆºÍt`ªm?\u0002\u0000+-û\u0011\rùkJÃY0ÀèÅÃ-ÈÝñ|\u0000ï'hx¤P²Xl)Kó\u0011o\u0004¯ÇPw¢¸ÜÀjt(à1dÁÖê\b×ÀÃcü#Ç¹Óu9\u0001nÏ8SWu°\t2o5h£±\n\u0005­«\u0000Òa~Å¤¦µ\u000bc¿¬]OYFWI\u000eÛ\rEú7}õÆ*é[.ã\u0013äBI&­H@\u0011/ðr\u0003U\u0002+áUÁmîÐ=ñ^ü¯Zé§È\u0003O\u0010ä÷\u001dôó$\u0017À\u0013\u001aâ\u001fµàÊ¯\u0010\u0014M¼LëÇ3\u0015}ÑÂiÐh\u000f¨¦ç&´û/ì\u0016\u0010\u0001':¼÷ØB+yøÊ,Póè}¸\u0012_ïß¨s\u0001\boå÷Àz[ÐõSv`e¢÷NÜ²BÒj÷Ò\u000e­³ÈÓ>,Z\u0017ìðã£§\u001b`Öýâ­\u0007²áS6i!iC\u001et\u001dææ\"²¾à'\u0007÷Câ®s¯v¡Ç®ÁÑ}ÅKö²4â[7®@T-ø¯÷Bì\u001aþ\u0014vý@fàM\u000b©ë\u0014ôõª\u0005FøÆÃÓ\u00107\u000b\u0000_-ÂçXW³Vð\b»=§¼:¼w¶¥\u0001\u001c\u0007Ø!½?\u0005ZRõßï\u001e!!þ¿75ã¯×¸/V\u001d¶ü+Ð'öT3¾\u001fñçó'}BXtdgÅiðµ·rÜ\u0018?­SÔö\u0002?Ïh:\u001d¯»ÚD\r4VÇã<@^k;\rv¤÷OJ{ª°ÇOàââ\u0018MAÏ\fô Å\u0005\u001a\u000e¬ÁB\u0003vzõ\u0010@ÙA\u0018sÚÖ^ð¤ÓÎçi<ÐPôHùrøîwÉ=ÛùsZ±\u0005á.ÁTú\u0005t`\t\u0014#_Þ\u0002î\u0012m\u0012Ð¥Ì\u0001þà¸\u0004\u0017\u0019ÛàøjTÄ<?\u0016\u0017×qáâaÞ¬øhoÍåÊúTCJ\u0018/º«Ë»ì\r¢LÝxÈËØ\baLØÎÛ\u001908qhðæ\fÛóiú\tÞ*¢é|zÖÄsðp^ã\u00105\u001fq`_¤¤¦zÒ¥\u0000Ü\r/o\u0007Få'Ì§-èSÞ\u00197w;Ï-\u0000E£\u000fñe°Ù¤\bßÿ\u0000ö]\u001fvãëC¸½ô&{?¾ùí\u000e,\u0001³\u000em¸TYö )XÅ\"\u0005\r,ÝÑÛkáÑ[Ôz^jÂ\u000b¡Oâ[n\u00023ô\u0000@É\u000bPí4~Ï\rMJ\bQ'tÃF\u000b\u0017`\u0016i\f\u000eBýRõB'ä\u0017þ\t+Y°CJìù-Þ\u0001/#8ào>I¹\bKyA!ï@¯\fWÇâ?T\u0003µ7¨\u00017¨\u000f¤GÐ\u00148Á^\u0012ÁU\fÓ¤§Bã'l<z\u0006 ï&\u001a8\u000f51HÅwz{\\qÅuü´\u0005F\u0007\f\u0016MØ\bÞÉpû°\u0006w±&\u001b\u000bþAK´}¿Zy±B©P±Å\u001dóÐÒyXl\u001f<pïÔ£EñhÊ\u0005\u001a\u0005ð\bÿëÉ/MÔO.¡·86AÄõR·²ËFNÇã_4*\u0014<±ÄOjj®_>ÅÏ#pÍü¡Jë\fÃCyÀ(ª\u0019õk·DnØèm\u001dáF\t¯Y±ÈÀÂH\u0006\u0001I:ÕbEØ:i²r«ÐÄâ6<q\rý3®Ëü,ÈRX8\rÙ^o3¶ï+$Äbõq7\"\f\u0000ëj3ïm\u001aÍ\u001cç\u0017eE´høÝÖâ:^iàá²¸;±è¯ðôRÚÿIï\u0004>î>\fÝ\u0000\u000b¤Ï\nnêdK:B7ºÝ\u001b¢ú3mEóöÉ¦Ùüô*Dß(¦Ç\u0005îc&\u00023\u0005á½Ä3^#p\u0015Í³\t@à=:I\u001bñÜu\u000fD\t\u0010@}4ç;{Z×A\n::\u0001ö\u001dD/Ì*)Írf;h(ãV¡\u000f¾ñ{1çM%\u0006½\njhE\u0017à¹*\u0015à­¼\u0000ób¶\u0011nÑ\u0016­Wõ¼Y\u000fèq\u0014H\u0019µsÔ\u001a!eiªÄ\nRµ_ÇtàCâdÌä)|CGÕ`ra¤æáæ¡±$\u0012à§ùFj\u0007Öì°B%ÔR}­8\u0016\u0011µà\u000fÞ¼\u000eùñ\nÔù/$\u0010÷ÁÊoM÷s¹\bÆU£ªåP\u0010ím\u0003wlq_nâMhþ\"ð\u001ep¨ç.¥qG\u0019\u0000ÎÛ.xQ\u0007è»+\u0007\n\u0012­K:OÑûkZô\u0000ý|%\næÙ\u0017 îP\nt\u0011¨Å×7Ãlê\u0006DhÙO[.1K¥PØ\u000e\u001d½\t!1[:\u000f¿TØÆC\u0013eü!\u001fl0\nK\u0018ýGvÿ\r\u0004|\u00029òÞëu!nþ¥µ\fGÐ\u001aÀy½\u000f\\ÑQQ$½'`H½~-ún`á_è\u0005\bÑ¨¿Ùý<¬\b¢ã\u0006ÂÙ\u000eßC\f4ô\u0012D§@r­Xãüñ\u0010mÜ3Ë nRïm\u001e(\u0006.Ä\u0018PµB<v_;r~XóKegÝ<\u001d×À?\u0004ýé*DÃ\u0010ùv¬T¦h¸³ò\nµµ\u001c4\\ûVÕ§\u001f\u0004½þ$ÊE_ÏA¡Ï ^8íb¡V?ËUaº_v!UÀª\u0002)\u0005¬pV×[mE­>ö\u0006JiÍqÅtVÏ\u001eâL©Oô\tÂ \u00111('x\fðn:Z@3çC¯Õ®U\u001c¦Ç\u0011\u0019\u0010/à*\u000fó-IÉ¦\\©ÇÓÀ\u0010§x\u0010ø11ª[{c~©\u0019³Ò;O-í\u0018 gÐÉ\n\f\u0016Q9XCÅ>56¼9¨AÀÚÌpBB«\t\u0005.ûhùN$*+°¬ÝMM@Å\u001ft\u0000j *º¡\u0005×Õ\u001e\u001aO,-Ôb\u0006\u0010Gã0«\u000e¬¾fîÂ²õ)%:iÑMOEÏ\u0007böãhf\u001e¤±Xèè9ô>\u0003Þì¾õ\u0018Ç°\u000f{ÜFà\u0014Ê\u0006æLæ\\l¾Ölµ'áÇ<\u0001;|/£?!÷±ÓëØOÀèFóhóÔ\u0007¹ôóUÁ\u0016Ý\u0001¸S<ZÉGæ\u0002\u0010é¢nd2¼ÁB>¹\u000e\u0007lIJl)<s\u001eÒC½Rùdzßºº[\rG¶qkúU]b\u000eRÚEX:Í\t,h\u0017ÍÎ/¼Á}4\u000e$¢Ü\u001d¥¡|å®Ì\u0018sÿ`\f\u0010ÃÓo_µ>¸A«¡áDúú]\u0003ó\u0003¦\u0006B\u0014ôLE¯ßÓâ\u0011Æ9ÄZÛ1÷Wèc.V¹\u001fPka>l§\u001f³`Ò\fCÖ\"d%¡/Û±\u0010xnW È ªMJ|Ýi\u0016¢é\u000eFÞ\u001aQ¤\u000e~¸\bXþ§W àÊõ\u0014Ã\u001ay0xÅRÓH\u001f\u0014»ÀÖÀ¼Zãm©%CRÇ\rCS\u0013\u001d\"\u0003îÿ<-]VkP\u00054©7Ww±±%\"Æ¼Xex\u0015·\u001e§ÅÓ0wW±\u000f÷éë#-/P\n\u000e>eZÓ\u000fê\u0004ë¸ëÖ\u001fÅðç&úr$\u0006ëÞ<oxe°®\u0010M\u0010\u0011ïiwßáV\u000e@º 3\u0007f\u0019Ä[ïÒOmGý£>·8ÆRÕÚÛåò|\\%m\u001fóy\u000f$¡ú\u001d6È\f¶=¾\"ê`¤\r¾ê\u0013½ÓùÖ|¹$ÑsÕZÊO5ßÁßZlRÍvîiq[¥\u0000+ì9¹gzKÄð\tÐèðË.\u001fîABP¶\u001eþv°\u0017tc\u0006©p\u00135©zh-?Þy¾\u001fß\bR\u001bÀ,Pï\t\u0011Â\u001b<\u0017a;\u0004Cw¼ª\u001a±\b9}-D0h6S\u0002ÅæµKvÒü-ìªNBÇ \u0005ßË^E!¸õ\tªg/ùÍÅxfï³%O \u000f(4è\u0003ªT«°áÔÙB?\u001fááo¨ë1¤¶­é-`'ÄÎ[ ÂBPm|\u001c±QH\u000b\u0014§Á_\u00064ëEÞô©Ú^V\u0001~\bþ@ÔCdDú*Åcwq«yaÃ,µ+\u001cö¬KuB\n/g¿§%M¤´E²á\b'\fS\u0015¹×.³N}(iE»p¶N±\u0019\u001dó\u0015'Û!¼«õ¤¼´Úh\u000017\u001d\u000fj­F¡Ô.m©\u001aâ_°«\r¼¹Å\u000e²è\u0005§¡M\u0012?8íû.§}\u0000ÉYÒEÞ[ÌçÈ\u0011\u0002\f¤¹z\ròüKp×PàÚ¤ë¡=z¨k\u001c\u0019\u00023«$ñ\u001a¨9M«ES,6¦´8\u000bu\fÁ¡7ç>\u0004P\u000fæèY2EöA\rÐðYÝP `>\"\u0007²)JéÔ[°SZ«\n>\u0005õîº´(à\u0015\u0002]\bÉ\u001cXvôì¡0\nÊP÷þµôª\u0015+Óê\u0011m)t»\u001e¹yð*\u001a,LS\u000fÂõ ¢á\u001aÄ¦*Æ[oæ««pÇcü\u001eÂBitè´ô`H#LzQ\u0015h¶öðÜyzr\u000b58+ÐiOS±\u0007âHo\u0006õ\"A¬+\u000bL#\u001e\u0004ô®*;¢`\u0004`\u001faU¾Äþh¢4¼'\u0013\u0004sûÞ|ºj\u00069\"þÔ¬\u0010\u0019zÃwP\u0006ÍO/ J³F3\u000f×åÒ÷&x\u0011ýü4\u0007âE3Ù¦Éd¨U\u0001ØâSåá2D\f\u0006yé\u0010~$z8¹$\\gènd¯W×6v\u0000-:ýí@ºÍ\u001cí\u0001Ç¶úòu\u0002ÛÆ\u0013\u001añ\u0011RSÚ¦õ\u0018X\nÝ$ÐÃúyÑÔæC²ÑÚ\tÙÖ$læ+ÊB{px\r6\u000bgNü+Nq^\u0005bi*ß5ó¦hµâk4\u000f\u001b@ÏÐ©[gÁ\u0004à§Wè\u001bâò{\"N\u0004\r\u0014!À´@;\u0005æ£µ`\u001dËä\u0017ûµC\u0005ÛkUR%ìçË\u0014k Êõ\u0006MD\\¡I\u0018N\u001e¸J¢²Bû\u0010¸OÛ\u0007á7mÜV\u0004@ýî]wm\u001a¢Oò)ãKÔQ Ó\u001f\u0019ÈKõ4\u000eñÒ\u001eM`Nï©´ú\u0001÷\u0007Hã\u0016·J-`±ÙQ¬:ÙSÏoÌ¸\t\u0014\u0015}ÀJrÍ0ûÂ\u0019mIÈ± Á\u0002÷ë\u0017 Ie\u001cbz±6möyk*Q\u000f\u001a²AW´(¿\rÛâ\u00036arÅ\u000er9ñË¼$\u0015ü\u0017ænð{\u0014=\n{äÒT²\u0014E\u0005ÒT\u0001YW\nÚ¦BJ}¨RÉS!êypÐ·é!¥\tÌ¹nÌèLvBÕ#\u0002wZ<\b­Ù@ý²P\u0001Q¸©#³|\u001fX\u00189\u0003 \tNÑgÔB\u001fö]ÁJ_óS?)eAªzsZ\u000fãÅ*p%Ñ\u0018i\u0001C]è\u001b]ÈnA²ë'ì\u0001í;µ4§7¼¤lg±\u0002T\u0018³\u000f»­ÿÌïêé­¸)>s><_Õ¢»D\u0011vZÔcÂ\u0005§ÒÕ\u001fn¨é Þp:\u0012Ñ~¾åH\u0017\u000e[R!\u001cF`<ü<~4Å§¡MÅ¿i\u000føÕðæa\u0015\u000e\u0014)bÝýMÖmãqmäYl¤Éí»ÑâCÄ\u0012´}ïJñ©bþ¯9½5\u0006\u001aÁbWoh»Èc·±Ç³H!ôÒ;1\u001d¯dz\u0004¯`ñ¹]üj\u001fuî\u0007·÷ì`¾%¿a×¡\tÛ\u001es~\u0000\fæ´í°%í\u0013\r'ò«êû¸i<úu¨°j[\u0011]¨à%¥±\u000fmi¢GtaÚBa6ñq¾d`Öªh\u001fD¶\u0011\u0019\u0015\u0001}ÙzVFÄ?jpÔ`³`É\u000exk±~óû]óM8ö,á8\u0018L+­YèÖÇÆö|¥YÞ 1G-ÄÆQkL¯Ï¹\u0011\u0012ù\u0015_ÜJ×íl~¡~\u0018`)F1x\u0014ÀÆ\b\u0007õ\u001fTó½\u000fáÖ¾Èh\u001eIÖ\u0010GÕ\n(ÉÎ½\"\u000fè[û$æ´\"hG*\u0017@}zPëàÊÇ\u001e#Æ¼ÇXuïWïÐy&e%^Fè¦Më¯0ñé\nC´ÁÐÞP\"fÃÎû\u0017ñ=j+,È*@¾\u001d;øÎ\u000fCaè\u0004-&*xÀMCµ\btî¯\u0006\u001fCMV\u0000o\u0007Ïã\u000bBÄô\u0001\u001cxûRL\u0013eS9ÐïÓô¯\u0010\u0015[ùG\u0011ùè±¾Ç«¹\u0011º£\u001a:x\u0001é½AK\rÍ\u001f.¯\u000e¹1pZäQ´\u001cÎ\u0007~Ý?Ö(%[Åt^óÂA|ñÒ\u001e>\u0000AòsB\u0013Le¹ÖæDÜW­\ræ<ôîoò´:\b _Ó\u0003ÿ'd?\rãÔ\u001e\u001bÂl+®L¨Pé×j\u001a\u001e0FªÌP\u0013Í*PÃ¹Ô_\fÂ\u0006©\u0001\u0013þGþQ}Pw\u001e@\u001aóØ\u001dP~bs<ÍWQ¯:\u0018\u0007<½)nåKêÄ\u001c MÙ.so|»F&\u0013e4½6¦çÑÔ\r\u0015\u000bÊP¦N\u001a¹dÎú¢¶\u0014\u0000/yË\u001b'tW+d¥³A\u001bC°ô#¡\u0010¯£÷OåÁ;Y\n\u0005X@öÂæ¹\u0014øS°_A\u0007½ý\u001bè\u000e¬}{éSkE\u0010i×\u0011ñD~±ë×¡%åÛëoì?\b%)<ä6ã\u0015\u001eÄ[\u0010äÚ<µEp«äv\u001d\u000eÓ+L\u0002µ\böÊ\rCCW 3Å\u001c#ÐÄ\u0012KôC(i~¼\u0001\u001b`5gbtLÈ\u0002«iÅeÎ<3d5!\bõi7tâ4­\"Q\u001eõº·\u0016¬(ý$å(Ó\tÅÔ\u0005æjªyDYLzÑY¦Á \r&Dmà#\f+©\u0015\u0016S\u001bì£¦ÅdÆ\u0003.l°ö+«©PéÄÞp£I\u001f­\u001e\u0018÷á\u0014\n¨íª\u0012óä¶~\u000b\u0002$\u001d\u000eÔi>é¨S\"D\u0013Ò&\b\nnCó\u0018éw5L]ÛDXÞ\u0016,v\u001cµqBÐÿ\u0006süây\u0015Y[ÏÏâñ#b©\u001bÓ|-0.+kyÚÐ>Ó= ´FC¬0ÝÂ_]~}zzC\b\u0005ú\u001flWD\u0017Á»\nTPË±Å¤GéUcw\u0005Çã\u0010à\"\b\u0016óFY1$í7úvñôÄ\u000e@$½ìï\u0004V\"M5Ø¸\u00031c$L\u0010úøÎkM:Óæ,Q&\u0016¤ëÇ\u0007\b|9¤Í#j5´Ù\u0007@æÓÒ\u0002ýp2ÚÝ*\u0006s«Æë°[/bÈz¤Î^ÓqYê\u0002õT\u0015\"çÜ\u0011E«ÒAQ\u0005ùÞ×}>\u001cÄ\u0018\u0000xH$g¿Êº#\fQý3\"[ï)G\u001dÙC«dÑ,\tiW\bø£·\r4ÊsçU\u0004W\\\"Oíµ¼P\n\u0007Öçá~-°R¹2ü+\u0007q¾e\"cÑ/Oð(ì/ý\u0006PFkX©Þù\u000f°ITï\u0006ãÉ\u0007\u000f©¦[ø\u0000:$úB$&w\nº\u001d[È\u0018þyA­\t{xdwMNPZ:l³1½\u0007\u0007Á]{\u001c\fHÝ=o¶+7Ü\b\u0012ÛKDÃ8@I:s]K\u001dÆëxZR×h\u0006a©ä­³jJ\b^!U4s\u0014)ßöBÐÊÐâu£¢]¾øñ\u0019»\u0015ò$TGdÞTÛ_\u001böÓ·\u0010\u0003Ã\u0003ïóW\u0004ÓxYå`gÉ\u0007§\u0011WÒ`¯*\u0010¦\u0017ÈÏÌ\u0016j/\u0002Ñ\"æî©Ýx«{×KGï\t\u0011]{÷â4x\"Æ]\u0003\\\u001eØKÒµ*½ygo¡¿)ò6¿\u001bpÆ\u0001Þ\u0013/ÕÕé*À]UK<\u0015\u0014F´>UE\u0007°ã5\nËI¹-ÒN¹\u00161÷ÃÖexÝüTÖýQçd´ÅK¾È¯\u000fI4ÒT\u001f\b Ý\u0016Èt¤R¸\u0000´*\u00163üq- -é\u0010kF\u0018ÃxÔnÊ8ãÉü¬\f¼Íç\u0007\u0000ÔØô+äï}F,åÉM\u001aÆ¤álK£\nïò¹¢¢Føv>%Û7ñS!üÑ£ç%\u001e7Á¼\u0004XFKF~ß¤c\u0016\u001a3\u000fðÿªîL\r]ò\nÚH/\u000bBÈ\\`+Ä<À'}üÄL~`?ô}\nÀè\u0007`5QîÉpþR|\u0019Üz°^gÕ\u0004_\u0013¤»Þ\u0005¶MzêÊðT\u0004MÀ&SðHz\u001dç¨¿3ÉìI\\Q\u0012=)\u0005ûèÎ/§msëcÄ«¦­lã`Å\u000b $\u000e©öÍÂBPá$Lm!¹®)Æ¡Ïî\u0010äò9@Æ rbu$\u0018s\u0011¡\b>\n\t£¨6´\u0017çñ +Èp+*?-( \r\u000bÎ\u001eHz\f ­Ui·\u0015\fr_Ó 3\u000bóÞ\u0000@\u001d\u00101\u0013\u0000mó@B´ÒO\u000bøè¿ºCÂu³àçÚïÚÄ8§ÖboðÎY9%Bfå.Ë%iiº¦n/·¶D=\u0004÷!ô¢f\u0011Úætó\fvvÍ!Hj)\u0000Qñ\"@É%d\u0016\u001e½V!$~å=+\u001e¿8d\u000faø\\¦Y<dsj\f¦Þ\u0013e\u000fé\u0016¦=äÖ B4D\u0012Ü _\u0005¡W|åQe\u0014éÕ`¿´U\u0019VQºâ10NbÄ380ço&T:Xra\u0012\u0019ß+Qv\u0011¶B!aÿÆ0ÒÃs~3ôl\u001f{\u00192ôÀý¿Åô\u001fÊC6\u0011µ_JT\t;î©OJÂ»!Þ\u0002²ImÈC\u0004\u0015\u00120_¯âHùHn?Ñ±\u001bt¾:\u001f\u000f×paoÊñaz3P\u0003\u0002VÂNJÎJùÌõæ\u0019\u001fX\n0\u000fâ\u0006(Ú\u0012+á²\u0002\f¬\u00137@ëá.mkÖ\u0000zÞkL}BûÄ]2DãEÍAhúÈ\u0006ÐÐ'¸R~®¡\r»øA¨ªv\u0000\u000e>ðÌ>`cwp©\tBg\u0013\n´6X©Ý¥°\u0004¥\u000eÀV\u001fyÂcª¬g®\u0011Ï\u0000Ú.|&¹ºÿ¥;W¬¡Ep¦\u0017m\u000615mMFÔ Õ\u0019qz¸cM5\nuÚ$>P¤dâÙT\u001cÅi%à3Â?T\u000ev\u0015íxkpf\b\u0003¡¦ý0þcÖ\u001bÇÀñÂx¢À¼`A!\u0017Ï¥(X\u0015 \u0011\u0019\u0012ñÃò!¢¦°Pý¶Pf¾\u0002\u000e\u0006ÜÚc0|¦ ØT\u0013%<\u0016Û:æãÅÝõ¡xI°\u0001:Ú\u0015ú~\n$p(^(\u0012=ô5\u0015=1\u0013\u0013¹»Jºj\u0012\u0019ép®â\u001fhÿ¬^FUáÁ¥ÐÝÃ\u001cè#ág?Å4±ð\u001aÃR\u0014-º¥ÍÌ»\rd¥7Iìà\u000fÍ\u0002\fO\b=ù2/'\u001fYªP&â\u0014Oá$úà9·&ñ¥©Ë8#m:q¿û\"à\baÉ\u0005'p`*k¨þé¤^(,þÜ¡7\u00004\u0014\u001e46æ`(=øûÂ\u001emFÎÍ¿\t³\u001c­ðãb\u0014\u0010µ0ø×t*X ~Î\u0003Qöªê¦\u0003\nfT\u0003yàYÀÍ®éBÉtÇØ\u0004\u0005rÒ\u001b\u00067Dã\u0019qX8(>pÙ¤Dbqd\u0012èµ¸t$ö!\u0002±j´\u0003\u0012t\u0011åÜ*ax 6¬ÞÑìûÆñfÃdø ¸´Ã|G\u0006\"²±è\u0018\"ëÏç#êxð\u0010\u000eå\u0011[B\u0000¯æ[!.é@$\u000fI\u0011\u001e\u0002ÞZQi§Â\u001d¯°ÑoÌ§rG\u001d±\n'Ñü`¾¶eSt\u0007AØr¨±ÅBâéfí\u0010ax\u0013èxà(-\u0015ñÇ,~%ö¥;CñW\u0005z°/SKýõäK'\rBVê²\u0017Nbc\u0007ø~\f&M\b+0u¦ciZ\u000fÖGß\n²ÀÝ):`f>Õò÷Õò@Ò)ÝÌ\u0013·\u0011\u0018gfið¨`)Ñxi\u001aøGþÓ$¾ ²úBéxSy)Ö\u0003ÕE2k\u000f¬wi;ÍäcÂ\u000bü^m»®ãS¼À&3(Q1nO|ìtÈlÏ¢\u001b~\"(ÊB¿\u000b\u000eÞ·=Ú\"|ÏböjP\u0018z3 Ë'Á\u0003Ä\u0015\u000eú\u0001ÐwoMKV²\u0002;ãã/ 9\u0010ë\bîJ'ÿ>\u0003ô!\u0006¾n\u0018ò\nøã\u0003\u0010«\u001b@\u001b­¨¡ÖXÙLIÚdÒºj×n\u0012y®\u0002\u0010²¢á´/\".\tv\f¾ñ¤£PW¬ÚvBw·j\u000bµ\u001eASn=/fUÐPÀ¥í1ô0\u000b¶ô,\u0010´ø¢\"ª~DT#@\b*¢\n«oDT/!¤j\"|&%¤jþ&Çù\u0007êfnä\b¥WÅSw¬*ð:\nc\b­Ç\u0014\u0013õ©xª+Ù\u0013NÕM\u0015ðj¥\u0011MÅ×Nî¦êAøm<,º;\u0007\u000bB©æ\u0014ªq^{¢¨¡¹¡_(ªÀ;\u001f=Sw¼é³\u0006Å¿EP\u0011T}&°·µ5é¦'²÷*\u001eüYHwÍô\u000eýx ¬#)qÀ\u001cO\u0019Gúd0£0ôË/?4Ó{äã\u0001Q]áÖCg¸n»ÉÓc{(ËYeÍ\u0004>úxÎìn× AÜ%º© þ \u001f|{²4­94¨»}P\u0003]P¨{B¬ª2Ø\u0000r\u000fã\u000fC<vB7T\bZüã#~\u000føá\u001b2é@î\tLùqµ*é7Ã]è\u0018ónÓl3bÆ'a\u0004Ïød\u0012®½AWñ«Î<J3¹Ñ&t5æ_wL Ò\u0010Û°ä¯©üý\u0001ü%ø\u0004üE\fEÔaâ`Ì\u0019\u0018\tª¡Ù\tÔì_\u000b£\u000f÷¡¾#;äÀn\u0014 ód1Äaß%ð\nDÃIDh\u0001\u0004\u0011hI1x&\u0003!E3L\u0001\u0011\u000fz\u0007±,\u0015H.³\u0017áÂõ©\u0019c~ Tõå\u0018\u001eý?åÆ\u001eÆ|ê/aw|8#­9\u0019¼t\u0007a×¦Z\\xe\u0006Ê´K= ,îB²z\u0010íeõÄ@f ·\u000f!¶yx¾¸æÄÔ î3ú<©ÇÅ\u0004ô\u0001kÕë±¡¢s\u0017¥âº.ÓW U¦U­6JôµY¯\u000f\r '\bì\u000bm%AôÐ×½\u0010q¡]}BK\bÿ¢Z»ÐÉ//QÏýÆëõ\u0010ØQà!>5:CÐ?q\u0019ìü\u001a7té{o4\u0007öh\u000eôÅ@dKÀ\u001fÎ32;ñ\u0010àÃÐWý4! !K.\u001c8¸.ËÙGqäzä\u0017~Ø!\u0014Xï¥kÒuÔrÕÈLÔßÅZõk[áI´>`î1X_Ù3Êµ) èÅ2~î>\u001a^D¸¤\u000fæÙGS{)QÂrÅ8'\u0018KkÐ:\"X$\u0006ãS'ðÃ£\u0001\rÎfEÂøÆ¸K¤º\u0019nÉ\u001btE6jp3G±`³jbÕo¦ÀùU%\u0010S\u000f$x\u0011ÞM¯\u001fÁ\u0010Fö\u0006ÜÌ9\u0016ô¾Ôù\u0000PàÄë§×\u001aC¨$\u0016féé\t0kkÐ(Ð nI\\[IÏ\u000ekME4Á¯\u0017Ð3À35÷\bpÈÀùÒÜ\u0019uìa¼àW`³·\t\f\u0004Ê(ÌÂ4´ZÐ\u001c¢\u0003\u001dò\u0007ß\u0012\u000e\"Çä±ÍÏ/¥@lohC\fÏÐõ{¢á¸LàÆ£qÕl,êM/¥d·<9µß~\u0013´9GÃòX\u00156¿­êÿvÙ%pt\u001elJUÎm\u0018[R í·tÝnÈÐR»d\u0003ÎÞ@N¡ÙJ\n\u001bÿh½\u0018\u0001d=,\b¥æ[\u0019Xû¥}ðM·ø9@B4¹__U\u0005Õ¾7O\u0001ß\u0015Y;Ì@ë\u0016<ÞHRü@A¹&`\u001f½¾aàÊÄÝq¦^+K¡o×!i$\u0004 \u000fì)B¹_Ð¨\u000f\u0004\"Ê!ËlÉc8~³P\u001c_Ü\näqT4i\t¯\u0007L:´Çú%úÍOmÐÔû\u0001rm§ÆÑ©»\u000ew\u0010æ\u0018\u0001ÊG*\u000bª&\u001eÁ.Á0ÚéÍ%³Ü\u0015ÎùP\\Ôþf¥Å)v¥À¯¥íý\u001fô\u0017ß\u001fNñ°~£øD!ø¾¿#ø{\b~ÿï\u0004¯³x§ ¾¯f©µê\u0007µ®ÞP§ÚAÝÙg/¡áNàÍeù<þ0FD]u?^ù\u0000õgÚøQé\u0007£ö«ËÇ¢ù]e\u0006¾;á¾{®¨\u00111Ö³Ñ;\u001a_ìÚ\u0006xx×úX\u001fú:¼¨ýÙ8\få\u000e¨Ù\u0007¹­ªhyÔþó¼\u001cÈTÙþ\u0001\u0015\nÔ@\u0004³|pÆ:´2öEí÷ó\n\u0014,â¥Ø\\ø=ÂKH\u001d !]Mé3¦¤-&ímó²äC|×ºÿ\u000f\u0006SIÔ\u0019ZjÖá{w\u0014fµ\u0016ð@OöÁiãA2P¿´C7`e,aoÓhù\u0012?ÍÐà\u000bÜíQC\u000bç\u0005\u0019ù-\b»`\u0010SÙBs´\u001e\u0019áÛ\u0007\u001c\u0002ÃâÆ_ËÿÚ9P¯ñµÏ¡äB°Þ\u0007óán\u0010\\Ãt\u001aâQ©bq:ÚhçR²_pbº]WÑI%Ì~Ã<¢/-rñr(ëlÓÊÃ0»½\u0000ï`:ßy+ùÎ£Ûn \\ß­¯îDK5ÈVß)ówúvB]\u0015ª\böNQ¯úá\u0013Ü2¶I\u0005ü\u0015%WWI`p\u0010>m÷%8\n_±¯ð\u001b\u0014x\u001cá²ÐÓd\u0017h©ê\u0014\u0010\u0001\n?.\u0010\u0019\u000f\u000f\u001bNp8ÁýàWø\u0017ÇÖ¤>ù\u0012ðÁQjßc¾JH\u0014Å\u0015K¿ô~)2(ZH\u0001êx!\u001b¨,mt-ðÓó\u0018§ß5È3Ú®7?³þ\bIÀ \u001aí~:\u0007ú\u000bé;ñ\u001d\u001a¶E a%P ¯Îû{#âaqÄí°t\u0017JhÚ\t\u0013é2\u001f\u001e©°·7\u0003ñ±\u0013¶\u0010ýëÛ8­ê\u001a\u0005VÖÖèçs\"Ç`=#Düê\u0016Jª´\u0012ãÞø\u0007Ð\u000b«Ìø?¾ñ®Ì×òs'ÀÑÉ\u0003\u0010\u0018\u0006êº\r·\n\u001agECFßÄÿµ²)¬\u0002:l\u000fÙ\n\u0004.üèÐ1ãÖÂPú¥K=öíMuí\u0005\u0014ÁSÇ\u0000§P\u0005 @ÁDYUC|2\u0013°2Ó¸2OU\u0003Ê(xUr-è;ì¦Jfñ`ÕajÓw'#TE\u0019^á²Ê!·'ÿ\u0005¢Z\u0002ª9Ü£|j_¾3\u0010ìC8¼\u001bòV\u001e$(Uç\u001eª´#øI&2¨ów¨j\u0000F L*²¿fj!4é¯\nvË×*ÎFVªM\u0000\u001dMCÛ`Ùö=7qFÆÔT«é÷Ô\u0013ö\u0019â{[ù1p\u0017`¥êLqbÐ\u001e¯°G7¦ù\u000b\u0000Ç\u0004Íx\u0011r!Ò¹b¬áñ\u001e§YgÑ5ñ#S\rÙ\u0005Ï9)\u0012å|{\u0018 £ä,æ0-Á\u001fõ÷\u001a(Pî:\u0003>YÚ¨Jýî#¬l\u001c´¯¡õ³ÈWúÁw\bnwPjá5D¯aêö[JÙ¬0`¨;\u0006\u001a`N×.\u0003YçÁ]ÄÆ'¨Z¢|¥CMÐ*W \u0010Z2\"\u0013(Hc>7ïq0O±-ìa\r\u0000áÙ\u0015F÷a¤\b¨)è×=\u0003ìôJ=õ­ÊxØ±(UQY%<m»tî4Ú\u0012ð[ÜI¢(ÝÌ\u000fèm&i\u000b\\\u001dº\u0001Q]XObõ[t)Þa£\u0014ï¸N´Iy«P×o(3å\fÆ\u000bðÇGõ\u0001Þ¼6ò\u0004æ\u0007ÎDBH­#¡;ó/ýÆFHC|X¤é{N\u0018\u0007»gt&\u0010i§b\u0012*a\u0000\u0005¯F¥$RÆÝúO\u001e\u0010\u0001,2\u0001\u0019ALÈé\u001a\u000f¡1÷·oEAp8å\u001fþ+Ñ\u0003\u0018Nõ¡ëT÷P~ó?P¾ÂÃüò¡¥÷Pýõß©\u001e\u0006§¦ú\u0013øû'¤äÖã\u0007í%@ë¿A\u0010ý7c\u0007\u0017àódÓ.§§\u000f]s\u0017p=|Ï3\u0006\u0012b\u0014Äí\u0006xN²fuÖÌOC)ôñV¾\u0012)UP&¸µI\u001fB\\HÌs\u0013&Ñ}ç\u00114übÔÖ,ÑVÝÕCìËxZ\u0000Üî1-4¥\u001b^Cºàãlª]W\u001cD¶³XEUÂi\u0007\u0019*\b\u00058ÖlÊ¸\u0007jªmÆ\u0010° /ìQbó;vÿÊ\u0006P@ç>p³êE5\u001fþ\u0017\u0000ü{t3NßXã«kàJS1Hj>À3èÛhÅ&I?\u0000n\tù7­ïbÛÍ¬-\u000f×5<È\u001càZ\u001b~ÜÚ\u0013}äúÆºß¡\u0016Ú~r\u0018·p®\u001eõÐãÝé~Ó#Y.ÚIQFNØ\u0003MþfÃäG¯/\f¬zYi\u001bQ^Nu\u0003÷¤\u00149»àÀIT\nç>a)ì\u001e^{Ïu\u0014­@Á0\u001e9=êm\bá¼Ýx!\u0018~.ïQ²v\b.ó·BHIÝ\u0014{J0h\næWè)õÊ·Õ\u001b­âÈ\u0017\u0018QTã¿Â\u0005\u0016\u0001ÀaVÝF¸NÎØhæþÍ\u0013*$íY»¦Sµ¶¼+øh\u0005L ê0æ¯\\ÉFyÓx\u0016ìÛYDnúA ÍAÔë\u0003\u0016zó¸+\t´nQé³£\u0011ÒpF_\u0006ó\u0010\u0011cuÉ7ØÄ\u0000*\"tÕ\u0007k£7\u000f\u0016ô¯\fVa)â\u001e>~\u0005ïÿxÑ2o)\u0000ÞB\u001b7ì;´\u000b:\u0001äk¼·í8¬Í$ÞÀåæh`±\u0001\u0005ñé\u0018·¬2Ý³¸µ}Iß|\u0012\u0000Î¸oÜ{\u0000U{ü¹\u000e\u0002\u001dm·nÝk\bªZß×)p+×ñÅ}à{VÍYnã¹l8ùØ\bþQL·XÉ?\f\u0004ÊYüQdxýë\u000fë²®z\u000f4óL\u0003Î\u0011f^>äà'w&ÝTññôÜ¾qá¥Pê#~vÅz=K|°·ð²¾ë(ÿFvü4bÊétt\u0004@Gªü%Ï$åYÈ¹\u001c ¾sðÅ\u0007üñªG\u001e/\u001fÇ®Ä¡+ÍU8(¢ \u0012hçàI¨5\u0018¥iF,\fîS«» í\u0006\u0004µ\u0016;\u0002\u0013ÂUÚ®z®-\nlÒ ô\u00132&Úä8Öe ¼\u0004¤ù(ZUÀ+é>àÈä©z³\u0015ÂùÂT\u0003C¤añÿ¦x}óèÜi~}\u001cÛÐ\tÛaH÷\r\u001cáµ\u0006¬×ÌeU\u0017Xã³Ðåö\nµ\u001f§á»Ø Ñ4¤Í©Mpì\u001d:Æd¥y\rCÔ¸ø\u0012d®´XHÄláôFv  ¥ÑB)5\u0015qG×Û0\u0010ðt\u0016b\u001c`ùèp\n\u0002óÒu\u0000\f;`¶uóÛãWâ¢\u0013 \u0010_ª\u001eJò;5÷AÛæKßUczAú¶aªíd\båA¸{Ò5qC\u000eÈi\n\u000ek÷Ã\u0013ªà\u0003h,Ð¾Ø,Nñ\u0006l3ë\u000bjiöìEÏwô³\tË¬\u001b,Ìÿ©êñ¥Â\u0000îBcâ²)þ\u001cRy\u001frçaÌ!F\u0000ÅJO0\u000e\u0001×pÕz[Åº´A©F´ÆÁ!\u001d\u000bD\u000b÷íÍ&\u001a\u0018ÉÄÛºM\u0016\u000fâ^JîÎE´KM\u000b±*Â¦ah)\u0013JKo¹\nT7h\\W¯àbuÌr\u001dÒ\u0019àZtLt \\«ß\u0015Úé\u001c\"èc¢ ]\u000fé\u0018ÂC\u0016?û\u0003ÿOhÒÄÛÿÊýþ^\"ÄÊ3J\\ÓÂßk4ûâ\u0006´÷ £\u000büZ]ì©_Y.Ùvm%ü¬zê­TM2_AÊuóÚÕ£\u0010·[ª]¤¦_ìºÄ×íz^ðÜ*ö!p=¥ ZáeO\u001eDõ4NË,Æ\u0011\u0010sÔS¹&½VwS(,`¹ù¥Ãàh£üÉÄ¯ñ\tiÇG¼.Ò5ª]\u0013B\u0011,[¯åe=¨Ñeø¹º0'ñ\u0002X\"û4\u001bM5OAÑ\"úKÍD\u0014¢pHLÃgF¸·p¿2\n(ÞH´\u0015@5ïK\b«ÒM¦õ½o!n\u0010*Be\u0001Î\u0004&ä¾£·\bì0ò\u001a äpC¡¹ËõË²<îÍ¼óFÆ5¥\u0019¼¾¦:õ\rDRº`4Y\u00125­\fÜ\u0004\u0019\u001eRK@BL^\u001cë%\u00131\f\u0006\t\u0007¡èÝj.¼¥\u0018ã æ\u001f\u000fÅ;¯K\u0006í·µ)¢àð@\r[´¡õZ¸Çõ¥P\u0019~ÇF\u001a\u0018x\u0016;^.\u0000$â^Þ×g\u001eªÄ°/oê\u001eU~ï`]ec\u000eGð§CUüU¢]¾ªïCYÜ1iµhAóq\u0011d\u0000b\"Ð7Ô]\u0001¶\u00171¦\u0006J\u001dç\u001b¹\u000b`\u001aÜLD¼~HË\u0007«EM\u001e%~XÞ:X.CC\t'¨y´\tR3ÔÞ\u000eá%ÜavÆ#AäãÙ\u0010çK\b-In×@\u0011!úÛ¡Úç¨ÝDß\"ÉU\nJ·yÞqÿ\f!L\u001eg5½Xþ[\u0014ÖmÝ~Ø\u001fÔî¯[}\u0003½£ãU\\Í\u0018±Ä?ª£x,:â6:\u0012\u0017j¯ïÔø\u0004\\²,\u000fÆ\t^¯\\â[G5]¿\u0006Îº1\rÙCxh\u0007\u0000Ës{\b¡^SSçÈ­áe®¡\"ê?ÕºB#\u0019U\u001bº\u001e3ø7e®8ïð:×ø¿Ö¹\u0002R\u0015ªs-\u00038\u001029¼Ì^+vuÈ\u001f5}ãÆÈëH½G 6« fC&¹5Ü[°3-bð!¨þ5t\"\u0015it\u0016÷B²)&Ô\u0016í¡\u001f©§¡\tt°Ö\f@âþî\u0002RÝ*\u001fÜ¾ÕÑ\u0006p®QRÒÕu|E?òéoáßïª\u000eCïÚÞº=lÞz¡'k$jv\b¡\u001b\u001eeêöí\u0006\u0001\u0014T¥©¸5\u0011MÁû\u001aÐÏT\u001emÅyOª»/×\f9Ì `½Î4\u001bû$Hgå\u0007'5Æ\ní9x²\u0012l6ØâÆyý I1\t¤éB°k\u0012G3;tØÿ\u0012FCÂÃf\u000eö÷\u0010FÛS\u001e6!Q»ÕÞfþ>=ÏPuÒH§\u0005zh÷©wÓ¬ÒÓ\u00140\u0005]¥\u0007§\u0002^<\u001fBR½\u0002Þ\u0010¥ \u001aHÆ´FÝ\u0001¤2Û\u0017ü0Tú\u0003Î Â\u001c³@HaPUÅ_+Ô·\t¤RÝ|@Ì°ï\"Ó\t ÕU3<4\u0019ÂQY$\tµd\u0011àT¨î+[,ä¡xà\u0002\u0002]\n\u0010û[2\u000f¥\u00040IÂ²yÉS sd\u001eÊü>òàdÞ i5ó÷©ð\u0013ÑLy¿ñ´ïêÆÝ<Þ*oªwã ´c1\u0003ô\u001aõwCªÄhC%6TT\u00187I\u001b)å×\u001c*/âQ³¾\bíR÷\u0018\u001e(ßL7¸·\b³è\u0003Öå\u0015Éz¿ªBtmM2ûÂlÓõ ºÀã§¸÷x¹ê¢\u0004\u0013ä\u0003dê\\NHì¬\"döQÝé\u0017*\u0007\u00079\u000bú\u0005ÜÂW`0öð¶ð{8²<I3W8°<T1ÿ\u001b°\u001c2+.)u/°\\óá.°\u001cÂ\u0005Àr\t\u0011·ÆNB¸ÙW£êÂ5\u0000t 1°³æ\u0002¬}ðYÙôD\u0004ÃÑîã½\u0018\u00014V[\u0014jìÂA~£Ë\u0005MÉr®YI\u0017YÖm\u0004ÒùÝ\\Ý]ì!EÎ\u0004½u¾=@e\u0000ôü%\u001cN«¢\u00060QWÉ\u0015á\u0004ÌI~}Á¿\u0001.7d7P»@7Ï¡Ö4Vék\u001d\u0001_\u0006hûªÊI<\u0006Ox×Tù Ã\u0001æzÁ\u0012k \u001c\u00130¯\u0013 Yz-Ø\u001a§Î\u0015ÛMn\u0007u\u0012]B9Z\u0015âÒRê/ðQk\u0016¯äP_û\"·×§.¥ß%ú\u0007\u0017ÔÒ?^G\fuØÚà5cNw¤FÌ8\b\u000fKµÅ}¬¶\u0013Ëøª¨-R_¦Wù®°Ú\"lQ[ôWÌ¬¹oºÄ(Ö¼ðTóª0\u00127rbJèÑ\u0012ª,âÙjp¾\u00169¹=¿çã\u0002\u000fö\u0000J\u0005i\u001aKUF|X\u0003`'\u000fë ûpB\u0003\fØ Y÷ÒÏ_\u000eAnÞlF}\u001d&aVfë¤[H¬ïf\u0007M¢\u0002÷èX±ùDÙ²\"ól'Ä3*³UÖ(\u0000cë/½\f|ºâ\u0017ÍtèI\t|ØkK©!ïo=ñ\u0000Á\u0011q/î¹©UZä\u0003YB\u0013!ÿ\"^RæXï ØÂ;%°5 \u0001á\u001f\"a\bç¢&_Y¥\u000bw\u0014Fe\u0002p\u000eXÃIðWPRÜÈ\u0011m2\u0004SbùÂ\u0016:.91\u0003®!\u0013-ÅFÃFÞÅlê4¾6Vi­ÝDÜ*\u0017µg>,K:º_ÝG/\r0\u0005K\u0018\u001atLq\u0000g\u001a\u0010i2ªèN\u00188\u000e´iÑ#¯9ªT¥±¦9KÎY,\u001fU\u001e$Ô£^i0õÍlMõ\u0012ÿÑ;Yf\u0019í\u0007nú÷Sy±4\u0014bÖä°,øI\u0007hî³*E\bcóe2À\u001a²ôCa\u001d9tA\u0007«\u0000H(k¡·\u00192þ[T½\r·Î@»¬Ó³\u0004Èã0=Ñ(´\u0004\u0018\t/¬\n\u0016Ów\u0015Æ³`Ö÷áKA;\u001dIq)r\u0006*ÒmiÔ!÷á¢h\u0005\u0014&ûumè_ead\u001cÆïýâ\u001eÉ~h¸ðGr%TQdÄk`Snsw¨2½Ê(\u001bm7õ(úáîVÍé\u0007\u001fRItYW®²N°ÉoB\u001bÕ'Ûô9ð\u0017\u001dC\u001aR¬P\u0012\"6êgÇ\u0013ê\u000b\b×L\u0002Ø! d\u0001ÐVì£owôÇ)ÒïìRzhª'ª\u001a¸£±02_\u0017«£>fÅL8 ÖU/\u001c¹¨vÕ¬\u001a½\u0010uE^î\nòr¡NL\u0019µ#öY]lT^àï»²Á²yÂ=Cöý(ýT.Õ'Hõ\u0012\u001dºd¼\nW»ì&?T\u0016Ãxa~£êÛÉmñ&PHÌ¼D)¹²Ô1BÇa­\b)^]*\u0004Ú®7ÏL¤¹¶T/\u001aI¡û\nÈèýB*go>6hÅ½6Ñ\u000b\u0015Ñ\u0005\u000fIõB+\t%Ú¡m?=L}]ÃÅ4\u0005ÜçªØúpÿ\u0014h\u001cÍàÔæ®ºÓbAÃÿT\u0003Qø¡¨T·g\\ä\t)ÂFIE\u0018ÎÃr\u0006\u001bñVø_g\u001fJ.Ef\u0014ê£å;f´\u0006Ñ<SËè½É>´¦RÒwAo´\u0014Óm]eÝöspQñ}:Dn$(\u0010*EFª§\u001aQ$¶ô*Ã\u0013\u0018AÏò\u001e\u001dÓÉ\tË½\npíTjË¼Þmófº¯jx§\u0001ýÐ­03@{¨\u0011M\u0005÷#\u000eSh¾\u001f\u001båºWoxM\u001båÑònL×h»$Û\u0011)\u0000\rZÄKUè¼>2£\u0004°µc5úò\u0007\u001fÞAý¹»\u0014\u000eÓ\u0003ç\u0005gæúÌ·XÇ®£`ë¹è\b¨ëá0<xú\u0010\\£¨\u001c\u0001C,l²\u0002\u0019dÞÆ¼\u0001ã\u0015É{Ûô¥\u0005Ï0Þ4ÏÓþxCJßGELó2n\u001fà8zN\u001f3HÝä·xõ\\4L0-Òç\u000eg ã¦ÝÓ&z¬PÆ­ô!>\u001dFüþñ\u0011ìNå%ëT\r\u0000 ðT\u001a,Êà©v\u0013óüÔø]'ít²\u001dÑÓ·Ü\u000eây;SËRDß¥Ñ¹k@>4ÐÚU(Ìq~vUGjí'h'\u0002©/üQ.\u000e1b°\u0011º\u0014É\u000f@n}Vÿ1gÚuÝ[\u000eµn,¡îâY=jf\u001f`ß6ÂK£\u0013¥Ð5Á\u001cnüV|=Ñ*B\u0019Ýç«!}Â+âäL¯)5`p\"yùëaðÖ\u0004ÂÄK°Û>\u0011?Äw\u0002Z£hÿIù»¤$ySM=\b~\u001dí4+·Ci0<çv¤´Haçµ_.È\u000f'BØ+ªm¨BóCT¤óÂy\bÂ¯<\u001fä÷´¯Ñ'î®\u0015ÕÊ3]\bZÖäá\u001e@úf£Ö«*¶æ\r6ËEë\u000e\\\u0018Õ\u000f[zî*nB\u0010v\u000b>Ý¯Ü\u001amGÈþ`gPÐg¸\u0011íQ9vÃÄ_­F3èsÐÓ ¶r/ýðÁÐå²¢;7x..³\u0000ª°\u000b\u0006Û3±\u0006\\¸:\u0003â½\u001fñ\u001eÜÆdÜc\u0010}è²Ê9Æ¹\u001dÝÖ¤WÙp\u0003#ökKÞS\u0007Iø]Û\u0007\u00021pD×¦ñç y\u0006a<\rÐ´è¶blËgô¨ó\u001e¨Ä|xAë¸ÿb\rÚ\u001a¹\u001c\u0014~É(þM\u000eMe®\u001c\\\u0010MÔµÑBc\u0002 ñGé -\u0000°;V\u0011í½\u0005ÓkCÿæ îÂ£Y\u0010Io*¥]qX4Kæ\u000bÊ\u0012=®Ë8ÜGàV¬îEîþ\u0005n\u001e\u0014¥z\u001cwÕ!|ø\u001a±Ë¯\rÅ·cKi\"§F×~\\Cü`C1\u0001Ï^\u0001»ÿ¼|6³\u0015Föæ=Þ>ûh¸3µVê\u001dª#¼\t§·¨zHu5fÐ&ck\u0012ð¿U}Ê®X¹ÛO+hüÞAß«Q\bê@ó\u0012aCÈ¾,Ñ¯Ó¨ÒÐ´éÐ?¡W#y\\áu Z\u0010­\u0018O+KÐù|[\u000eê\"ðñZ\u001c¨\u0014\u000bÀÝÍ ­M\u0018Ï+èÖ&ÛÀ½­ÁÇ\u0015ï\u0003-ü\f¿­\u001c5GC\u0010Ò;\u0007i»ÁÈ~zÄ³éà0)\u0002+i¦IWÔõ\u0006ED¾UW\u0019îD\u001b}x\u0007rT#¤f³ÿ4<@ùï)\u0003¹\u0003iÎÜ8\u0013Üð£nP©w_DÓvX6êv·øøD´s\u0018\u001cÇúÖÐiü:\u0010¸í_ÝÊöÀÌÌEt\u0002\u0014u\u001e»hä\u0018?-ÔÔ~^\u000fø\u0011ü+nÅ\"µ3\u001e%k!ç%ÇîÌ?¤Ô,=ÍÃÆ|\u0016AÙì{\u000b\u00120¨[\u0005´ê®¥é$ á¡\u000b\u0016tzÏ\rêE»ùë¸f\u0013ILÍUàyÐë\u000eä8ú³à_u\u000fÑ;\u0005¹Eèð%õ^$\\2 \"6\\¸PFx`\u0000\u000e×ï;i4ÌCW\u0001v\u0016wµ©'Å5ÒÆAZa\u0006+ª\u001f«GÐ\u000bOä\u0013Á%ÒÄJÃõvu\u0014¡\u001bÒh\u0006Ë\u001ayÑ­Âë¼\u0003\u0004Ý£\u001b1Ê·ËðÇ\u001eÒl3ï<DõØ©`\u000eß\u0007·\feóð)tI\u0011\u0014HÑÅ\nZ.qä\u0011f¨|õ®~\u0011¾|&\u001bùS¼nä\u0017HÄÅ\u0002Ü{r7p©\u001bhXÔ´w¯ÝcÅíÇÅõrç­\u0003÷\u0004cä|£³Kß@lÇÍÅ¼\u00187Ê® VW-«/XÿñÊbwèÎeãÉÆ\u001dÐÿpg±\u0015Ô\u0011úM.ÆÚ»_Àw÷|!Áµ;#s¼º|YÆ;ÔýÑ{Ç[wÇÛñvuµº\u0007\\Æ;­Øðñ?^¡¹\u001b×7ÿ?¿³\u001e÷\u0005×V«»ÖëýñYEµw/ã*ãkaú±µÅ5~åv³½ºjz÷f{«Íe³ë\u001bâ=NÜlü_sµ½Ç\u0015gÓ\u0013\u0007\u001fü\u0017^mïÄUÙ®8^óõ{õî?ßqï\u0002\u0015üý\u001d÷Nçï¸·'8ÃXãï¸;íÁ©ê\u0006÷ú¢ò:EQçoW%UîKªªñï;{´Ë«ª+ÔeÚêÎò=Wâÿ·ÝC\u001e\u0018âå?N\\VwH°8­¿\u000b\"\\v\u001e\u0012,.\u0011,V×?·'ØC·ËkÁesn£w:À{\u0005×îeôJÜ«áRþ4\u001c³ùã&8ä\"ùÿUÉ\u0005Ñp\u0007?Öþ%\u0017hÏ²Gr9\\8´ÿ\u0006Q¥fîsÿw*Õå\n_Ãÿ¢¤Â«ÿ,©ÜÚø\u000b±ÛÝÿ ©põÿ?Kª¿\u0007ø¦fÀàW·=Ä°V¥jÕx÷îxtï\u001dïòØvÇËóíVX/z¼ç/ãí»ã\u0019¥Æ+¹#ã]ê«{Æ;ÝaóÑ¶\u0012ïæx,~ïx«!$ñZ\u00196âÆ;ì!yfõhKO\t½?Íßî±ü>Þ¦\u000eÑÜßå¥-!´^K\u0002\u001eñ\u000e\u0007&¡çãü·\r7§ÕiØ¤ÿÙ[­²\u0007\u000e{hMy'ö ¤\u0003¬\u0000±\u0019ã°Ò*NÙT¿íAhÏ\u0010=Û5v]¶¿è\fù|·[tÝ©Äfq(»aÏ¹LÛÛ \u000fÄÜà¿\u001bmqêÑmL]\tÖ¿\u001fmu§a,P6õïFÿY\u00199]°\u0015ÀçjýµµØñ\u0002õ\u0003\bx\u0013,¾XkqIq¬ÛUìõ¸J<±ê+öÛãôû \u000f5UT5üËïØ¡K\u001cîb¥b\u000eù0\u001a\nNÿR\u0000£Þ\u000f­q`é8\u000bþ\u0010¬ºëWTß..\b¯Îu¦:\u001b*²9.ûõ»E9i÷r/\u0004Ï;¯ÔYz?Pi»|>3ýü%z$\u0004p ¬´ Ä\u001f(ª+WjRyeÎXäím\u000e¥`¾U\u0016\u0007eÒNWQBÅ\u0011\røîX#kl½Ä\u0012ëó\u0005\\Ènz<\u0001òûªôVÂhÈûÿ\u0000·\u0006\u0005;¸\u0000\u0000"
    }
  },
  "response": {
    "status": 200,
    "statusText": "",
    "httpVersion": "h3",
    "headers": [
      {
        "name": "Content-Security-Policy",
        "value": ""
      },
      {
        "name": "access-control-allow-credentials",
        "value": "true"
      },
      {
        "name": "access-control-allow-origin",
        "value": "https://www.vectal.ai"
      },
      {
        "name": "access-control-expose-headers",
        "value": "X-Accel-Buffering, Content-Type"
      },
      {
        "name": "alt-svc",
        "value": "h3=\":443\"; ma=86400"
      },
      {
        "name": "cf-cache-status",
        "value": "DYNAMIC"
      },
      {
        "name": "cf-ray",
        "value": "97247fb3bb6b739a-JNB"
      },
      {
        "name": "content-encoding",
        "value": "br"
      },
      {
        "name": "content-type",
        "value": "application/json"
      },
      {
        "name": "date",
        "value": "Wed, 20 Aug 2025 20:04:17 GMT"
      },
      {
        "name": "priority",
        "value": "u=1,i"
      },
      {
        "name": "rndr-id",
        "value": "16eac779-daaa-4f40"
      },
      {
        "name": "server",
        "value": "cloudflare"
      },
      {
        "name": "server-timing",
        "value": "cfExtPri"
      },
      {
        "name": "strict-transport-security",
        "value": "max-age=31536000; includeSubDomains"
      },
      {
        "name": "vary",
        "value": "origin, access-control-request-method, access-control-request-headers, Origin"
      },
      {
        "name": "vary",
        "value": "Accept-Encoding"
      },
      {
        "name": "x-envoy-upstream-service-time",
        "value": "301"
      },
      {
        "name": "x-render-origin-server",
        "value": "uvicorn"
      }
    ],
    "cookies": [],
    "content": {
      "size": 15,
      "mimeType": "application/json",
      "text": "{\"status\":\"Ok\"}"
    },
    "redirectURL": "",
    "headersSize": -1,
    "bodySize": -1,
    "_transferSize": 379,
    "_error": null
  },
  "serverIPAddress": "216.24.57.7",
  "startedDateTime": "2025-08-20T20:04:16.024Z",
  "time": 1001.1650000014924,
  "timings": {
    "blocked": 2.53100000270037,
    "dns": -1,
    "ssl": -1,
    "connect": -1,
    "send": 2.309,
    "wait": 992.5169999974925,
    "receive": 3.8080000012996607,
    "_blocked_queueing": 1.3620000027003698
  }
}