{
  "_initiator": {
    "type": "script",
    "stack": {
      "callFrames": [
        {
          "functionName": "method",
          "scriptId": "126",
          "url": "https://www.vectal.ai/_next/static/chunks/9da6db1e-ad7decc175389864.js",
          "lineNumber": 0,
          "columnNumber": 80787
        },
        {
          "functionName": "",
          "scriptId": "126",
          "url": "https://www.vectal.ai/_next/static/chunks/9da6db1e-ad7decc175389864.js",
          "lineNumber": 0,
          "columnNumber": 148111
        },
        {
          "functionName": "Pe",
          "scriptId": "126",
          "url": "https://www.vectal.ai/_next/static/chunks/9da6db1e-ad7decc175389864.js",
          "lineNumber": 0,
          "columnNumber": 148117
        },
        {
          "functionName": "retriableRequest",
          "scriptId": "126",
          "url": "https://www.vectal.ai/_next/static/chunks/9da6db1e-ad7decc175389864.js",
          "lineNumber": 0,
          "columnNumber": 118977
        },
        {
          "functionName": "Rs",
          "scriptId": "126",
          "url": "https://www.vectal.ai/_next/static/chunks/9da6db1e-ad7decc175389864.js",
          "lineNumber": 0,
          "columnNumber": 148321
        },
        {
          "functionName": "",
          "scriptId": "126",
          "url": "https://www.vectal.ai/_next/static/chunks/9da6db1e-ad7decc175389864.js",
          "lineNumber": 0,
          "columnNumber": 141725
        },
        {
          "functionName": "",
          "scriptId": "126",
          "url": "https://www.vectal.ai/_next/static/chunks/9da6db1e-ad7decc175389864.js",
          "lineNumber": 0,
          "columnNumber": 118337
        },
        {
          "functionName": "",
          "scriptId": "126",
          "url": "https://www.vectal.ai/_next/static/chunks/9da6db1e-ad7decc175389864.js",
          "lineNumber": 0,
          "columnNumber": 118343
        }
      ],
      "parent": {
        "description": "setTimeout",
        "callFrames": [
          {
            "functionName": "Er",
            "scriptId": "126",
            "url": "https://www.vectal.ai/_next/static/chunks/9da6db1e-ad7decc175389864.js",
            "lineNumber": 0,
            "columnNumber": 118125
          },
          {
            "functionName": "enqueue",
            "scriptId": "126",
            "url": "https://www.vectal.ai/_next/static/chunks/9da6db1e-ad7decc175389864.js",
            "lineNumber": 0,
            "columnNumber": 117852
          },
          {
            "functionName": "capture",
            "scriptId": "126",
            "url": "https://www.vectal.ai/_next/static/chunks/9da6db1e-ad7decc175389864.js",
            "lineNumber": 0,
            "columnNumber": 151479
          },
          {
            "functionName": "Bi",
            "scriptId": "126",
            "url": "https://www.vectal.ai/_next/static/chunks/9da6db1e-ad7decc175389864.js",
            "lineNumber": 0,
            "columnNumber": 65378
          },
          {
            "functionName": "",
            "scriptId": "126",
            "url": "https://www.vectal.ai/_next/static/chunks/9da6db1e-ad7decc175389864.js",
            "lineNumber": 0,
            "columnNumber": 64921
          },
          {
            "functionName": "ai",
            "scriptId": "126",
            "url": "https://www.vectal.ai/_next/static/chunks/9da6db1e-ad7decc175389864.js",
            "lineNumber": 0,
            "columnNumber": 64904
          },
          {
            "functionName": "",
            "scriptId": "126",
            "url": "https://www.vectal.ai/_next/static/chunks/9da6db1e-ad7decc175389864.js",
            "lineNumber": 0,
            "columnNumber": 65345
          }
        ],
        "parent": {
          "description": "setTimeout",
          "callFrames": [
            {
              "functionName": "Ui",
              "scriptId": "126",
              "url": "https://www.vectal.ai/_next/static/chunks/9da6db1e-ad7decc175389864.js",
              "lineNumber": 0,
              "columnNumber": 65324
            },
            {
              "functionName": "onRRwebEmit",
              "scriptId": "126",
              "url": "https://www.vectal.ai/_next/static/chunks/9da6db1e-ad7decc175389864.js",
              "lineNumber": 0,
              "columnNumber": 63832
            },
            {
              "functionName": "emit",
              "scriptId": "126",
              "url": "https://www.vectal.ai/_next/static/chunks/9da6db1e-ad7decc175389864.js",
              "lineNumber": 0,
              "columnNumber": 59214
            },
            {
              "functionName": "At",
              "scriptId": "159",
              "url": "https://vectal-api.onrender.com/_events/static/recorder.js?v=1.259.0",
              "lineNumber": 0,
              "columnNumber": 72562
            },
            {
              "functionName": "mousemoveCb",
              "scriptId": "159",
              "url": "https://vectal-api.onrender.com/_events/static/recorder.js?v=1.259.0",
              "lineNumber": 0,
              "columnNumber": 76208
            },
            {
              "functionName": "e.mousemoveCb",
              "scriptId": "159",
              "url": "https://vectal-api.onrender.com/_events/static/recorder.js?v=1.259.0",
              "lineNumber": 0,
              "columnNumber": 41250
            },
            {
              "functionName": "",
              "scriptId": "159",
              "url": "https://vectal-api.onrender.com/_events/static/recorder.js?v=1.259.0",
              "lineNumber": 0,
              "columnNumber": 42525
            },
            {
              "functionName": "",
              "scriptId": "159",
              "url": "https://vectal-api.onrender.com/_events/static/recorder.js?v=1.259.0",
              "lineNumber": 0,
              "columnNumber": 22912
            }
          ],
          "parent": {
            "description": "setTimeout",
            "callFrames": [
              {
                "functionName": "",
                "scriptId": "159",
                "url": "https://vectal-api.onrender.com/_events/static/recorder.js?v=1.259.0",
                "lineNumber": 0,
                "columnNumber": 22856
              },
              {
                "functionName": "",
                "scriptId": "159",
                "url": "https://vectal-api.onrender.com/_events/static/recorder.js?v=1.259.0",
                "lineNumber": 0,
                "columnNumber": 42720
              },
              {
                "functionName": "",
                "scriptId": "159",
                "url": "https://vectal-api.onrender.com/_events/static/recorder.js?v=1.259.0",
                "lineNumber": 0,
                "columnNumber": 22821
              }
            ]
          }
        }
      }
    }
  },
  "_priority": "High",
  "_resourceType": "fetch",
  "cache": {},
  "request": {
    "method": "POST",
    "url": "https://vectal-api.onrender.com/_events/i/v0/e/?ip=0&_=1755720256024&ver=1.259.0&compression=gzip-js",
    "httpVersion": "h3",
    "headers": [
      {
        "name": ":authority",
        "value": "vectal-api.onrender.com"
      },
      {
        "name": ":method",
        "value": "POST"
      },
      {
        "name": ":path",
        "value": "/_events/i/v0/e/?ip=0&_=1755720256024&ver=1.259.0&compression=gzip-js"
      },
      {
        "name": ":scheme",
        "value": "https"
      },
      {
        "name": "accept",
        "value": "*/*"
      },
      {
        "name": "accept-encoding",
        "value": "gzip, deflate, br"
      },
      {
        "name": "accept-language",
        "value": "en-US"
      },
      {
        "name": "content-length",
        "value": "1381"
      },
      {
        "name": "content-type",
        "value": "text/plain"
      },
      {
        "name": "origin",
        "value": "https://www.vectal.ai"
      },
      {
        "name": "referer",
        "value": "https://www.vectal.ai/"
      },
      {
        "name": "sec-ch-ua",
        "value": "\"Not(A:Brand\";v=\"24\", \"Chromium\";v=\"122\""
      },
      {
        "name": "sec-ch-ua-mobile",
        "value": "?0"
      },
      {
        "name": "sec-ch-ua-platform",
        "value": "\"Windows\""
      },
      {
        "name": "sec-fetch-dest",
        "value": "empty"
      },
      {
        "name": "sec-fetch-mode",
        "value": "cors"
      },
      {
        "name": "sec-fetch-site",
        "value": "cross-site"
      },
      {
        "name": "user-agent",
        "value": "Mozilla/5.0 (Windows NT 10.0; Win64; x64) AppleWebKit/537.36 (KHTML, like Gecko) Noi/0.4.0 Chrome/122.0.6261.130 Electron/29.1.5 Safari/537.36"
      }
    ],
    "queryString": [
      {
        "name": "ip",
        "value": "0"
      },
      {
        "name": "_",
        "value": "1755720256024"
      },
      {
        "name": "ver",
        "value": "1.259.0"
      },
      {
        "name": "compression",
        "value": "gzip-js"
      }
    ],
    "cookies": [],
    "headersSize": -1,
    "bodySize": 2086,
    "postData": {
      "mimeType": "text/plain",
      "text": "\u001f\b\u0000\u0000\u0000\u0000\u0000\u0000\u0003VYoÛ8\u0010þ+\u0016\beÝûTl.za\u0017½\u0016\u0005AQ#kT)ÊnRä¿ïPb»u6íæ%ÖpføÍðãówg\u0018Dé¬\u001cÏÏ3û1ñÒª )\u000fCû\u0011\u001eYpîg\u00109\u000elA\u001aT¿¸X\u00033-ëPÖiÕ6\u0002zgõÝ¹PøÏù(d©v=â7Ýî(÷=+*4Æï?ÖZµ`e%l\u0005\u0007j®;@ù3è7FYï\u0017F´p£¤>­´àlùB­Ð\u0017®5¨ªª\u001e\u0010\u001eñ\u0003\u000få|Ð\u001aáÒA7h¼6¦ëWËån·s·À\rk\\&Ö~­z\u001bÓÉwÌ¬%Cx+gÔÓlG\u0007ÄMY½ÏÂku#-c×[<B^¼y·ð=×{²@A\u0012=Y|K¢Ç§]×ÀG(^\n³ÃÔ\rÅ£¾{ýêrÑ\r,\u0003ß¨Ç7J,=7BwûÄ,ý p=7\t\u0012ßõCoqÕ >­ä2È]ß\u0017oYÅ´<\u001eeöqtp$n¬\u0007DØA÷oMæ3Úi¨Ä·QÅ÷\\\u0003Hº\u0006Q¯1hL­Íí$ÝÒ¬Uà\u0011\n·\u0002vÒæ ìùÙ±|R÷ãÄ¢jDaÓ\u000e½\u0006?yâ\u0006qîd\u0011\u0012Ñ\u0019:²ô|(¤È»MÏXÞÛùõÑe\u001aÇià\u0005qìF\u0019b)Eoä]°<÷¢T\u0010§\u0004\u0015|ÂÂÒ#EQ%~Ê²¬\u0002¶¿K\u0018Á\u001aqÃ\fâ {×uK¼\u0004Þ;?_Åá*ÀKäµàJV¢\u001e4´Þ¢\u001f­Ô`hàgý;ðû®Øb¿¨H\u0011³ rä!ã$äAÎYÎ³$ñ'ç½j6ª¦\u001a¸Ò¥5\u0005Éf¼OcÂh/J\u0004iô\u0000öY&\f\u0007m\tf§ôvìºQ¬¤u\u0006áÚR~þ\u0005ºRºeÒÙ\u0000Ã@ûÙ3¾\u0012Ý\n¬\r\fêG\teM£v¨\u0005\u0005\u001arhÛÛ³xZÖoF¿Vç¬\u0006grËú\u0000AYW\u001aº]ÓµXJT3h'\u001fÓ\u0011â\u0015íÐÒrÀÓG§çÈYÑ\u0019º²»C6\u00185e\"kÎä¶Â\u0018mr\"þ¯7x(1¨\u0002ß8t#ÅæÏ:/.Á>\\#øægEÆØ\u0002E6N«Õxég\u0007kÛftXßDÂØ6Ö\u0013ÌÄ\\r_Ðz2[>¬½rø}\u001f¤µVÃØ©¯ùfg}½3\r_\u0007è§ÚôÒ¸âQ`K (±6Ë0?\u0006R¦Àò¢\u0000îñ±\u000f÷·ª\u0019û\u0018à\u0004°sæ¢\u0014È'sZ¢ªeÂ\u0006stÚ\u001bZB1X#i4´Êà\\Ò¢®\u0011@Ë\f_,=eÑOvã¤¼3ë\ro\u0007ã,vöN\u001cXÿÓ²\u0011rä\u0018³üK\u001e¦1NKf­þ{¦ä\n7\u0005\u001c\t~\u001cøÎµ³ÊÃKÇ0]¡8+ÐÕLÁi~·\n«U[pn/Ïr¤¹sû\u0005IcÔ\u0006GÐÊéÖ«îSü²wíûøC\u0012~Ü°\u000f¯¯¿~zn>»úZÇõ·J\u0006¯®Þþ}õ\"8´eÌMÅÆØà÷M<&]cîºÎÑîã\u0015Äç%'iÂS%eFì<\tó*ÍâýÚ\u0013þA02JùÈÁù\"$¶d:ÇÈs:÷òóD÷¡ÍæTû¾=çTë§­ç®1ß\u0011ißfÎ\u0012PH\u0003Z²\u0016CqÐ\u0006dmG~ú+Ê½¸Ák\u0004§øú¼ÈÍ@\u000f\r>ò$KNg%D«í\nb\u0017\u0003?O¼8Jì.r\fÂhéf;§í\u001eÂÞ¨²NÌ9S¼Ï\u001bÁ\u0013WIÄTv¹jûr\u001f÷]Û5íÂó#O \t\u001deEXâ3dLÊó\u0004\"ð¼jÜ<zÔG\u0017¢\u0012¶&¦Q«5Çp(î×=h\u000eÆbµ\u0010Ë¾\u0015Æ¶*ä}©±rð¥ò\u001cËhÞãÈ¿ýò/dN]ò\u000b\u0000\u0000"
    }
  },
  "response": {
    "status": 200,
    "statusText": "",
    "httpVersion": "h3",
    "headers": [
      {
        "name": "Content-Security-Policy",
        "value": ""
      },
      {
        "name": "access-control-allow-credentials",
        "value": "true"
      },
      {
        "name": "access-control-allow-origin",
        "value": "https://www.vectal.ai"
      },
      {
        "name": "access-control-expose-headers",
        "value": "X-Accel-Buffering, Content-Type"
      },
      {
        "name": "alt-svc",
        "value": "h3=\":443\"; ma=86400"
      },
      {
        "name": "cf-cache-status",
        "value": "DYNAMIC"
      },
      {
        "name": "cf-ray",
        "value": "97247fb3bb70739a-JNB"
      },
      {
        "name": "content-encoding",
        "value": "br"
      },
      {
        "name": "content-type",
        "value": "application/json"
      },
      {
        "name": "date",
        "value": "Wed, 20 Aug 2025 20:04:16 GMT"
      },
      {
        "name": "priority",
        "value": "u=1,i"
      },
      {
        "name": "rndr-id",
        "value": "663c2a70-652e-49e3"
      },
      {
        "name": "server",
        "value": "cloudflare"
      },
      {
        "name": "server-timing",
        "value": "cfExtPri"
      },
      {
        "name": "strict-transport-security",
        "value": "max-age=31536000; includeSubDomains"
      },
      {
        "name": "vary",
        "value": "origin, access-control-request-method, access-control-request-headers, Origin"
      },
      {
        "name": "vary",
        "value": "Accept-Encoding"
      },
      {
        "name": "x-envoy-upstream-service-time",
        "value": "79"
      },
      {
        "name": "x-render-origin-server",
        "value": "uvicorn"
      }
    ],
    "cookies": [],
    "content": {
      "size": 15,
      "mimeType": "application/json",
      "text": "{\"status\":\"Ok\"}"
    },
    "redirectURL": "",
    "headersSize": -1,
    "bodySize": -1,
    "_transferSize": 380,
    "_error": null
  },
  "serverIPAddress": "216.24.57.7",
  "startedDateTime": "2025-08-20T20:04:16.027Z",
  "time": 350.61599999608006,
  "timings": {
    "blocked": 3.2080000005844047,
    "dns": -1,
    "ssl": -1,
    "connect": -1,
    "send": 0.599,
    "wait": 344.62899999963537,
    "receive": 2.179999995860271,
    "_blocked_queueing": 2.065000000584405
  }
}