{
  "_initiator": {
    "type": "script",
    "stack": {
      "callFrames": [
        {
          "functionName": "method",
          "scriptId": "126",
          "url": "https://www.vectal.ai/_next/static/chunks/9da6db1e-ad7decc175389864.js",
          "lineNumber": 0,
          "columnNumber": 80787
        },
        {
          "functionName": "",
          "scriptId": "126",
          "url": "https://www.vectal.ai/_next/static/chunks/9da6db1e-ad7decc175389864.js",
          "lineNumber": 0,
          "columnNumber": 148111
        },
        {
          "functionName": "Pe",
          "scriptId": "126",
          "url": "https://www.vectal.ai/_next/static/chunks/9da6db1e-ad7decc175389864.js",
          "lineNumber": 0,
          "columnNumber": 148117
        },
        {
          "functionName": "retriableRequest",
          "scriptId": "126",
          "url": "https://www.vectal.ai/_next/static/chunks/9da6db1e-ad7decc175389864.js",
          "lineNumber": 0,
          "columnNumber": 118977
        },
        {
          "functionName": "Rs",
          "scriptId": "126",
          "url": "https://www.vectal.ai/_next/static/chunks/9da6db1e-ad7decc175389864.js",
          "lineNumber": 0,
          "columnNumber": 148321
        },
        {
          "functionName": "",
          "scriptId": "126",
          "url": "https://www.vectal.ai/_next/static/chunks/9da6db1e-ad7decc175389864.js",
          "lineNumber": 0,
          "columnNumber": 141725
        },
        {
          "functionName": "",
          "scriptId": "126",
          "url": "https://www.vectal.ai/_next/static/chunks/9da6db1e-ad7decc175389864.js",
          "lineNumber": 0,
          "columnNumber": 118337
        },
        {
          "functionName": "",
          "scriptId": "126",
          "url": "https://www.vectal.ai/_next/static/chunks/9da6db1e-ad7decc175389864.js",
          "lineNumber": 0,
          "columnNumber": 118343
        }
      ],
      "parent": {
        "description": "setTimeout",
        "callFrames": [
          {
            "functionName": "Er",
            "scriptId": "126",
            "url": "https://www.vectal.ai/_next/static/chunks/9da6db1e-ad7decc175389864.js",
            "lineNumber": 0,
            "columnNumber": 118125
          },
          {
            "functionName": "enqueue",
            "scriptId": "126",
            "url": "https://www.vectal.ai/_next/static/chunks/9da6db1e-ad7decc175389864.js",
            "lineNumber": 0,
            "columnNumber": 117852
          },
          {
            "functionName": "capture",
            "scriptId": "126",
            "url": "https://www.vectal.ai/_next/static/chunks/9da6db1e-ad7decc175389864.js",
            "lineNumber": 0,
            "columnNumber": 151479
          },
          {
            "functionName": "k",
            "scriptId": "126",
            "url": "https://www.vectal.ai/_next/static/chunks/9da6db1e-ad7decc175389864.js",
            "lineNumber": 0,
            "columnNumber": 17669
          },
          {
            "functionName": "e",
            "scriptId": "126",
            "url": "https://www.vectal.ai/_next/static/chunks/9da6db1e-ad7decc175389864.js",
            "lineNumber": 0,
            "columnNumber": 11366
          }
        ]
      }
    }
  },
  "_priority": "High",
  "_resourceType": "fetch",
  "cache": {},
  "request": {
    "method": "POST",
    "url": "https://vectal-api.onrender.com/_events/i/v0/e/?ip=0&_=1755720267892&ver=1.259.0&compression=gzip-js",
    "httpVersion": "h3",
    "headers": [
      {
        "name": ":authority",
        "value": "vectal-api.onrender.com"
      },
      {
        "name": ":method",
        "value": "POST"
      },
      {
        "name": ":path",
        "value": "/_events/i/v0/e/?ip=0&_=1755720267892&ver=1.259.0&compression=gzip-js"
      },
      {
        "name": ":scheme",
        "value": "https"
      },
      {
        "name": "accept",
        "value": "*/*"
      },
      {
        "name": "accept-encoding",
        "value": "gzip, deflate, br"
      },
      {
        "name": "accept-language",
        "value": "en-US"
      },
      {
        "name": "content-length",
        "value": "3580"
      },
      {
        "name": "content-type",
        "value": "text/plain"
      },
      {
        "name": "origin",
        "value": "https://www.vectal.ai"
      },
      {
        "name": "referer",
        "value": "https://www.vectal.ai/"
      },
      {
        "name": "sec-ch-ua",
        "value": "\"Not(A:Brand\";v=\"24\", \"Chromium\";v=\"122\""
      },
      {
        "name": "sec-ch-ua-mobile",
        "value": "?0"
      },
      {
        "name": "sec-ch-ua-platform",
        "value": "\"Windows\""
      },
      {
        "name": "sec-fetch-dest",
        "value": "empty"
      },
      {
        "name": "sec-fetch-mode",
        "value": "cors"
      },
      {
        "name": "sec-fetch-site",
        "value": "cross-site"
      },
      {
        "name": "user-agent",
        "value": "Mozilla/5.0 (Windows NT 10.0; Win64; x64) AppleWebKit/537.36 (KHTML, like Gecko) Noi/0.4.0 Chrome/122.0.6261.130 Electron/29.1.5 Safari/537.36"
      }
    ],
    "queryString": [
      {
        "name": "ip",
        "value": "0"
      },
      {
        "name": "_",
        "value": "1755720267892"
      },
      {
        "name": "ver",
        "value": "1.259.0"
      },
      {
        "name": "compression",
        "value": "gzip-js"
      }
    ],
    "cookies": [],
    "headersSize": -1,
    "bodySize": 5364,
    "postData": {
      "mimeType": "text/plain",
      "text": "\u001f\b\u0000\u0000\u0000\u0000\u0000\u0000\u0003í\\yÛ6\u0016ÿ*7\u0005\u0012 ÔH²$\u001fÁþMÓ.z¡^N\u0006\u0002%Q¶2²¤è\u0018{Rä»ïïQ%ìñ´è\u0016(ÙÅÉGòññ]ü=º×¿ÍÊ2ôgë¦¯ÞJ·á­l1÷\fÆuËf+Ók½0uÝ½;\u0011\u0017 ÆË\"ñxZ@s%©ÈPä³õo³g\t~Í~\tc?ÙçèÅgçNdyÄh×5jr3ô\fßl³dG<óÅ]è\t§¸O\u0005Ú?\u0017ùm¤ÔQ;ñ1©õu\u001e¿ú*Ùò8\u0016¹[f.\u0004A.À!Ó\r\rí^eàØ)³\b·Eæë««ý~¯Þ\t¯àÊÃ+\u001a¿MrÚV¯ÚS^lc\u000eöÖ3Iñ½Soo*A||\f£_Yª¦<¯·¬|÷£¢kªöJAm¾R\u000e¶ùBy¦øE¸_Å5_¨s[yþõ¿üöJ\u0014Þ\nåKáÝ&/ïðJSMLW\tæJ7\fUSmÃÖU}®)o#ð%ñ±RuÕR~à\u0001ÏÂzÆd\u0012Ç\u0004æÇ\u0012Üw\u0011³~è\u000eiú4\u0013Ax$Ô{\u0010±³\u0015áfMC´$Ûºu\u001fúÅv¶6ô¹Æ»PìÓ$+Ä¾ì¶×äÐ-â*\n]\u0012»pi\u0019|èêjX+U*K\u0018»Âên6Â+\u000bãÃÁ/\u000bMnN\u001fS.,kahmªKkñræy\u0011Æ^=Î²ùj¥\u0001\u000bµ`æÒÔ\u0019û\u001asÝÀÖ\u0017|¹\f\u0004¯Ö\nGáG^\u000f§zi-¦-¡ý¨¯ÖÖ|mXªiÛ¿Ò\b/p\u0003Cð\\äÄ½\u001c³!èKþ\u001dõ»µ7Kw\u0003æZÜfà\\g«9÷\u0018\foåñ·´m½<O\"áDÉÆÉd~\u0018o\u001c\u0011s7ëe\u0010>,²RÐ±Ô<\u001c©cQììÖIù}pßiì\u0016¦Zÿù½È$ÛñØ­Í\u0000l\u0003ãqJÎ]\bÛÀ¦-\u000e¢d\u000fv¢\".£èÓ§Q~v<¿ó\u0012Í(Çã;\u001f\u001bÀ\u0014M4â÷NÎw0%'ã\u0005¸­ç¨»Ào¸+w_¢WêQ¿\u001f:\u001b¦S\u001dYÛÙqf\u000e´fD¶\u0001öHÂíìøÜ\u0019<&\u0018'R©bÍÊ£\u00136\u000bû\u000e.\n½Û\u0013+7Ü+Â;á@å¤AÄ7Xôz\u0006Û&I²\u0014öÍb±gäÆr\u0006I4&wÑõ°«Ç©×3oËÊ\u000f:,)¥§î.Ûè\u001bÅ\u0004:½^_&>\"¯mS[Xg\u001ad\u0002®\u000fÛôW\u0014|\u0004ó\u0017¯\\Wx'ýô¼O²fø1\b@qæ\u001fBc+)ìxHéôæþ­ã\u000b·$&¥Òdb\u0014KY\bßA}\u000bo+µ´¯E\u000fÆÉ`Ù\u000eË\u000bl\u0002cÓÐhÚè\bX¿sd\u0014Æ·P\u000e)åf¨Ù¬¢®T1éxD'\u0010U$v Ë\u001d\u001c»XòXå07!\u000bcµ19øHM\r¸/\u001ba\u000f±\u0007\u0002u¿\r\u000b!\u001eÔ)Ùg<]ó¢È\u001c¨4Ïó¾\u0003c\u0015¡òP9®¡ÔÓ*ÝµÞÍª|^pF\u001b\u0015Î\\øMW^ÜGÔºã\u0007&ãÏZñxä=×5í3)s-=¼xõn\u0016\u0017[|\u001aÕÇ$`$\u00184èàQ\u001c\nüõÖÛ&oò&Éò9¤\u0017%)æÝì[\u0016E\u0012«î]ÿÃø~n\u0006rÄA\r¸`¹Øn\u0012ùê§ÌP·\t¤½î\r\u001cv09Ì,25Í\u0018Rô\u0000Òô!ð«0¹Ø\u0017¾J\\±k}\u001enª¿#\u0011\u0014Õ_R8\u0003\u001eç\bj`\u0001ÎHÝ³\u0000ú:\u0010Õ¨\u0010{Jw]Er§ÐºJµ®\"9QêÕÎêÕß´ºòp7JÞ\t*=Âtª9å>é&\u0007o9\u0012®µmÜçÖê¥\u0004é¥bö\u000b\u0005\f)8VùJ\u001fÁùâ8Çùúá*}\büß\u001ce§Òt>¾$Í8â²AªWæE²c\bhI\u0014¹<c\u0005|Ô/\u0012Â Û2M¥c\b\u0010ØmCß\u0017ñ±åQÔ\u001b¬=èU\u001eWFzÃt¥^öÂ\u001dô\fCð,!kª¤Úüå%ÑÃ-Õ\u001bêëÕ©ýÔÜSÂ\u000e\u0007ýTfÑp2æTªdw­Ä¸<æHÐ ·Ü%mo;fUãpùÛ]ò('Sw.¤:Ë`Y\"9\u001e}-º\u001e\u0013ÊqÂ?°ÛöLSÜ\u001a|Ìþµ4C©|\u0012F>A\"c¦1*\u0002\f|\u0006\u000fõøüzgNÜ\u001c®\u0006¹t¢ºA?7ª¼YdhËmC6\u0016§rèßmoZ÷Ö5¯k\u0019:o\u0010@®\r\u0003~õf°fÌ@U³V~¾fQi8jþhyíZi½fßR[\u0006.<ÚSDµ\u001b%ÞíÐÈ*ýnzr¶µ\u001a·Â\u001a\r­R\u001aµîÖaöiñ¡ZKF+ÊõÉëRb\u0004ÄEÝò]_ËÔç\u000e0\u0000ÊhwsCÑ·¦®u.¿Ûs8:uuíÈõ\u0016\u001cºHÖt4Ù×Üúì2he!òit!Û~Ø·KÜ0\u0012kÀ*Úg8X7ñïkxM?7Íµ\u001aÞ4\u0005ºq¹tÇwÕ¸,õ¦\u0019î»é\\+åH\n2bÊ|\u001c?2\u0011¤Ø§2\u0011P\u0015É-°õ,ÝzNñ6ýÕúzcíw?Y?Ûó_nùÏßÞøõËâõço?l¬Í!oÞþð·_\u0019G¼\u0002QA·\nÝ\u0000ögÊ\u001bE}\u001dïà\u001a\"ç{la{\u000b¶´} \u00183_\u0005¥Ua7{\t}=:fn¶o.<y9k\u0016Â2ºe]ÕÆhN^Üz´A~}êS\u0000`ê\u0001\u001cØ\"\u0016í\r«ºÞÌBÊ¨c\u001e9n\u0019`\u001fN$âM\u0005]B\u001f±îÂZ­zÔ\rÂÙ0zD>lk5_ö§nÀmFØ\u001c!fúÊÖ,Ó&®Ë\u0003m\u0017WôRÔ\u000b\u0013E\u0000]\u0000:<\r\u001b5\"®äÆÐ£&1xSW½dwUÝ%\u0010Lp\u0002!C=\u0011ö\u001cÚá\u0007Û:Æ,¼-L¡iärÐc0\bqcm0\u0016`Î\u001e¶ãÀWåØ\u0012>\u0006p\u0011m7ñJ\b\u0011îÃ»° ;<ôNJZ\u000eNjµ\u0002(ÑÀÅsmn}z9\u0007ºÎ\u0016®)»°WÌ3mÓ4<\u0007:R?Û\u0002ÛØq@&(|ÂÿOP¸Åñâ½¶ß\u0018w[kµý\u0003(\u001c(5ÜÅOHøOHø¡â\u0012J&ë?\u0011$×(#\",áäïÉ«Á{#ÚÂA¤ \f¥ÖÀ\u001e¤þé\u0006'?eí¬]ÆýËö>ééýùLùú|Ý05c,_Sú\u0000¯§KÿÇ,Íãf0×]Ó_N¯W¦ý/OÙãÃÇRlàû\u0002þ~ò\u0006)ûBÕ¦}JÙ§}JÙ§ýO{¼r·©\\È\u0007\u0006ß³9\nbQéA!ë_xPÀ\torT'\u0007-FõÀB3µ¦G\u0005ºDX=ii\u001f-4%j\u001ae8Û°\u0001ÍÞüõ\u001e¯ÍÔÈ¢\"ÌL¥ç¦©^TQ@¡)IdÈ£èeLS¼I¢¤S§¡N\u0006á\u000bØ3òèuÇHïû$¤uËÈXU5ªvÿJ\u000ehÒ\u0014\r2ð¿¦«¡=²wØE±,Æ!Ç©Sý\\M²Í\u0015¢µvãº VV¿¾ikº¥ußÕÌ¿ \u001buç¯¥É³ª/Á[£°ÀÛ\u0016\u001c?º¨\u0010w:RpÛ\u00077c/\u000eäÑGÜ\u0015t\u0016ßgÉ{Ø£Ò\u001cçP\u000b0[ûæ!Jga¥Ë\u0011}8ÁùÉ\rÁÙ\u0007R\u0017\u0015 \u001d5K!ú¡r\u0017q½ÄÛ\"Xä¶`K\u0015©.u\f\nh\rR)52ðñÂØôôfzz3=½ÞLOo¦§7ÓÓééÍòôfçÿ>ð¼þ\u0004|~n/¬K\u001fÕØº­Ï'þ\u0012~y\u0002£_p\u000bq¹+\u000f k\u001bÆÊÕV¦IM\u0018ýÑÿµ\u0018½?_Ü\u0016öÂ¢ýj{o£\u0018½½´'~\u0002é'~\u0002é'þO\u0002éÃ8-Ç¡õ-Â ¬¾\u0005:ë¥;MÍµ@ÞoÉ\u0011­««.Aÿ}N\bêg/^)iRÝ}×J\\RÌ\u0019YoÕ8S\u0003Ñ®\u0015à\u001dÞþ\u0018k1®\u0019Õz\u0005w\u0011©\u0005¡ß\fwº±ºkHñíÅ\u0016(çQ)¯,\u0003pc~öRÚÿv(!KiÁô±\u000bpïûDDÐM}ã}ô\u0002|æÛ¢\u0017ãÊöpr4\u0002©\rb3ÀBÕ4¢íe@ªª/\u0006£&2\u000eâ\fAÔá\u0002J;¾Æ\n\f\u000b\u0013_ \bR§BJG\u0014æ\u001cB{\u0012ê®¾\u0012+ÿ5\bÒCdi\fi¼^itÇ_uf×\u000bÀ\u001aªkTË_/,Ù[}°«\u000f\u0007f>ÀvSfVG¥.X0ã\u0010©Õ÷nY´9s{¯o\n\u001d4®Æ\u001eÂNí|\nÖ%õ4~o\u001f\n±Z\u000b²bJ\"ÝÕèh%\u0007@ê8Lv¡%´5\u000f{·>®#ÌÊå;:+7BãÕ¢õ$,\u0003 ³g£ï¡apßlÏ¯Tzþ\u0011\u000fNPê9\tÈk\u0016S|»¿ªB+\f\\Z\r\\T.y2ÑIÓo¥ÙÈj©ÇDñè>\u0006\u0003Ü\u0011'ø\r\rD1°«Ñ¨\u0003#\u0007Üm«û\u0000\u001dïbT­\u0013Ã\u00159\u0015á´\u0010ý¦.ä¹\u00072\u001fY[ÁïzªÙ(\r¶ÐCëEè÷@Z{z:HOI4\u001c¨0åv±?î`å\u001f Øw\u0001ÄfÛ0þT@\u0001d\u0004º®B\u0010\u0006E<E\fºéöõ\u0001Óõ.B,é\u001eR<J\u0010j£h\u001c\u001füåYºÊùuâ3V®®ùW\u0018E@dMÏ)®!aTÍ\u0017/\u0015SE#²\\¦VK{\u0007¢üA>È7\u0015ðàç÷Èô8ó\u0014Çã9OW\u001dOeÎ\u001d$º±VA/\fì]-\u001f­<\u001egÕëÚE/Ñ¢;\u0011Ý\n\u0018ÈÚ\\øl\näT9*'Sådª\\R9yÂ×çÁ7ÏWN©rrÙ×\u001b4ûÓÍÿ\u0000(âsS\u0000\u0000"
    }
  },
  "response": {
    "status": 200,
    "statusText": "",
    "httpVersion": "h3",
    "headers": [
      {
        "name": "Content-Security-Policy",
        "value": ""
      },
      {
        "name": "access-control-allow-credentials",
        "value": "true"
      },
      {
        "name": "access-control-allow-origin",
        "value": "https://www.vectal.ai"
      },
      {
        "name": "access-control-expose-headers",
        "value": "X-Accel-Buffering, Content-Type"
      },
      {
        "name": "alt-svc",
        "value": "h3=\":443\"; ma=86400"
      },
      {
        "name": "cf-cache-status",
        "value": "DYNAMIC"
      },
      {
        "name": "cf-ray",
        "value": "97247ffdee0b739a-JNB"
      },
      {
        "name": "content-encoding",
        "value": "br"
      },
      {
        "name": "content-type",
        "value": "application/json"
      },
      {
        "name": "date",
        "value": "Wed, 20 Aug 2025 20:04:28 GMT"
      },
      {
        "name": "priority",
        "value": "u=1,i"
      },
      {
        "name": "rndr-id",
        "value": "2e02960e-4347-4fce"
      },
      {
        "name": "server",
        "value": "cloudflare"
      },
      {
        "name": "server-timing",
        "value": "cfExtPri"
      },
      {
        "name": "strict-transport-security",
        "value": "max-age=31536000; includeSubDomains"
      },
      {
        "name": "vary",
        "value": "origin, access-control-request-method, access-control-request-headers, Origin"
      },
      {
        "name": "vary",
        "value": "Accept-Encoding"
      },
      {
        "name": "x-envoy-upstream-service-time",
        "value": "57"
      },
      {
        "name": "x-render-origin-server",
        "value": "uvicorn"
      }
    ],
    "cookies": [],
    "content": {
      "size": 15,
      "mimeType": "application/json",
      "text": "{\"status\":\"Ok\"}"
    },
    "redirectURL": "",
    "headersSize": -1,
    "bodySize": -1,
    "_transferSize": 382,
    "_error": null
  },
  "serverIPAddress": "216.24.57.7",
  "startedDateTime": "2025-08-20T20:04:27.897Z",
  "time": 373.22600000334205,
  "timings": {
    "blocked": 3.526999999856111,
    "dns": -1,
    "ssl": -1,
    "connect": -1,
    "send": 0.9710000000000003,
    "wait": 353.6709999993234,
    "receive": 15.057000004162546,
    "_blocked_queueing": 1.6329999998561107
  }
}