{
  "_initiator": {
    "type": "script",
    "stack": {
      "callFrames": [
        {
          "functionName": "method",
          "scriptId": "126",
          "url": "https://www.vectal.ai/_next/static/chunks/9da6db1e-ad7decc175389864.js",
          "lineNumber": 0,
          "columnNumber": 80787
        },
        {
          "functionName": "",
          "scriptId": "126",
          "url": "https://www.vectal.ai/_next/static/chunks/9da6db1e-ad7decc175389864.js",
          "lineNumber": 0,
          "columnNumber": 148111
        },
        {
          "functionName": "Pe",
          "scriptId": "126",
          "url": "https://www.vectal.ai/_next/static/chunks/9da6db1e-ad7decc175389864.js",
          "lineNumber": 0,
          "columnNumber": 148117
        },
        {
          "functionName": "retriableRequest",
          "scriptId": "126",
          "url": "https://www.vectal.ai/_next/static/chunks/9da6db1e-ad7decc175389864.js",
          "lineNumber": 0,
          "columnNumber": 118977
        },
        {
          "functionName": "Rs",
          "scriptId": "126",
          "url": "https://www.vectal.ai/_next/static/chunks/9da6db1e-ad7decc175389864.js",
          "lineNumber": 0,
          "columnNumber": 148321
        },
        {
          "functionName": "",
          "scriptId": "126",
          "url": "https://www.vectal.ai/_next/static/chunks/9da6db1e-ad7decc175389864.js",
          "lineNumber": 0,
          "columnNumber": 141725
        },
        {
          "functionName": "",
          "scriptId": "126",
          "url": "https://www.vectal.ai/_next/static/chunks/9da6db1e-ad7decc175389864.js",
          "lineNumber": 0,
          "columnNumber": 118337
        },
        {
          "functionName": "",
          "scriptId": "126",
          "url": "https://www.vectal.ai/_next/static/chunks/9da6db1e-ad7decc175389864.js",
          "lineNumber": 0,
          "columnNumber": 118343
        }
      ],
      "parent": {
        "description": "setTimeout",
        "callFrames": [
          {
            "functionName": "Er",
            "scriptId": "126",
            "url": "https://www.vectal.ai/_next/static/chunks/9da6db1e-ad7decc175389864.js",
            "lineNumber": 0,
            "columnNumber": 118125
          },
          {
            "functionName": "enqueue",
            "scriptId": "126",
            "url": "https://www.vectal.ai/_next/static/chunks/9da6db1e-ad7decc175389864.js",
            "lineNumber": 0,
            "columnNumber": 117852
          },
          {
            "functionName": "capture",
            "scriptId": "126",
            "url": "https://www.vectal.ai/_next/static/chunks/9da6db1e-ad7decc175389864.js",
            "lineNumber": 0,
            "columnNumber": 151479
          },
          {
            "functionName": "Bi",
            "scriptId": "126",
            "url": "https://www.vectal.ai/_next/static/chunks/9da6db1e-ad7decc175389864.js",
            "lineNumber": 0,
            "columnNumber": 65378
          },
          {
            "functionName": "",
            "scriptId": "126",
            "url": "https://www.vectal.ai/_next/static/chunks/9da6db1e-ad7decc175389864.js",
            "lineNumber": 0,
            "columnNumber": 64921
          },
          {
            "functionName": "ai",
            "scriptId": "126",
            "url": "https://www.vectal.ai/_next/static/chunks/9da6db1e-ad7decc175389864.js",
            "lineNumber": 0,
            "columnNumber": 64904
          },
          {
            "functionName": "",
            "scriptId": "126",
            "url": "https://www.vectal.ai/_next/static/chunks/9da6db1e-ad7decc175389864.js",
            "lineNumber": 0,
            "columnNumber": 65345
          }
        ],
        "parent": {
          "description": "setTimeout",
          "callFrames": [
            {
              "functionName": "Ui",
              "scriptId": "126",
              "url": "https://www.vectal.ai/_next/static/chunks/9da6db1e-ad7decc175389864.js",
              "lineNumber": 0,
              "columnNumber": 65324
            },
            {
              "functionName": "onRRwebEmit",
              "scriptId": "126",
              "url": "https://www.vectal.ai/_next/static/chunks/9da6db1e-ad7decc175389864.js",
              "lineNumber": 0,
              "columnNumber": 63832
            },
            {
              "functionName": "emit",
              "scriptId": "126",
              "url": "https://www.vectal.ai/_next/static/chunks/9da6db1e-ad7decc175389864.js",
              "lineNumber": 0,
              "columnNumber": 59214
            },
            {
              "functionName": "At",
              "scriptId": "159",
              "url": "https://vectal-api.onrender.com/_events/static/recorder.js?v=1.259.0",
              "lineNumber": 0,
              "columnNumber": 72562
            },
            {
              "functionName": "V",
              "scriptId": "159",
              "url": "https://vectal-api.onrender.com/_events/static/recorder.js?v=1.259.0",
              "lineNumber": 0,
              "columnNumber": 72905
            },
            {
              "functionName": "e.mutationCb",
              "scriptId": "159",
              "url": "https://vectal-api.onrender.com/_events/static/recorder.js?v=1.259.0",
              "lineNumber": 0,
              "columnNumber": 41169
            },
            {
              "functionName": "",
              "scriptId": "159",
              "url": "https://vectal-api.onrender.com/_events/static/recorder.js?v=1.259.0",
              "lineNumber": 0,
              "columnNumber": 32727
            },
            {
              "functionName": "",
              "scriptId": "159",
              "url": "https://vectal-api.onrender.com/_events/static/recorder.js?v=1.259.0",
              "lineNumber": 0,
              "columnNumber": 29757
            }
          ]
        }
      }
    }
  },
  "_priority": "High",
  "_resourceType": "fetch",
  "cache": {},
  "request": {
    "method": "POST",
    "url": "https://vectal-api.onrender.com/_events/s/?ip=0&_=1755720274106&ver=1.259.0&compression=gzip-js",
    "httpVersion": "h3",
    "headers": [
      {
        "name": ":authority",
        "value": "vectal-api.onrender.com"
      },
      {
        "name": ":method",
        "value": "POST"
      },
      {
        "name": ":path",
        "value": "/_events/s/?ip=0&_=1755720274106&ver=1.259.0&compression=gzip-js"
      },
      {
        "name": ":scheme",
        "value": "https"
      },
      {
        "name": "accept",
        "value": "*/*"
      },
      {
        "name": "accept-encoding",
        "value": "gzip, deflate, br"
      },
      {
        "name": "accept-language",
        "value": "en-US"
      },
      {
        "name": "content-length",
        "value": "5524"
      },
      {
        "name": "content-type",
        "value": "text/plain"
      },
      {
        "name": "origin",
        "value": "https://www.vectal.ai"
      },
      {
        "name": "referer",
        "value": "https://www.vectal.ai/"
      },
      {
        "name": "sec-ch-ua",
        "value": "\"Not(A:Brand\";v=\"24\", \"Chromium\";v=\"122\""
      },
      {
        "name": "sec-ch-ua-mobile",
        "value": "?0"
      },
      {
        "name": "sec-ch-ua-platform",
        "value": "\"Windows\""
      },
      {
        "name": "sec-fetch-dest",
        "value": "empty"
      },
      {
        "name": "sec-fetch-mode",
        "value": "cors"
      },
      {
        "name": "sec-fetch-site",
        "value": "cross-site"
      },
      {
        "name": "user-agent",
        "value": "Mozilla/5.0 (Windows NT 10.0; Win64; x64) AppleWebKit/537.36 (KHTML, like Gecko) Noi/0.4.0 Chrome/122.0.6261.130 Electron/29.1.5 Safari/537.36"
      }
    ],
    "queryString": [
      {
        "name": "ip",
        "value": "0"
      },
      {
        "name": "_",
        "value": "1755720274106"
      },
      {
        "name": "ver",
        "value": "1.259.0"
      },
      {
        "name": "compression",
        "value": "gzip-js"
      }
    ],
    "cookies": [],
    "headersSize": -1,
    "bodySize": 8255,
    "postData": {
      "mimeType": "text/plain",
      "text": "\u001f\b\u0000\u0000\u0000\u0000\u0000\u0000\u0003í[ù[\u0014É²ýW\u0014q\u0003\u001aªzo\u001cwQF@EQ¯Ò\b½Ta\u000bt·½\b\u000b\u000b  \bÈ\u000e\u0002²)Èò}\u0011ÿØ;UY\bófdðÝûæ»Î½üÐtgeeFD8q2«;¿*!\u001e\u000fø\u0013Ò\u0013$Ùåô¹dÉ*û$Ãê7<>ÉcrIVÏ¯:íVÅ ÜS1tO\u0006=áèíP\fmáH(¬Db\u0001%^µu¥Ð[\u0019ÓdÙæ´§lk÷{btL\u001d«\f+\té\u0004ÑR\u0010\rÅ#>4I)\t1¥\"ó\u000bR\u0012<±X$àëá.Í\\Ùæ°¢Óö+U\tAO\u0019î\rÆKK\u001f>LùÖÏ¶»~NÉºS?\u0011QÊB÷t\u001b4ü~ýÝCX\u001a(S¢1OY\u0018Ã8l6Y2Û\u001d.Y\u001bûïë¡S²ïÖÃ\u0004w\\dÜ^í$e'ÑØmñVµè¯²þj\u0016í¼Æ\u001bù\u0005ék¶;²½}û+ ·ÝÿÇi¾\u0005æÏç &¹rùSv.Í­6\u0007Íq[.7R½DÍ9wâüë#yx:m\\\\BÏ/r\u0017?§9»~A}]\u0001ýFèõ\u001fG@_¦?·?äQ+¿¡/zW×©^¿¤ê¯6jçÚ\b/\u0004¹\u001eeF\u0002<CÕ<\"¬t»¹\u0006ø÷¸a·¹LNÎ¢ÉDÚàEjã\rî×]Ü~3ËL¯y®DÿìÓ_­¼x\u000eçr;¿\b;¹ëx¿ð:µÞâ1\u001e·\u001e~ìTù¸N\fA½·h\u0003C´Å¹\u0016b·il/ fÌ1AôÆ­\u001eãæG4Ë\u000bÅ|9ô¹%/\fã×<ËË\nõÐ<7Ð\u0010éöK¶{¢\u0017\u0003W§ÑZ E0­ü\u0016öPs\u0015¿ã\u0015ZÛã½Ë\"<^îs«ÜÂýÇy¡^\u001cçZ\u000b5´^9y»/P£ßã3ý¿C¼ÔÉ_\r?zxzTuùåª\u0000\u0017õèQ\r\u000fPÞ¦ß(U³^¦W\u0001;H\u001dðuùH>\\øÂí¥â\u001e®á_\n\u0012÷º#´xûè\u001d½¢ez'\"LÓþ\u0000\rñò]·JkY×øi\u0005/ólà$\rÞ WGýÔ`Õ\u0000q/\n©A½Àó27\u0014S°ÆÊø35ð\"7ðóG4~;¹÷\n-ò È\u001b\u001e\u0007zú©3vK\u0000K\u0011ý<l£:\u0011\f\u000b7_¢\u0006\u0016M\u0004\u001e÷^¦0ä+-Ñ¬ß\u001d\u0014È®DÛØÍ3\u001dô*|®ºy¹»âFF³¨ZËùYÓ\u000eÜÖäj\u000bÄmi\u000féÃ!^\u0013Y¸ÞH\u0007\u001a</,;¥¯Ò\u000b\u0011un\u00024úy§*©\u000f0^Í½¡òðu½FSÜY¤¸#Üþ¸_Åy\r ûâç'\\k¦Ú\u000b4p7\u0013ÒòFÞ5ú°iÊÁïEVPo:¿¤\u0000×\u001dw¦+<pÓGmû\u0005*R1Ê8µ\"odP\u000bÍÑFÆãûé4sß>,?¤ºcsÕ-2O\u0011Ì£ÂÆ/pzFîa^1EM\u0018>RO4HüèØN÷BÜÍ=¼\"ÜV«/TËXª\u0017¸`\u0005;=\u0015 \t]f}XÉd«äOX&þjd®ó\"\u0012ggÏk/zâAÊ\b:òm\fªG[vðÒ1aä\u00014D5©åÔsè4\u0000´@î\u0004~+rO¬AJn%ðk`3;9|<~ß^\u0006\u0010fRé\tòlÕ¶¤pÐrÖ\u0019Z\u0005l>B*tE®óÛcYT{\u000fSó|ª±ØÞÇ§DD\nR¯;!ÛCÃ\u0014èåýu#¯hÇXäO4\u0000<6î12§º\u001düIÄ\u0005­4á\u000er\u001du\u0014¯ôA,1ÁÂl'¯ÙéI\u0011½+â\t^Näú½ù4Ï³TG-ÜÌ×!-Ù21Öð&ûy%WÄÑÏÕ<·R+é\no\u0005ÅÖ3°vü0·5¡\u0003FzZ+¸Þí¦yÑWXÃ\rú`²¥HØ¸\u000fYù¥lÁñdj¼) c6³E÷Ñ,\rû©ËOM\u0010âüL\u000ez\u000bTLQ÷\u0001K¾î=OkûÎR;£r/¯]ä±|^ÕWIÜÁBn±¢s>ø@u£e\u000f\u0019ýäÑ\t\u001a\u0016áS\u000es\u000b=/§Ú\nÁd~j\u000en\u0005ÔpÇ¢Ñ;w<Nû¸tâ\u0018Ï LLðWºUîMó4î<\u0003ö¨>J\u0001ð°GYx$sXR;}:\u0006ëI¬©¸¨8Ý1\u0010@'ò`Á\u0005®?Î\"®Î\nZ9\t¦_£E\u001aäº#Ù\"Ú:ÁÉ/¦©FqõË¢/X®F {î±_VÅ$ô\f\u0015JÃäAzVTqÚ°T**ÀWZÞ+2XàM7Rw\u0018ô¾ÆsÜE+{\u0002FF:hûnÓX#Yâ\u0017Ôå¹Í\u001d(ÁK î»Û|ñ=Ú¬¶Ôl­æ\u001aÄ{`\u001fªaz1\u000f\u0003G\u0011E\u0010ìkZ4µÉÐ\u0013\u001f\b6 °mäÂÜ\u0015ðq\u0013M¤}Ü+\u0001ã4x!ªr©HC;ò¨>òüâØù;\u0017\u0013ù=rI\u0014\u0015Ùí6Q[&U_2(aú\u0001Bôú\u000eõg9Å\u000eÞ\u0000\u000e\u0000×]'Ê\nÄZ \u000fFiÛTðO\u0017*Êk\b£ñ<n;@]®$\u001e¡ÛRÓ{VH\u0002Tö±8­§R#µç8´,¡®dCçX\n¸ZÍ2|ë>ÆOÏ;ÀÝÒqêºKS(]í¹%Â\t\u0011;­ÄT\u0017\u001dPcGAwOy^¨+\u001bøX·ßEÝ\u0002¢Ü+Öa?\u0014Ù*ÕgUHôÅ}ãpÜ @IFÈ¾Üä+¦\u0006¨|\\Ø·Ó¨l\u0012$dÙéÔ\u0003 YEtå½ôÒQN5vÏyU*\bð<¤®?$\u0019,2\u0005©æ}àöÒÊ¾bz\u0003i§\u000fsº'OÄf¹ÚÊc(M=ül?ºc\u0004\u0013èø¶\\Ó\u001e\rêzNë%(HB\u0012\u000e\u001bàj¥ô\u001147\u000e0t«\u0016{-ûh01Î5\u0015ôúÂ\u0005«¼\u0002è\tËzF1ZiæÎ\n8ûÜ±4\u001e¤ÏG°z\u001fõµÍ)È®aA\rrÕ©;\u0006¿\u001bARoñÈ¹K¦_e~\u0002°ÏÁ\"õ\u0002(c_æ¦\u001dÆ\u0004ãE\u0017À µ\u001e:G£EÉâÆË¼R\"·*Ó\u0018=\u000143\u0000Ày\u001eÉ=B­^=9\râÔòëÅdn\u0017\u0002\u0012ï¡øD\r\u0013äm?CµÔ\u0019?\t//ÁkºE©<M¢¨ûRD %«\u0004\bÎ¡\u001a\b©3_yr=XèIºäYiIà'fsôF\u0001Y\u000bÔó\u001a½\n=àD\u0004{ #_i»y(Ñ\u0018q¥8m;A\tÜ]G­Vsr¡\u001b\u0016!ó4ääú£¢¾\tÌ\u0019þÒ\u0001¥!zWÌõô4ªK\u0001ºº£\bm'\u000fÕ³B¶kBú\u0014@kó\u0018Ò×Ú8µ\ts\u001eÉAÞBNóG£\u001aÍ\u0003\u001eï¤K<\u0019\u000e\u000b24#ë\\Û[Ámà\u0017QÞ-.+ÊN\u0003ºó\u000b¿\bQMáF1µóªÇ(T}4\u0016¿õ\u000b\u000f\u0015UeB÷¶@ÿ7ÈN°Oÿ\u0001c ²NÙ\u000f±µÀý(ÞÉT'A\u001e©@×\u0000æ\u000f6Tìå\u0002\u000f½óäyê¸ÄÓÞd\u0000´\u000b2ë\u0003uÜ¹Ìs©çe~\u0014¦Å´ÂLÔ¶[\u000f\u0005\u0010ËÀÚÕôù`\u001a\rGoÅ6öPCæ!w¬H°:Ö\u0001æôº@ßÃÔ\fúlçº|\b>¡ä<,\u0018ÙN+Üí,¥\u0019\u0014ôÏ<´\núÁ>y\"ÓÀ}ÜyVh@@ÂÇCi\u0010\u001b\u000bâ~Éq\u0003åu#Öó¨%¢¶rß\u0015¥\u0005é#s\u0011}½Ã=:V$¯z6.\té![3ÊQ\u000eû\u0011Ç<ñð*Vøé¹Ç ³1Ä§-IÙÑë@ñ¿\u0015@\u0015#¶^\u0010]\u0017äE#=ÝËmno\u0015õ~X\u0000ºX µáÈ!C\u001e4geï£¹\u0007ÔÇ\u0013Ê\u001d\u001e»|Ä`³æý¥4jc6BC¢ÛÃ<¨¶zÏ\u001aåÑ¬l?]~®»ÂúîFv\benÃ4=:ôúMòp\u0006}·ì\u0010\rúÊøå\u0005\u001a\u00114©\u001eý\u00077ZE \u001eÐ\"s\u0007±·\u001bã±ÃiØ@³\tøð&ZI]ØÖ\\åAL\u001d¦QÏ9o9µ&_EÙ\\ÇBÓt¦®I\\\rß\u001c¼nçÏ×u Ö\u0019ê³ÐS\u001d!Æ_ÉÉ.¡\u0014Ò\u00035\"\\«Ôk(k;\u0013qÛ$0»Ný\u0017©ZÐK\u001c¹\u0014K7ÑöÏ`ßAîºzÜ\u001d\fÐÔ-.¼Êo°\"B»»\u0010\u0019j´jã¼Îu\b!}(\t+P'\u000bX¼\u0015|ÀÕW¡SÖPC:P\u001fß\u0002µ4òmO9½\u0004·®ÓÒ>î¿|ÞÆQôgxâXVâ\u0010ÑµºàE¿ J/ò³ BZ\u0003`´\u0015\bã¼W¸Ñ?¢úLÝ¼Á\u000bºT~Æ\u0012²jå¾õÓA~Ïô>AÌèwÑ\u001b®ó\nlØc\\À®»^äÑØ}î½OsÈEx²~çTøêÃãÒ-ÔÙW¶ÀÝ¢x¸æ}á#Ú.«\u0012iýæ0\u0015\u0004fl®PÕß#S¼§¡AH\u0018ÈÑ³{.r-.bGÓOm¼\nm4\u0004[WçC\u00103ÖsIñ\u0013piÅÀ\u001cÒÇTn|Dµeô<¨`À\u0017(\u0002ªÇï\u00134\u000b\u0018¬\u0005uòÁ¹G\u0007o 7#øé]ZI?!dïº±Ì\n\u000fÁýEþBÔ\u000fêáW8\b\u0018@16ÖU¥nðÚª¾Õ¥Ð\u0011\u001aÊs`Ø¹ ÔÃÈ1\u0013ÏÈÖcûÄåKþ3{\f¡ \u0000QÛÇ­\fl³¯¨«\nwy¹ë¤að!æ°\u0002Ð_å§xñHÞé\u0018·Þä\"q|n÷õ£%ØOeß\u0001Ö³\u0006«¬h¡uC(\t½À\u00188\u001fB¬C¨ ÔäHà÷Ð¼ºxk-äÅD\u001e\u0015I\u001d.¿áöÚy¹\b\u0007\u000fâìÈØ´dp}æYà¢\u0000>«ÅðÚÅ3¿òÜÃ\nÔØzª)rÁ7£gA?:lTq°à\u000bUcáçÀp;¨¾&\r\u0001ÆXËÀ chÿ\u0002³ºÕl´MñóÇ¬Ä&\tn\\LãÙLìØùÚÆ«ï\u0015on©d7~ ´^¥°¾\u001d¬Wh¨\\?A^6`\u0005'Êý°a\\ìqí8Iª¾g`Ì,]æ6\u0019[\nwiÖ­\u001e þËâöËg\u0001^ìæê36w½\u000f° K×éc\u0001M\u000b¹àâúvHvÞ\u0004\u001bòcïéMÆYää|\u0019\r\u00126Ã®ñ\u0013ag6OÝyÀ\u001dIÐ2\u0003gÏ)OjµîP\u0001\\\u0017ç\u001f~^7R}Õ(\u0013~äæâ?ÜB\u0014²\u0011W)Ì®®\n¡®ª.Ä¨ÙN/\u0013!\u001cÇ\u000f\u000b\u001a÷ä«\\s@\\õ6 #¸º:àÔ8-EÏ\n\u0005'ñ;??#Qï,÷Q~¸/±ÚD°\u001d\u0013\n9ó,?\u0003÷/@,c\"`b\u0000\u0007'î«÷x\u0004r³>\u001f§Mý0÷sZ>\u000f\u001fCúAuãpp\u0011u¢F\u001eñ:¯\u001fÄ»ð1ÏqÑ&\u0013\u000fedj»6Tºq(z|\u0007½f3¿È6ê¹¶ÿÐ~EL`Nl¢<ûý\u00151lZxæÈ^a÷\rìVüôjn\u001c=uê$-\u001bØo\u0001¹uÞWyì\u001cê:+pÖth\u000eX§ïª%Ç#CUWÃéz®\u0016Ù©m\u001f_<\u0016iv?\u0014ý\"&\u0012\u0017$îõïÇaD«\u000bÂþùi\töÏ\u0010ú+°¡yb(0\u000fÕW\u0018¸t Ð¼ÍãÎ(ÎZè\u000f)ÿîW\u001c\r­Weùz8ÆxQ¸sà\thoÂ8ÄX è|l ¼:^\u0000á\u0019=eoxÒH\u0016áÀiq\u0016rûÄ¶-j Ê{ÿZ@¦æã¿9kþÞ\u0000ÙáLIðÝÃ!4>ZM²Ösç\u00026ñ\\\u0000Ý¾óSí@ôômÅW¢àÁê)*h\u0011Ï0,¶ïá²ÿóþ\u0015;ùfµ~ß7ÇOàÛßño§õ²\u0003p¼^fIÚåz¿!\u0016oMàÂ\u0013¶ïM`ùg\u001f/bôåã@³ygwc\u0005qÙÍLë\u000f2·úý=tÈÿfy\u000fjÿ½ãà2»vo\u0004¢X \u0014\u0014¾WhwÃÔJÀÿU6\u0007îÔ¿¨ªQ\u0005 =üþmìo\u0012lN\u0018.\u0017\u0007H¢H¤\\ñ¦\u0005Xy(RrBÖ¾à©,\ry0O\u0015|»\u001bÇÂ\u0014áwÂíX,\u001cMOKó\u0003©÷\u0014_ÌSê\t¤áK\fÑ0>\u0005î)iy§ìÒ¶Ïj<èK+Vbe1\\jß\bÆ\"yºUÅp?%\u0001öGbyp\u0004ÆÚm\u0016\u000b\u0016Ý\u001fx´x$¤;$GªE+§Z\u0015¶:$D!\u0010D¬<±PÄ\u0018JUb¾Û\u0018Ç¯bæo3 %\bxeÂ\"¡XÈ\u0017*\u0015\u0011%èW\"§JC¾@°øJÌ\u0013k\u000f¡ Ék4¢\u0016\u0019%«\u0011-ÖÚ]þ@\u0004¾ý¾%#°á³nqYø*»Ä\røôÊ<`v(T\u0012\u000fo\r²½us _(\u0018üÍLQÅ\u0017(§E3¢²uÅèºy§±tÛm*e«E\rD¢±_1%\u0012(»ü»«ýõ\u0001ív»dq¤jÜ\u001bñ\u0004£*Â\u0011¸/òV\túB~Å*ä¯üÖæW~ß¶m~=ÊàyÍ\b\t\u000b®EZÏ ¬ÈæúcJ¨#\u001dèV\u001d×\u0010+@¶Ýõ½o¸ô\u0014Û\u0011­h4P\u001cTh\u001a¾s\u0007ÍiÅ«Í\u0016»Éæôª&«Ó©}Gñ\u0014Ão\\\rß\u0015Ù=l\u001d¿­Íj1Vßi\\0üg­][ñ\u0013­.kªó[ÐÿbØº´\t\f¶Nl5þ\u0014¶1O´äÇ æ\u000bÅñ³]\u0002×.!ß¶kwÚReoe«KBqú9\u000b?~~¾5»,©fÃ\tðÉ_\t`Lýã\u00006;t¥±³J\u0010Ðî\u0012» \tÒ*\u0012\tø\u0015\u0013Ü\bÓ×`×úÁ.k¿gc+¢Úw6\u001a<Ë¶m\u0015ä§Å³9Õ¾-)ÿý\u0001íÄÂ\u0000:yM>m\u0003ºkL¡â·0iµ[S!\tô?+\bÚ4ÿsRwägD¢ätnÅü/\u0006Î\u001fW´N \u0017\u001b¼ïìð\\²\u0010\u000eßÃ\u0003\u0017´Ç\u000f\u000f\u0010\u0007àäÇ\u000f\u000fì\u0000vx m¥ôÃ\u0003;ºm?<09,NmXý¤\u0001qÒ:a·ÞÙ#ßtÆþê[gtÒ:ãË+ßëlÖ\u0019tû\u0019¦0EçM¼Ù\u0019N~ëlØ¼CgY?°Fg³eótD§ÚbKÿ»÷÷GðK\u000f¾ÿ3 åÀ³\u0007\u001d\u0003?\u0006-I;Bè­\u001aÆ¾ëî2öÓ\u0006ZÓ~Û¢`7\u001e\n\u0016nû)ä5É>¿Ïä°û\u001c&§Ýï4i·X\\ªÃiS¼¨^å ?Tþ§÷X¬V»ßêðy´{J\u0003^ôÆqñ¡\u0010D­ÍF9Õls¥j¿\tJ\u0014­%|ÛW\u0018Ë\bß´e\u0015ÛÊË®Ú®Ù-×K<×r*ïÞ<\u0017;y&ãn±­¸B\r³3®äf×~Þº¥\u0006\u000býêê?ÞÑ6d3­Zù\u000eDc /&¶Ù=.ü>H5©Í\u0001\u0005lM\u001e_2y½ª]vxNUñhBF -NL¿ûÉÏ\u000bOm\u0016¿Éë±{LVUvx%»MÂ\bÿ·\u001cY4­ô#?8úClÈ:\u00006l\u0016\u001d~\b\u001b²äØù~G<Ú-ÈSûõÔ.çtÚw.¤<§KP¦m\u001c09-ß¨\rå\\ä.ô~4.f¼ùoÎì:gdPüÃÿ\u0001ªh¥j¨7\u0000\u0000"
    }
  },
  "response": {
    "status": 200,
    "statusText": "",
    "httpVersion": "h3",
    "headers": [
      {
        "name": "Content-Security-Policy",
        "value": ""
      },
      {
        "name": "access-control-allow-credentials",
        "value": "true"
      },
      {
        "name": "access-control-allow-origin",
        "value": "https://www.vectal.ai"
      },
      {
        "name": "access-control-expose-headers",
        "value": "X-Accel-Buffering, Content-Type"
      },
      {
        "name": "alt-svc",
        "value": "h3=\":443\"; ma=86400"
      },
      {
        "name": "cf-cache-status",
        "value": "DYNAMIC"
      },
      {
        "name": "cf-ray",
        "value": "97248024cf39739a-JNB"
      },
      {
        "name": "content-encoding",
        "value": "br"
      },
      {
        "name": "content-type",
        "value": "application/json"
      },
      {
        "name": "date",
        "value": "Wed, 20 Aug 2025 20:04:35 GMT"
      },
      {
        "name": "priority",
        "value": "u=1,i"
      },
      {
        "name": "rndr-id",
        "value": "cfeac845-85df-4a65"
      },
      {
        "name": "server",
        "value": "cloudflare"
      },
      {
        "name": "server-timing",
        "value": "cfExtPri"
      },
      {
        "name": "strict-transport-security",
        "value": "max-age=31536000; includeSubDomains"
      },
      {
        "name": "vary",
        "value": "origin, access-control-request-method, access-control-request-headers, Origin"
      },
      {
        "name": "vary",
        "value": "Accept-Encoding"
      },
      {
        "name": "x-envoy-upstream-service-time",
        "value": "486"
      },
      {
        "name": "x-render-origin-server",
        "value": "uvicorn"
      }
    ],
    "cookies": [],
    "content": {
      "size": 15,
      "mimeType": "application/json",
      "text": "{\"status\":\"Ok\"}"
    },
    "redirectURL": "",
    "headersSize": -1,
    "bodySize": -1,
    "_transferSize": 381,
    "_error": null
  },
  "serverIPAddress": "216.24.57.7",
  "startedDateTime": "2025-08-20T20:04:34.116Z",
  "time": 786.6750000030152,
  "timings": {
    "blocked": 2.5680000011692754,
    "dns": -1,
    "ssl": -1,
    "connect": -1,
    "send": 0.9020000000000001,
    "wait": 781.2999999972195,
    "receive": 1.905000004626345,
    "_blocked_queueing": 1.2930000011692755
  }
}