{
  "_initiator": {
    "type": "script",
    "stack": {
      "callFrames": [
        {
          "functionName": "method",
          "scriptId": "126",
          "url": "https://www.vectal.ai/_next/static/chunks/9da6db1e-ad7decc175389864.js",
          "lineNumber": 0,
          "columnNumber": 80787
        },
        {
          "functionName": "",
          "scriptId": "126",
          "url": "https://www.vectal.ai/_next/static/chunks/9da6db1e-ad7decc175389864.js",
          "lineNumber": 0,
          "columnNumber": 148111
        },
        {
          "functionName": "Pe",
          "scriptId": "126",
          "url": "https://www.vectal.ai/_next/static/chunks/9da6db1e-ad7decc175389864.js",
          "lineNumber": 0,
          "columnNumber": 148117
        },
        {
          "functionName": "retriableRequest",
          "scriptId": "126",
          "url": "https://www.vectal.ai/_next/static/chunks/9da6db1e-ad7decc175389864.js",
          "lineNumber": 0,
          "columnNumber": 118977
        },
        {
          "functionName": "Rs",
          "scriptId": "126",
          "url": "https://www.vectal.ai/_next/static/chunks/9da6db1e-ad7decc175389864.js",
          "lineNumber": 0,
          "columnNumber": 148321
        },
        {
          "functionName": "",
          "scriptId": "126",
          "url": "https://www.vectal.ai/_next/static/chunks/9da6db1e-ad7decc175389864.js",
          "lineNumber": 0,
          "columnNumber": 141725
        },
        {
          "functionName": "",
          "scriptId": "126",
          "url": "https://www.vectal.ai/_next/static/chunks/9da6db1e-ad7decc175389864.js",
          "lineNumber": 0,
          "columnNumber": 118337
        },
        {
          "functionName": "",
          "scriptId": "126",
          "url": "https://www.vectal.ai/_next/static/chunks/9da6db1e-ad7decc175389864.js",
          "lineNumber": 0,
          "columnNumber": 118343
        }
      ],
      "parent": {
        "description": "setTimeout",
        "callFrames": [
          {
            "functionName": "Er",
            "scriptId": "126",
            "url": "https://www.vectal.ai/_next/static/chunks/9da6db1e-ad7decc175389864.js",
            "lineNumber": 0,
            "columnNumber": 118125
          },
          {
            "functionName": "enqueue",
            "scriptId": "126",
            "url": "https://www.vectal.ai/_next/static/chunks/9da6db1e-ad7decc175389864.js",
            "lineNumber": 0,
            "columnNumber": 117852
          },
          {
            "functionName": "capture",
            "scriptId": "126",
            "url": "https://www.vectal.ai/_next/static/chunks/9da6db1e-ad7decc175389864.js",
            "lineNumber": 0,
            "columnNumber": 151479
          },
          {
            "functionName": "Bi",
            "scriptId": "126",
            "url": "https://www.vectal.ai/_next/static/chunks/9da6db1e-ad7decc175389864.js",
            "lineNumber": 0,
            "columnNumber": 65378
          },
          {
            "functionName": "",
            "scriptId": "126",
            "url": "https://www.vectal.ai/_next/static/chunks/9da6db1e-ad7decc175389864.js",
            "lineNumber": 0,
            "columnNumber": 64921
          },
          {
            "functionName": "ai",
            "scriptId": "126",
            "url": "https://www.vectal.ai/_next/static/chunks/9da6db1e-ad7decc175389864.js",
            "lineNumber": 0,
            "columnNumber": 64904
          },
          {
            "functionName": "",
            "scriptId": "126",
            "url": "https://www.vectal.ai/_next/static/chunks/9da6db1e-ad7decc175389864.js",
            "lineNumber": 0,
            "columnNumber": 65345
          }
        ],
        "parent": {
          "description": "setTimeout",
          "callFrames": [
            {
              "functionName": "Ui",
              "scriptId": "126",
              "url": "https://www.vectal.ai/_next/static/chunks/9da6db1e-ad7decc175389864.js",
              "lineNumber": 0,
              "columnNumber": 65324
            },
            {
              "functionName": "onRRwebEmit",
              "scriptId": "126",
              "url": "https://www.vectal.ai/_next/static/chunks/9da6db1e-ad7decc175389864.js",
              "lineNumber": 0,
              "columnNumber": 63832
            },
            {
              "functionName": "emit",
              "scriptId": "126",
              "url": "https://www.vectal.ai/_next/static/chunks/9da6db1e-ad7decc175389864.js",
              "lineNumber": 0,
              "columnNumber": 59214
            },
            {
              "functionName": "At",
              "scriptId": "159",
              "url": "https://vectal-api.onrender.com/_events/static/recorder.js?v=1.259.0",
              "lineNumber": 0,
              "columnNumber": 72562
            },
            {
              "functionName": "callback",
              "scriptId": "159",
              "url": "https://vectal-api.onrender.com/_events/static/recorder.js?v=1.259.0",
              "lineNumber": 0,
              "columnNumber": 77650
            },
            {
              "functionName": "o",
              "scriptId": "159",
              "url": "https://vectal-api.onrender.com/_events/static/recorder.js?v=1.259.0",
              "lineNumber": 0,
              "columnNumber": 111291
            },
            {
              "functionName": "",
              "scriptId": "159",
              "url": "https://vectal-api.onrender.com/_events/static/recorder.js?v=1.259.0",
              "lineNumber": 0,
              "columnNumber": 106521
            }
          ]
        }
      }
    }
  },
  "_priority": "High",
  "_resourceType": "fetch",
  "cache": {},
  "request": {
    "method": "POST",
    "url": "https://vectal-api.onrender.com/_events/s/?ip=0&_=1755720278208&ver=1.259.0&compression=gzip-js",
    "httpVersion": "h3",
    "headers": [
      {
        "name": ":authority",
        "value": "vectal-api.onrender.com"
      },
      {
        "name": ":method",
        "value": "POST"
      },
      {
        "name": ":path",
        "value": "/_events/s/?ip=0&_=1755720278208&ver=1.259.0&compression=gzip-js"
      },
      {
        "name": ":scheme",
        "value": "https"
      },
      {
        "name": "accept",
        "value": "*/*"
      },
      {
        "name": "accept-encoding",
        "value": "gzip, deflate, br"
      },
      {
        "name": "accept-language",
        "value": "en-US"
      },
      {
        "name": "content-length",
        "value": "1441"
      },
      {
        "name": "content-type",
        "value": "text/plain"
      },
      {
        "name": "origin",
        "value": "https://www.vectal.ai"
      },
      {
        "name": "referer",
        "value": "https://www.vectal.ai/"
      },
      {
        "name": "sec-ch-ua",
        "value": "\"Not(A:Brand\";v=\"24\", \"Chromium\";v=\"122\""
      },
      {
        "name": "sec-ch-ua-mobile",
        "value": "?0"
      },
      {
        "name": "sec-ch-ua-platform",
        "value": "\"Windows\""
      },
      {
        "name": "sec-fetch-dest",
        "value": "empty"
      },
      {
        "name": "sec-fetch-mode",
        "value": "cors"
      },
      {
        "name": "sec-fetch-site",
        "value": "cross-site"
      },
      {
        "name": "user-agent",
        "value": "Mozilla/5.0 (Windows NT 10.0; Win64; x64) AppleWebKit/537.36 (KHTML, like Gecko) Noi/0.4.0 Chrome/122.0.6261.130 Electron/29.1.5 Safari/537.36"
      }
    ],
    "queryString": [
      {
        "name": "ip",
        "value": "0"
      },
      {
        "name": "_",
        "value": "1755720278208"
      },
      {
        "name": "ver",
        "value": "1.259.0"
      },
      {
        "name": "compression",
        "value": "gzip-js"
      }
    ],
    "cookies": [],
    "headersSize": -1,
    "bodySize": 2151,
    "postData": {
      "mimeType": "text/plain",
      "text": "\u001f\b\u0000\u0000\u0000\u0000\u0000\u0000\u0003íW[s6\u0014þ/\u001f-\t]`Ú´ÞÒiÚ¤éL2\u0019\u000f\u000bbM½\u0006\"´v¶\u001eÿ÷\u0003\u0002±Ál¼&~ò\u001e}çèÓ¹óö>ØíÊ<X\u0005&qP\u0011\n^¨P±Xë¬(B)3Æ9ek.ÖÁi oue\u0001~ÒViÓ^Õ\u0016d©\u001bml©Û`uïO.×{\"Fxt:\u0011ç©M\u0015Ül÷\u000eVò4è%÷A³ÝmÊ\n¬\u001bs§×ç¶wµ¹þâ\u001dé~[§@ô>0úýN·\u0016,*½\u0001\u001bÁµM»:?OòìVg6Ý¥å9°j\u001bøUÞêó\u0017¦þ\u0017þm_Ld\u001bmÃ63ZWaG\u0001WY³Õñ{Úzg2\râÖ¦Æ¾*ñ*©\be\u00048ïLjË\u001aØF*9\u0013§AY¶Lmmz¡mv\u0005º¹ÞÂ]£UTúý¹n­³zÛ\u000b®rmmëìº¬6/mjwðÂ ª«píBh\u0003§\u0006\u0000,ÎK\u0003¯K.*p\u0016üîh¸cäNlÒÿq Wß¤eõ¼®¯w·1\u000ev²ºª\u000e.ju¶3ú^\fð'\u000e:hºxM)¶M]µÚKÒ´öÊjSÞü5;\u001dðAx\u0003O3âß`MZµ\u0005x¥ü\u000f\u001c\fx]eu®ógu¾\u001fe¹Ë&<:g3Ò=Ë@´ ÖèðÕÛwh.\u001fC\u000fWÃðë\u000fSv©J\u0010&0)ãþ\bå¦q'0ÅT¬\u001eÞ=<<~\u001aÑX>\u000eÅ\u00002\u0014K¾\u0015ä¯[È- Ú¥ü\u00071ÁN}°â\n(cýR\u0011K¨¤ZQ´\u001a<\u0017RÆ\u00134Ý)`\r¢B\fö\u0016\u0015hÂ½\u0002Xî\u0014àY\n$!BÞë\u0014Ú²B\u0014\r\nÁ)*$Ë\n\u0004\u001c÷¸ß8Qìóý\u0006ýü\bI\u001e#¤Y'Þ\u000bÜÅyÄGñ\u0004ß»9Âø\fxÌÑ\u0003<\u001bÃB0\u0011\u001fù8ÎðB\u001e\u000f#MøÌðd´Oiïc¸r\u0019OÅh¿km\u001d#üã1æ\u0014i \\æar|L'Z\u000e¢Pë>3¢w\u001a'Øv\u0017ÂÕÊTºÌ<§±Ç;§¡³\u0017.©÷rA\u0007½Å \u000f.I(\u0006<P<ô\u001a\u001fù¨ç\u00033yÙËÒ%.*ÐFû\u0011<ý\u0010\u001fyûX$9Æÿ0è>G0W\u0001NÕ#A \u000eéÅ \u000b\u0002\t\u0004}õ¤Õm\u000b½ì\u001fd\u001dÒ,ÏB%3\u0015Æ2a\u0013!,J\n\u0015\u000bûÇÉ]YåõÝ'u\"ÎeÎUCýd[®\u0001\r+ûq\t\u001d\u001eo\u0006!=c\u0002¦\t\u001cØúZ£¤¹Ê.íEóFü¶\u0011w7×2úç:}ýûþýì÷?^¼ßÍ¢bÏ/^þyñ+C0ðrsë\"Ýmq1\t´\b(â\u0006P¶¶¬2Û\u00162M\u0012Â°ÐB<æ4L£ëu!©Jã¸Ði\u0000®«+#B\u0015º~¶§¡ºRJ©ID\u0019'ºÈ¤\u0016ÈéKö4y¹¸§=¹:U}ÔOyzp5\u0001F\\vS¸a)û8ídw-\tþãìäØ£\u0018¶úOUÏ¤:ÑÊ±[<ÒÓ¸·ïZ2ù#Õ\u0016ö»Öøè\u0018ÕÙµnôgâùcW?Àû\tÁ8ØB¸<RàÍÅê\u00046G[26*X`1àPÄ©µ¦\\ïº\u0004\u0004À\u000b\u0019\u0005ÈT>léÕn»5¨G¹W?\u0005½ô)8lcË8 kôM}Û1EæyÞý·à\u0007\t®øÑÄûd¦ñ8ÏçÞÂ·^Ñ\u000e6YËfÉ\u0000ËåÇ\u0016Ýí/~Ïö\u0017Áý>I\u0006x¡|±Ì÷Øï\u000bntH2)ÞÙ¨dN¢~\u0012Ç8y,ã§­põÄWjRu»Ä×î\u0007ø¼:îGK¸\u000f®):Zl¶}©±_\u0013ü Á\u0014÷ýzâË9\u000b\u001c¿ -¸/ócw\\x²ÿLÓ62Y/s·á*6iú3|4ÎPølëñêH3?³(æ\u0017âã±<÷3¸\u001d ö)Î7Öe/\u000b\u000e\u0013êÛøÄ\u0015\u0011\u000fïþ\u0007%AµË\u0013\u0000\u0000"
    }
  },
  "response": {
    "status": 200,
    "statusText": "",
    "httpVersion": "h3",
    "headers": [
      {
        "name": "Content-Security-Policy",
        "value": ""
      },
      {
        "name": "access-control-allow-credentials",
        "value": "true"
      },
      {
        "name": "access-control-allow-origin",
        "value": "https://www.vectal.ai"
      },
      {
        "name": "access-control-expose-headers",
        "value": "X-Accel-Buffering, Content-Type"
      },
      {
        "name": "alt-svc",
        "value": "h3=\":443\"; ma=86400"
      },
      {
        "name": "cf-cache-status",
        "value": "DYNAMIC"
      },
      {
        "name": "cf-ray",
        "value": "9724803e7e7e739a-JNB"
      },
      {
        "name": "content-encoding",
        "value": "br"
      },
      {
        "name": "content-type",
        "value": "application/json"
      },
      {
        "name": "date",
        "value": "Wed, 20 Aug 2025 20:04:39 GMT"
      },
      {
        "name": "priority",
        "value": "u=1,i"
      },
      {
        "name": "rndr-id",
        "value": "075a7b1a-fc24-4ee2"
      },
      {
        "name": "server",
        "value": "cloudflare"
      },
      {
        "name": "server-timing",
        "value": "cfExtPri"
      },
      {
        "name": "strict-transport-security",
        "value": "max-age=31536000; includeSubDomains"
      },
      {
        "name": "vary",
        "value": "origin, access-control-request-method, access-control-request-headers, Origin"
      },
      {
        "name": "vary",
        "value": "Accept-Encoding"
      },
      {
        "name": "x-envoy-upstream-service-time",
        "value": "468"
      },
      {
        "name": "x-render-origin-server",
        "value": "uvicorn"
      }
    ],
    "cookies": [],
    "content": {
      "size": 15,
      "mimeType": "application/json",
      "text": "{\"status\":\"Ok\"}"
    },
    "redirectURL": "",
    "headersSize": -1,
    "bodySize": -1,
    "_transferSize": 381,
    "_error": null
  },
  "serverIPAddress": "216.24.57.7",
  "startedDateTime": "2025-08-20T20:04:38.219Z",
  "time": 728.6650000023656,
  "timings": {
    "blocked": 4.305000003933907,
    "dns": -1,
    "ssl": -1,
    "connect": -1,
    "send": 0.7529999999999997,
    "wait": 721.3620000023944,
    "receive": 2.2449999960372224,
    "_blocked_queueing": 1.7740000039339066
  }
}