{
  "_initiator": {
    "type": "script",
    "stack": {
      "callFrames": [
        {
          "functionName": "method",
          "scriptId": "126",
          "url": "https://www.vectal.ai/_next/static/chunks/9da6db1e-ad7decc175389864.js",
          "lineNumber": 0,
          "columnNumber": 80787
        },
        {
          "functionName": "",
          "scriptId": "126",
          "url": "https://www.vectal.ai/_next/static/chunks/9da6db1e-ad7decc175389864.js",
          "lineNumber": 0,
          "columnNumber": 148111
        },
        {
          "functionName": "Pe",
          "scriptId": "126",
          "url": "https://www.vectal.ai/_next/static/chunks/9da6db1e-ad7decc175389864.js",
          "lineNumber": 0,
          "columnNumber": 148117
        },
        {
          "functionName": "retriableRequest",
          "scriptId": "126",
          "url": "https://www.vectal.ai/_next/static/chunks/9da6db1e-ad7decc175389864.js",
          "lineNumber": 0,
          "columnNumber": 118977
        },
        {
          "functionName": "Rs",
          "scriptId": "126",
          "url": "https://www.vectal.ai/_next/static/chunks/9da6db1e-ad7decc175389864.js",
          "lineNumber": 0,
          "columnNumber": 148321
        },
        {
          "functionName": "",
          "scriptId": "126",
          "url": "https://www.vectal.ai/_next/static/chunks/9da6db1e-ad7decc175389864.js",
          "lineNumber": 0,
          "columnNumber": 141725
        },
        {
          "functionName": "",
          "scriptId": "126",
          "url": "https://www.vectal.ai/_next/static/chunks/9da6db1e-ad7decc175389864.js",
          "lineNumber": 0,
          "columnNumber": 118337
        },
        {
          "functionName": "",
          "scriptId": "126",
          "url": "https://www.vectal.ai/_next/static/chunks/9da6db1e-ad7decc175389864.js",
          "lineNumber": 0,
          "columnNumber": 118343
        }
      ],
      "parent": {
        "description": "setTimeout",
        "callFrames": [
          {
            "functionName": "Er",
            "scriptId": "126",
            "url": "https://www.vectal.ai/_next/static/chunks/9da6db1e-ad7decc175389864.js",
            "lineNumber": 0,
            "columnNumber": 118125
          },
          {
            "functionName": "enqueue",
            "scriptId": "126",
            "url": "https://www.vectal.ai/_next/static/chunks/9da6db1e-ad7decc175389864.js",
            "lineNumber": 0,
            "columnNumber": 117852
          },
          {
            "functionName": "capture",
            "scriptId": "126",
            "url": "https://www.vectal.ai/_next/static/chunks/9da6db1e-ad7decc175389864.js",
            "lineNumber": 0,
            "columnNumber": 151479
          },
          {
            "functionName": "k",
            "scriptId": "126",
            "url": "https://www.vectal.ai/_next/static/chunks/9da6db1e-ad7decc175389864.js",
            "lineNumber": 0,
            "columnNumber": 17669
          },
          {
            "functionName": "e",
            "scriptId": "126",
            "url": "https://www.vectal.ai/_next/static/chunks/9da6db1e-ad7decc175389864.js",
            "lineNumber": 0,
            "columnNumber": 11366
          }
        ]
      }
    }
  },
  "_priority": "High",
  "_resourceType": "fetch",
  "cache": {},
  "request": {
    "method": "POST",
    "url": "https://vectal-api.onrender.com/_events/s/?ip=0&_=1755720283049&ver=1.259.0&compression=gzip-js",
    "httpVersion": "h3",
    "headers": [
      {
        "name": ":authority",
        "value": "vectal-api.onrender.com"
      },
      {
        "name": ":method",
        "value": "POST"
      },
      {
        "name": ":path",
        "value": "/_events/s/?ip=0&_=1755720283049&ver=1.259.0&compression=gzip-js"
      },
      {
        "name": ":scheme",
        "value": "https"
      },
      {
        "name": "accept",
        "value": "*/*"
      },
      {
        "name": "accept-encoding",
        "value": "gzip, deflate, br"
      },
      {
        "name": "accept-language",
        "value": "en-US"
      },
      {
        "name": "content-length",
        "value": "913"
      },
      {
        "name": "content-type",
        "value": "text/plain"
      },
      {
        "name": "origin",
        "value": "https://www.vectal.ai"
      },
      {
        "name": "referer",
        "value": "https://www.vectal.ai/"
      },
      {
        "name": "sec-ch-ua",
        "value": "\"Not(A:Brand\";v=\"24\", \"Chromium\";v=\"122\""
      },
      {
        "name": "sec-ch-ua-mobile",
        "value": "?0"
      },
      {
        "name": "sec-ch-ua-platform",
        "value": "\"Windows\""
      },
      {
        "name": "sec-fetch-dest",
        "value": "empty"
      },
      {
        "name": "sec-fetch-mode",
        "value": "cors"
      },
      {
        "name": "sec-fetch-site",
        "value": "cross-site"
      },
      {
        "name": "user-agent",
        "value": "Mozilla/5.0 (Windows NT 10.0; Win64; x64) AppleWebKit/537.36 (KHTML, like Gecko) Noi/0.4.0 Chrome/122.0.6261.130 Electron/29.1.5 Safari/537.36"
      }
    ],
    "queryString": [
      {
        "name": "ip",
        "value": "0"
      },
      {
        "name": "_",
        "value": "1755720283049"
      },
      {
        "name": "ver",
        "value": "1.259.0"
      },
      {
        "name": "compression",
        "value": "gzip-js"
      }
    ],
    "cookies": [],
    "headersSize": -1,
    "bodySize": 1365,
    "postData": {
      "mimeType": "text/plain",
      "text": "\u001f\b\u0000\u0000\u0000\u0000\u0000\u0000\u0003VÛnã6\u0010ý\u0005G3àß\n4(zCQ´Ý\u0002[\u0004\u0006%QYamÉkÑ¹ ð¿w(Ê´äDÎfýb{txæpæ\fÅÿÑ~_h\bÍLQÉ%Ö-qnJY¥J(ÉÑ\u0002¹{×x_uÝv[\u000f±í®Ýº¯]Ï§'«üÉ\u0010ã,[Â¥õ\u0016-!³Ú:´ä\u000b\u0014#Ï¨k÷»\u0002B\u00148Û®öuÛÀz@>B\u0012³@Ohi(Y  JMõ\u0002ùzãþ¨ªÎ,,8,\"±×Z%|\bMñÄ\u001cñ\\\u0000.àIâ7Lá¹¤\to\u0000\u0007x%awsüñÏ,ðËþ\u0017xª\u001eÁXÜo\u0000\u001d÷û\u0002O\u001e!\"ÿE¼\tníªy9äp{ÎÛÍ\u00160Z\u00020mPé}-\u0004ú\u0015J\u0016t\r%Ö°xÚ\u0012Z(\u0014Ð\u0000^Ö\fx\u0005?§-1§=\r%ã#~\u000eÝâYâç&âï#^·Pé\u0013>êa|Ä§&áEðOÀ\u0007ë\u001eñjç,áuÔCµ=\u0013¼>ÑHOÇ\u000e?Ëù\u001eJÑS½¯ÂÄ±¢Aë\\RAROd\u0018§W'[²óqI\u0012\u000e5#þ\u0017=1YÂ³?ØN\u000fc½[¿\u0019/Ó\u0014J\néå\u0000fFÎüd$\u0017ï\u001cóB\txvÒ8\u0015\u001dò1\u0011|^¦}=ge\u0006ÏöÏ¦EÉã9B\u0015¿æð\u0011ÐKidÆAÞëÉ\u0014¹l»lpµd nö¾y\nÄ\u001euÃ´Í]îU\"\u001bUù» £ÅÞN6µÀY²àºñn÷w\u00146MõóøÍ%¿X'\u001dßQ³dP\u001eï\u001e}ðóí\u0002Yïwu¾ïo\u0002àïÀÎ\u0004¬\u001aÇQ±¶\u001dü@6ïÚ5\u0004?Ô\rØ\u0016\u000fÃþpïèpÓ6\u000e\u001dBú(\\\u0005¦DÝf¿^\u001f\u000e}ç6íýzkwÀñsX'O~ p@\u0002IYöz_ß³!T_Þókséx<÷o> ÙÙeöèpÆ²«Îu\u001dÐ®F·4cZ\u0005ÖªÐØ¨Òà°g\u0015é.\u001bÙÕCÝíÃk8¼YK¡\u000b\u001bÖ¬ë\u001cÐ\u000f\u0000þ¬îÝ.d ½f2»&ðÀ·_\\l?\u0017+³ý$½\u000fäGÅÿýb?þþôõÓOþ\u001fo¾ÞÉ»Çªa¿ÝüõçÍ/,P\u0016mSÕw«ÒUv¿\u000eö@ Zb\"1\u0013ð¼¬;_7¢¥²YFD+'57\u001dÅ\u0004çy¥¨¶ÆTÎ\"(];\u0014\u0012\n&\u000e·ÿ\u0003\te°\u0012Ï\n\u0000\u0000"
    }
  },
  "response": {
    "status": 200,
    "statusText": "",
    "httpVersion": "h3",
    "headers": [
      {
        "name": "Content-Security-Policy",
        "value": ""
      },
      {
        "name": "access-control-allow-credentials",
        "value": "true"
      },
      {
        "name": "access-control-allow-origin",
        "value": "https://www.vectal.ai"
      },
      {
        "name": "access-control-expose-headers",
        "value": "X-Accel-Buffering, Content-Type"
      },
      {
        "name": "alt-svc",
        "value": "h3=\":443\"; ma=86400"
      },
      {
        "name": "cf-cache-status",
        "value": "DYNAMIC"
      },
      {
        "name": "cf-ray",
        "value": "9724805cad32739a-JNB"
      },
      {
        "name": "content-encoding",
        "value": "br"
      },
      {
        "name": "content-type",
        "value": "application/json"
      },
      {
        "name": "date",
        "value": "Wed, 20 Aug 2025 20:04:44 GMT"
      },
      {
        "name": "priority",
        "value": "u=1,i"
      },
      {
        "name": "rndr-id",
        "value": "38da6f8f-d7a1-4d0e"
      },
      {
        "name": "server",
        "value": "cloudflare"
      },
      {
        "name": "server-timing",
        "value": "cfExtPri"
      },
      {
        "name": "strict-transport-security",
        "value": "max-age=31536000; includeSubDomains"
      },
      {
        "name": "vary",
        "value": "origin, access-control-request-method, access-control-request-headers, Origin"
      },
      {
        "name": "vary",
        "value": "Accept-Encoding"
      },
      {
        "name": "x-envoy-upstream-service-time",
        "value": "476"
      },
      {
        "name": "x-render-origin-server",
        "value": "uvicorn"
      }
    ],
    "cookies": [],
    "content": {
      "size": 15,
      "mimeType": "application/json",
      "text": "{\"status\":\"Ok\"}"
    },
    "redirectURL": "",
    "headersSize": -1,
    "bodySize": -1,
    "_transferSize": 381,
    "_error": null
  },
  "serverIPAddress": "216.24.57.7",
  "startedDateTime": "2025-08-20T20:04:43.051Z",
  "time": 766.990000003716,
  "timings": {
    "blocked": 3.4620000061420724,
    "dns": -1,
    "ssl": -1,
    "connect": -1,
    "send": 0.7080000000000002,
    "wait": 760.7090000032447,
    "receive": 2.110999994329177,
    "_blocked_queueing": 1.8450000061420724
  }
}