{
  "_initiator": {
    "type": "script",
    "stack": {
      "callFrames": [
        {
          "functionName": "method",
          "scriptId": "126",
          "url": "https://www.vectal.ai/_next/static/chunks/9da6db1e-ad7decc175389864.js",
          "lineNumber": 0,
          "columnNumber": 80787
        },
        {
          "functionName": "",
          "scriptId": "126",
          "url": "https://www.vectal.ai/_next/static/chunks/9da6db1e-ad7decc175389864.js",
          "lineNumber": 0,
          "columnNumber": 148111
        },
        {
          "functionName": "Pe",
          "scriptId": "126",
          "url": "https://www.vectal.ai/_next/static/chunks/9da6db1e-ad7decc175389864.js",
          "lineNumber": 0,
          "columnNumber": 148117
        },
        {
          "functionName": "retriableRequest",
          "scriptId": "126",
          "url": "https://www.vectal.ai/_next/static/chunks/9da6db1e-ad7decc175389864.js",
          "lineNumber": 0,
          "columnNumber": 118977
        },
        {
          "functionName": "Rs",
          "scriptId": "126",
          "url": "https://www.vectal.ai/_next/static/chunks/9da6db1e-ad7decc175389864.js",
          "lineNumber": 0,
          "columnNumber": 148321
        },
        {
          "functionName": "",
          "scriptId": "126",
          "url": "https://www.vectal.ai/_next/static/chunks/9da6db1e-ad7decc175389864.js",
          "lineNumber": 0,
          "columnNumber": 141725
        },
        {
          "functionName": "",
          "scriptId": "126",
          "url": "https://www.vectal.ai/_next/static/chunks/9da6db1e-ad7decc175389864.js",
          "lineNumber": 0,
          "columnNumber": 118337
        },
        {
          "functionName": "",
          "scriptId": "126",
          "url": "https://www.vectal.ai/_next/static/chunks/9da6db1e-ad7decc175389864.js",
          "lineNumber": 0,
          "columnNumber": 118343
        }
      ],
      "parent": {
        "description": "setTimeout",
        "callFrames": [
          {
            "functionName": "Er",
            "scriptId": "126",
            "url": "https://www.vectal.ai/_next/static/chunks/9da6db1e-ad7decc175389864.js",
            "lineNumber": 0,
            "columnNumber": 118125
          },
          {
            "functionName": "enqueue",
            "scriptId": "126",
            "url": "https://www.vectal.ai/_next/static/chunks/9da6db1e-ad7decc175389864.js",
            "lineNumber": 0,
            "columnNumber": 117852
          },
          {
            "functionName": "capture",
            "scriptId": "126",
            "url": "https://www.vectal.ai/_next/static/chunks/9da6db1e-ad7decc175389864.js",
            "lineNumber": 0,
            "columnNumber": 151479
          },
          {
            "functionName": "Bi",
            "scriptId": "126",
            "url": "https://www.vectal.ai/_next/static/chunks/9da6db1e-ad7decc175389864.js",
            "lineNumber": 0,
            "columnNumber": 65378
          },
          {
            "functionName": "",
            "scriptId": "126",
            "url": "https://www.vectal.ai/_next/static/chunks/9da6db1e-ad7decc175389864.js",
            "lineNumber": 0,
            "columnNumber": 64921
          },
          {
            "functionName": "ai",
            "scriptId": "126",
            "url": "https://www.vectal.ai/_next/static/chunks/9da6db1e-ad7decc175389864.js",
            "lineNumber": 0,
            "columnNumber": 64904
          },
          {
            "functionName": "",
            "scriptId": "126",
            "url": "https://www.vectal.ai/_next/static/chunks/9da6db1e-ad7decc175389864.js",
            "lineNumber": 0,
            "columnNumber": 65345
          }
        ],
        "parent": {
          "description": "setTimeout",
          "callFrames": [
            {
              "functionName": "Ui",
              "scriptId": "126",
              "url": "https://www.vectal.ai/_next/static/chunks/9da6db1e-ad7decc175389864.js",
              "lineNumber": 0,
              "columnNumber": 65324
            },
            {
              "functionName": "onRRwebEmit",
              "scriptId": "126",
              "url": "https://www.vectal.ai/_next/static/chunks/9da6db1e-ad7decc175389864.js",
              "lineNumber": 0,
              "columnNumber": 63832
            },
            {
              "functionName": "emit",
              "scriptId": "126",
              "url": "https://www.vectal.ai/_next/static/chunks/9da6db1e-ad7decc175389864.js",
              "lineNumber": 0,
              "columnNumber": 59214
            },
            {
              "functionName": "At",
              "scriptId": "159",
              "url": "https://vectal-api.onrender.com/_events/static/recorder.js?v=1.259.0",
              "lineNumber": 0,
              "columnNumber": 72562
            },
            {
              "functionName": "V",
              "scriptId": "159",
              "url": "https://vectal-api.onrender.com/_events/static/recorder.js?v=1.259.0",
              "lineNumber": 0,
              "columnNumber": 72905
            },
            {
              "functionName": "e.mutationCb",
              "scriptId": "159",
              "url": "https://vectal-api.onrender.com/_events/static/recorder.js?v=1.259.0",
              "lineNumber": 0,
              "columnNumber": 41169
            },
            {
              "functionName": "",
              "scriptId": "159",
              "url": "https://vectal-api.onrender.com/_events/static/recorder.js?v=1.259.0",
              "lineNumber": 0,
              "columnNumber": 32727
            },
            {
              "functionName": "",
              "scriptId": "159",
              "url": "https://vectal-api.onrender.com/_events/static/recorder.js?v=1.259.0",
              "lineNumber": 0,
              "columnNumber": 29757
            }
          ]
        }
      }
    }
  },
  "_priority": "High",
  "_resourceType": "fetch",
  "cache": {},
  "request": {
    "method": "POST",
    "url": "https://vectal-api.onrender.com/_events/s/?ip=0&_=1755720286064&ver=1.259.0&compression=gzip-js",
    "httpVersion": "h3",
    "headers": [
      {
        "name": ":authority",
        "value": "vectal-api.onrender.com"
      },
      {
        "name": ":method",
        "value": "POST"
      },
      {
        "name": ":path",
        "value": "/_events/s/?ip=0&_=1755720286064&ver=1.259.0&compression=gzip-js"
      },
      {
        "name": ":scheme",
        "value": "https"
      },
      {
        "name": "accept",
        "value": "*/*"
      },
      {
        "name": "accept-encoding",
        "value": "gzip, deflate, br"
      },
      {
        "name": "accept-language",
        "value": "en-US"
      },
      {
        "name": "content-length",
        "value": "1219"
      },
      {
        "name": "content-type",
        "value": "text/plain"
      },
      {
        "name": "origin",
        "value": "https://www.vectal.ai"
      },
      {
        "name": "referer",
        "value": "https://www.vectal.ai/"
      },
      {
        "name": "sec-ch-ua",
        "value": "\"Not(A:Brand\";v=\"24\", \"Chromium\";v=\"122\""
      },
      {
        "name": "sec-ch-ua-mobile",
        "value": "?0"
      },
      {
        "name": "sec-ch-ua-platform",
        "value": "\"Windows\""
      },
      {
        "name": "sec-fetch-dest",
        "value": "empty"
      },
      {
        "name": "sec-fetch-mode",
        "value": "cors"
      },
      {
        "name": "sec-fetch-site",
        "value": "cross-site"
      },
      {
        "name": "user-agent",
        "value": "Mozilla/5.0 (Windows NT 10.0; Win64; x64) AppleWebKit/537.36 (KHTML, like Gecko) Noi/0.4.0 Chrome/122.0.6261.130 Electron/29.1.5 Safari/537.36"
      }
    ],
    "queryString": [
      {
        "name": "ip",
        "value": "0"
      },
      {
        "name": "_",
        "value": "1755720286064"
      },
      {
        "name": "ver",
        "value": "1.259.0"
      },
      {
        "name": "compression",
        "value": "gzip-js"
      }
    ],
    "cookies": [],
    "headersSize": -1,
    "bodySize": 1825,
    "postData": {
      "mimeType": "text/plain",
      "text": "\u001f\b\u0000\u0000\u0000\u0000\u0000\u0000\u0003íVÛnã6\u0010ý\u0017!CR¤Hæ©Ý6èmn»Û-°  %ÊQcS\nE%q\u0003ÿ{\u0014}ÉÚN>\u0004X ~±=<93Ûç¤ïë29K\u0010¢¥<SNR5Éó4c²Â²Ð¨PY2Jô­6\u000eà'QmwÕ8µ¶iµuµî³ÍÉådá¼\b\u000b¶Ä¥r*9\u0003ËnÑêä\fÎ\u0006ÉCÒ5½-@FÓ÷\u000eî~¾\u0018%Ê9[Oú \u000bny¶\u0004\u0003d[þ\u00185¦ÍK¸dõ¼¹\r7¼²\f¿ ·ëÎ©y\u000b¼8c \"$t9z\u000f\u0006\u001f®vuc\u0006\u000e÷Éäù(Y\u0000\\À©ç!R8\u0018ø­ª:\rQJ©^1À9\u001aà4ïà\u0002¢ì1\u001a-\u000f\u0013ÌÐ (X\u0011lgý´6ð\u001cÖÞéÉ©Ñî®±×ß`ÿ(j1k\u0014\u0018zXÜô s >Ä)¹r®íÎNOU[ouáÔl¬êÓ¾Ó6-®tqíÚ8»ø\u0010L\u0018Q\u0002ä¬û\u0000,\tç9ótz«|p \u001a\u0004s4|0ÈÇÆ@àklTUiW\\RÏê[½¶\u0000\u0012\u0003oþcÓ¾³kf6\b­6¥¶ofMq]é{§\\\u000f$¦1é$\n\u0001åÝÖ\u0016N­\u000f¤¿UÖ\u0016ÜÚ\u001b\tü\u000f4âqð\u001c>\u0014È5sU·MsÝ·\u001b\u001dÛÒ¢1æ¡N\u0017½Õß\rb\bÊæ$BW7ã³lSìZÈ0½TµíÜOÆi[ÏÿØ9]áBðAr>ÆÑ\u0007æË*ÓU\u0010ú¡¨´)Ror±zW¶E$D àç÷\u0011\u000fe\u0005/³Î\u0003°\u001d³ÙÖ!%Còb#çò@ZgPw\u0017Ë\u0003I!¬ÊWî\u0012>Ó%^ üÅ]\u0011ú6!Éc\u001b\u0002~Ô´\u0004ÍcÓÊ\u0010\th|¸i¥Æ9è\u00044Ab@³ã;\u001c\u0016\f¿Ø@ëI)F<tNæz\u000eVÎ\u0004Gã5\u001a(<BK¶\u0006ç\u0011\u001d\\«CPB\u000f¦^p\\\bT¶ÏNw\u001dârkt£I²Hy^ðTä¥HýLV\\0=\u001eyrW²¹{öNFi^R^(gVO\u0000\rÃ%þ¹\u001eà-\u0010\tc\u0004\u0007®¹Ö^Ò^\u0015î¼ýÄ~²»ùìcýu­>þº¸ùôûöûó)ÞW¼=ÿûùÏÄ«XÕÓËRWªùÚI4K\u0011K\tõC¢î\\m\n7f¹\u0012Ñ*­4ã0\\)NUV¢t2©rÌ\u0010V\t®Ì\u0010\n©¼³âh.S.«2y%Ò0?¯ääò?®8@i¿dÅÙÏ\u0019(\t\u0001ß{3#å\u000bPIbzæ\u0004\u001cD@âU¶\tX×ú!x«Oa¨ÿ\r?»w[²©viWX­M\u001a(\u001cµr\b\fl¯\u001c\u0014gc\u001eW\u000e\"\u0005¤ü×±s\u0004GÆ¾¢ý\u0007¦çW¸s\bÌ\u001fî¯¶h¬\f\u001eX4 \u0018ög<Í\u000e/\u001a\f3âeµ:ª$ÀÆ×\u001f÷\u0003õñ0Á$4_«±Xý®|\u0000òÕÐeQ³÷3T6ý²\tÀÊ\"8\\)¢æ]°\\OsLV`_!{ÁB®§e64) Øö¹dkpÔ,×¿\u0018»\u0011CYpære\u0010Hí5\bá\u000fÛ\u0007Ó\bfqçÙ\r?[Ç(®\u0014Æ¾Ê½àHOXÆÿ\u001fÎG\u000fg\u0002ëëÅ¿J×¨À\u0010\u0000\u0000"
    }
  },
  "response": {
    "status": 200,
    "statusText": "",
    "httpVersion": "h3",
    "headers": [
      {
        "name": "Content-Security-Policy",
        "value": ""
      },
      {
        "name": "access-control-allow-credentials",
        "value": "true"
      },
      {
        "name": "access-control-allow-origin",
        "value": "https://www.vectal.ai"
      },
      {
        "name": "access-control-expose-headers",
        "value": "X-Accel-Buffering, Content-Type"
      },
      {
        "name": "alt-svc",
        "value": "h3=\":443\"; ma=86400"
      },
      {
        "name": "cf-cache-status",
        "value": "DYNAMIC"
      },
      {
        "name": "cf-ray",
        "value": "9724806f8eac739a-JNB"
      },
      {
        "name": "content-encoding",
        "value": "br"
      },
      {
        "name": "content-type",
        "value": "application/json"
      },
      {
        "name": "date",
        "value": "Wed, 20 Aug 2025 20:04:47 GMT"
      },
      {
        "name": "priority",
        "value": "u=1,i"
      },
      {
        "name": "rndr-id",
        "value": "60dc3693-5ad1-42fb"
      },
      {
        "name": "server",
        "value": "cloudflare"
      },
      {
        "name": "server-timing",
        "value": "cfExtPri"
      },
      {
        "name": "strict-transport-security",
        "value": "max-age=31536000; includeSubDomains"
      },
      {
        "name": "vary",
        "value": "origin, access-control-request-method, access-control-request-headers, Origin"
      },
      {
        "name": "vary",
        "value": "Accept-Encoding"
      },
      {
        "name": "x-envoy-upstream-service-time",
        "value": "643"
      },
      {
        "name": "x-render-origin-server",
        "value": "uvicorn"
      }
    ],
    "cookies": [],
    "content": {
      "size": 15,
      "mimeType": "application/json",
      "text": "{\"status\":\"Ok\"}"
    },
    "redirectURL": "",
    "headersSize": -1,
    "bodySize": -1,
    "_transferSize": 379,
    "_error": null
  },
  "serverIPAddress": "216.24.57.7",
  "startedDateTime": "2025-08-20T20:04:46.067Z",
  "time": 921.7680000001565,
  "timings": {
    "blocked": 5.3169999985583125,
    "dns": -1,
    "ssl": -1,
    "connect": -1,
    "send": 1.3369999999999997,
    "wait": 911.2739999967413,
    "receive": 3.8400000048568472,
    "_blocked_queueing": 2.1019999985583127
  }
}