{
  "_initiator": {
    "type": "script",
    "stack": {
      "callFrames": [
        {
          "functionName": "method",
          "scriptId": "126",
          "url": "https://www.vectal.ai/_next/static/chunks/9da6db1e-ad7decc175389864.js",
          "lineNumber": 0,
          "columnNumber": 80787
        },
        {
          "functionName": "",
          "scriptId": "126",
          "url": "https://www.vectal.ai/_next/static/chunks/9da6db1e-ad7decc175389864.js",
          "lineNumber": 0,
          "columnNumber": 148111
        },
        {
          "functionName": "Pe",
          "scriptId": "126",
          "url": "https://www.vectal.ai/_next/static/chunks/9da6db1e-ad7decc175389864.js",
          "lineNumber": 0,
          "columnNumber": 148117
        },
        {
          "functionName": "retriableRequest",
          "scriptId": "126",
          "url": "https://www.vectal.ai/_next/static/chunks/9da6db1e-ad7decc175389864.js",
          "lineNumber": 0,
          "columnNumber": 118977
        },
        {
          "functionName": "Rs",
          "scriptId": "126",
          "url": "https://www.vectal.ai/_next/static/chunks/9da6db1e-ad7decc175389864.js",
          "lineNumber": 0,
          "columnNumber": 148321
        },
        {
          "functionName": "",
          "scriptId": "126",
          "url": "https://www.vectal.ai/_next/static/chunks/9da6db1e-ad7decc175389864.js",
          "lineNumber": 0,
          "columnNumber": 141725
        },
        {
          "functionName": "",
          "scriptId": "126",
          "url": "https://www.vectal.ai/_next/static/chunks/9da6db1e-ad7decc175389864.js",
          "lineNumber": 0,
          "columnNumber": 118337
        },
        {
          "functionName": "",
          "scriptId": "126",
          "url": "https://www.vectal.ai/_next/static/chunks/9da6db1e-ad7decc175389864.js",
          "lineNumber": 0,
          "columnNumber": 118343
        }
      ],
      "parent": {
        "description": "setTimeout",
        "callFrames": [
          {
            "functionName": "Er",
            "scriptId": "126",
            "url": "https://www.vectal.ai/_next/static/chunks/9da6db1e-ad7decc175389864.js",
            "lineNumber": 0,
            "columnNumber": 118125
          },
          {
            "functionName": "enqueue",
            "scriptId": "126",
            "url": "https://www.vectal.ai/_next/static/chunks/9da6db1e-ad7decc175389864.js",
            "lineNumber": 0,
            "columnNumber": 117852
          },
          {
            "functionName": "capture",
            "scriptId": "126",
            "url": "https://www.vectal.ai/_next/static/chunks/9da6db1e-ad7decc175389864.js",
            "lineNumber": 0,
            "columnNumber": 151479
          },
          {
            "functionName": "se",
            "scriptId": "126",
            "url": "https://www.vectal.ai/_next/static/chunks/9da6db1e-ad7decc175389864.js",
            "lineNumber": 0,
            "columnNumber": 77615
          }
        ]
      }
    }
  },
  "_priority": "High",
  "_resourceType": "fetch",
  "cache": {},
  "request": {
    "method": "POST",
    "url": "https://vectal-api.onrender.com/_events/i/v0/e/?ip=0&_=1755720298492&ver=1.259.0&compression=gzip-js",
    "httpVersion": "h3",
    "headers": [
      {
        "name": ":authority",
        "value": "vectal-api.onrender.com"
      },
      {
        "name": ":method",
        "value": "POST"
      },
      {
        "name": ":path",
        "value": "/_events/i/v0/e/?ip=0&_=1755720298492&ver=1.259.0&compression=gzip-js"
      },
      {
        "name": ":scheme",
        "value": "https"
      },
      {
        "name": "accept",
        "value": "*/*"
      },
      {
        "name": "accept-encoding",
        "value": "gzip, deflate, br"
      },
      {
        "name": "accept-language",
        "value": "en-US"
      },
      {
        "name": "content-length",
        "value": "1398"
      },
      {
        "name": "content-type",
        "value": "text/plain"
      },
      {
        "name": "origin",
        "value": "https://www.vectal.ai"
      },
      {
        "name": "referer",
        "value": "https://www.vectal.ai/"
      },
      {
        "name": "sec-ch-ua",
        "value": "\"Not(A:Brand\";v=\"24\", \"Chromium\";v=\"122\""
      },
      {
        "name": "sec-ch-ua-mobile",
        "value": "?0"
      },
      {
        "name": "sec-ch-ua-platform",
        "value": "\"Windows\""
      },
      {
        "name": "sec-fetch-dest",
        "value": "empty"
      },
      {
        "name": "sec-fetch-mode",
        "value": "cors"
      },
      {
        "name": "sec-fetch-site",
        "value": "cross-site"
      },
      {
        "name": "user-agent",
        "value": "Mozilla/5.0 (Windows NT 10.0; Win64; x64) AppleWebKit/537.36 (KHTML, like Gecko) Noi/0.4.0 Chrome/122.0.6261.130 Electron/29.1.5 Safari/537.36"
      }
    ],
    "queryString": [
      {
        "name": "ip",
        "value": "0"
      },
      {
        "name": "_",
        "value": "1755720298492"
      },
      {
        "name": "ver",
        "value": "1.259.0"
      },
      {
        "name": "compression",
        "value": "gzip-js"
      }
    ],
    "cookies": [],
    "headersSize": -1,
    "bodySize": 2090,
    "postData": {
      "mimeType": "text/plain",
      "text": "\u001f\b\u0000\u0000\u0000\u0000\u0000\u0000\u0003¥VÛnÛ8\u0010ý\u0015CÈC\u000bD²¨%÷©Ø\u0006]ô]ô\u0006¤\b\b\u001cÉ%Q¡(;Iß¡,ÅvëlÚÝ¼Ä\u001aÎ\fÏ\fÏ\\¾}wú^\ngéø$KyFbE!s\u0017æ.K\u0003ße\u0002\n\u0012D$dá;°Æ úÙÙ\n©Y²V«\u0016´Ð9ËïÎÂÎWÙ\bµíð\u0014¿é\u0006t'Urâ[Q®ñ\f4~ÿ±Òª\u0006+\u0013°\u001c¨¹m\u0001å¯ [\u001be½\u0019YÃj¬ôe¡%gó7jÅ\u0006º¼×å¡\u0006UEÑ\u0001ÂsIà£÷Z#\\Úë\nWÆ´Ýr>ßn·Þ\u0006¸aÇäÜÚ¯Tgc::°òUÃ\u0010ÞÒ\u0019ô4ÛÒ\u001eqSVî²ð^ÝÉªbóØógÏÆg\u001f>Íïù/f(H¢\u0017³$z>{Ù¶\u0015|ü­4ó8\\xa2{ööÏOïßÏ*¹Ùkàkõ|öAÉ¹ïEèn9\t\u0002Ï÷ !\u001e\týÙEø´jæAæ\u0011/}d\u0005ÓrôxÙ}ÆÑÁ¸bMÙ#zÄ\u000eûùã¡ÉtF[\r¼\u0019TìyÇ5@CW Ë\u0015\u0006©µ¹\u001d¥[)ÌÊY\u0006$P¸°m6{e¤òQÄEUÉÜ¦\u001dr{\r~\u001còÄ\u000bâÌ\u001bÈ\"\u001bDgèÀÒTt\\×±ZeYÌíë£ËE\u001c/\u0002?Èb/JÃsGÈÎÈvqÂ²Ì\n·xáFiD\\\u0016\nßÍó\u0002yÍÒ´\u0000¶»K\u001aÉ*yÇ\fâ ;×\u000eº]?u\u0003ÿ\u0013Éq¸\fð$¹´\u0016\\5,{\rvÐYôê\r­±\u0010HêÛ¿=¿\u001f-&yáæ\u0018È»!\u000f2Î2&\t\u0019wª\u0002Z©jàJ\u000bÙ\u0014\u001aWÃ}\u001a\u0013F;)\u0010¤Ñ=Øg\u00191ìµ\u001b0[¥×´e·brÖ\u001akKuüù\u0017èBé5|N\u0006\u0018\u0006ÚOñèFbm`P?J(«*µED5\u0018,PÔhúªº¿?§fÝzðkuNjpÖlX·\u0017 (ëJC[±[Ú±\u001aKjf\u0010íèc<B¼²îk*z<\u001dxt|­¡»'{8d½Qc&(²æDn\u000bÑ&÷ â{§\u0012*pÃ¡\u001d(6Ý|Òát±\u0000ûpäëGn\u0014\u00197r\u0003\u0014Ù<8-*Vâ¥ß\u001c¬mI·Åúv\u001bØº¶u.fb*¹+´\u001eÍæOk/\u001d¾bf×\u0007i©U?têÃk'¾Ù`_ïèLÃu\u000fÝXþ\".x\u0014Ø\u0012È\u0005Ö¦È\\FbpÅ\u0002XçÀ}>ô¡óþV5c\u001f\u0003\u0000vÎ\t|2{©%P56ÓN¬©¼· \u0007Òh¨Á¹¤eY\"\u0019¾\u001aXzÌ¢ìIù`Ö\u0019\fß\u000eÆI01íä8°þ£e%5cÈò/y\u0018Ç8\u0015Ì0[ýLÉ%n\n8\u0012H­õÖ6prî\u0018¦K0\u0014g\u0005º(8ÎïZásÕj\u0003ÎýùïY\u000e4ÿV\t\u000e£Á\n§Ì/¢¼B\u001aµÆ·tÚ\u0015§æ¢½ßñ¶þ\u001cIÂ¯köåýíõåkóòÕÅu\u00197E\u0013¼»øø÷Å`?\u0006ð-\nÖWÆ&{74b7\u001a»ÜÁ®åç.á»/Ü4\u0011©kçW\u00154ÞÄí°Q<i\u0013FQ\"¢\u0005\u001f8?]äÓ¼§*àÎ£õp¤ûÔ&u¬ýØ^u¬õÓõ0\b\u001e»kk'\t/\u001b\u0003ºa\u0015Íû\u0002ã \u00154¥]1ì:ò¤r'ïðÚ É\u000e§µq¹\u001f'Iáªu¤<)!Vm\u0017\u001e»,ñã(±Ï!\u0004\u001b,ö½\u001eÆ{íV`·\u001eÞwFÕµrÊØà]Ö\\<ñT\u0004h«z¾k.Ãvm{´]¯~d\t$!rC\u0014.K\bîóÉg\tDàûÅ°çt¨.d!mU\u000b\u0017yáPÜæ;\f\t?\u000bYíçÅjÇ.6Z\u001aÛ\u0018-öºÁwÊ2,¢i\u0007\u000f}âß_ý\u0003o\u0013Êa\f\u0000\u0000"
    }
  },
  "response": {
    "status": 200,
    "statusText": "",
    "httpVersion": "h3",
    "headers": [
      {
        "name": "Content-Security-Policy",
        "value": ""
      },
      {
        "name": "access-control-allow-credentials",
        "value": "true"
      },
      {
        "name": "access-control-allow-origin",
        "value": "https://www.vectal.ai"
      },
      {
        "name": "access-control-expose-headers",
        "value": "X-Accel-Buffering, Content-Type"
      },
      {
        "name": "alt-svc",
        "value": "h3=\":443\"; ma=86400"
      },
      {
        "name": "cf-cache-status",
        "value": "DYNAMIC"
      },
      {
        "name": "cf-ray",
        "value": "972480bd2e1e739a-JNB"
      },
      {
        "name": "content-encoding",
        "value": "br"
      },
      {
        "name": "content-type",
        "value": "application/json"
      },
      {
        "name": "date",
        "value": "Wed, 20 Aug 2025 20:04:59 GMT"
      },
      {
        "name": "priority",
        "value": "u=1,i"
      },
      {
        "name": "rndr-id",
        "value": "af2c7dea-6e5b-4887"
      },
      {
        "name": "server",
        "value": "cloudflare"
      },
      {
        "name": "server-timing",
        "value": "cfExtPri"
      },
      {
        "name": "strict-transport-security",
        "value": "max-age=31536000; includeSubDomains"
      },
      {
        "name": "vary",
        "value": "origin, access-control-request-method, access-control-request-headers, Origin"
      },
      {
        "name": "vary",
        "value": "Accept-Encoding"
      },
      {
        "name": "x-envoy-upstream-service-time",
        "value": "44"
      },
      {
        "name": "x-render-origin-server",
        "value": "uvicorn"
      }
    ],
    "cookies": [],
    "content": {
      "size": 15,
      "mimeType": "application/json",
      "text": "{\"status\":\"Ok\"}"
    },
    "redirectURL": "",
    "headersSize": -1,
    "bodySize": -1,
    "_transferSize": 380,
    "_error": null
  },
  "serverIPAddress": "216.24.57.7",
  "startedDateTime": "2025-08-20T20:04:58.496Z",
  "time": 352.0150000040303,
  "timings": {
    "blocked": 4.569999998912215,
    "dns": -1,
    "ssl": -1,
    "connect": -1,
    "send": 1.6139999999999999,
    "wait": 344.3909999978398,
    "receive": 1.440000007278286,
    "_blocked_queueing": 2.2319999989122152
  }
}