{
  "_initiator": {
    "type": "script",
    "stack": {
      "callFrames": [
        {
          "functionName": "method",
          "scriptId": "126",
          "url": "https://www.vectal.ai/_next/static/chunks/9da6db1e-ad7decc175389864.js",
          "lineNumber": 0,
          "columnNumber": 80787
        },
        {
          "functionName": "",
          "scriptId": "126",
          "url": "https://www.vectal.ai/_next/static/chunks/9da6db1e-ad7decc175389864.js",
          "lineNumber": 0,
          "columnNumber": 148111
        },
        {
          "functionName": "Pe",
          "scriptId": "126",
          "url": "https://www.vectal.ai/_next/static/chunks/9da6db1e-ad7decc175389864.js",
          "lineNumber": 0,
          "columnNumber": 148117
        },
        {
          "functionName": "retriableRequest",
          "scriptId": "126",
          "url": "https://www.vectal.ai/_next/static/chunks/9da6db1e-ad7decc175389864.js",
          "lineNumber": 0,
          "columnNumber": 118977
        },
        {
          "functionName": "Rs",
          "scriptId": "126",
          "url": "https://www.vectal.ai/_next/static/chunks/9da6db1e-ad7decc175389864.js",
          "lineNumber": 0,
          "columnNumber": 148321
        },
        {
          "functionName": "",
          "scriptId": "126",
          "url": "https://www.vectal.ai/_next/static/chunks/9da6db1e-ad7decc175389864.js",
          "lineNumber": 0,
          "columnNumber": 141725
        },
        {
          "functionName": "",
          "scriptId": "126",
          "url": "https://www.vectal.ai/_next/static/chunks/9da6db1e-ad7decc175389864.js",
          "lineNumber": 0,
          "columnNumber": 118337
        },
        {
          "functionName": "",
          "scriptId": "126",
          "url": "https://www.vectal.ai/_next/static/chunks/9da6db1e-ad7decc175389864.js",
          "lineNumber": 0,
          "columnNumber": 118343
        }
      ],
      "parent": {
        "description": "setTimeout",
        "callFrames": [
          {
            "functionName": "Er",
            "scriptId": "126",
            "url": "https://www.vectal.ai/_next/static/chunks/9da6db1e-ad7decc175389864.js",
            "lineNumber": 0,
            "columnNumber": 118125
          },
          {
            "functionName": "enqueue",
            "scriptId": "126",
            "url": "https://www.vectal.ai/_next/static/chunks/9da6db1e-ad7decc175389864.js",
            "lineNumber": 0,
            "columnNumber": 117852
          },
          {
            "functionName": "capture",
            "scriptId": "126",
            "url": "https://www.vectal.ai/_next/static/chunks/9da6db1e-ad7decc175389864.js",
            "lineNumber": 0,
            "columnNumber": 151479
          },
          {
            "functionName": "Bi",
            "scriptId": "126",
            "url": "https://www.vectal.ai/_next/static/chunks/9da6db1e-ad7decc175389864.js",
            "lineNumber": 0,
            "columnNumber": 65378
          },
          {
            "functionName": "",
            "scriptId": "126",
            "url": "https://www.vectal.ai/_next/static/chunks/9da6db1e-ad7decc175389864.js",
            "lineNumber": 0,
            "columnNumber": 64921
          },
          {
            "functionName": "ai",
            "scriptId": "126",
            "url": "https://www.vectal.ai/_next/static/chunks/9da6db1e-ad7decc175389864.js",
            "lineNumber": 0,
            "columnNumber": 64904
          },
          {
            "functionName": "",
            "scriptId": "126",
            "url": "https://www.vectal.ai/_next/static/chunks/9da6db1e-ad7decc175389864.js",
            "lineNumber": 0,
            "columnNumber": 65345
          }
        ],
        "parent": {
          "description": "setTimeout",
          "callFrames": [
            {
              "functionName": "Ui",
              "scriptId": "126",
              "url": "https://www.vectal.ai/_next/static/chunks/9da6db1e-ad7decc175389864.js",
              "lineNumber": 0,
              "columnNumber": 65324
            },
            {
              "functionName": "onRRwebEmit",
              "scriptId": "126",
              "url": "https://www.vectal.ai/_next/static/chunks/9da6db1e-ad7decc175389864.js",
              "lineNumber": 0,
              "columnNumber": 63832
            },
            {
              "functionName": "emit",
              "scriptId": "126",
              "url": "https://www.vectal.ai/_next/static/chunks/9da6db1e-ad7decc175389864.js",
              "lineNumber": 0,
              "columnNumber": 59214
            },
            {
              "functionName": "At",
              "scriptId": "159",
              "url": "https://vectal-api.onrender.com/_events/static/recorder.js?v=1.259.0",
              "lineNumber": 0,
              "columnNumber": 72562
            },
            {
              "functionName": "mousemoveCb",
              "scriptId": "159",
              "url": "https://vectal-api.onrender.com/_events/static/recorder.js?v=1.259.0",
              "lineNumber": 0,
              "columnNumber": 76208
            },
            {
              "functionName": "e.mousemoveCb",
              "scriptId": "159",
              "url": "https://vectal-api.onrender.com/_events/static/recorder.js?v=1.259.0",
              "lineNumber": 0,
              "columnNumber": 41250
            },
            {
              "functionName": "",
              "scriptId": "159",
              "url": "https://vectal-api.onrender.com/_events/static/recorder.js?v=1.259.0",
              "lineNumber": 0,
              "columnNumber": 42525
            },
            {
              "functionName": "",
              "scriptId": "159",
              "url": "https://vectal-api.onrender.com/_events/static/recorder.js?v=1.259.0",
              "lineNumber": 0,
              "columnNumber": 22912
            }
          ],
          "parent": {
            "description": "setTimeout",
            "callFrames": [
              {
                "functionName": "",
                "scriptId": "159",
                "url": "https://vectal-api.onrender.com/_events/static/recorder.js?v=1.259.0",
                "lineNumber": 0,
                "columnNumber": 22856
              },
              {
                "functionName": "",
                "scriptId": "159",
                "url": "https://vectal-api.onrender.com/_events/static/recorder.js?v=1.259.0",
                "lineNumber": 0,
                "columnNumber": 42720
              },
              {
                "functionName": "",
                "scriptId": "159",
                "url": "https://vectal-api.onrender.com/_events/static/recorder.js?v=1.259.0",
                "lineNumber": 0,
                "columnNumber": 22821
              }
            ]
          }
        }
      }
    }
  },
  "_priority": "High",
  "_resourceType": "fetch",
  "cache": {},
  "request": {
    "method": "POST",
    "url": "https://vectal-api.onrender.com/_events/s/?ip=0&_=1755720303308&ver=1.259.0&compression=gzip-js",
    "httpVersion": "h3",
    "headers": [
      {
        "name": ":authority",
        "value": "vectal-api.onrender.com"
      },
      {
        "name": ":method",
        "value": "POST"
      },
      {
        "name": ":path",
        "value": "/_events/s/?ip=0&_=1755720303308&ver=1.259.0&compression=gzip-js"
      },
      {
        "name": ":scheme",
        "value": "https"
      },
      {
        "name": "accept",
        "value": "*/*"
      },
      {
        "name": "accept-encoding",
        "value": "gzip, deflate, br"
      },
      {
        "name": "accept-language",
        "value": "en-US"
      },
      {
        "name": "content-length",
        "value": "3167"
      },
      {
        "name": "content-type",
        "value": "text/plain"
      },
      {
        "name": "origin",
        "value": "https://www.vectal.ai"
      },
      {
        "name": "referer",
        "value": "https://www.vectal.ai/"
      },
      {
        "name": "sec-ch-ua",
        "value": "\"Not(A:Brand\";v=\"24\", \"Chromium\";v=\"122\""
      },
      {
        "name": "sec-ch-ua-mobile",
        "value": "?0"
      },
      {
        "name": "sec-ch-ua-platform",
        "value": "\"Windows\""
      },
      {
        "name": "sec-fetch-dest",
        "value": "empty"
      },
      {
        "name": "sec-fetch-mode",
        "value": "cors"
      },
      {
        "name": "sec-fetch-site",
        "value": "cross-site"
      },
      {
        "name": "user-agent",
        "value": "Mozilla/5.0 (Windows NT 10.0; Win64; x64) AppleWebKit/537.36 (KHTML, like Gecko) Noi/0.4.0 Chrome/122.0.6261.130 Electron/29.1.5 Safari/537.36"
      }
    ],
    "queryString": [
      {
        "name": "ip",
        "value": "0"
      },
      {
        "name": "_",
        "value": "1755720303308"
      },
      {
        "name": "ver",
        "value": "1.259.0"
      },
      {
        "name": "compression",
        "value": "gzip-js"
      }
    ],
    "cookies": [],
    "headersSize": -1,
    "bodySize": 4786,
    "postData": {
      "mimeType": "text/plain",
      "text": "\u001f\b\u0000\u0000\u0000\u0000\u0000\u0000\u0003íYyw\u0013G\u0012ÿ*\u0012\b\u0004[\u001aÇa\u001c\b\u0010\bËâ±#iF\u001aÐÅhä\u0003Ç\u0004\bp\u0018H8l\u0004°\rá\u000eG\bæx¯êmu÷l\t\fÙ}oÿX\u001fÒ¨û×ÕÕU¿®ªnu\u000fÄk5/\u001bïËÌX!¥UÕ\u0012\u0012*g\u001cSv\u001dW·Å\u001e§\u0014\u0010üjÉ®TóåÚ*~¹âøçTã\u001d\u0003ozv¥û\u0003Ö¤%­D[]sÖ\u000eìx\u0007Í\u001côW\u001cênxµ\\ó3Ô¤ÌrÕ\u000b¼rÆ\u0013²/ÞÛâý¦7¦¯ À+:ß¸nÕ!$]Õ\u0006Û8ÔL\n¨\u001eBMc\u0006T3\u0010ª\u0013¦\u0001J\u000fPE\u000e¡ª5\u0003jÎªf\u0004\u0015ó«\u0004hÍ\u0010IaH5B1\u001a\f\n\t!({\u0013P\u001aÚ\u00005Á¢­\u001aØÅ\na\u0013PeÕJÈ\u001aWí½\f®\nÓ(-×kÈ\u0015MØ2hÝÍ¡º\u0011F\u0013Ë0ÈÂ³|cYoÇ\u0015æ>µH~#Vì¨\u000b±ä-5¬ôP¶\u0006Y;2ÔÁgùGID\få2Hs¹\u0019ÑÎ\u0012XÉçXc¦¾\u001cy3ÂFÖ5t\u001aÔhÝH\u0010ª°9ñª\u001e*·ö»¡ñ\tßËïÑ|ÉÐ³æ#\u0017)n!G¬ÐN\u0012\u001b±ÚUeÒ£9VM´^JR\u0016¾n¹\u0014æ\u0017§/ eÄS5YV\\ø9fO²¼û3ÈGþªñW¿ª¢\u001d_âëî\u000bajmÊ¯o¯¥Hg\u0007ï¥k<¬Ía\u001a\u001f¥Jp Æ¡¢ÕÀ\u0011Â\u0017µåEx±\u0006\u000eÃq<ÑFo79&ùéWxú'ñ)¼»©¸/à9\u001e\u0017\u0002ñ§µ¾_§~/\u0004y©8\u001e3pªà!\u001eX\u0001Ãx\u0016'á\u0010\u001cñR®\u0010\u0007²x\u0003þÓ«Â98\u000bÇà\u0001Lÿ#8¯h8)SçåíMí;ÅrÏ\u001c×üÁ¦Ífç4\u0001<Ù¼q\u000fñO¯\u0016-ÏàÈ2\u001d.Ác·%`ìK8Nk>\n/ñ±\u0003§>_àg\u0018Ç\u000bböí*ÙìLRÂ¿ñþ\u0012\u001cîÁ±,\\©åbð6¼õå`/þEÝ÷àÜ7ð2\u0017Ác|Ã^\u0007¼Ñ\r\u0012Â3<×\rã\u001c<ßð\u0016\u001f­á\u00138Êl¼\nR\u0001>ÙVÀÐ\u001e<ãprý¾2ïÃÛ0Ä¥¦Å\u001c>Ä\u0001¡ ÑÎ?¦·À\u0018<ç&ÃñU\u0003ÙÜ\u0018eÃ)Òï\u0001ÁG¼!ÁQÆÝx\u001dnÀùU0ýXÈÀ\u001a\\ÃÃx\u0004&?[$ðxß&ük\u0010£E²Ó]<Ó\u0003·ð\u0000·Âãµ©4ÍÃa\\Ì¥X4ò;Ãp\u0011Î\u0010GñJn\u0015^ðÚðÔJ<¾mûW\u0001I>\r/7\u0003­r\u001eÞ\\\u001e °\u0002#pºk¾!L»n\rLI^©ûà\u0012m\u0017äcd¦ë1¸ø\u0006üÎaêw$ÿdèÉGp\u001b¯ïÅ?wàP\u001f>åÊò\u000e¡\u0015ÞÛ°Yx\u0014ïâCþ¤Ã/mº0&ãÍT\tðÎz¸ÜÕ)pzCEðèrqG|:*ñ\fYót\u0017<ã«á\u000eü\u0017S\u0001LmtñÔ\u001a\u001cæ;å0Jóqx;\u001cÆÑmím |îYÔ\u001cÛ\u000f\u0005\u0011àT*·\nù\u001biytIHjUZ\u0014À\u0010\u0011\u0010\u000fð\núu²MV;D¶9s\n½¥Rb©â³Ïh÷á\u0002\u0004±A\u001ew¥â:\u0005³0bÁ\u0006!\u001dÒ_À\u001f>Lx\u0005ÆvÃ¯\u001d0D\u0001å·ÁÐ\u0006®¡`qqÏ6¸\tUaýø´¹ð\u001a¶ÚñÒ\u00170ô\u0011¾´\brB,Í&Î\u001e®Ãû\u0014k\u001eT\u001có4æçõ[É'ð\u001ekÞ÷\u001d¾\u001c¬íËcÏã*­æÅvX\u0002\u000f7ËøÚ\u0007ñ*>ûPø[<¸\u0003áUØcx\u0013OÊ´Ë\u000eoc1Z=7o åá\u0000ïwá6¼\\ 4\u0016\u001cPá,ü\u001aÏ\n²­J¥ñ\b\u001eâÑH{%ß#\u0002Ø_\u0019¼°o Ir\u0018Þ\u0005\u0013+á:ßh7Ý\u0007\u000f»á.·ã522>ÄÉÐ·'þÐEûK\u0004O{9\\+=ûc0Y\u0014[ThOm\u0018ý<FÆ\u0018Ý&ïÄ\tøñMTTt<'\u0017à\rü\t\u0013óo»9Ä{:Ü\u0019ßñ\u001aù_\u0018á¤ÃBí-p\u0010N\u0010QÀµÈï]\u000b=\\¹Ê·W(Ó\r§qªpÅï\u0014á\u001fâ¹pL®³ÿ:?å¢Ð?\u0001£IÂ\u001f÷ÂHßf\"÷maÁep\u001f¯~\u0011XÜó²G\u00172À«\u0012\u001e\u0019Ü\t×\u0016ë´iÀe8¯öã\u001d8DÜ\\\u001aFW\rÿ{©R¡s×\u0016Zèy<Ø¿ÑJ¹0ÑO)Ý}Ï?_:\u001f\u001e\u0011Ë\u000f°×\u001f(,ÞQ-±c·Âk¡ÅB<$4.¯²@%ZÕ\u0006:«ø3=>è£Ne\u0016!çT*tïlÌéT\u0001±ÒD1,VýÖ÷Ðè ¿@\u0007âäÛY¯Oª+tìì\u001eÛ+Øé#õzÙ OJ(©Vú(§µDæ\u001d/gÇ(UVÚMúIÐbT*¶¦ãJ|Ù#^5Ú5öc$\u0013&Xú[\u0006MÏ¤XíF3\\àÛ¥ª[öRÙ÷r^)ÞáÚª388H¶NüÜP<Cw·¬Ðô\u0004/\u000bÿÙ©Öoav»ä\u0015mV©JÙÏ\u001fBUiÄt\u0017)ær[+eZ ²NÁ¦2tV»\u00178Bª)×Ø\u0011wöHÏwZIu½BA*³¤é¬¾\nM(µf%»Ø¬\u0019¸àu¿r\u000eç7SRô:%2gäGòÉ»I=M\u0003¢\n.¾\u000bäJ_[L1ÄQbæÂ¹°'nÈóbÆ\u0019J|û \u001eñ£Ïû\u001dZ¢Ã\u0005§4yæAdú¬8\u000b«êÑqu\u001a\u001béfa\u0015Ck}h1èJVüIÕ©VIÝ]u7-rZR2Ù03\t)if\u0012\u001b¢Yn\"i8i²ô'½^)[î}ç\u0018M×Í¬ÈØlLÁK\u0013ºW\b \u000f»z\u001cÍÌ\u0002@»jXí¬Ô\u000eÊ{\u001cÖRÉgv\u0005\u001dÆ×9£·ø±ÅÔ¶î±·¬ëß»£+X¶²soÎÈõ¹%umç¦kT&2S.¹^nWÖqíZ\u001f¶HiC\r²\u0019õg½jàÑÖ\u0013J\u001b¦mY²îJ®c$$SdkYYJ§]SIØÉ¤ëØ,¦C[êªÉ}4ëF*MS$LËlY³$×rÍ£Éº¦2>äFJÉ¯ÿôFjú\fß\u001bº¬·ä%ÓÍÛhÎñ>{Z<6¼]RäÆÌÑj\u001e=¡ÿ³°Ì'n\f\u001b¶ïÙ\u0014I«\u0019js²iR§T+\u0014ì(ÔÅ3rÕÉR\u0004¨\u000b@³Â{ó\u0011ï\u00192,]\\î¼ÛÑ5\u000e»k%êíÑgZTx+E×\u0018­E½ýöå?\u0010ë²Oq¯í¹Þ?òZæ;®\tÿ\u001b\n`µAº~°q\u001b¦\u001aWl\"ÈjîKáS*FïTBç\u0001ëÝd©O5\u001f°Mãí{xzúPÔ0\u000f_^jÍB3Kì¹5t¹J¨\u001e»Pcäëì)\u0017jÌÃ¶ß\u001f[VÈQQ\u0010ä±MýÕÀ)\u0012%£H ê\u001a%ê¹j\u0011f3-S°«,'õR\u0001X(ÄÜÓ\u0017£º®X2äaÇåì¤Æ*}ì¥_RÚXÅ§ãBÌ§/ëdcliR·BËNñ\\pÜ 'ªø\u001déÔý±ºýR'«{x:l)ªHéf%Øññ7±_vþ\u000f*\u001bk\u0000ºåR U¢.\u0017Bù½yÒ©nIérTÍÛTtÄü\\z\u0001]ýÇ\u0014ú~'fé\u000bc¤JJFþï(\u0007.yc\u0001ÎÁF\u000bÚe÷Üþ\u001aÝ\u001d¼#â7MØá·-J}FËM:Í4çzý<½/tVnG\u001cêÉÏnÔë:ZÄR*\u0006g%Þ4-»kTm¹ý\u0011_\u001aÈ4uf\"­\u000fu¡ôP¡\u0004\u000fcÍ{5CÔã­Æ\nÃ¼éb¨foÙöðp6»¤Yuq·É¤%22û(ê\u0012O![7íÜzÎªxµ'7ãÂ8P,06ÄóAPéX¼¸···½Wk/û¹Å´\u0015äÅbHtÌæ\u0005í:ûÔã9½ËËÄ¤¸\u001ccªNÔÊ\u00195Êt\\c\u001bÅ§ò\u001535é¾¢\\(ûÓíÓxV¹Mì±mq¾³\u001b;vSÔ®ëü_¨e¼¬\u0013\u0013oR¡lgé0ñüLÁ4KGÄW\nÄÇÖJö»Yny/åGÀ'\u0012\u0012ç3y¯]OÖ\f·WÝ´¥+ÞÁº§S¢¦ðÍ\\ç\u0012Öö\u001e.©Ø´ôY\u0005 u¬S¢ÚVÌ\"³Ò£d¶«%%Û\rsÎÊ©Dö\u0016WÑÄ÷n-7oø\u0014£\u0018ícò¯øæ±ydòh¶ÿ\u001fëæz¬S,6õ¿\u0001n\u0005Kæj \u0000\u0000"
    }
  },
  "response": {
    "status": 200,
    "statusText": "",
    "httpVersion": "h3",
    "headers": [
      {
        "name": "Content-Security-Policy",
        "value": ""
      },
      {
        "name": "access-control-allow-credentials",
        "value": "true"
      },
      {
        "name": "access-control-allow-origin",
        "value": "https://www.vectal.ai"
      },
      {
        "name": "access-control-expose-headers",
        "value": "X-Accel-Buffering, Content-Type"
      },
      {
        "name": "alt-svc",
        "value": "h3=\":443\"; ma=86400"
      },
      {
        "name": "cf-cache-status",
        "value": "DYNAMIC"
      },
      {
        "name": "cf-ray",
        "value": "972480db49b1739a-JNB"
      },
      {
        "name": "content-encoding",
        "value": "br"
      },
      {
        "name": "content-type",
        "value": "application/json"
      },
      {
        "name": "date",
        "value": "Wed, 20 Aug 2025 20:05:04 GMT"
      },
      {
        "name": "priority",
        "value": "u=1,i"
      },
      {
        "name": "rndr-id",
        "value": "781a826b-07d5-4773"
      },
      {
        "name": "server",
        "value": "cloudflare"
      },
      {
        "name": "server-timing",
        "value": "cfExtPri"
      },
      {
        "name": "strict-transport-security",
        "value": "max-age=31536000; includeSubDomains"
      },
      {
        "name": "vary",
        "value": "origin, access-control-request-method, access-control-request-headers, Origin"
      },
      {
        "name": "vary",
        "value": "Accept-Encoding"
      },
      {
        "name": "x-envoy-upstream-service-time",
        "value": "494"
      },
      {
        "name": "x-render-origin-server",
        "value": "uvicorn"
      }
    ],
    "cookies": [],
    "content": {
      "size": 15,
      "mimeType": "application/json",
      "text": "{\"status\":\"Ok\"}"
    },
    "redirectURL": "",
    "headersSize": -1,
    "bodySize": -1,
    "_transferSize": 381,
    "_error": null
  },
  "serverIPAddress": "216.24.57.7",
  "startedDateTime": "2025-08-20T20:05:03.313Z",
  "time": 777.0249999957741,
  "timings": {
    "blocked": 4.136999997255392,
    "dns": -1,
    "ssl": -1,
    "connect": -1,
    "send": 0.9980000000000002,
    "wait": 770.5930000032713,
    "receive": 1.296999995247461,
    "_blocked_queueing": 2.5279999972553924
  }
}