{
  "_initiator": {
    "type": "script",
    "stack": {
      "callFrames": [
        {
          "functionName": "method",
          "scriptId": "126",
          "url": "https://www.vectal.ai/_next/static/chunks/9da6db1e-ad7decc175389864.js",
          "lineNumber": 0,
          "columnNumber": 80787
        },
        {
          "functionName": "",
          "scriptId": "126",
          "url": "https://www.vectal.ai/_next/static/chunks/9da6db1e-ad7decc175389864.js",
          "lineNumber": 0,
          "columnNumber": 148111
        },
        {
          "functionName": "Pe",
          "scriptId": "126",
          "url": "https://www.vectal.ai/_next/static/chunks/9da6db1e-ad7decc175389864.js",
          "lineNumber": 0,
          "columnNumber": 148117
        },
        {
          "functionName": "retriableRequest",
          "scriptId": "126",
          "url": "https://www.vectal.ai/_next/static/chunks/9da6db1e-ad7decc175389864.js",
          "lineNumber": 0,
          "columnNumber": 118977
        },
        {
          "functionName": "Rs",
          "scriptId": "126",
          "url": "https://www.vectal.ai/_next/static/chunks/9da6db1e-ad7decc175389864.js",
          "lineNumber": 0,
          "columnNumber": 148321
        },
        {
          "functionName": "",
          "scriptId": "126",
          "url": "https://www.vectal.ai/_next/static/chunks/9da6db1e-ad7decc175389864.js",
          "lineNumber": 0,
          "columnNumber": 141725
        },
        {
          "functionName": "",
          "scriptId": "126",
          "url": "https://www.vectal.ai/_next/static/chunks/9da6db1e-ad7decc175389864.js",
          "lineNumber": 0,
          "columnNumber": 118337
        },
        {
          "functionName": "",
          "scriptId": "126",
          "url": "https://www.vectal.ai/_next/static/chunks/9da6db1e-ad7decc175389864.js",
          "lineNumber": 0,
          "columnNumber": 118343
        }
      ],
      "parent": {
        "description": "setTimeout",
        "callFrames": [
          {
            "functionName": "Er",
            "scriptId": "126",
            "url": "https://www.vectal.ai/_next/static/chunks/9da6db1e-ad7decc175389864.js",
            "lineNumber": 0,
            "columnNumber": 118125
          },
          {
            "functionName": "enqueue",
            "scriptId": "126",
            "url": "https://www.vectal.ai/_next/static/chunks/9da6db1e-ad7decc175389864.js",
            "lineNumber": 0,
            "columnNumber": 117852
          },
          {
            "functionName": "capture",
            "scriptId": "126",
            "url": "https://www.vectal.ai/_next/static/chunks/9da6db1e-ad7decc175389864.js",
            "lineNumber": 0,
            "columnNumber": 151479
          },
          {
            "functionName": "Bi",
            "scriptId": "126",
            "url": "https://www.vectal.ai/_next/static/chunks/9da6db1e-ad7decc175389864.js",
            "lineNumber": 0,
            "columnNumber": 65378
          },
          {
            "functionName": "",
            "scriptId": "126",
            "url": "https://www.vectal.ai/_next/static/chunks/9da6db1e-ad7decc175389864.js",
            "lineNumber": 0,
            "columnNumber": 64921
          },
          {
            "functionName": "ai",
            "scriptId": "126",
            "url": "https://www.vectal.ai/_next/static/chunks/9da6db1e-ad7decc175389864.js",
            "lineNumber": 0,
            "columnNumber": 64904
          },
          {
            "functionName": "",
            "scriptId": "126",
            "url": "https://www.vectal.ai/_next/static/chunks/9da6db1e-ad7decc175389864.js",
            "lineNumber": 0,
            "columnNumber": 65345
          }
        ],
        "parent": {
          "description": "setTimeout",
          "callFrames": [
            {
              "functionName": "Ui",
              "scriptId": "126",
              "url": "https://www.vectal.ai/_next/static/chunks/9da6db1e-ad7decc175389864.js",
              "lineNumber": 0,
              "columnNumber": 65324
            },
            {
              "functionName": "onRRwebEmit",
              "scriptId": "126",
              "url": "https://www.vectal.ai/_next/static/chunks/9da6db1e-ad7decc175389864.js",
              "lineNumber": 0,
              "columnNumber": 63832
            },
            {
              "functionName": "emit",
              "scriptId": "126",
              "url": "https://www.vectal.ai/_next/static/chunks/9da6db1e-ad7decc175389864.js",
              "lineNumber": 0,
              "columnNumber": 59214
            },
            {
              "functionName": "At",
              "scriptId": "159",
              "url": "https://vectal-api.onrender.com/_events/static/recorder.js?v=1.259.0",
              "lineNumber": 0,
              "columnNumber": 72562
            },
            {
              "functionName": "mousemoveCb",
              "scriptId": "159",
              "url": "https://vectal-api.onrender.com/_events/static/recorder.js?v=1.259.0",
              "lineNumber": 0,
              "columnNumber": 76208
            },
            {
              "functionName": "e.mousemoveCb",
              "scriptId": "159",
              "url": "https://vectal-api.onrender.com/_events/static/recorder.js?v=1.259.0",
              "lineNumber": 0,
              "columnNumber": 41250
            },
            {
              "functionName": "",
              "scriptId": "159",
              "url": "https://vectal-api.onrender.com/_events/static/recorder.js?v=1.259.0",
              "lineNumber": 0,
              "columnNumber": 42525
            },
            {
              "functionName": "",
              "scriptId": "159",
              "url": "https://vectal-api.onrender.com/_events/static/recorder.js?v=1.259.0",
              "lineNumber": 0,
              "columnNumber": 22912
            }
          ],
          "parent": {
            "description": "setTimeout",
            "callFrames": [
              {
                "functionName": "",
                "scriptId": "159",
                "url": "https://vectal-api.onrender.com/_events/static/recorder.js?v=1.259.0",
                "lineNumber": 0,
                "columnNumber": 22856
              },
              {
                "functionName": "",
                "scriptId": "159",
                "url": "https://vectal-api.onrender.com/_events/static/recorder.js?v=1.259.0",
                "lineNumber": 0,
                "columnNumber": 42720
              },
              {
                "functionName": "",
                "scriptId": "159",
                "url": "https://vectal-api.onrender.com/_events/static/recorder.js?v=1.259.0",
                "lineNumber": 0,
                "columnNumber": 22821
              }
            ]
          }
        }
      }
    }
  },
  "_priority": "High",
  "_resourceType": "fetch",
  "cache": {},
  "request": {
    "method": "POST",
    "url": "https://vectal-api.onrender.com/_events/i/v0/e/?ip=0&_=1755720303315&ver=1.259.0&compression=gzip-js",
    "httpVersion": "h3",
    "headers": [
      {
        "name": ":authority",
        "value": "vectal-api.onrender.com"
      },
      {
        "name": ":method",
        "value": "POST"
      },
      {
        "name": ":path",
        "value": "/_events/i/v0/e/?ip=0&_=1755720303315&ver=1.259.0&compression=gzip-js"
      },
      {
        "name": ":scheme",
        "value": "https"
      },
      {
        "name": "accept",
        "value": "*/*"
      },
      {
        "name": "accept-encoding",
        "value": "gzip, deflate, br"
      },
      {
        "name": "accept-language",
        "value": "en-US"
      },
      {
        "name": "content-length",
        "value": "2326"
      },
      {
        "name": "content-type",
        "value": "text/plain"
      },
      {
        "name": "origin",
        "value": "https://www.vectal.ai"
      },
      {
        "name": "referer",
        "value": "https://www.vectal.ai/"
      },
      {
        "name": "sec-ch-ua",
        "value": "\"Not(A:Brand\";v=\"24\", \"Chromium\";v=\"122\""
      },
      {
        "name": "sec-ch-ua-mobile",
        "value": "?0"
      },
      {
        "name": "sec-ch-ua-platform",
        "value": "\"Windows\""
      },
      {
        "name": "sec-fetch-dest",
        "value": "empty"
      },
      {
        "name": "sec-fetch-mode",
        "value": "cors"
      },
      {
        "name": "sec-fetch-site",
        "value": "cross-site"
      },
      {
        "name": "user-agent",
        "value": "Mozilla/5.0 (Windows NT 10.0; Win64; x64) AppleWebKit/537.36 (KHTML, like Gecko) Noi/0.4.0 Chrome/122.0.6261.130 Electron/29.1.5 Safari/537.36"
      }
    ],
    "queryString": [
      {
        "name": "ip",
        "value": "0"
      },
      {
        "name": "_",
        "value": "1755720303315"
      },
      {
        "name": "ver",
        "value": "1.259.0"
      },
      {
        "name": "compression",
        "value": "gzip-js"
      }
    ],
    "cookies": [],
    "headersSize": -1,
    "bodySize": 3452,
    "postData": {
      "mimeType": "text/plain",
      "text": "\u001f\b\u0000\u0000\u0000\u0000\u0000\u0000\u0003í\u0019ÛÛ6öW\u0004o\u0002$@(ëbÉ>\u0004ÛÙ.¦ØEÒ\u0006ÈÄ\u0010(²¸¦D¢|I1ÿ¾dË\u001aÏ­\u000bìC13\u000fc\u001f\u001eûg®ÿ4\rK'ËãF\u000b\u0012¹\u0001Jf\u000bædæ¡Èó3äÍ³E\u0010\u000b,ÈäÍni©\u0000ý\u0005n ¸R¤\u0000®¤¨¨TÖå\u001f\u0017\u0002þL>³2\u0015»\u001aNá{¼¥²f¢\u0004¸ëhP\"áJøþ÷\\B\u0013yÒ-#4V\u0002üGZo¨ôb\u0005ý.J\r}IFðôgã²¤uÒÈõ\u0010#\u0016YVS\u0010¹\u0003pÒH\t\u0012Çäp9WªªÓén·³·(ÌmÌ¦ú~.j­ÖÙWXå%\u0006ñ\u0013'ñ.n@î\u0018¯[C|\u0010ß\u0019çx\u001aØõªSÙúõå:¶óÖ\u0002@8{kíÃÙkë]Uqú&ï\u0006þÜöCëÕû~úðË\u001b³\rµ~¢d#^[¿\n6uì\u0019k\r3u=ÏvìÐ\u000b]Ûõ\u001dë|RS/²];°>â\fKÖQ\u001cXödq 0\u0000s\\®\u001b\u001ed§%úíãðJ\u0016WfloPôyM$¥eS¶ÎAi0­¶m\u0007Ý±Tå¥çú3\u0000n\u0019ÝUBª\u0013²ã.ð\u000eÝ\rB-\u0015g6;M4\u001bø2\u0013Û\u000b\"Û\u0004\u000b+A:\u0015@m\u000eN\u001d|Û»\u000bWä4,Þû@r\u001e\u0004sÏñ¢È\u000eèÍ$eµb%éî\u0005!\"g¡\u0006s4[Ì\\ýÔAIî\u001c/\u0016\u0019Å-/¦\u0018æì;V GÜ\u0000Ù\u00009\u000bä9Üh\u0019øK/°gaøEß ¢ÌØ\u001a\u0012!kZkéÍ-Ñ¨¸Dp\u0017þ9Å÷1ß\u00027ÉP\u0012à\u0010ä.|LO¼à,ÂÐí×Óu,)\u00112eå:¦%N¸á'Á`qÍR\u0010RÉj·t2°KªvBnâ\n\u001f¸ÀiÜç-¤j÷ñ_TfB\u0016¸$\u0006Ú_\u00005à~O\u0019¼\u0014o\u0019ä\u0006(5Äs±\u0003\nª A\u0001£l8¿¹¹(Oë¡«q.b\u0010\\nq}\u0002P¤\u0015Ç¸Æ\u0005¤R,±\u0002i;\u001aÝ\u0011ÈË¦Ó\u0006NM\u001cCÌ²JÅ­Ëb\u0016CÔ\\°m\u0006:jã\u000e4¾Ï\u0007\u000f\u0019\u0006PèÐÊXÏù\"ÁqJµã8#;8÷(¶¥1D³!q¼\u0006¦×\u0013ÈmmITA~£î.c5\u0002Kô)·ÛÝµéÃØË\tÉ±jë`¼¢1zÈ¶7Ý\u0013´÷ÎÎ$ýÖÐºËMg\u001edÐqt\n$)äf\u001a!ì\u0006\u0014¥s£$¡Ä!¦\u000eÊû¤l:F¡\u0003è>ó\"e\u0010Oê\u0004Õ\u00023­Ìà´N7qJF\u000biFÒB(èK­× @\u0015ÉMGÑ­{¦Y\u001e¯Õ\nÔ×±\u0007ôv'4¬?y³r\u0003Áa¬ü(\nm×5!f\n\u000f\u001dt\u0010Åi\u0001xu\fn7\u0016«+\\Ú\u0018Ò\rÒ\u0010±ÒîS\u000ej¤cg85@È\u0000½Ë¢p@8ÄÕ\u0012+%c\bi\\×?|\u0005ÁZDë\u0016¢uâaud­!¯¯R\u0015FZQ\nä\b\u00175Mû£Z\u001d¸\u0016xLÿYZ\u0004sòÊu\u0016²|§Ú¿~ûuRª\u001cgy\n¨^ûUdH\u001b\u0006\u0000.ÈH÷\n>]m\u0005o4w,\u000fÖ;¾\u0016©¼°>\u001ejEúëämÒ(%Æ\u0006áto¯q<;\u0017`Øe²F×óþ¡W6¨\\@v}©´+`z¨öZ\u001d\u0010ôx\u001b²«Lijk\u0001ÐµëWûUûÓLqYCÓ\u0002NPlì\u001dÊ \u001eGæmÂ\u001a2³HffµÌ,ÃÞêXZ\u0003ígÍÒº­u.ÅÈCCË!ÿ´eS¶µM­±%å@KGzC«?|±¦8\"ñ@\u001c\u0000ÀAZ\u0002AC\u0011'X\"\u00055Á¸\u0019¬\bm\båÈ±µ2¨ÿhr¦´<A\u000eHw\u0011ïÑ©uë¾u­ñ+r­íãÔ>OkY\b¦6V;MÌ\u001f\"øm:Îý~>ô÷\u00045`¤O\u001b¶½$º\u001d6V\tO\u0012¹wàIK­^~)kZàý£{NÝÈhÙE\u0002V\u001dÙeÄV£\\ßîL\bëDðÐöèÓ*Ñµ\u0006jÀHs5z§´5\u0003n>Á\"Rã¢\tF\u00010B~²\u000fnÇñýüîñølÌ\r\u0000©®§Wv\u0002s+\u0000ðÍÏ\u0011 /tW®¡#¥Û|u,oÃôº6­k\u0005\u0005þÚó e­F:ôwF¡r¢j\rE´zú\u000fGYYÚñ<ÏÔ£\u0000ôCW)øzpA6ã$kã»?}o»0>\u001aëbë3Öèb·kOë\u000f]ïÖeªgm]uõ`\u0002\u001b\u000f;Ç5º¾6£Ç\u0016á¸T?èÇªZ­twì°»«·ùe\t/n½x¼Ùþ(ã\u0012ú~úño­\u0011\u00141gá\b¦ÝÛgH\u0018§KXk8/\u001fS`\u0013\u001eºx§W½Ã\u0011~LiÝè.Ûex\u0018ÆÃaæÌXïþpi5ÚF\u0018ñÌ<\f7Ì#0âÞ?\u0000®\u0012\u001bØ,'UNbuU}\tÞ¯]ñ[ð{èÞàß?\u001c¾}ùI½ûñêÛ:Xï³Òûåêã¿¯~öN[\u0003\u0018Ý3Üp¥góvÇ\u0010 ofæúîQ<ØÎ9Ð\u0017HJÐ<$s´\bÓ\u0005Òë\u000e?Êæ Ý ìÌ\u0002êÁ;þl\u0016¦³91O¤\u0011ÌR¿u.=.áÜù|:Ã}hñv}×\u001aî\u001cëÖRî¸78¾sÚWðÅ÷\u0011Ósoy4\u0019è\u0011sZ®õF\n6F\u000f#×ì»Þ4¹s½ë:a÷kÆ^ÎÓú!fî\"<Cî@X©\u0017dzmåF¡\u0013ÌB½)\u001bÊ µwrC;Æz¤·dí\u0014\u0018ãõ&ë-Ü\rÁ-J\t*»MD1m\u001f£f\u001b«ßôz\u001d7\u000e\u0013\u001aú\u0010\u001cipèÂ\n8(¤3ê8ÙÕ\u000f$XÆàÙØ/:`ñK@\u0018\nV\r*Á×\fêÄñXËª×4ð(-Ò\u000fi\b\u0017í(8à¨(Í@¿³õÃ`~óæÂJ:\n@d¢(  cêá\u001dfzûw\\I¿ÈaÁP`½xÞG?ï£ÿOûè­dW~\u0017¼ªÿóÍIÌùÙ>Ú9oñ¼~^G?¯£×ÑÏëè\u0007)t]ÜìsuößÑ$ð¿kè\b\u0011\u0014ó®öPÑ`ZS\u0015C§Ð\u0013J\u0017]÷.\u0004x«\u0007ÁDO\u0018O¸Ø.ÄoV\u00102ÏÓþ_gÚwu·ä¸ï9áùãà¾q?ðud=û\u000fûÞÌ\u000bnVÿ\u0005Y×¨x\"\u0000\u0000"
    }
  },
  "response": {
    "status": 200,
    "statusText": "",
    "httpVersion": "h3",
    "headers": [
      {
        "name": "Content-Security-Policy",
        "value": ""
      },
      {
        "name": "access-control-allow-credentials",
        "value": "true"
      },
      {
        "name": "access-control-allow-origin",
        "value": "https://www.vectal.ai"
      },
      {
        "name": "access-control-expose-headers",
        "value": "X-Accel-Buffering, Content-Type"
      },
      {
        "name": "alt-svc",
        "value": "h3=\":443\"; ma=86400"
      },
      {
        "name": "cf-cache-status",
        "value": "DYNAMIC"
      },
      {
        "name": "cf-ray",
        "value": "972480db59ba739a-JNB"
      },
      {
        "name": "content-encoding",
        "value": "br"
      },
      {
        "name": "content-type",
        "value": "application/json"
      },
      {
        "name": "date",
        "value": "Wed, 20 Aug 2025 20:05:04 GMT"
      },
      {
        "name": "priority",
        "value": "u=1,i"
      },
      {
        "name": "rndr-id",
        "value": "846c2c0a-9d33-4553"
      },
      {
        "name": "server",
        "value": "cloudflare"
      },
      {
        "name": "server-timing",
        "value": "cfExtPri"
      },
      {
        "name": "strict-transport-security",
        "value": "max-age=31536000; includeSubDomains"
      },
      {
        "name": "vary",
        "value": "origin, access-control-request-method, access-control-request-headers, Origin"
      },
      {
        "name": "vary",
        "value": "Accept-Encoding"
      },
      {
        "name": "x-envoy-upstream-service-time",
        "value": "43"
      },
      {
        "name": "x-render-origin-server",
        "value": "uvicorn"
      }
    ],
    "cookies": [],
    "content": {
      "size": 15,
      "mimeType": "application/json",
      "text": "{\"status\":\"Ok\"}"
    },
    "redirectURL": "",
    "headersSize": -1,
    "bodySize": -1,
    "_transferSize": 380,
    "_error": null
  },
  "serverIPAddress": "216.24.57.7",
  "startedDateTime": "2025-08-20T20:05:03.319Z",
  "time": 317.08700000308454,
  "timings": {
    "blocked": 4.228000003672205,
    "dns": -1,
    "ssl": -1,
    "connect": -1,
    "send": 0.7770000000000001,
    "wait": 310.70599999924843,
    "receive": 1.3760000001639128,
    "_blocked_queueing": 2.418000003672205
  }
}