{
  "_initiator": {
    "type": "script",
    "stack": {
      "callFrames": [
        {
          "functionName": "method",
          "scriptId": "126",
          "url": "https://www.vectal.ai/_next/static/chunks/9da6db1e-ad7decc175389864.js",
          "lineNumber": 0,
          "columnNumber": 80787
        },
        {
          "functionName": "",
          "scriptId": "126",
          "url": "https://www.vectal.ai/_next/static/chunks/9da6db1e-ad7decc175389864.js",
          "lineNumber": 0,
          "columnNumber": 148111
        },
        {
          "functionName": "Pe",
          "scriptId": "126",
          "url": "https://www.vectal.ai/_next/static/chunks/9da6db1e-ad7decc175389864.js",
          "lineNumber": 0,
          "columnNumber": 148117
        },
        {
          "functionName": "retriableRequest",
          "scriptId": "126",
          "url": "https://www.vectal.ai/_next/static/chunks/9da6db1e-ad7decc175389864.js",
          "lineNumber": 0,
          "columnNumber": 118977
        },
        {
          "functionName": "Rs",
          "scriptId": "126",
          "url": "https://www.vectal.ai/_next/static/chunks/9da6db1e-ad7decc175389864.js",
          "lineNumber": 0,
          "columnNumber": 148321
        },
        {
          "functionName": "",
          "scriptId": "126",
          "url": "https://www.vectal.ai/_next/static/chunks/9da6db1e-ad7decc175389864.js",
          "lineNumber": 0,
          "columnNumber": 141725
        },
        {
          "functionName": "",
          "scriptId": "126",
          "url": "https://www.vectal.ai/_next/static/chunks/9da6db1e-ad7decc175389864.js",
          "lineNumber": 0,
          "columnNumber": 118337
        },
        {
          "functionName": "",
          "scriptId": "126",
          "url": "https://www.vectal.ai/_next/static/chunks/9da6db1e-ad7decc175389864.js",
          "lineNumber": 0,
          "columnNumber": 118343
        }
      ],
      "parent": {
        "description": "setTimeout",
        "callFrames": [
          {
            "functionName": "Er",
            "scriptId": "126",
            "url": "https://www.vectal.ai/_next/static/chunks/9da6db1e-ad7decc175389864.js",
            "lineNumber": 0,
            "columnNumber": 118125
          },
          {
            "functionName": "enqueue",
            "scriptId": "126",
            "url": "https://www.vectal.ai/_next/static/chunks/9da6db1e-ad7decc175389864.js",
            "lineNumber": 0,
            "columnNumber": 117852
          },
          {
            "functionName": "capture",
            "scriptId": "126",
            "url": "https://www.vectal.ai/_next/static/chunks/9da6db1e-ad7decc175389864.js",
            "lineNumber": 0,
            "columnNumber": 151479
          },
          {
            "functionName": "Bi",
            "scriptId": "126",
            "url": "https://www.vectal.ai/_next/static/chunks/9da6db1e-ad7decc175389864.js",
            "lineNumber": 0,
            "columnNumber": 65378
          },
          {
            "functionName": "",
            "scriptId": "126",
            "url": "https://www.vectal.ai/_next/static/chunks/9da6db1e-ad7decc175389864.js",
            "lineNumber": 0,
            "columnNumber": 64921
          },
          {
            "functionName": "ai",
            "scriptId": "126",
            "url": "https://www.vectal.ai/_next/static/chunks/9da6db1e-ad7decc175389864.js",
            "lineNumber": 0,
            "columnNumber": 64904
          },
          {
            "functionName": "",
            "scriptId": "126",
            "url": "https://www.vectal.ai/_next/static/chunks/9da6db1e-ad7decc175389864.js",
            "lineNumber": 0,
            "columnNumber": 65345
          }
        ],
        "parent": {
          "description": "setTimeout",
          "callFrames": [
            {
              "functionName": "Ui",
              "scriptId": "126",
              "url": "https://www.vectal.ai/_next/static/chunks/9da6db1e-ad7decc175389864.js",
              "lineNumber": 0,
              "columnNumber": 65324
            },
            {
              "functionName": "onRRwebEmit",
              "scriptId": "126",
              "url": "https://www.vectal.ai/_next/static/chunks/9da6db1e-ad7decc175389864.js",
              "lineNumber": 0,
              "columnNumber": 63832
            },
            {
              "functionName": "emit",
              "scriptId": "126",
              "url": "https://www.vectal.ai/_next/static/chunks/9da6db1e-ad7decc175389864.js",
              "lineNumber": 0,
              "columnNumber": 59214
            },
            {
              "functionName": "At",
              "scriptId": "159",
              "url": "https://vectal-api.onrender.com/_events/static/recorder.js?v=1.259.0",
              "lineNumber": 0,
              "columnNumber": 72562
            },
            {
              "functionName": "mousemoveCb",
              "scriptId": "159",
              "url": "https://vectal-api.onrender.com/_events/static/recorder.js?v=1.259.0",
              "lineNumber": 0,
              "columnNumber": 76208
            },
            {
              "functionName": "e.mousemoveCb",
              "scriptId": "159",
              "url": "https://vectal-api.onrender.com/_events/static/recorder.js?v=1.259.0",
              "lineNumber": 0,
              "columnNumber": 41250
            },
            {
              "functionName": "",
              "scriptId": "159",
              "url": "https://vectal-api.onrender.com/_events/static/recorder.js?v=1.259.0",
              "lineNumber": 0,
              "columnNumber": 42525
            },
            {
              "functionName": "",
              "scriptId": "159",
              "url": "https://vectal-api.onrender.com/_events/static/recorder.js?v=1.259.0",
              "lineNumber": 0,
              "columnNumber": 22912
            }
          ],
          "parent": {
            "description": "setTimeout",
            "callFrames": [
              {
                "functionName": "",
                "scriptId": "159",
                "url": "https://vectal-api.onrender.com/_events/static/recorder.js?v=1.259.0",
                "lineNumber": 0,
                "columnNumber": 22856
              },
              {
                "functionName": "",
                "scriptId": "159",
                "url": "https://vectal-api.onrender.com/_events/static/recorder.js?v=1.259.0",
                "lineNumber": 0,
                "columnNumber": 42720
              },
              {
                "functionName": "",
                "scriptId": "159",
                "url": "https://vectal-api.onrender.com/_events/static/recorder.js?v=1.259.0",
                "lineNumber": 0,
                "columnNumber": 22821
              }
            ]
          }
        }
      }
    }
  },
  "_priority": "High",
  "_resourceType": "fetch",
  "cache": {},
  "request": {
    "method": "POST",
    "url": "https://vectal-api.onrender.com/_events/s/?ip=0&_=1755720306472&ver=1.259.0&compression=gzip-js",
    "httpVersion": "h3",
    "headers": [
      {
        "name": ":authority",
        "value": "vectal-api.onrender.com"
      },
      {
        "name": ":method",
        "value": "POST"
      },
      {
        "name": ":path",
        "value": "/_events/s/?ip=0&_=1755720306472&ver=1.259.0&compression=gzip-js"
      },
      {
        "name": ":scheme",
        "value": "https"
      },
      {
        "name": "accept",
        "value": "*/*"
      },
      {
        "name": "accept-encoding",
        "value": "gzip, deflate, br"
      },
      {
        "name": "accept-language",
        "value": "en-US"
      },
      {
        "name": "content-length",
        "value": "21882"
      },
      {
        "name": "content-type",
        "value": "text/plain"
      },
      {
        "name": "origin",
        "value": "https://www.vectal.ai"
      },
      {
        "name": "referer",
        "value": "https://www.vectal.ai/"
      },
      {
        "name": "sec-ch-ua",
        "value": "\"Not(A:Brand\";v=\"24\", \"Chromium\";v=\"122\""
      },
      {
        "name": "sec-ch-ua-mobile",
        "value": "?0"
      },
      {
        "name": "sec-ch-ua-platform",
        "value": "\"Windows\""
      },
      {
        "name": "sec-fetch-dest",
        "value": "empty"
      },
      {
        "name": "sec-fetch-mode",
        "value": "cors"
      },
      {
        "name": "sec-fetch-site",
        "value": "cross-site"
      },
      {
        "name": "user-agent",
        "value": "Mozilla/5.0 (Windows NT 10.0; Win64; x64) AppleWebKit/537.36 (KHTML, like Gecko) Noi/0.4.0 Chrome/122.0.6261.130 Electron/29.1.5 Safari/537.36"
      }
    ],
    "queryString": [
      {
        "name": "ip",
        "value": "0"
      },
      {
        "name": "_",
        "value": "1755720306472"
      },
      {
        "name": "ver",
        "value": "1.259.0"
      },
      {
        "name": "compression",
        "value": "gzip-js"
      }
    ],
    "cookies": [],
    "headersSize": -1,
    "bodySize": 32778,
    "postData": {
      "mimeType": "text/plain",
      "text": "\u001f\b\u0000\u0000\u0000\u0000\u0000\u0000\u0003í}\u0007WËÒî_AD1\u0000N\u001e@\u0011\f¨\b\u0018P\u0001E\u0006f$\u000eH `\u0000$H,\b\nHkUý±ûô[=[Ýg}öwÖ½w}uØ0óîêªêª§ª«RªüKK³3ýÃýMæ°Ð0³=8Ãj6\u0005;Mn{pXºÙ\u0013lr¸\u0016{¨Å\u0019j÷\u000fòw¹½%¸< Ø^XUPÏ\n\n\nÝE%ÙîbÿðªÃoÒ\\\u0015%ê#s¨Ób\r:òyfzIº8^]RQèö\u000fÇwòIqAiQ\u0006>2ã¡\u0005ÅÙ%Ù\u0005^<\u0000W¾ð\u000f\u000f³\u0005ùWø[,¡AþjÄv\u001b®*ÉÎwÇ{<Ån)Ø\u001aöòñKù¬¸$=¿\u0010ÏqÚíNÉj2[\u001da/þä&Üç~Q·ù§Lf\u000fµ¤ºÔo&Sþ\u0019Ì_Vã§ÙøiÏy¿§<>M;·R~~ô'\b^RRí*5¨ò\u0017^SÄMR½Tçg\\*Ú¹vx·ôrp2½êç9vëC/¥úóH\u0004mðB~j\u0011\r\u0018w\"ãý¬ü§í§ñ\"ú¢¿È¸\u0019F\r©%4EÍòÂ\u0013ÜF£\u0018ú2Ýøéáé\u00157ñ;ã\u000fûqê~\u001e\u0014x?½<²Æx÷Ô(\u0004©¥©G¿v;¿ ì/Îùo63ó/½Öîñh.\u000f\u0019M¼ÿÀøÜMíd6Üy\u0007i27·M þ\u001bÚãÕìcÔC-4Áý4NË\u0001<ñà&ïó\u0006}Ì¤|\u000b·?¦1j9F½% ã>\u0016h§ºW@ß/×ÎÒ*ç&ê.©\f»ßû¹Ö>Ïo¢©ëâ4îÆåÔó\"¿Ñ\"òk8i\f/ì\u0004¥=úÀ-´&«\u0012Âu¡Æï\u000eÚâaZâAî¡5Z\frò ñ¹õ<\u000f%§zªh;úhGi6*ÑøÆ\u0015H{¶pªÇ\u0003±ú#ôÊøØrFù5mò?ÅñG\u000fÊ¡\r\u000b­ß !¸|Ûø\u0010ÝRvÑ¸Ã]ËûÔuénð7\u0016¾±ááÒÖ§ÜHK\u0017d$æ\f÷1nÊ7îu¤Ð´\\Ç-71äú,6þ6YýèMÌI»Ìvä\u0019¼íæ¦têá/4qw©Í¸ØFc÷xZ\u0012Sýc±\u001cM%eÏRë\u00135î\u000båö¯\u0007ò\u001búHo©Ç¯êÂ¥\u0013Æ}®¸0ÚJõ7óÐ]¥Î¨\u0000=o\"VÏhRSu0¶.ÇdrÓq\u001aâF¹ÌñÔ\u0001\n}Ãh\u0006hùNQí!­Ðd@\u0018Í\u0006Ñ{à×i/C¦À\u000b<À_XFd»pëRSå%ôíêíòT\u0017½MNÂ´!²\u0002v^æEOÆ\u000b\u001b\u0006á¥Y\u0016)µ¹l¼¢§Õ\u0016··\nU«©³¬[±ð\u001b<x\\$]ØhÛEÄ1Ò7¼Å\u001e¹G[\\Óy!Ö®6ãy\u0011|ºLo+¦æ­Üô¦îP¼ämî\u0012Iâ7<Î§Cx8\u0002\u001aÃx\u0015ïÆµMôæ)Øò5¿óÞ+Y Î\u0010õr\u0017µ$=À?ñ\u001añ\u0012Íð6\u0004bW¹áÔ9å©$\fkå3Ûy¾ºy^Ów^â1á\u0013\fè5M\bg>¦vÜ×A\u001fáh^èrÖüU¦`ÜäÑÞ¯\u0012F7øÄ,ûdMMöTùÞê¡zî4]àFîà\u001eCE3BÁùëòja±pQBÆrD\u000fZ1/\u0001g*³å«2§5î\u0018y\u001c¼ïçÏôý\u0019¦±-ºB£\"'å5~ñ4\bÁæyÞË,Ouåºø\u0015­Ò\u0000oÞIHM\r§ÏôîxîY¬ðGüo¶©\u0016¡\fÞEäa4\u0015òê!åg:4Òº÷\u0016}ÁdZ©)ÕStÂ\u00189=:yÇÃ2\bÞ£N(%î\u0015.á\têænÍþ\u001fN¦zXÎI¡¼ÃoSÇ\u0004îÈ¦vúÄÝàWý¶/aw¹ûîã\u0005MO³qÏg<ê QXýÜsgÖi_.Åã\rê@Ãn¦¦\u000eÌséÈÚÙ®ó\u0014å¡BúP\u0012Vs+û\"°'}ãï1I´ÂoÒÙ¸ØìÂ\u0000ç_ðú\u0005×\u001bÀï¶}gXXF\u0019v\u0006Éb\u000b6«+ÿ\u0015òøÇí\u001a62:Ìö0+î;ú\rî.©ÈÃÍUþÁÁEéÙ/\u000b\u000b\na\u0010\u0005§¥gç¥»òÜÁåÙ%Y\u0018Ùî°\u0014¾ÀvõÛ+³ÜÙÏ²e\ts\u001d\u000eG¨\u00132ç\reÿåÞ¬¢Ãç[ì!VõÏ\u001eêtØ\u001c¶PÛÜtð*sXÈ/\u001f^Rî-ö\u0014\u0014å\u0007\u0017\u0014e?Ëöú{ÒóÝ/_¾\u0004q\u000e6uRÆîò[ë+ÔdûÏé\u000eûï7tO÷fç§+c18³´ÈøE\u000f\u0015w\u001c|e{\u0005{J½\u0019¿¹\"Ó\u000e\u000bó§Ï³KÜòÔàReýþ|gvûwOõdçå\u0005ç\u0017db¤?}W\u0017\u0006Z%¿úÒÿ«\u0015ó²½¿ú\nëõÌ­Wô«AÊ·n/Èé[G¬É¿æê\u00036\u0000«\u0018¿ça¼§L/ü,\u000eKÃá,|qú¯p¿ÝtÂÏj58\u0014üöwøÈlùS>ú3¿Á\n&3ü\u0006»ó\u000f~Ín<\u0015×ÍúbE_ìÄ[þàdX}\u0017[\u001crq(tÌo.¶|\u0017[åb«É70ÅôG/¶Ú~ï¿@þÿ®ÿRð\rÜBß¸ùV\"-[l\u0016³;\u0013ÏÜäÖÓq÷aÜX\u0012°c¸tú\u0005¤z©'G6B3}\u0007ëÇ4´û¿çâüÐº»\u0012o\u0004>Î\u0004Ç\u0006'ÁIºÁm±A²A[¨'Õ{¦ßëýÅ{¦4N~-ºKsT';ú\u0015ýð\tH\u000f\u000fßg¶Áþnä1Ùàÿºòëa¹\u001etßå¥\u001fFÏâQÙÌqÁô>µ(W\u0013Ïxd&Aî?$ã_õb~\u001a\u0000ÏÓÇü\u0002X\u001d°C\u001aé;\fA\u001açº\u0010\u00137'Çß¦á\n8\u0015Ó^¼¯\u000eþÉs½ïÊåçO\t5Rbyøy\u001e-è×uqS\bOÂV\u001b½rÚ¢éc­Ï^§ÞhnHõ÷ðPìmmna\u0007\u001fÅtvù}|$/sÄËÓy ×`vòÀ}±º®Á\u0010]ä<`¡áÁ~¤oÚ¬Úö:¸Ymô5çS\"§Z\u0000Ûsé\f®½Êø4Là=Þl\tÏ`W·q\u0017È1Óþ\u0013X Ë4qÊAÃôå&î\u0019ç9Ìà%ÌH¸_O`848ãñkÇ\u0013¿\u0017ðÄ4ïVòJn¤2r¶ù[Þ\u000b'\\ VÞ7\u001c?'SÜ\u0015Y[Yî3±J\u0002àümb&k<{>ø´\u0018¿4KB\u00157Þ?\u0018Æ­¹ÑÜ\u00073÷{\u0010\u0006¤Vj¤\u0011Þ-ÃÌ? \u0012\u001eßE#åÎ*íH;\u001e$Ò¤é¥ù1µ=àÏð\u0016z´åÔv\u0012ÆN=lè\u001dxêExnò\u0006*Å9\n·ÖÓç>Ao\u0014ì§×<\u001c}ï¬¢\u0018oXs°rÓÔ|Ç÷(\u0018SÔG\u001fè=íÞ§møP»ôå\fÇì¦^ßoÜE\u000bpbf²©\u000bf¢8B\u0007Ú#òÐ\u0004\u0006±A}\få³ù1\\¾hê»Ï\u001f¨5Ê®Ý:7Ð\u0019Þ|µcBÝü\u001eæpWJå\u0019z\u0005ã~\u0012Ï_'?É{U<SA{Ü¡Ù¥§Á\u001d+<ï¢u¬G\u001b\u0018jë\u0016Ð~H\u0016ìà/p²\u001b±\b#\u000f\u00123*w<\\/ÿuºÁR#Ôw\u0006oãí\u001b4}f\u001eó'D³6Â\u001f_ >e\u0010Ë;]n\u0005Ð.\b=ÏkÎKpÏÇé£\u001eá\t@%nÓ÷\u0000ÞN³ÞÅ¯Î£wZ4óNE\u0016Ü©4x;3/yæù\u001dõ\u0003\u000eØ¡¶\u001aXÞpµ;\u0006ûü\u0005æ½\u0005/f\u0000\u0014Â:5c${pö.Ð\u0000}}R\u000e\u001dµMc9<*þ\u0000¨Ø\u001cAS5lø?\u0000{¦xÏÉ-s\u001f}\u000b\"A\u0003á\u0006\bþ,\fÿ!6\\cØÙ\u001bXÿ·xý G\\\u0011àÄ6 \u0010\u001bX¾^\u0014µm¦½\\ÞJþ\u001e÷~pAðÂóÔTÚ\u0007å¶áÖ-U`µ¾9óx8\rÓé,Ç_ËpOfà\u0019uøÁ=0ÒáÅ5ar\u000bñ´EïcàÌ|¿;¥ÛÅ]¼_\rm4\nO\u0018°É,\\å¼ê*d\u001b·vñZ\u000e¯Ãó\u001b¸wóØ\u000b^»ßöhÿ\fOÕB\u0017,ó»tz\u0013\f1\bIð`X{qøç\u0012s©G\niïáÁ{pI#/\u0007rK\u001eÈ^](^\u0006¿q6ìq©ÄÓ\u0001T¡Ôòg¥\u0019§K0¾&z\u0015U\u0002=9ÃÍ©\u000e?l6,â0Xyå\u001c`Ùæyýö\u000bà>ë5³iÎ\u0000Kt\u0003\u0015{+Ü¤½R'Æ\r\b\rü·N3Ô\u000fo(ÂÊï`f#¼\t\u00154M3Â[à\u000fÊh¹\u000bg*°ÎS~4X\u001b¾(Ïu´¶V\u0000ÖÚ\u0015p×\u00062H8\u0013[nq/\u0014×(\u0018`ñ\fÖâ\u0015Ï\nðæ¡¹\u0002qæL¶8Þ\u0006$}\"àûd9^8Ël{\u0019¡4L¤æú\u0011n e¡S{mO°ÄcpCg Cp\u0004§¡:h4\bK8ÃoËhåoâ.î#xhíB~A\b­\u0014ëÏ=ÞG`½ï<\u001c!/cÄóI Â,xb¿ªºúB-fÐö\f\u0004\u001b|Å\bViÿ®b·P-\bóð¿Â\u000f¥©\u0002î)¤u,È·t\u001aàýlðo=Xv¾\"\u0002:v¿Fbÿk>Mï.\u0017ÑãÉfÞ1ì\u0005ú\u0013E7÷¡û\rµü\u0019r:\u00199\u0002¼\\g¢w\u0013Àr_@,Q*û7ßå±@pçC\u0013U~\u001b¶'\rw/T=<:¸´5â¦Ñ\u0018°ê\u000e/\u0001\n¡¦´Ï«k \u0010ÓØª&xë¬\u0018\u0002¹\u0006¢õÁ\u000e=\u0002í\u0001ôä<ðo\u0000\u001b\u0018ä+î\u0013¢ÖâÎ}(ñ\u0001,Á\rx«ß{,5ÐÏ£Üât=¿Ec±ê¯e¯¾óP0A«¡¥LÖÈLúPÀsü:%wý Ü|\u0005W¶¹×\u0016¥°`îË´R%T\u0002GM÷DLâ@Û\t\u0018]ñ¼^\u0000í1Å3çîß¿\u0015\u0003}wV£Naó©Ä(\u0017ËÀSÍIrq\u0003-á[÷y\u0007¸\u001e= µ4Þ{\u000eRÏë\u0007Ó¼ëÆ}7´A¿3ù>àÕ3\u000fîW{\"°34\u001eA}wîC\u001fc2ZÍ\u00025âfW¬ðb\u0018\u0000\u0019àUûÉ@®°XÝô\u0015´ÅÃ&\f\\h\u000ei\u001bd^ ^ÃLÂ,É#¶shº\u0016Fqåw<I\u000b~\f|ô]\u000ev qÈù\u0007è¦zý\u001d×áSÈü4l:^­\f£!°\"ká\u0019Ð½j^\bäËy°.¥Ù¡5úy\u001càÒn\u001a\u001eµ\u001ag÷,A,\f³õ\u001eÍ^¨l\bgÐt~%$¾É\u0003fù\rPT31üòiZ\u0017\u0010Î\r\r¹~: \u00163\u0002ìÌA t3Ïûi >£\bze\u0013\u0018à7a\u001aÐ:\t<q×ý\"Òjb¡wå~·ÞÎ×#+\u0001\n 8á2[0\u001b§FìµÚPy\u001d·x?v\u001e±\\é\u000eØ£ÕØJ(§¦`Ú¯iÃË/°.m\u0010a1_ÌbÔ±\u0012ª¬{\u0006x\u0007´\u0019\u001bÂVÕ[r*;©ù)}Hòb¹gî'«í3½j_È\r²E3¹`ÁQ`íÉúðe=ê\u0006^-£/\u000fx±ÆIÂcx§ð,­çÐò?Ñ\u0007\u0000Í`QìñÝ4ä¥ÆØÝ%Bá\nÙ¡3U´è9û¬û\rÃ\u0018¤ÛãÏn\u0017/çC\u0011õ :s4bQ¸Âqà½Qzw\u0005ìa\u0018\u001dæÐç°®\u001aïbß\u0013kÐÉ\u001b%Å`Eh³-½êöØ\u001d?bÜ+ª¢»®Y¼õÜ+9\rÚâv¦\u0005±á\u000eh¨ég¹å²]l\u000f\u000bO\u001eÓ·vBUR=wx&\u000ba­¤\u0016y¡\u0003{x0Ïú\u001ctîà~\u00033¹3Aßþ<ÿ\u0007NsZåË4§Q´túx¿Ý»\u0001»dæ\\0v_\u0018.ê\tú\u001añ-8f2pºïDVÓ®(g<Æ\u001f`pG\u001c$u\u0014¶L;^9AMùyXàïØ×_R§\raÞ\u001b°ÊÆ0ï°;¿\u0017=/t{xUen\u0016\u001cà=}.\u0018\u0002á¹Å\u0003&Pè»(\r·ù\t½¶§­ ô¯°4ËØ\n»®«¶1è!ØÁþçiñ\u0016v¦¹RzTZ\u0012JS®ðì\u0005¼\u001b{&Ø¸«\u001cvÞl4õÖhËÎ\u0003|ôTª¬\u0011Fµ`/\u001fÎ§)a H^ucÙf/?wá¯4\u001f\u000f¹¿\u0016«øÅà:h2ÚË±AûWÅßã×E\u0017c³±ò\"d&lº}´r.%9wÎ<xB©E\"ÑaµZþM°a\u001béCÐù\tL±FÆÕ²4\u000fh$ü\u001a¶É\u0019x6}OéÕ\u000b0ø\u0016ízdÖ>yQ\u001a.ë>\u0016\fÝWJ~!\t.kâ\u001d\u0013f1ÁsIåÊvÆÖ²øëp¨@jÁM©%¼~ÛÏÞI\u00032>p\rêh§J!\"ÔY|\u0012ìÁÃÇ`·|×¾d#d\u0015Q\u0002x!»Ø7ÁQ\u0015P½ü.ë\u001aüõ*¨Í\u0015\u0012üÙyòÞ5(|~pÕ\u0004³w\u001b¢Òø\u0002Ö=h\u001a0E&O\bK0Äå\u00045D#\u0005Q\u0016ïÙ\u0003Æ÷ãÁ+Ü\u0016Êoy»\u001aóùymÆ_H\u0001÷LaÞÖÖ\u0005¾LÍåBbG\u0005­Å¿Àü$hv\\åeÄYà\u0016Q'¼bm½´&[ºéé}ø]2tpH?u\u0004\u0015ÁX©0?Ìg3Åõå0eF¸\u001d_vç§úò7¸a {=÷^ÂPVÕÒí>z\u0016QB:a^ûa¸¯áé¼Ðtk\u001fÆ\u0005ß©¤ê\tV}Í\u000b-v\u000b$\n=ý¡o/¼KÝÑ\\kpªª\u000bæ\u0007,á0½©.f¢©;P`+¼Zt&?éñ¬H^£QhCº{÷O×àáÚiÂ0\u0019ÃhÚYÉcu8t\u0017Äø&¦'.ªC$f\u001cÃß£OéÏ!S;øk\u0018\u0006Ó\u0006,f¡¥ö+&nAYoT>ÉòRý³hüåá`LNô4ãÈÏ\u000bÀ¯;x¦ð$-Üñ1\u0001ué¯\u001d+<\u0017CÝO\u0011Ú¥»zß²qç½Jþí}T+Àæ®Ëö&ä&h¾\u0003fG\u0007Ë2ü ý+¥úMøY_°\u0017¬ò« ø$íYÔ|+8+îê=Þ»tWV\u001aDLÒB\u0010 \u000fÿ\u001fâ\"\u001e~ãøcy¡£\u001a±[Ú7sò«Bv\u0001\u0002÷þ<lÙ¯ð?-jØ¼r\næè®¾8Í<\u0018\rG|\u000ffGý)x@{\u0010¢EÅGBãK\u0005Ufþ~\u0001<õ-úÊ\u001dí¡zî@LVÁÔo¹»nFÞÂRÎù\u0000XÅ¾B<òU-\fõ4hÕX#¢õÇakÆ]Ô\bÓ\u0004Á»¹pØ!À¯Äa2¹¸×Lo<ø\tm*\u00017¸L¡Ê³Ä\u000fåu7l½LC6±æMî¬\u0002\u0018]SØÄ§¹õR¹Ö¥s\u0012m\u0004ÝÀ ÜÂE¨\u0010Dñòú²\n½£uv¸Ã¯¸ÆL\u001e\u000e+ \u0014h\u0005Fln\u0016ÝL£'0êM\b×'På\"7\u001dãé\u0010DL\rÇd|\u0001Ö\u0010ëÇ»\u0013Ú§Ô;Å°5¹\u001e©Fé3Àæ\u001aÚ>\u0005m3v/5U0DÄToÏÞAÇmàÖ×Za\u0018ªÕäMôÜ\u0015ÝhrÕ¨Px0øª\u0007\u0001¯\u0019\u001e\u0012dÅÁ\u0003å:\u001a\u001fç\fñ×t:üonr?\fÁæø\u0006ÆµÄL\u001dwyü\u0002µ\u0006S{<Z8ÈÇ\u001dgxá\u0018ï^\u0007ËÎSÛósà.X \r°w_CMï§zïSgt,&W°ðëÙ\u001c~­Å_t\u0004¦\bÖ\u000fÒfú1ì}ß Ô$¬éJ\nOU¸ ËÛô\u0002ÃW\u001d×6ÐÒ5¬Û\u000eTQ\u00175\u0004ÀþúZ\u0015\u000eù\u001f+\\\u0007Öç\u0001­ZÀÕ-´Ss\u0017\naÁ\u0004ï|!,;Ïºà5i¡)e1ÐU¬ä\\1/\nkY´º³\tÝLÖdq¤\u001d<(Ø\u001bÞ\u000e{k\u0013¡Ä,ÌzPG\u001c3¡Þ?$ÓRe Æ¾\nb6Õ¡ÎJq¥ìzÇôDË´´:\bÎé\u0001Ë-ÃííyÉk!@IèõIúêÈzþ\bë¸xIq\u0011×5yâDí[©Îð\fd\u001b|!è<\u0018/Í@b%U_4û¸õü.:\u000b~vÇM,õ{\tÏNÀ\u0016úDMØÿ?¥ä$ÐzvfhðYØ1hã\r½ºÀ¼-\u001aÈ1aÀs\\çäÊi²?\u0000\u001f|\u0014°ü+Hôî\u0003ÞÂÓ%aÁ}Ú·ÃÁMO6.ÓúIðÞÂS°\u0010Üvh~KLüu¹LYoÍàGp¨¿ÈêÈD\\êã\u001b\u001as%PaÓÜê¯\u0001\u0015^\rÊ\u001f\u0013nëÈ|z\"L¸§ùØ\rö+óa\b{Äö´jëÂÌjWÐì0}M½@P4»\t^Oó%4yéu\b\u0016»ÃiçB ¢B+Lm§S!õ0b\u0016¡\u001aç°§lª\u0003XÌ#ØöR]ÐØ×¯q_:\u001e\u0000\u0005ØÎ½'K¶ó%\u0003TØÃÔñ*ÚN|*|$3°\u0003Rþt£¢0K\fì°\u001f\u0015NhKÈÀ@Ö\u001e\u0004´\rK\u0015A`X¢\u001dÔ\u001a·¯ò¸«`2\u0001Íi\u0013PÅ×©W½ü¼¦\u0015#\faÆÊ¾\\nß\u0013CÄHw2\u001fòØµRï\r2ÜäpàÅÃWe¸'ñx\u0010\u000fÔg\u0012pÆYÊS\u00156¥Õj¯¡ZtxÆi¾ë»\u0001ÚüC\u0001\r\u001b.\u0004DêóIê8ÝÈ\u0005@U,Ó;7ð:^\u0017_ÈÊÃ×¸-\u0005ò8\u000b@¨$G\fÏ\u0000\u001a:\u0005xWY{øð\u0006,¤½\fj¼Ãëø\u0006ì;è\u0007Ûoî\u001ey¹\u0005&º\u001aó^¾¥\u0014\u001c+ÓÉKáØ3\u0001ë\u0000cl· £Es\u0016öÌ\u0011\u001a\brÁ.\u0018\u0012ûÅì\u0016cÈ\\\f:@ëgÆ©åáK/é)\u0012e&\u0014ôðÄÝs\u001a³>®\u0001\u000f5dd\u001dÃv\t\bù\u0002\u0018\nÉY¼a¹e{\t¦{\"oàÍÕP¹ß°Èþp!RK¼ÊHPâÓ\fH÷\u0013í¿85;bZ¹ñØIèªWO°sÈ3Ù|þ$^Pl¬8îºö\u00023j\u0006±&a^/Au\r< ÚhÖ6ÛÌÚÂÌä¹\u000b\u001atVÉ¢Þ\b\u001e¶é°Ö«ÝÙ4\u001f\bå&´°áF/Dòûç-z\u0017æ¢ñh\u0017½¾É\u0000æç°)\u0019#Æâ+Ãª*Ú\u000bÒà\u0002 \u000e\u0013ÑÜê§FP\u0004ktë\t.\rÓ\u0010P\u0013<pé\u000b¢Ö\u000f?Î\u0010uUÑ^°\u001byGD!Ø_ÚãaOËlÜxÖ\t^©¼/rfNá;±·\nã°®ï0¶WüÞ¡^ÜÂ_ñb\u0011/Ü\u0001T`¡úÊAü\u0006\u000b¾\u000b:ïûÞ¦²\u000e\u0015f°\u0006üHÌT+hÞFû\u0017Îõü6\u0017ºßsÝæ~FQØ1wî\u00189Ó\u000f±\u0005\u0007îÃ¸\t\u0017e.me\u0005\u0006ZÃ6å-ç6~\u001c'µ{bMP\u0015²ov¸½zc4U0LÖ¸UÏ(ã}p\t[¨ÿ¸¤ç¥Àê\u0007¥Á\u0019Y÷;)Z%X0Ý6­ÝÅ®ô@â\fÍo¶\u0017#>qM»1f54FÞ\u0013\rUÏaÃk¦4\u0012­&a~Àí(5ÆÂ@\u0017KÅ??Â2à\u0019Ù°hP£i³lvx÷*/+\t'H}Û81IuJ\u001d\u001fK@Ð®]=[-,W`]$,\u0019\u0011\fä\u0000ã):ëîB+ôYaeÖóÎ\u0005Þ)ÓI~©©åÜnÍæz|U\nIÚò+>¥î[Ã4¶bh5Dr²¬\u0010ß5\nó&tcâh5\u0006»v#\u0000\u001dñ]l<kßÌWªi?\r;\u0000ü;ÈÔ¸A{\u0005\u0006PÔ\t5Ñsê\u0000Ð\u0016E\u0002T]¡Þ\u0000× *42ðáÓBÉ\bõC>}\u0001©\\õÓ\u0013Lcú\u0001Ù\u0005^óså\u001ad¯K\u0001÷©\u0016T\u0003ÞÝ£À7e ¾\u0001Ñ\u0007¹ëD×ùÆ©ÕÙ\u001e¸I<«Ï\u0007C­NÙQH³LSCëÈ\rXX`¨c9©þQÐ\u000f[5\n1âþJ|\u0000¹{PðµfEXam\n2;x6Ð\u001f¸\u0002óÜ_ÁíW¡rç±Kí\"º0ÇkF\u0001×\u000fÃFn§È\u0013Æ\u0015\u0010û5DlLÞð]U\u0007T\u0003kÂs\ref²EÑB%õdc$ãz«­>eè[\u001dMäúâÐ3ìÜ\u0019ðÃw÷ñ\u0015íO'ÅÔ4Yìp1\u0010\u0018â^\u00046ò.+\fêz`.\u000fx±¡5ÒÔRh)lbÌ°.ÞVÌ®rwà\r'\\yä\u0000\bY\u0017óôÀ\u0010*P«dÇ$ôúÂ\u0014ÚÖ\b\u0013²ÿt¥&:Lõ\\hfX7z\u0013\u001c\u000eMõJØÁLu\u001aÅL\u0010edr\u0014\u001eÌ¿=;îÀ\u0019Oç\u0018\u0017ªað¦\u001ej/8d\ré{>ÖëÇú¶ðÀM½v@\u000b!\u0017¾\u0011nò·G'óù«I>\u0015?ÀÆß\nÕ÷I6\u0013igî&Cí`bÐêÊ.2@swÕ¥2­`m±Za°·Þ¦%d-ËßbAíux¨Ã^Dp5B v?á1~ÆÔMæ\u000b¼sS\u000bÐ$ôH\u001f\"@Ä¦\u000bÔIæ@ª»{\u0013°Á÷\u0000§\u0000ÃË\u0018\u001f*6k mzT¾9Èuóñ\u0019õÀ\u0010w:a§#¬!ô½-cW#ùéÆ­¼\u001a\u0001-¸\f4bTR8p!¨wx%:^\u0002í½Îs¯±u÷CÇ\f\u001dq)àå^,Äæ3Ë\u0015gË8/AÀ÷rôV\u0001ë\u0018{E¨¡ª6¡ÐîrfýÔÔD`bHà¾¥Ð\u0011\"³\rÈooûÈX\b\u0014Nw·8 \u0019z6ñò\u0011i\tÕ$¾uä)Ê²ÑO1A?µP[öª1Ç\u0016dK\u001aè\u0006@z§!ÖY\u0013×ÖÉoI3|#6\"Än5Cª±\u0004\u0012f\u00006Aæ:ö)èÍ©X\f[ò-ã&;°â\u001a+éÛS8<\u001aÄäñ`e÷\b-aòÐ«¸ìMª÷lhvÉþ\u0011È]\u000eRNT¶°,_\"\u0017-ÞC,eÍ§N\u0000\u0013¶Ór\u0001ë\u001cV­\u001dx\"\u0002æë\u0017h¥!\u001f©{ø[\u000eu\bÂeó(§\fÖn\tÍß\u0004½ÅjìË\u0000A¾<ëbî¸\n#ÃçivÐ\n2 3¾\u000f\u0000@\ræ¡Ë\u0011\u0018(\u00106<:\fb³Íê! F÷àT´\u0002ó®ü\u001b\u000bÄÖØNàç½Tn\u001eÈÚ\u0005®\u001bÔàÄ\náê',¿(5\u0001úSü9\b×p\u0016#háþ;ÔwC9»;<®Ì¢<Z÷\u0011{øÚ9z\u0003\u001eþíåÁÆA½\u0007ß?uf|\nÃX0Ülÿyö!3\u001cóDèa\u0019\u000fËD=0xòaO\t\u000fH7\u001foFÜµâ,\u000fä*«ÛS\rkc/\u0007`Ð`\u001by\u0000ù\u0005| ¦×cÀ oN)'ºðÚ)ìRú}\u0000¢r\u0000\u0000]M\u0017Cò§*×k\fµ\u001e7hÔU¥¹Í\béA\t\u000f-/ìÈ\u0013é\u0005¢U\u000bÝ\u0011ä\u0004\fÇ\u0014\u0017\u0018ïãsm}âÓL£åwgd\u0007\u0006Ïâí«ÙOøûÕÔ\u000bÇ¢hç<-ÓëÓO×\u0001nè\ráOq¥?ÒÂ\u0000j\t-äñP8¾0ì0ìÎõâêLðLì \u001eø|=°ÖÑ8$fõ\u0016 (7\u0003ÇcÁ\u001d\u001fí\u000b\f\u0004^\u0006$ü\fpäjºáâ\u000e\u0000Áêòõ\u001ec+\u0003V\\\u000e%s\u000e\u000fÒ:µ\röï`Ý·ÏAoªðN/Ò\u001eô\u0003hü\u0005­¹ùK²\u0012´¼\f\u0017íZ0\\vÕQE['x¶ò6\u0016\u0011;\râ>l­VmÞê\u0012ÞNNAðÁ\u001föÿ1\u0018)õÜWéGKvµ%¿sÿÁò\u0017íp\u001bqæÁì<çò>E\nZ\r¯BÖr\u000ev®c\u000f\u0010ñ?êÊB\u001e07êÈåo>oÀ¤wf#\u0010hr¾¤'x3ûp@\u001bG\u0019þ0|¦¾\u0007\u0010î\u0005h\u001cØLC'/¨\u001cýy\u0000×Fhý1|¸\bê§å85ä{ZíC\u0017¹°\u000b\u001eUù!>bm mCoAÀËøªû,°\n\u000e¸J\\m\u0013O\u001fÙ¢ã|[´ïËÉ»ÂºB8Ø¨#\u0018Zvã.~s\n'Z°\"Ä¨äCÅe+PØ0w;xâF0Í9Ï\u0001ÆâÍ{\u000f¹\u001fÆ\u0011µ\u000eÛê?$w ês\u0004\b±\u001eK&í/_¼ü\u0014ï\u0010 ÉB]£e8\u0004\t°åùX*þ,¸µ\u001f\u001aº_\u0011`äPÙÓk\u0010M»ìúÌÀ¸ö\\\u0003úÇ\u000b¡v\u0017àÎ¥ðº¶\u000eVª%ß\u000b¢ï\u0001gêØÁG\bÓ*AC_^ÓÊÝâà¥\u0004\rþ\u0003\u001a,¥æ°<WL\u001eV\b\u000b\fÆ9ÀÈ<â\u000eÃþ\u0011m\u0001ùÖÈ\u0002æ\r\u0003¨L\u0019@Ù\u0002wQ\u001fc1\u0011\u0007Ë?0~æCÜ\u00002s\u001cÏ1Ø<ñGm\u001eßI4\u0017dè\u0003\"\u0000°yÃfÉ?bî¨G|óaÕbï\\»]x\\\f\u0018u1ï\u001c\u001a8ø\u0006^l\u001bÿ@\u0005ÛA¹µñp\rÔª\u001e¯¸U¬Vóú¤Vîa\u0010î÷Úý<Æ`ÈÊ<\u0002\u0000Ð\u0005ó¦YÉ\u00146Ã¥\n\u0010\u0002§Ò´0N¦ÿ¬¾?P3kJÍ\u0018n1ljE½\u0007\u0011Ü\u001cªé¤·ìQ¥Y\u0013\u0002A´U}Û55ó§`Û)î¿ÈÙÛ\nH´VÄ@\u0000,\u000bUa[lMÐBP¥ÅÙVj¹m«Æ\u0006¿zó\u001e¿\u000em\u001eð6×/|qTÁc\u0002è/Ê¼H)sM·\u0017ÂT2÷\u001eäàC\u0015®æ(*Üç¬Tø\u001e\u001c¤\u0012¨ÍOç\u0003qw¹1\u0010<À\u0004ÎÈuQ³Ïæ}hÇ\u0007ø»?\u0012gg¬É`GP#\rFñÕ^HóJ%èá\"7Kò\u0004Õ6Ôume§tþk±cG¸\u0016Ìú\u0007¶õepkïýk\u001fþÈ´E?2m\bÒäÙàC\u0015­rñ\u0007¾\u001d8Ê·MàÛ¥Ú ¼H0%,Êó÷Ü\u000b^Úâ¡\u0018\\=¡@Ã¡6¼ÕÜ+³ó\u00140îö¸ÛÑ\u0017\u0011cÝ7øSc\u000b\u000f\f\f¼Óg)Ï\u001e!áù¥¯6|ÕçGNBÁÁÅ?áøä¾C\u0014³¾\u0013Q`½\nQ4\u0014\u000f¤~ÏàýÅ¨Û¼\u001b\u0005B}¤×ÉP\u0015ÓÑe>3bIy£ð8º©\u0011­9ygÕé\u0004\u0001(Æã*+æi æþ¿=x`Ë\u0000\u001f\u0005Â$\fZÆã§ð\f½¦#ÉQbº`\u0003`¾\u0000 ÿæ\u0001¤X¯ð)Èÿt3Ü\u0007?E°\u000f´ß@\u000e'È_íÞ`ÍR­¶-Þr»®3øñöNúv&Jhk\nõ(I\r2E1MF`²\u001bOöË¡©\u0010ß\u00015\u0016}!8\u0006\u0000Y'TÈ\"TJ³¼SÏ|\u0014Öª\f<\u001b¬?ë\u0014¤\bÂJ<VÜÜ­È.\t(V¤à\u001cý\u0012\u0014ÉÕhúëÛWEÖ3Ò ëÆ\u0000µôþx1\fø6Õa1ñ­í^b~^p:ZÊ <Ç=\u0012q5\u0006â!ÊX^Á}HsaºÐÒúüùÊÁ¸Æ\u0005¦\u001dÒJ5Óx\u0016ÿ\u0002¹\r-;ÇxAJ\rÄÌ^å·ÁÐ\u0015\u0006\u000eCkê½È¿\u0011\bF}\u0007r\u0004¡ÛW£KkæÆÛ*eO-U@/xë\u0011Ny\u0004~Ñ\u0013Öó:_Î\u0003~ùá»r\u0003~É\b´AhßZ#@P¤B&ê,Q$N!Ô?\u000bã½(\u0007«;x;ì9´Î\n}I\u00046»\u0012|\u001e­YJ±\u001cJ7*¾¦z¯ô\u0006!Ì^dK\u0000R_úY\u001c`y\t]j\\O\u0002B\" \u0001@\b\u0001U`ª(\u001fó(\u0011ù9ÔÁÜ¨<\u0010­\u001b|Ôq\u001dr:5ëñ\\%¹{OÀ¡Y@åz\u001bè\u000b÷ÊÁ!räÓ\u001c¤}lÀ\u000eý\u0011û\u001c\u0000¹ïT8øÀ7Oã²0EnÈ\u0006´w6-82\u001fs»¾tû¦æª4Ì\u0014Ù¤e£úXÓ¸£1_ª³\u000bæ¬¢½<z}\u0016îú\u000f £¶Îà¤q/,¢í ¡|\u001dÆQ¡\u0011»'\u0018¸pùJ\b|Þ»}WA[!ùúOëÁÀ\u0007ûª-¬\be\u00128~PÚÚäÜÄì\u001bã\fÍ­,é³jQ¾qÒzûÿ\u000e\u0003@¿äÊ\u0001î\u001e+\u000e¼ùùã\bZ(T\tO?j\u0003¥Ç¥Ôõ¼þoÔKÑâzxTàú\u0005Ú9¼Þë¥\"$\u001b/E@7AÍï\u001cK¡6$±F{QàøbòÙ\u0012Î¤fãÀ\"ã@\u000bÒÄ«`Ø|\u000eSq }>&ëR\u0007Ö\u0013\u0006A\u001fH\u0003bo~¢ä}LR{(\u000b\u0018òg_\fõö\u001b\u000edA¹árKü¡\u0018)10\u0010<C\fÖyFÃu4êÓ&©¥,^xt\u0012êæ«ÞÇ©E\u0016jÔAÅ(¨\u001a(ú1¥èx³÷\u0004pÃP>¤\u001aS\u0019üJØvYJÓo¨ßaR>8Í\u000b[}4D¿\u0002áÐÅÓ\u001e )z×ªhí¸á8®\u001cä:¸\u000bëà\u001dîèFÁ²\\\u0000O\u001c\u0004\u0012ºÊ^YÓ\u000e¶×÷¤¦ÒÂ\u0003q=ÙÑDQ@³RZ1ßÖ§Ô£Ðwß+¯Ã\u001f6\u000f2¾æ\u0019|}Ë7 +iÏRK\u0015­\u001fY~Ô\u001e×\u0006´\nKN\u001cG\u0010TÖR´¨ \u0012d\rCüèµ\u0006I¦Õ(æ| \t`:ÈÚ\u0007µb\u0000x¨Zu\u0003$Ab¡\u0016<Ùo=\u000f)¿\tþÜI\u001fì\u0007¹\u0005RøEýmXÌ0éíIÐé(:Ârö#3ïòÒ#\u0017Æ:X]\u001eÏkVH&¢#ÈÒÁÏ«Ö\u0018èª£\u000e\u001fäì\u0007Ï¥Ôö¿ôø\u001cÔ~Äå(ûÅQ·\u000f+ nØ¡\u0007nue¼\u00169J`ï¾3°æ>ë0\u0017v\u0004\u0007ÿÁáÈ\u001f/Xä28|°¯\u0012\\\u0015Ú\\\fCc\u0000L[\rñ\túÊ¡1\r¾T\u0018¸ïy­\u0002ÌÀD\rä¯Û\u0018û#Z<\u0005J\\½^Ç#dÔZ3\u00112ºr\u00102:x¹&×´\u0015ìe\u0011êþ\f~/n\u0004õí¥c0¼v\u000f1#\\\u0004ÜkçA#ªÊEÝ\nþ1h¤APÉdFxÐ\u00174â7']ÞÃp2zH\u0011\u0016é\u001aRS·ÕÑlß:c\u00038|Ò(ï%<ªQÙ.;û\u001a\u0006Ù1`\u0010`\u0007­*iK#àjw\u000fÑo$µ\u001fÂ ý\n\u0006Qd¦`\u0010=dµ+G¦áXN¡\u0006Q0p``³=¥wV8w\u0002jÙ$R\u0000ÔgHtãý\u001bÔ}\u000b\u0019:4®ÏN; í£´{2\u0014~-\u0012\u000f\u0016?F\u0003!£:Ò+ÚÆåKQiüzHÏ ·éõÁ\u0016ø\u0015ó\u001a½Õ\fÄé+¤w=\u000f-\u000f\u0012-ÕûÐ\u000b¨WPóÑRßüFqÝ\u001dUoá(Òmå@º¥2\u0002¶\u0019EÅVÞ\b¢n1\u0016%\u001f\u0018Ù,²b´W¬B*¿\u0012\u0002\u0005òüR\bpî`\u0007Pþ¤/¼¬¡2X)Ê|¢ÜIE A\u0010=rÈCO\u001e&Aî§)±\r)s%î¨?©\tm®\"?Ê¡Ä´{èQªxDAÀ\u001d²M\u0018\\\u000fìXÝÂ[`º@eG\u0019_\u0002sîÀ.¹Ï½/¡Æ\u000fíÙ\u001d¥8\u0010Ö?ÄA\nDðg$0\bäVDT`Lù\u001e\u0013\u0014\u0014D}-be DTÆ.[\u0003\u0003Ñd\u0002r±¥ñ\u000fßJ!\\¥ï¸¦¦\u001d¡U©s\u0000ýÈ4­;Éûf8æõÆyÒvÞÊ©äýû\u000eì'\u001b¼\u001dË{éU:Ï\nÑÚþh\fÃ?Îc*I::¿g\u0002\t9ý\u0003\u0012r`|½;\u001c\th ¤ÛÅß°K\bJWz!{ü\u0011û\u0014\u0014£ÁUØ¾ÁËGÑí=ä}Àà\u0019SVùGek\u0017\u001eïØÖð\u001ej\bÀ#\u0006 q0,À#ô\u0019ø­æèÐÞºöÔÌq\u0014Ïô\f\u0002àÎ÷ý©!·^Ã\u0017EBÎ]\u0013äÞ\u0014^­#²/ÙÔ ><ÉÇ6¡q÷\u0005=\u0010$uù o¹ë$_\u001fuÀÉ>wTÆ¥Ãá]\u0007TV\u001d½\u00146õ\u0011gôD\u0011M\\:LÌtèh(È\u0018¢\u000fá!aáè\u0013\u001e`~ÌæòÝ RR|é\\Gï(¬I®¥À8\rADû?»§*T|\u001bõ\u0014mªÄ¤\rJGöe\u001b¥\u0003:]KBh\u001eÛÕ\u0011_Ó\u0006\u000f¯O[òÜ\u0004¥0]ñúNHXé£Ë«Ó8ô{\u0005®©\nTGC¤éôéº!\u001fn\u00182­\u0000°àL¼üåLÀ½Æ'#0éµým\u0006/ÎkH=\u0013ô\u0019ãMÓ\r²ùø­N\u001b0fØj`\u0012±2¢T î Ô°ÿèk%y)\f\u0013ã,S«5#J'\u0003\u0000a\u0018Å±Ã\u0007;j¸èÑ\t\u001b{É,gê\rpè¥uÛ©ø,&Wr\u000eXXM\t¦î>«÷\u0011ÈÈ\"\u000f÷\ry¬¾)7Õö¡-4µd\u001dÀ\u001cÔ\u000e\u0012u\u0014Ë\b)%\"¤äãôè\u0003à\u0005÷AiùÄÐ8Ìëu\u0001\u0003mð\f©èÒáÓx\u0006á¥R\u0015^\u0002ì!£Ð\u0013÷\u0005¥BLêÚK51Ù%ÆôÃ4\u00034\u001fÊÝaîî\u000f´ßñÅ~ä'¥ïú*¡e\u0016¦hªXûe\u0010J\u001dØû\u0002\u0006Ü¦FkÞ9\u001c\t\u0001\bî#¾*E\u00050mD%Z8ËÆA\byj=²ºý=\u0000ÊÁ®8V¦\u0010ùcüVhw0\u001c'ÔùÁF´ªí.¬ Äö\bÃî\u0012ÁÖÂ\u001e÷F!Eª½¢\u0018£mÃ±\n\u0003a\u0007Wá:É\u0012³ÃdÛTê\u0005yièHTsÓ:\u0011\u001bô\"2\táPQJf6¡r#Tb%\f\r­\u001ekäN\u001aO<Ô®«§ËR]Q4&)Yvt2 »£\u0000¬v\u0002\u001f_Yw\u0000ö/ß§)wV (r\u000e\u000f@P$ª\u001c©ãr\u001b\u001a\tMW¸;í±/;M@x¥÷\fµSÐTo\u0012p±-ÃTú×÷FÉ43]:\u0004E\u001b%|ªð#aÔ§4ýð,A±`WGöîi^\u0003@é»øZ5õÊR1,`öQc·ò\r®UíTÜô\u001bí4§\u001fÎuî×¢£>7vJH¶>\u0001oGíû\u001bJ¹ó\u0001íÄx±iø¦ó\r¿ZáX\u0017ÇZCAt/ôªoÇÜÑì\u0006m¸þ\u0007ÇZ\u000f¶D\u001dËÕ\u0006ÇÚwÓpôOµïép&ÔÑCÏ\u001aäß¤\u0005Ã±>¸\u001dl#0iúVnD®ã-}AB¢v­}\u000f\u0005\u001bt\u001cÂ¶¶É®(lõÐµFdK%=,=ÒI8\u0010½H\u0007®©°\u0005\u0017\u0004öNWB!µ\u001b»MQ¼Oæ­ðÑ\u0004à£o5kõ\u001cD\u0011fEï§ÐúF0|ó¢%ãN\u001b7û\u0004ãvJLîSª\bÃÖøµE\u0003ÄWGQ\u0015Ý¥ ã8\u0010ü«[üI\u0012\u0018,\u0007Y4:\u0013Ù\u0016\u00051UY4ª®~Sì\u0016¾!È\u001cÆQÌâÔ\"_\u0012/\u0017\u0002eH\u000e¼kÔ^©mTì\u0019µ5\u001bé&Sìá\u001e zNü%è¸Ïp©qHB_\u0007èÇXêÓ©×_\u0002á\u0015}þàÀÜr)}\t> Ò\u0007Ãµ¥ÿµ5¡mK7 ì!xó\u001b\u0018¤o~P\\ÚÜ\nP¯Y{\u0002éÔ¦\u001bDÜ§ò\u0003`e\u0019å\u0014\r\u0003ë6°®¶Fæ<«àÊ*}\u0005TI×\u0011»*Ö°«°«®+JJ8Í\u0019\u0001Ñ4z\u0016È\"W\u001f\u001f\u0017\u000fò\bb¹ó\u0019*jÅ¤¦^µÞÅÑ\u0010ê\u00100Ðq\nªÖ?ä¥#\u0005\u001ef÷mÚ\u000f¢Åê\nåû\u0012>vÅsÂºmçp>wÐÌ&UUE\u0018¸À¯iì!¿ È\u001a\u001c\u00181LlÈ^\u000f`Dª´MäÝ\u0003\u0013Ø\u0000¤êàX\u001e6®ý¨4h?UCòñ\rÚ\u000bÌ¾É¯Ë\\§ÉÛô=F\u0001\u0006b\u0005KDóÐwã@çÎ08Óäv~YE¯.òÞ¹Ja\u0011©\u0014ØKÃµ³\u00154v§Ï ÔEõ¹øóYÅ8U*10¿Ê;%Fîõ\u001a¶\n1\u0015*Ü\u0005ÐCÎ\u001c;J\n\u0001°õSs1¼öúÊpì*oxð²J´ï0i\u0001-\r¿Ã]UÇ%}-¦CÔ\u0001·Pp\u001fU¹¦Â®\u001cÏ\u0003ØÓEê\u0014}\u001d\r¦,K\u0004á¦ai-§ÈZu\u0001sü%÷òá -`»c$ÆÁÿ­\\MÁ\u0013ðO}Z\u0018ÒÇWø{8ïà<1Î¨ã±\u001f¹;Çw.¦NÃÛ½«âÎ7x)ö\u0011\u0000Å\u0013ÏÏ:!BRÂ&´\u0006Y\u0006Þ\u001e*»û\u0000\u0004\u00040Rs1\u0005xR*®óv\u0013è{\u001a\\äÏ\b¿Õ\n»x×\u0015ò <¨\u0007v&¶O·\u0000\u0003Û¹¦ÙÙi\u0015ËÃÃ7³\u0010ÙFøUN\u0002!~86±Î}:À(\u000bø»V\u0015ÉþzAÃ_\u0016DC­0T\"³!yÎ¨Df\u000bÃ#V\"3ý¶\fÕâ\b=|\u001f*ùÞWW*%ÞÊÝ®s^wIyAQnYUN¯È+HÇ{ªPbëy))#òvþY%%ÅáçÎ¥\u0017f¡^z^Hzö9\u0014+.T%õÊÜçî¥\u0017çÞÊ..I8òÙ3wIpqFÛÚ{j\b(Lí-)ª¸g\u000bïÑó\u000fB\u0015;\u0014Ã»©`¸a(¢\u0006\u001cÖ\b´Ù­!\u000eEnµ\u0010¶0Äü³½ VzIA~Ç]ç 6 Þ{ð\u0006|âE¹µë\u0005\tE\u0005%\u0005\u0019\u0005yòa\u0011Êë¹.ç\u0015dä¢Øà]Tö+U\u0005½¼(¿çÒ\u001fâ*E\u001bw\u0011¾Uuú°\u001aEn) øó'ÑªZ\u001fþ6¡¿6æa\nqÉ?»\u001d£+ÈOÏöÞ*(È--<|ÈÑO}\u000fÊ(ðzxS±;£´È}E>\u0006U\u000e¿ÑúîÔwtÅ`+÷á'ì¢âX/Ê%fçßùé[ßõÆ\u00031zÉ\u0016bÑP%ùz Kv¥Ô³s{3P51órAfÅÁgî?;2\u000eÚ\u0016Ub¯Ø]åÂÂ+\u001bµ\u0005±2>>P¯Ö,¯K\u0013\u001a\u001c\u000eTÖdAÅÍßà³C!\u0018¿0TïSUÎÝÅÅ cÚ¢ê8¶iÎÈÌ\bv:2Á¡ÌÐ`Üb±y¡v·\u000bü\u0010PíÍ,(ÿ÷Xm6G¦Í¡ø= /Û«!mú4ÌW½Y\u0015ô\f±ØÃBTA¹\\·ú¤0+#­$º0Ù~ó½<ÿ¾=Éa}\u0014Wñ<9¦äÒÕèçÏìÏ^x¼[Ñw\u0013£oXÔ#±üìginOziQX\u0010¶\u0007ìÁ\u0016\u0012\bHd6JiÊ íô°0Í\u0013ìqÛÁ¨;j\u000eN·f].ÃìL\u000f\rõ¸ÓN+Ð*Æj\ns(EòSñùL(5gz98Ôå¶\u0004§gÜÐ\fGfºÛñ7Ïc}À\u000eÿqñy¨HCgo~©3-&óA\u0011IQ°Ö\"fè\u000f\u0017ãøÄ\u001fHZÍ¾²ö?Õ\fu\u001eÔQX\u0011pù]\rÉß´:êî¿SÕxÝEBÓ²ÓQ7\u0015ª8ÛåÎtapÞÒ¼<y¶¯°©F^A±;\u0013õ>\u001bý©ë¯ïø7\u000bZCÃþjÿÿ°Ðìª®þ(rZ^ýû\u0015MÁPF9Ñÿêÿf\u0015_ÕàÄ¿3Ö\u001f^\u0005s!\u001d\u001beI¬ÑÅAXÙ(A«Fô/\u0007a7äìï\u0014B-üï4røù5ÚÈ!:voÀ-nå÷Aø¤G\u0006^W°\u000b\\u8\r8µ`F5m´ZùÝ­»ÕqjyP6¼¢Fí^x KÈpDÊ\u0001²ág7dkl0ë2U]\u000eê¥ß\r\u001fuQ;\u001eDH:àÌç`¥6}üw\u001b9ü¤ýu\tÔ^F\u000eq\u0005ª÷Înº\tÅ\u0011tÇZTFÛªV»¯@[\u001a\u001fWò\u0019OõrÃ\u001dÞ\u0000\"Í¼ÎÍ(Õ\t§n\u0003Å\\ù£\u0018\u000eÑ7é\u000bN\u0007\\Py\\\u0001ÏÄ)E¥û,xGCHnÜâX\u0000\u0005õ\u000exk7Në^\fa!¸a÷\u0018\u000e¼í 6\u000eÜâXxtKXÈzÔ³ê50öÙL,Ý'ÞH\nIRÅT\u0011\u001bï|Ä_¸%\u0019\u0018Û:\u0016\u0016\u0013³ây.\u000fgç$3Åì~\\T#'IMè\\ ?(üáK¯¥Þ¢³FºÉ|#H\n±¸³i'\u0018PÊPÙC\u001ck÷fçQwùMªR}L\u001cP·É\u0016\u0017Y\u001b\f,¢\u0006ó\u0003xCWQA)ã\u0017§\u001c\u0006/³Èoä\u001c§Û\b©-µºÔ\u0011M8uïï>Øyæ\u0006Æ#ñ\u0013s\u0002×Eë\u0006qd^ø\bå¡À¶\u0003ñü²\n+\u0001hìò«<w16\u0000Ôïy¬J.EÂ1Úá&ÛU©Ô\u0018@\u0012Ó@«º5îbÉ¤ö@ú\fiú\u001að ÀSË3\u0017\u0004LE.àÝ×p\u0003U<nõ2n¿\u0007Ò¾\u000b¢­gHO@°Y'H¶&#÷bB`xWÒM¸ï\u0002\u00119r¨\u0007\u000b^\u0004Ä±^\u0005 \u001ffÁå\u0003ÓÉ\u0002g*X\u0006¨\u0016ªIiÈ³?\u0017ñ\u000f\u0000©%{ÈM¯\u0012pM\u0003fÓp«^¨»\u0005Q}U\u0006\b²HÛáÂ»\u0010R(b¤áê\u001c8à\u0017S8s%ïr´yýúÕkº\u001e?=Ö¢\u0018Zà}\u001f\bÂ\rU\u0010üÖb*xNÚEu¯±ë§\u001d\u0001´»ºV\u0002lo<\u001e\u0015>¯<¼\u0010\u000eÜ¾\u001eìÙh¢q)Qæ(|\u0010S^\"ÔÉ\u0000¼á¹\u0017xå6m¡¦ñ\u001e-=\u0001 hU}ô?DÞ£)çµ\n\u001e¸\b.E-\u0016´lø\fI_¾\u0016,U¯0\u0006¼ \u0011e\u000fS\u0005\u000fqÞHõDX.ca¶\u0002i]ÎRÚe@\nf£WßãùûÑúX0\u0012\u001b¦iÙ\u0011á;\u0003\u0014hÚ\u0014\u000eÙÑ\u0014£ídé¡\u0015ó\u0001\u001eS\u0017\u0015èW\nôáÕÉ\u0013Ü)q\u000f\u001cF;\u000bEäT #(Fm6U¶Dr%ÓÁ~¾.Û+QVZÁ]îç¨<\fñ[\u0016$\byõB5¿æi]{àà0áfá5ãws\fw>HM<_U\n\u001eÓM\u00184s@9Ã©ªôæ§f\u000eé·\u0010rë\u0000Ø#gD-7\u000e\u001a:$¢RòA?\u0007­ú±\u0003ò64\"\"í\u001cP(À×É\u0001Áä/ôéÁqzýö® \u0000\u000fþ\n|·ï\u0001ôô©6 Û*-Xy9\u001a1lè=\u001d\u001cÄéIZ(U\fy5\u0006,ò\u0006H:5&ñªè\u0005km\u0019\u0004¥\u001b\u0012Uú'B%HwñTÔÜò@guBâÞAU}Ï,\u0003g\u0002¦\u0012À\u0003;µ\"^³$?hþßí÷\u00163ìñ²Ã¡ÿF\u0007\u0007ÇD\u0003\u0007\u0007ò\u001eì0K\u0018Êäÿ¿ÚÀ\u0001«ðWËÏÿ\tÙááüo\u0003ÿ\u0006\u000eÊÔÒÀÁì\býo6p°Yà þ»x¥Ù¦2j·Wù\n\u001a¤9ìá ýÝËu[\u0006ç]\nÈúr»xë\u0016Ï\u0001·ÿñb«ã åïbÕÍá×Í$\u0000\u0014\u001d\f\u0004ß\u0019\u001dë|îºí'ÐÀv0}ý!~º\u0018§Èÿ8\f%R¿¹\u0018Þ¾Øá»Ø7fÛ\u001fQ\u0003«\u0002¶~·bÿ1j ÆöO \u0006¿Ò ÿ\bj`³þ´Û?\u001aØþcÔàß\u001fðßÝ:l¶¿\rÉükÔ@é½¿\u001aè\u0016/ÿß \u0006!0_ ¢/Î\u0000ÊS?Ju%oÃì}r<<_\u0012\u000e3uQç\u001cØ3iò\u0004}Cùvøko`ñu \u001257Ú\u0010ãv&$T½åâX\u001bÚ\u0004/\u0018Îý°°Sí\u0016äb6\u0016I\u0003k\u0019oHß9¸\u001c(\u000bkoZ¥ý?\u0000\u001aÌßK,àÁægáz¢\u001b ²\u0012\u0002åx¹K\n¡Z\u0011\u0010¯Â´Ö©-¡ßÄ¹/p\u0011;óQê\f>üw\u0004ç\u0002òÓ\u001fÑ¶q\u0011´k2²÷Ûaê~| %\nmi\u0002Î#ë\u0005ykµE¬¶\u0015¼G¨\u0006 é´&{X\b\u0017\\FBÕ\u0018¨¹wÙ\b(#®=\u0001¹AEx$²Yñ\u0014À5#(ØªmiTË\u0013Ç\u00075n\bÖ£±®\u0003âk\u0005çê2²v>GÀ\u0019ûÂ»ÒéR 0\rÇ¹ó4.yw\r[ZOÁ¯X:Åî»d²iddH\u0006²ç\u001dÜ\u0004\fá\u001e¼iÉÛ²'\u0004\u001f¾GnD7\u001cQËX\u0004«×\u0004ìX$sÃ2XÈeoCÕýðÉ\u0001TÐÁ_\u001dÇAÝÃ~\u001d8ÃýU\u0017Ñ³ú\u001dçö[9!ª®uÀ]ÞÅY¼P\u001a«\u0010Þ^{õ\tþõDÎå\u0013pFzää\u0003¥wßóRh\u0005-¸.ÀSyK8\u0007Þ ¾>DUIa³n\u0006¦\u0015a´}ÙLÈxJ<l\u0006y$÷ÛvÐ\u0010R<0Ä¡5É\u001b3UE·`I®¶E]þ×^£1äj\fIKà¿Ø¢¤çp[å\bÉu\u0013I\"\r!TÛR»X'µ#;bò\fßàOÔ <Í'7ñoRÒ+]·dÐEVx$ï\u00062EÞcMPòÐ{\u001bÝ!%¯\u001aÝ!_\u001eí\u000eù×U{Hy9£-\"Ó©3ûàT¨tÔàØ}Ú\u0000¾Ëè\u0012y\u0003 Éké\u0012¹ÊçFÈ¹ ¤st#1ò%OÇ£'\u000fmÒÊà\u001b\u0012\u0002^cu%Q%\u0003\u00177ÀÙ\\,ÛÞ\u0006¤§\u0011ÏKFJ\tz\fã:Ý¯j%ªïxä~m\u001aÞ,ég¡<æ<x¦\u00168SàQú2â×¨\u0015\u0003<w\u0011r÷ê\u001e-\"\u0015~º$NiÛÊ­µ\u0018ú\u0007 L¨õ*JrÆOÀÅorÎAÁ¾Eê*)³Â]¾ªÆH ¥%S2äIç~ñà\u001f\u0006ø´:GN\u001e­4ïôqd\u001bv\u0002:U}\tµ·sc©Òç«Æ6êDq{$òQ7±`\rª·\u0005þ§\u000f\u0007ñ»ldÔS÷Ë\u001bÔ\u0015xUà5y\u001bÊ½pKu¡Êäñ\u0001º\u0010}Æ£\u00078¦¡ÊÕsO\u001ch/G5g¼9:Ý4\u0003l7'§DpráaV\u0010 Þm3\u0000®²Û\u0001Fó[ÀdSú\\®¶¼-T7F\u0005:o\bn\u0013.\u001fÓ/ÝNÌÇk\u0016kQ\u001aª\t\u0007Z8-Ñ$¹SöÇ@]\u000097AÚOtÍf«=¦ZWÆwã\u001b\u0019(ê£÷\u0001zìrÎì¸ù=º~ÐÛP\u001eÂaõñü=\u0003y8ø¶5\u0004jAúUj-\u0003\u0000bB\u001f'\u0005ÌÒ³×©M²ýÔ_\u0004\u0019lÎ\u001cdPäþ\u000b \u0003\u0002§!¦P«Õfµì¡ÊÓù\u000b(\u0005¾ß¿F\u0015~}Õ?)ØÿiSHP\u0019ÕÿÅ\u0014þ§0?áá_c\nfS\u0002\u0007\u0004Y°ýW\u0005[¨Pðï!\u000b\n\"P®±Â\u0018ÅWü#P y\nÆÅ\u001aPTùÍÅVÇï\u001digè¿ß»ÒìÔXÆAví©\u0004 ØÁ\u0000ñÔ\u001f/þ#a.\u0006*ï~¸Xa\n?^l9héðMýàÉºÂ\u001b~7u»êlùgSWàñÝÑeøñ½¿{´M°ÿ\u0004øIü]xâgeôÀ\u0013vóÏçx@¾\u0003\u0007\u0010Ôï\u001eõçHÇÁ£0\u0015Mß?êÏ³\u0001\u000e\u001eu\u0000hýåEuXÿ<Æðè\u0003`í§G+aÊVh°6¬¿{Õ«?¾*Ø\u0010Ó¿òäÐ¿\fýä·>ÿï@\u000e?½æ1·J6³[¡\u000e(øè×\u0018O\u0017åv~{Z¯èúÃîè\u000e\u000b\u0018\u0002®:?ó\u0005Úej(ÐG½L(õ³LðVÕX/\föÞ8Î?9â, c¶\u001a?éó\u0015ª;è¡5)ÓA\u0014ø£èæ/ÕÇ\u001d<0ìáT .\u0011?4»\"³h¹\u0016ñ&¼+Dåø¼|£w©&#\u0012Æù¤ÈùëèÄ?¸\b¿F'~z\u0001\u000eê¥¢ã=}8¢\u0003\r'h!éF]ö\u0019ïÒ°ç¯X¸é$uZxà¯Ì:ÎÇ¡}¯výú\u001aôB+Ã\t¸°\u0018\u001aO@­\u001eà\u0018Ú±wPÍÃRDÞ\u0018÷\u0010FÚ|&ðpÑ¡?Iú?¡Æ\u0002ºX\u0016À}|\u001bK{§&-¡ÑÌ[Ê\u000bçMÝn¿âü#U¶0ÞÝá¹J\\=­nÙ=­@x\u00110\u0001º\u0002Û0\u001a`^\u001d2\r3 \f_Ç=\u0003á(Üö1zõ?¦zÄMqp[\u0010µÈ$¯l¨§\u0002\t\nªòÀ\u001d\u00043Õ±÷]$`|DýÆRîV\u0005_;í>\u000b§Çì\u001aô)* \u000fÙÅQ¼t\u0007Ão\t\u0007òëïÞç]iaëÂá\t\u001dµÉ\u0012ÏÏ$£qZùý#£µ'8àÀ¡r¹ò²nñïD>\u0000Î´óH¤°ÉSÔ-m±Õp{4YSÃ;ýT/9\u0016räè\u000bÍïJç\u0019·$\r¤ÓÂqî+¶K2\u001fá\u0013\u0010\u0014À4(Bà»'Ï{ó|6qÝv3À\u001f\u0000gUN|H\u0003ªQ!ö;ã\u001a#ê¸7Ü0¿¤ó4,\u0000\u001d±ÛÉ\\¸÷\u0005ÜÕÏôî|0·%^~6þVrÆ×ûòÜc(M½`\u001eü¦3\u0011\u0000I\u0014T§ºÀýh¾\u0014ÍÓ± \u000eÎm%¨r¡:É·æÑd4¦\u0002ðÖ$iÀJ\rÕ\u0019¨Ñ¿\u0001Çt6JwmÂ0Áº\\ðü?ò[ïÂ\u0011´¢-\u0010À\f'\u0000àXo\u0001fÐ\rT-sn.ãÖóHßfjH\u0017 öJ}üÍ©Ú²´C\"Z\u00006½ÉH\u0011\u0002q[ªB\u00038«´t\u001dõ5PBA\u001f©\u0015õ§Û,<§Ü³8VÄ½r)½Òx\u0004j*òã:£]94\rþí¨ê\fìfãê\n÷ú\u001b\u001a®Y<^`Cïh%\nßv:\u0006|¾³Õ©®ë\b°wX#yó6@Ç·>±FÌ\u001e%P\"GkL\u0014\u0007pð,ºåÑd\u001aw>E¡ë)\u0006Èð\u0005\u001c3vEô)ÉÃï³±X³yV§+\rPË\u0018o<£Ù\u0014Ìò=mÝBPÈ.ðÑ²\u001c¬ô ¬C¨Goë7viçcQy\u0013ã6V6ð­\u0010\u0003ì c!¼rZ­ñ4çâ¾D°×ðÕÅüÁã(¾r9ªé¤q«%\fÇë\u0002Ñ\u000e*\u0019\u0000Æ@Éx\u001aL£K!5·TÆ®ª\"6¯Æ^ünÙpÉ\u0004M\u0007#7I\u0003;àÛ×ôÎ\u000bP£W2U[gþX\u0006L`Ï\u00075 Iv\t³Ú¸§÷\u001eC\u000ftæCP'/¡p`?T9^^>}\u0013ÏCÃ\u001bi\u0018Æ\u000b\tÀ\u001fêCôá!3æ<\u0006´\u000b\u001d¸hÚLCy9\u00012´l«óJhZWzû#\u0013pfÚÑ@o\"ð@õ.a|¯72]»Ø]^ zÃjõÛrþ®=\u00052$ÚÅ&Ù¾rÙù\u000fJQp\u0006=\u0014èë#@­hùíÀA¥uì°SZ\u000fÞ\ri²_V~s±>\u001aU|×U¯\rè£WºåzM·xWPQ9 ïÂ*6\u0006!\u0003¤¹â©(\u0010_\tÉ¸ÁÙ4@«MO©­0A\rêI@\rà\u000b±N ÔÉ\"tÅÒ\rX\u0000©A\rV]@ý\u00112mZQVêoÞâW¶X XÉ]¶¡ÏòÜ\u0015zu\u0006A=Ò\u0017³1\u00032¡s@­Ô2ltA­\b\beå7OKo©áBÐÑMMuv2eB\u0016 ÝßÁÞØR2º%\u0017ð8\n>×>N@ZÌ\u0016­^RMmxÊ\u001eej\u0007h[Éýãè\u0019\u000eHÛ'èC1°ÉÉû\u0012t\tM»\b\u0015V!ÙAÀþ_U#H\u0010u\u0014¬\n7÷}Å R½ù¸¦\u0001Æ\u000f¦ÜB_½\u0013\u0018Ò`°9Iõ\"D¥«üá\u0016\u0007ÅP«\u001c\u0013òe\u000e\rð$ú\u0010ß<|\u0015Ú\u0014mÛ s_¡.vZ\u001cö1ÔpÈáf40\u0004¯Ï\u0014éB9èw\u0001e\u000b´ ·\u001eZ{¤µ0Ì(\u0004\u0001Z\u001eaÂï!\u0006¨F\u001b\u0019X¥.\bL\u001d¿,¨f_½\u001dî\r¸\u000e{\u00035+®¥zNè~®Ø¤DZPéD.îÄù³2 «-ªóé¤Ô¢ËçoÀ@\u0018>ÁI¦gY8\u0016(ªÙ.h2\u0007\nÄ$ð°\u000bp¨XwÖü45ÛÕ3N\u0006\u0002\u001a\u0004Þ)Q\u0000\u0007~ÛBö\u0011w\u0016ÑÈY\u0017²ôÞøÕB!}ÑYÖ ^}!ÂòL®X±üÅP Ë4t\r\u0007+«ª¨%Y©Xúü/(!1\u0010½I¼º\u0015»Eýýl÷-R,QÀÉ\u0013Wp.KÚ#ÞëÕ ù°¯ß%5\u001cCÊ(Ôè^6ôW'7ÅAEv\u0018=q°lí4NôÅ\u0006Ö\u001b¢&oª\u000bÏ\u0000Ðv@É´BÅÕÓkS\u001eøìðÐ&Ø¢1ð8\tè¾³á Û2`úWøåë\u001d¿Û1s\f2¬³¸Mkj\u001eº w@\u001cÍÃ[¿£6:N¼z º8Sh\u0002YªËñº1k9\u001dê¹DÀ¥ÇºÇ\u0007ÛC\u001f³PpUPG \u0006£\u0007Oûrì.T\u0010ÓÐ|©\u0003ÚcW\u0000hj\u001c\u001f\u0004uÛW¹µ\u000bç:\u0001Vßq@ýfò\u0016J¨\u0016´\u001dnRè;\\³ÅËa\u0016ØÚ\u0004üûLJ¯\\²\nCõ@g¼{qLfäá>ÕÝmUUQVåõb»Ï\u0014`^,$ijÂ8ë\u001f½À[tG1ú¸º\u0011ª`\u0011+yìâYj\u000bTévgNÙ<Y/ªuâ\\\b¿A\fõJpàð=jdÁ ôÈ¬alãX\"\u0006vTu\u0018íF:ðô&¨ô=,<\u001aþ¼J\u0003\r:\u0003¥§EmÌOµÀCá\u000e0ð®êè4\u001b9&S9¤K\u000e\u0018\u0013¨\u0001°y\u0002õåÀè[E\u001fÃ=£Qü\u001dÞ³9\u0015Pó\u0013.H+Â\u000f\u0005ô:ôª·H=L\u0005>¹\"Ðè?´øÑ\u0005\u001c\u000b­C[5pëÌyX+z\u000bAÙ1ôY¸\u0013!­ëj×m0»ÑT\u00046á\u001c\u001a\u000eBÛC´´ÁÄ>\u0004býÁÛ­.~+gë3.@zÀUÝ¨Ò\u0017{\u0007-ÝÎñÆ\u001düÆ=Ç ÿ(ÈJ*NÅëÊç+\u0002¸f\"Pª\u0001­ ò6Ú¾\u001ex\u001cDµ\u000eO{¤âQÃ\rØ'])÷©)%°Èþ\u0010Iªª\"Ð\u001cÎ\"¾¦3Q6ê8öýsºì\u0007ÖÚ¥ï´§æÞU6\bNÞómj®+°íý\u001d¸#­\u0011³@\u001fró¨!0åa=þ\"ÎðJø\u0004}\n¨Q\u001ayX%¨ë¥O]\u0015\u0004çõGP£o`¬íÑÛgÅhxw¹\b\u0015\u0013|ÁµbZ\rC§ÏPOÖ¥Drê^¦î Ý$Ì\u001d\u0015zR|<s¢\u0014£²@Äû0û~RGJ¹»\n¾ä³º \f\u0006Tï£°éßêNêªF¨\u001dÛ·3\u0010*£I\u0017Q°h@0ç3÷<ç\u000e\u0007\u001dÐ¢â<}y\u0007Ñz.üÞº\u0018p`ÇÅ8\u0004Ø&Nð×8\u000fx\u001cU£ÝÅPêË¦ç\u0010\u0019Ï¬*,)\u000f(Ç¼ÁãFÑÚYt'|\u001bíùàt´AöPðÑ$Ê×Þ#5Æë>_¸\u000blû\u0005»mÝ#t9øú\u0004»YõwÍ¢]lîVm)¸Í«ù¨\u001eª\u0017EØÎó®*ßç½\u0014Ðå05Ì\u0006_ªWïJ+9W\u0004%zi®\u0005Ø_\u0011÷ò\nü¦uúRW\u000e>£V7Ú`B/NFËÐâK¦(\u0004<áP³ýá¨7ê3iôòå[P\u001a\u0000¾>ëàIRùùÕ\u0005£Û0²\u0003|'õÝEWi·ÒW\"&îbN\u0005:Á6}wÓÂC¨ÔTDê\r\u0001\"Z~CZêP¹óRÈy\u001e1\u0007@fçLÉ\u0011ÜV\nn<+BÀ\ní\fgA3d1ój=SÐ#\\ç\u001aÛñ\u0010\f \u0004Iê-üÅýÒ\u0016$¦X:LÏ\u000e³:m=@\u001e/<n;Xã-w¾(\u0005êÚÝ\u0003ð\u001e\u001b\nÑ°KJ\r9léªãÇñ\u0000_@w\u0000zBNô{x;³«£\u0010Q|%þ\u0007-B±nðbæ¥\"7c-Ñt94\u0018\rëb\u001aªy\u0013ûøÜE\u0015ô7ò.Ò¨B¤5gC·6È,·`IPÙ\u001atõ~~\u001c\u0006\rL*ú\u0007ÞÔ5,à¹u>WÛ,~\u0012´©Wq\u0003\u000fë]ª¾]¢þûºWîªâ\fã×F1OX)a\b÷Î¨åW\u001dÖi¨ú*þê\u000f\u0017T/×æ\u0013þ\u001ckz0fK\u0011}°¿Ð³kö\u0014Ï\u0007\u0006e`3Ù\u0001ÒxVQ¼LïIæl\u0018\u0011Ó×U]C\f©\u0015öÀ×kOcoã\u0014ùûµÐ0ºÂBfL¶Êl<w×pd?\u0019½5chÉ\u0001ÁºM8òò8-&\u001cÃsÆàÌJT\u001c¿@¼\u0010ví\u0013åO÷\u001e£}Ô\u0014ðÈíAè½I»°JU°\u001ck!\u0000\u000eT½x\u0003sê;}Ã³uÏ.Õlúü\u0019}\u0006(3_ä¦L\u0019«n\t\u0001ûe\u001dìýÉÃChÄd\u0014\u001dCA\n^\u0015OÐFË\t¡+-ê@Ê\u001dÜøJJ8(\u0016\u000bS¹\u0006\u0016Ì¾j?úR]POêÁ+\u0001¡ÜÔs\u001cY\u0014ãr\u0010Dõd{\rÕX>n\u0019\u0003õ(Ç°ýPò\u0013Å\u001a\u0010\u0013\u00104-Y\u00023¯%<CN\u00012 àËö\u0012ÓG\u0003aÍy\u000f\nÀH\r~N]÷9¬Êá{bº]\u000e\u0000ÞiÈÉ\nÉB¹kn7'<¨Y¸õ8dUkÙÌà³ôõ\u0001¬{ÜP\u001bü\u000f¹!ç$NþÄ.éÍâÆz\u001eOõ¿$®2ò¤6Á.¢Û=ÀRÖà/@µôaÝæWqgÄn°DÚ.ê ÷ôIÁÕ\n¢ø]\u0012×+lèx.¼ A\u0016ñH\u0001óôªÜ Ø\u001d0Ëw\n\u000bÎ'ÄÓ¢Ùr2G\u00049\u0003îA\u0007ê(,\u0004ó-ÆsÏ#Õo?:\u000bL×§\u001eã¸ì:ÃëÔü9\u001cýãhò\\º\u000b*õm6µåi¹È¤¶ë÷ aÄØÌ¤\u000eùSpa¶}m\u0002y\u0019'Ý\u001eÂ>\u0016½jy\u000bÌG0\r7\u000fYT§O¸Í\rEF5sºÔçu+/êíq^)N<\u0013È\u0013qF/ØÑBþ2\u001c:KMt,¨}\u000e­ò.2f.\u0018W¢wáÍTo\u0005\n¥\n¥\u0005¥õÈn\u0012¦!h;tÌÚ-1£­x\u0012ä¡k?\tÀA·8ÖJjýLBÀY\u001e¬4R'`4«C0E§ar Ñj±\u001d\u000bi\u0005\u0000Ø¸NnÊ¸ê­¤èâ\feýý\u0019Ï\u0002ÀëÄõ7?ÂKZy·à¤\rþ hHÄðÁµ0òNñëã´\u0011\nä\u0019G\u0011\u001a=ÆÅª0\u00181H-+Ðý\fûÆÂQ±ív,@\u0010t_máýØ\\På;oÝâ7áÜ\u0016YKí'PßbßÜÆV¸Å«%Ø÷µb7\u0014\u0002Õª:üþ.Èü\u001b=èdbA½ga»sâb²Ïøº\u001bë;¥D\u0007ÊùÆêö6¶sh1?\t'üEøLÜ©Z\u0006¼G»£°ÄÔ²BìðÈ½*t\u0006A\u001f\nZ¿ÀÃ\u0002<Û¤0\u001dC]EWnÒ;×ãôîÔSlfMü9\u0003Þs\u000fÍCO\u0006ÀõÕ|\u0007Ì£Ä°Á\u001d\u0012X1§kQá¿á\u0004Þ¨\u001cA ¿äIÚô?lFbÖPÇ9½­Ú£BáéõÑßúé*æhEBS7<\u0012±@åC\u0011Þr\u0000²_Âx]áë[ª\u0011¾V\u001f \t'q6æ\u0015$s_E¤z³Ñ3\u001b:û;(Ñ[\u000bn=pwB±|mX\u00049Uæ,?\u0017\u000eé\u0000<\u0005Gä\r\u0014,\\ó¼rÇ\u0000ºÛÅtrI­'\u000fÏåðlÈ{¹Ïï\u0003Z\u0004Ë£r4vâûOñd]´\u0007\u0005Õ·½Î;\u0012V\u0000V\"¹OÈp\u0003ep\u0012ï,mÃ53«[ªÁXÓWr#ÑM;ý´î\u0017\f}ÌÄLD[òù°Õ\u0014ê^ØvÕé\u001c§¿¨ë14·¤\u0017©ö%\"üÖøº^ºj\f\u000f÷ïbCAY\u0000OÓ0\u0012¦kte«^Û7 ß^ÇBo \u001eN³ÔefQï\u0006>\u0005¿?\rñ\u0018G\u0019(\u0018ÿß×À\u0016\u000bWià&,I1(\u0005ÿBßl \u0014\u001fø}h\u0019|TQ±Ö»\u0000ÉR°)÷éòÈ¸ù[e>jºÁ)\u0007ý\u001aÃ\u0016§îÊ|$AÍ\u001e;ÿ{nb\u0001ëÏA\u0019o#Þë&ÇpU´ÎPµ@u\u0001\u001bÞÕÝù<taóÔ!\u0014'B\u0011hqNMÕ\u0010C©u$ÕÂ]È£\\¥õÐ\f\u001c@Ä{[Osøµ6jËGyd;\u0017dÍû{ª\u000bOK«öL4h×bN­·íXy\u0014\u0006O¢Q|gº±§`3\u001bÊ¼\fÓzÜ0+G©)^Yðaî¼«¦D_§\fpæ\u000e\u0006`i\u0007\u0002¨í1¿I¤¯ñ\u0004¥ÜE­Â\u0012jTãÞã0|ôÁkúD= ßm \\\n\u0003ìÆ\u001cÔ\u001a\u000f\b@qþ:ú\u0001Ó+1\u0012-pèÖÌ9×®û\\Àó¬\u0002¯ÈéE- .Øx[§\u0013±5´8ÕÉiÉÐ¼+ah8Rª1 þÊ¶àï¥µ¼e¸\u0015f·\u0014;ü\u0017ia¨wðo\u0015ÛùÇ\u0012þ¡c\u0002ö0ÉàøíU.\t\u0006·ùÓaf\u0017_Érgä\"ÁC¤'dCüü7o·\"6þ\u000f¼ýêßÍÊþ'³úóÜÃY!ñë7\u0014\u001e¼ÀiþmÞÀ¿zÁ_à2<ý\\&yc*å\u000flôc\u00158\u001fõW\u0018Lêü_»Äÿûï\u0017ÿþï8«ó¥¶\u001bå9þ·¾Ñ_ªod7#\u0013ðÿ\u0000oð]§\u0000\u0000"
    }
  },
  "response": {
    "status": 200,
    "statusText": "",
    "httpVersion": "h3",
    "headers": [
      {
        "name": "Content-Security-Policy",
        "value": ""
      },
      {
        "name": "access-control-allow-credentials",
        "value": "true"
      },
      {
        "name": "access-control-allow-origin",
        "value": "https://www.vectal.ai"
      },
      {
        "name": "access-control-expose-headers",
        "value": "X-Accel-Buffering, Content-Type"
      },
      {
        "name": "alt-svc",
        "value": "h3=\":443\"; ma=86400"
      },
      {
        "name": "cf-cache-status",
        "value": "DYNAMIC"
      },
      {
        "name": "cf-ray",
        "value": "972480ef18b1739a-JNB"
      },
      {
        "name": "content-encoding",
        "value": "br"
      },
      {
        "name": "content-type",
        "value": "application/json"
      },
      {
        "name": "date",
        "value": "Wed, 20 Aug 2025 20:05:07 GMT"
      },
      {
        "name": "priority",
        "value": "u=1,i"
      },
      {
        "name": "rndr-id",
        "value": "13a31b84-36d2-4d1c"
      },
      {
        "name": "server",
        "value": "cloudflare"
      },
      {
        "name": "server-timing",
        "value": "cfExtPri"
      },
      {
        "name": "strict-transport-security",
        "value": "max-age=31536000; includeSubDomains"
      },
      {
        "name": "vary",
        "value": "origin, access-control-request-method, access-control-request-headers, Origin"
      },
      {
        "name": "vary",
        "value": "Accept-Encoding"
      },
      {
        "name": "x-envoy-upstream-service-time",
        "value": "561"
      },
      {
        "name": "x-render-origin-server",
        "value": "uvicorn"
      }
    ],
    "cookies": [],
    "content": {
      "size": 15,
      "mimeType": "application/json",
      "text": "{\"status\":\"Ok\"}"
    },
    "redirectURL": "",
    "headersSize": -1,
    "bodySize": -1,
    "_transferSize": 381,
    "_error": null
  },
  "serverIPAddress": "216.24.57.7",
  "startedDateTime": "2025-08-20T20:05:06.481Z",
  "time": 845.0010000015027,
  "timings": {
    "blocked": 2.1080000042007305,
    "dns": -1,
    "ssl": -1,
    "connect": -1,
    "send": 1.892,
    "wait": 839.6800000012056,
    "receive": 1.3209999960963614,
    "_blocked_queueing": 1.1730000042007305
  }
}