{
  "_initiator": {
    "type": "script",
    "stack": {
      "callFrames": [
        {
          "functionName": "method",
          "scriptId": "126",
          "url": "https://www.vectal.ai/_next/static/chunks/9da6db1e-ad7decc175389864.js",
          "lineNumber": 0,
          "columnNumber": 80787
        },
        {
          "functionName": "",
          "scriptId": "126",
          "url": "https://www.vectal.ai/_next/static/chunks/9da6db1e-ad7decc175389864.js",
          "lineNumber": 0,
          "columnNumber": 148111
        },
        {
          "functionName": "Pe",
          "scriptId": "126",
          "url": "https://www.vectal.ai/_next/static/chunks/9da6db1e-ad7decc175389864.js",
          "lineNumber": 0,
          "columnNumber": 148117
        },
        {
          "functionName": "retriableRequest",
          "scriptId": "126",
          "url": "https://www.vectal.ai/_next/static/chunks/9da6db1e-ad7decc175389864.js",
          "lineNumber": 0,
          "columnNumber": 118977
        },
        {
          "functionName": "Rs",
          "scriptId": "126",
          "url": "https://www.vectal.ai/_next/static/chunks/9da6db1e-ad7decc175389864.js",
          "lineNumber": 0,
          "columnNumber": 148321
        },
        {
          "functionName": "",
          "scriptId": "126",
          "url": "https://www.vectal.ai/_next/static/chunks/9da6db1e-ad7decc175389864.js",
          "lineNumber": 0,
          "columnNumber": 141725
        },
        {
          "functionName": "",
          "scriptId": "126",
          "url": "https://www.vectal.ai/_next/static/chunks/9da6db1e-ad7decc175389864.js",
          "lineNumber": 0,
          "columnNumber": 118337
        },
        {
          "functionName": "",
          "scriptId": "126",
          "url": "https://www.vectal.ai/_next/static/chunks/9da6db1e-ad7decc175389864.js",
          "lineNumber": 0,
          "columnNumber": 118343
        }
      ],
      "parent": {
        "description": "setTimeout",
        "callFrames": [
          {
            "functionName": "Er",
            "scriptId": "126",
            "url": "https://www.vectal.ai/_next/static/chunks/9da6db1e-ad7decc175389864.js",
            "lineNumber": 0,
            "columnNumber": 118125
          },
          {
            "functionName": "enqueue",
            "scriptId": "126",
            "url": "https://www.vectal.ai/_next/static/chunks/9da6db1e-ad7decc175389864.js",
            "lineNumber": 0,
            "columnNumber": 117852
          },
          {
            "functionName": "capture",
            "scriptId": "126",
            "url": "https://www.vectal.ai/_next/static/chunks/9da6db1e-ad7decc175389864.js",
            "lineNumber": 0,
            "columnNumber": 151479
          },
          {
            "functionName": "Bi",
            "scriptId": "126",
            "url": "https://www.vectal.ai/_next/static/chunks/9da6db1e-ad7decc175389864.js",
            "lineNumber": 0,
            "columnNumber": 65378
          },
          {
            "functionName": "",
            "scriptId": "126",
            "url": "https://www.vectal.ai/_next/static/chunks/9da6db1e-ad7decc175389864.js",
            "lineNumber": 0,
            "columnNumber": 64921
          },
          {
            "functionName": "ai",
            "scriptId": "126",
            "url": "https://www.vectal.ai/_next/static/chunks/9da6db1e-ad7decc175389864.js",
            "lineNumber": 0,
            "columnNumber": 64904
          },
          {
            "functionName": "",
            "scriptId": "126",
            "url": "https://www.vectal.ai/_next/static/chunks/9da6db1e-ad7decc175389864.js",
            "lineNumber": 0,
            "columnNumber": 65345
          }
        ],
        "parent": {
          "description": "setTimeout",
          "callFrames": [
            {
              "functionName": "Ui",
              "scriptId": "126",
              "url": "https://www.vectal.ai/_next/static/chunks/9da6db1e-ad7decc175389864.js",
              "lineNumber": 0,
              "columnNumber": 65324
            },
            {
              "functionName": "onRRwebEmit",
              "scriptId": "126",
              "url": "https://www.vectal.ai/_next/static/chunks/9da6db1e-ad7decc175389864.js",
              "lineNumber": 0,
              "columnNumber": 63832
            },
            {
              "functionName": "emit",
              "scriptId": "126",
              "url": "https://www.vectal.ai/_next/static/chunks/9da6db1e-ad7decc175389864.js",
              "lineNumber": 0,
              "columnNumber": 59214
            },
            {
              "functionName": "At",
              "scriptId": "159",
              "url": "https://vectal-api.onrender.com/_events/static/recorder.js?v=1.259.0",
              "lineNumber": 0,
              "columnNumber": 72562
            },
            {
              "functionName": "mousemoveCb",
              "scriptId": "159",
              "url": "https://vectal-api.onrender.com/_events/static/recorder.js?v=1.259.0",
              "lineNumber": 0,
              "columnNumber": 76208
            },
            {
              "functionName": "e.mousemoveCb",
              "scriptId": "159",
              "url": "https://vectal-api.onrender.com/_events/static/recorder.js?v=1.259.0",
              "lineNumber": 0,
              "columnNumber": 41250
            },
            {
              "functionName": "",
              "scriptId": "159",
              "url": "https://vectal-api.onrender.com/_events/static/recorder.js?v=1.259.0",
              "lineNumber": 0,
              "columnNumber": 42525
            },
            {
              "functionName": "",
              "scriptId": "159",
              "url": "https://vectal-api.onrender.com/_events/static/recorder.js?v=1.259.0",
              "lineNumber": 0,
              "columnNumber": 22912
            }
          ],
          "parent": {
            "description": "setTimeout",
            "callFrames": [
              {
                "functionName": "",
                "scriptId": "159",
                "url": "https://vectal-api.onrender.com/_events/static/recorder.js?v=1.259.0",
                "lineNumber": 0,
                "columnNumber": 22856
              },
              {
                "functionName": "",
                "scriptId": "159",
                "url": "https://vectal-api.onrender.com/_events/static/recorder.js?v=1.259.0",
                "lineNumber": 0,
                "columnNumber": 42720
              },
              {
                "functionName": "",
                "scriptId": "159",
                "url": "https://vectal-api.onrender.com/_events/static/recorder.js?v=1.259.0",
                "lineNumber": 0,
                "columnNumber": 22821
              }
            ]
          }
        }
      }
    }
  },
  "_priority": "High",
  "_resourceType": "fetch",
  "cache": {},
  "request": {
    "method": "POST",
    "url": "https://vectal-api.onrender.com/_events/i/v0/e/?ip=0&_=1755720306482&ver=1.259.0&compression=gzip-js",
    "httpVersion": "h3",
    "headers": [
      {
        "name": ":authority",
        "value": "vectal-api.onrender.com"
      },
      {
        "name": ":method",
        "value": "POST"
      },
      {
        "name": ":path",
        "value": "/_events/i/v0/e/?ip=0&_=1755720306482&ver=1.259.0&compression=gzip-js"
      },
      {
        "name": ":scheme",
        "value": "https"
      },
      {
        "name": "accept",
        "value": "*/*"
      },
      {
        "name": "accept-encoding",
        "value": "gzip, deflate, br"
      },
      {
        "name": "accept-language",
        "value": "en-US"
      },
      {
        "name": "content-length",
        "value": "3173"
      },
      {
        "name": "content-type",
        "value": "text/plain"
      },
      {
        "name": "origin",
        "value": "https://www.vectal.ai"
      },
      {
        "name": "referer",
        "value": "https://www.vectal.ai/"
      },
      {
        "name": "sec-ch-ua",
        "value": "\"Not(A:Brand\";v=\"24\", \"Chromium\";v=\"122\""
      },
      {
        "name": "sec-ch-ua-mobile",
        "value": "?0"
      },
      {
        "name": "sec-ch-ua-platform",
        "value": "\"Windows\""
      },
      {
        "name": "sec-fetch-dest",
        "value": "empty"
      },
      {
        "name": "sec-fetch-mode",
        "value": "cors"
      },
      {
        "name": "sec-fetch-site",
        "value": "cross-site"
      },
      {
        "name": "user-agent",
        "value": "Mozilla/5.0 (Windows NT 10.0; Win64; x64) AppleWebKit/537.36 (KHTML, like Gecko) Noi/0.4.0 Chrome/122.0.6261.130 Electron/29.1.5 Safari/537.36"
      }
    ],
    "queryString": [
      {
        "name": "ip",
        "value": "0"
      },
      {
        "name": "_",
        "value": "1755720306482"
      },
      {
        "name": "ver",
        "value": "1.259.0"
      },
      {
        "name": "compression",
        "value": "gzip-js"
      }
    ],
    "cookies": [],
    "headersSize": -1,
    "bodySize": 4748,
    "postData": {
      "mimeType": "text/plain",
      "text": "\u001f\b\u0000\u0000\u0000\u0000\u0000\u0000\u0003í\u001aiÛ¸õ¯\bn\u0016HPdI>ýî¦[ì-öHÙ@IÍ±®HíÉ\"ÿ½ïQ,É\u001aÛÓE[ ðL\u0000ÉÇw_|ÌÝ\u001fªâád51Ìå\"X\u000e\t|; saE\u00149$rmæ8\u001b-çÖäõíX*\u0000üÅ\r£\"¡9¬åE³BpVNVL^dð1yÏÓ0Û°\u000bß½\u001d+J¥°n\u001a¸ä\u0017°Ç\nøþÕ¦È\u0012k!Ûñyâ1g°þ5+·\"Cì/\u0004OØ§,ÅÕ·QÁ\u0003:ý6ÛÐ4e¥_\u0015ë.EQÉ=bZ\u0006¬\u0007UQ\u0000»^UÄpx#D^®¦Óý~¯ïX h¬S>Åó¬Dz\u001b¸S±I)°·H¸î½\nøöèºÖÂ\u000fÙ'\u001eÇtêèöR¬ýøf\u001aºñF\u0005×~£\u001d\\ûö6Ïcöùßq1ufs}æj/¿ûû/?|ÿZùiß°`½Ò~ÌøÔÐm@W+fjZnè®åº93´w1ðWdéÔZê¦îh?Ó\u0016\\aìhö¨q@ÐYiº®{à¥ä×»G=//XÄ\u000f\u0012\u0004÷Ë `,õ6¯7 4¨\u0016u«V÷<\u0014ÉÊ2g6,î8ÛçY!À¹è®+pÓq«û¨væ#\u0019øÒõ\u0013Ýrºt\u0016\u0002wÂ^êo\u000eËå'¿ú¸fYUn\u001e\u001bë\u0003Ê¹ãÌ-cf8º½\u0000^B^\n\u0006êãÒåÒ°#\u00121gN\u0000À$t\u0016\u001aÄ÷#×ÓÅ\"b´¦Å\u0005§1ÿD\u0005ðáÕ¨'a9ÄX\u0010ËøÅ\\®ÙÊ\u0002\"®û\u0001O\u0004Y\u001añuU°Ð+YÜËSY%¼\u0004\u0002Á\\\u0018øsôï6Ø\u001cÓïP\u0000ç&YÎh@fµ\fè2X¸®©YÌ¼8[{\u0005\u000b²\"äéÚc)õcI¯\u0000y%\u000fIQT\fÍ¢x8B§Lì³bëåô1Îhè\u00054\u0017À.ªúó'VDYÐ4«Í\u0001\u0010\u0003Î7ÁJÞClPÃ\u0015Æq¶\u0007\u0012& @\u0001\"­âøóçQ~\u0012Zn%^\u0019\bhº£åq\u0001BT\u0005Ëcúè4Pò\n*[Cm\u0001¿<©\u0012/¬`WúQ\u001f|çÂ«MÖnÒJdJ\u0013\u001exÍn#\u0011Ûø\r.)\u0006@Ø!`¹t±ò(ÂpÈÐp1\u000f¶OPn\u0000i øyàÍ\u0012i\u0014Ó5\u0010½@l£&I\u000eñMR¶'ÆJ\u0002hBî\u001eN«cÓËÐ«I°¡¢ÎÞºÈ*©»d\u001bÃÖëí\u0015ìcÅJ\u0015ÆÜ\u0002ÛÂ\u0010ðCÍpI¨é0\u0012Î\u0019]ú>\u000b@æ\u0001y\u0015ÍÇ\u0018T\u0000¬3/B\u000eþ$«èhaPÂtvËpëÌ¯Ié4\u0005K2\u0001u©àë50P\u0011l¤ö½èä¬í±RøX\u0018ÆÓFiBÁú7OÆ<ÝsH-_Aq/¤bô?Q%WÐ)@I0çîëÉ#æûùë Å\t\u000fj\u0005 j\\PÕï\u0004Ò3(nÇ&ïÁü\"ÛB1YMòMàwù\u0007ç»µ³O~u~sgï·ô·\u001f\u001e?~øF¼ýúÝÇµ³>D©õý»ÿñî[l8T\u0005)#ZÅ\u0002Å¨Ó±C,[ª@åN\u0017cøÄ\fBèbÜ`N\u0016n¸ P\u0019¬Ù2/ºØìe­¾xffÛnhÏ\u0003éM\r!0kn1æ[c0OzZ\u000föRÒ~ªcéCô/mm]¢N\u0018£®ÄSÁÆ_E \u0017³t-k=îÐ%ÿ\u0004t\u0017¦\rÒnZ²Ñcªc\\ö\u001b à¶Àf\u0002K¼¹t\rÇv±«èòâBN©\"\u0015\u0017; *Ex4çÎ\u001a\u0015×z#°£g)ð\u0014²B\u000f²dZ\u0007®ì\\1ÿaë2ô\u0013æÎÀ;ÂP×¤à1ó`é2\u0019F${\u0012à\u0001\u00058Æ*\nÐ$\u0007 \u0007r\t\"Á×ÇÇ¼bI\u0000N¸À¤\u0003þ\u0003Z.!þv¹\\|~=Öº3`Ì1\u0017diÐÌC' öÌ3gÑmÝ;\u0005ïÖ½ßº÷ÿ^÷þ@«Gþ\u0010\ba=,w\u0007YNºwwæÜº÷[÷~ëÞoÝû­{¿A±YW]éb2ñ°N\u0005A¨%ØÓx`v©±r·Ö7Ð\u0017+Á\u000e¬\u000búHf¡ÇU\u0000\u000e©>\b\u0014cHÂëXÃ\u0015K?³\rcE(<\u000fj\u0019%\u001b\u001eBóóåïÀnÅ~Ô;ALË\u0012Öj4Ú\u0010ÛpXZ\u000f¿6Âk\u001aº¨\u00180§Ð@4KuùEÓjJ(»[\u0006Kª©ø*³¢¿I@ù\fâ\u0019 \"Òpd÷!ã(ÙØ¶,°×RÄ¢ù×ì\u0000Kfh\rÿ­\u0006öÈÞ!SÔ\u000f69ªÇÙÏô¬XO¡\\\u001bS0\u0017H(6\u0004|7\u000eñdý5\b¾^xãWBd©Þ¤Ob:2²¿&wý\rïõ$\\É'õ^ÓGbùa«ùjèÝºº(hZB\u0005\n\u001f»¦©ÏÐ\u0016?\u0015Ù\u0003Ä£Ösè\u0005MSØe»\fj\u001dÂZ#üò\u0004çZ)­«:^p\t\u0006t8+\u0019Øð¢RC¾ÓÄ\u001eÃI\u0002Ô¦N}¨ë`:DäF\u000e½.n(e4r6`\u0002Ó\u00146DØçC}=åC\n¯\u0017\f\u000eB\u0018\u0010Z³yd\u0003\u0014\u0017Ø\u0005ÉF}¥\"P³8öiA\u0004dT=Ù\u0001¼\u00048Ù ÷\"¨ä 2Âqå`Í\u001eÐ\u001eìj'çµQ²ZMVSd¯4hë\u001e\u0010]:£%#p\u001cz>)D#ü\b²øT$%Ðh È£¸ÊA\u0003­ÃÁ@\u001eùµ^\u0003N)ç1Fq\u0012\nÊ¹n¥aþ{s¥\u0001R¢x\u001b\u0012A\r\u001c°_/\u000eÉ_¥Ü>vÉ£D¦'ps\u001e*q@\u0016A¦Wªë1¡\u001d\u0011þ\ti[æ>\u0014·ü@¡Û§©´Ñ\u0018\u0005á5<ù\fÆ¨\n\u0006\u000e0\u0000~¶\rNýø<½3\u0016úÕ§\u0006\u000bÌÞ¦¿÷º\u000f]?+0Ëv¡èGÝÐ*wÅÃÝæ¾MoÝðº\u0015ó^ß;Ë2òÃý@æÌÀUXµ.ZÃQóGËk7J\u0015Í~¤¶\f\\i\u0007)âõÊ³`;\f²Ú¿ÝçØV¹q«¬ýX\u0010Km(ß­\u0001Y\u001fjZ²²Lñ¦Yw_Ð\u001cæEúäîN\u0016Õ\u001dVÿT|W}qÕ\\A++wq\u000eGQ×VlO6¬_Ep\"I³Q7h+mæ|ñF\u001b¬\u0012\u000e·\u0001Ø»Âé^ù0§[ÁPÈøâ\u0004ëgá£·ø{ß\u0018¬õð6¤±Ðë¥{¾ëÆJ\u0015RA=4C¹ÍV¡.1\u000eö{ÃmHÿ4¤=cHoÍ1¤7Ý>êÛþ!ýÂ\u000eé\u0000Ø\tlø¡CBwasÆ|õþÍmH\u001bÒÿOôåCán3¶§UÄÝ(\"\féaÄ}\u001bÒßô·!ýmH\u001bÒÿô<Í+qy´¾²Æ°«o\u0007tg©¹\u0016Èû-&¢U}ÕÅ\u0011ä?_â\u0004õWo´<«ï¾+­\\âì\u0019IÝo©9S3¢]iP\u0013ø_@\u001cÎÀµ\u0018®\u00195=A}¨Ô\f§ß\u0004î\u0016j±¾kHýìÐ\u000eÊi\\É+Ë`¸1;{)å%\u0010.À\u0014t01õ\\\u0010sì\u0002ÜÔ\u0010\bG7êÆ{ñ\u0002<z;«\u0017¯+»Cä°0:Hm&6Y¨Ç(^\u0001ª\u0012ô3c{|3\u001c¢\u000e\thíy\rÑiø\nE Ã<w¤tÂÐ>9ê\u0017`Kþ4\u0013¤ÓÉÒØ¤ñnià\u001d\u001b¿À°\u0006®+0¬ÁwüÝÜ»õ\u0017·þr öÉl7'.z}°¨\u0007\u000bb\u001db½ÜPhCI¼>s{WÌ7\u000f\u001dxNÍNÇN->\rè¢{ÚÍM¿'¬*EÖÌãHW25\u001d­p2H\u001d\u001f]\u0019\tíOm\b×\u0011âÇUAÊ\u0004måÇ°8«±\u001cËÀ ³\u0017£\u000fà<zlC¶Wj?ÿD¡+µO(\n'\u000eò\u001abÚZ®^¼÷©jHaÒÔøäªçg\u0003=\u0019ú­6\u001b]0uI\u0015\u0017åxÞH\u001cÆ\tr\u0002àð\u0018¨ÆÕ°hÂ\u001cÆÝö¸»\u000f¦ãÝ\u0019U\u0004äqM¢Ây'\u0012ÂO$t%Ï½!óe)\n|\u000eÜë©7'\u001eÏ\u0006\"ô¦Å\b~\u000e¼©§ç\u000fé±)\u0003.½]\u001a'Xù\u0007\u0000ì»\u0003ÄFl\bþ\u0003È\ntW 8\u0014Ó\u001cjÐ}w¯?0]%1Ôþé!ÄE\u0018]ã\u001cDø _«_gR|hê\u0002\u001a\u0007/A\u0019\u0000\fÐ5½Äº\u0006\r£n¿zu|Axêà8YV¥©õÒA´?É\u0007ææ³\n\u001e\u0000<Ó~\u0017ÐyÎC\u001cÍs\u001e®6O\u001dÎIt\u0013\u0015­^YØ»^>úòxÄjª·^£w\"¼%\t\b V´½ðÙw*è$o/'·ÛËÉíåä\u0013²^ûr2³û!\u0017^Nú\u000f\"·'^N\\Óý|ÿ/ðçú<\u0000\u0000"
    }
  },
  "response": {
    "status": 200,
    "statusText": "",
    "httpVersion": "h3",
    "headers": [
      {
        "name": "Content-Security-Policy",
        "value": ""
      },
      {
        "name": "access-control-allow-credentials",
        "value": "true"
      },
      {
        "name": "access-control-allow-origin",
        "value": "https://www.vectal.ai"
      },
      {
        "name": "access-control-expose-headers",
        "value": "X-Accel-Buffering, Content-Type"
      },
      {
        "name": "alt-svc",
        "value": "h3=\":443\"; ma=86400"
      },
      {
        "name": "cf-cache-status",
        "value": "DYNAMIC"
      },
      {
        "name": "cf-ray",
        "value": "972480ef18b8739a-JNB"
      },
      {
        "name": "content-encoding",
        "value": "br"
      },
      {
        "name": "content-type",
        "value": "application/json"
      },
      {
        "name": "date",
        "value": "Wed, 20 Aug 2025 20:05:07 GMT"
      },
      {
        "name": "priority",
        "value": "u=1,i"
      },
      {
        "name": "rndr-id",
        "value": "6f046242-495a-433a"
      },
      {
        "name": "server",
        "value": "cloudflare"
      },
      {
        "name": "server-timing",
        "value": "cfExtPri"
      },
      {
        "name": "strict-transport-security",
        "value": "max-age=31536000; includeSubDomains"
      },
      {
        "name": "vary",
        "value": "origin, access-control-request-method, access-control-request-headers, Origin"
      },
      {
        "name": "vary",
        "value": "Accept-Encoding"
      },
      {
        "name": "x-envoy-upstream-service-time",
        "value": "24"
      },
      {
        "name": "x-render-origin-server",
        "value": "uvicorn"
      }
    ],
    "cookies": [],
    "content": {
      "size": 15,
      "mimeType": "application/json",
      "text": "{\"status\":\"Ok\"}"
    },
    "redirectURL": "",
    "headersSize": -1,
    "bodySize": -1,
    "_transferSize": 380,
    "_error": null
  },
  "serverIPAddress": "216.24.57.7",
  "startedDateTime": "2025-08-20T20:05:06.486Z",
  "time": 291.82199999922886,
  "timings": {
    "blocked": 2.89400000472134,
    "dns": -1,
    "ssl": -1,
    "connect": -1,
    "send": 1.335,
    "wait": 286.1330000022864,
    "receive": 1.4599999922211282,
    "_blocked_queueing": 1.2820000047213398
  }
}