{
  "_initiator": {
    "type": "script",
    "stack": {
      "callFrames": [
        {
          "functionName": "method",
          "scriptId": "126",
          "url": "https://www.vectal.ai/_next/static/chunks/9da6db1e-ad7decc175389864.js",
          "lineNumber": 0,
          "columnNumber": 80787
        },
        {
          "functionName": "",
          "scriptId": "126",
          "url": "https://www.vectal.ai/_next/static/chunks/9da6db1e-ad7decc175389864.js",
          "lineNumber": 0,
          "columnNumber": 148111
        },
        {
          "functionName": "Pe",
          "scriptId": "126",
          "url": "https://www.vectal.ai/_next/static/chunks/9da6db1e-ad7decc175389864.js",
          "lineNumber": 0,
          "columnNumber": 148117
        },
        {
          "functionName": "retriableRequest",
          "scriptId": "126",
          "url": "https://www.vectal.ai/_next/static/chunks/9da6db1e-ad7decc175389864.js",
          "lineNumber": 0,
          "columnNumber": 118977
        },
        {
          "functionName": "Rs",
          "scriptId": "126",
          "url": "https://www.vectal.ai/_next/static/chunks/9da6db1e-ad7decc175389864.js",
          "lineNumber": 0,
          "columnNumber": 148321
        },
        {
          "functionName": "",
          "scriptId": "126",
          "url": "https://www.vectal.ai/_next/static/chunks/9da6db1e-ad7decc175389864.js",
          "lineNumber": 0,
          "columnNumber": 141725
        },
        {
          "functionName": "",
          "scriptId": "126",
          "url": "https://www.vectal.ai/_next/static/chunks/9da6db1e-ad7decc175389864.js",
          "lineNumber": 0,
          "columnNumber": 118337
        },
        {
          "functionName": "",
          "scriptId": "126",
          "url": "https://www.vectal.ai/_next/static/chunks/9da6db1e-ad7decc175389864.js",
          "lineNumber": 0,
          "columnNumber": 118343
        }
      ],
      "parent": {
        "description": "setTimeout",
        "callFrames": [
          {
            "functionName": "Er",
            "scriptId": "126",
            "url": "https://www.vectal.ai/_next/static/chunks/9da6db1e-ad7decc175389864.js",
            "lineNumber": 0,
            "columnNumber": 118125
          },
          {
            "functionName": "enqueue",
            "scriptId": "126",
            "url": "https://www.vectal.ai/_next/static/chunks/9da6db1e-ad7decc175389864.js",
            "lineNumber": 0,
            "columnNumber": 117852
          },
          {
            "functionName": "capture",
            "scriptId": "126",
            "url": "https://www.vectal.ai/_next/static/chunks/9da6db1e-ad7decc175389864.js",
            "lineNumber": 0,
            "columnNumber": 151479
          },
          {
            "functionName": "Bi",
            "scriptId": "126",
            "url": "https://www.vectal.ai/_next/static/chunks/9da6db1e-ad7decc175389864.js",
            "lineNumber": 0,
            "columnNumber": 65378
          },
          {
            "functionName": "",
            "scriptId": "126",
            "url": "https://www.vectal.ai/_next/static/chunks/9da6db1e-ad7decc175389864.js",
            "lineNumber": 0,
            "columnNumber": 64921
          },
          {
            "functionName": "ai",
            "scriptId": "126",
            "url": "https://www.vectal.ai/_next/static/chunks/9da6db1e-ad7decc175389864.js",
            "lineNumber": 0,
            "columnNumber": 64904
          },
          {
            "functionName": "",
            "scriptId": "126",
            "url": "https://www.vectal.ai/_next/static/chunks/9da6db1e-ad7decc175389864.js",
            "lineNumber": 0,
            "columnNumber": 65345
          }
        ],
        "parent": {
          "description": "setTimeout",
          "callFrames": [
            {
              "functionName": "Ui",
              "scriptId": "126",
              "url": "https://www.vectal.ai/_next/static/chunks/9da6db1e-ad7decc175389864.js",
              "lineNumber": 0,
              "columnNumber": 65324
            },
            {
              "functionName": "onRRwebEmit",
              "scriptId": "126",
              "url": "https://www.vectal.ai/_next/static/chunks/9da6db1e-ad7decc175389864.js",
              "lineNumber": 0,
              "columnNumber": 63832
            },
            {
              "functionName": "emit",
              "scriptId": "126",
              "url": "https://www.vectal.ai/_next/static/chunks/9da6db1e-ad7decc175389864.js",
              "lineNumber": 0,
              "columnNumber": 59214
            },
            {
              "functionName": "At",
              "scriptId": "159",
              "url": "https://vectal-api.onrender.com/_events/static/recorder.js?v=1.259.0",
              "lineNumber": 0,
              "columnNumber": 72562
            },
            {
              "functionName": "mouseInteractionCb",
              "scriptId": "159",
              "url": "https://vectal-api.onrender.com/_events/static/recorder.js?v=1.259.0",
              "lineNumber": 0,
              "columnNumber": 76292
            },
            {
              "functionName": "e.mouseInteractionCb",
              "scriptId": "159",
              "url": "https://vectal-api.onrender.com/_events/static/recorder.js?v=1.259.0",
              "lineNumber": 0,
              "columnNumber": 41352
            },
            {
              "functionName": "",
              "scriptId": "159",
              "url": "https://vectal-api.onrender.com/_events/static/recorder.js?v=1.259.0",
              "lineNumber": 0,
              "columnNumber": 38745
            }
          ]
        }
      }
    }
  },
  "_priority": "High",
  "_resourceType": "fetch",
  "cache": {},
  "request": {
    "method": "POST",
    "url": "https://vectal-api.onrender.com/_events/i/v0/e/?ip=0&_=1755720315453&ver=1.259.0&compression=gzip-js",
    "httpVersion": "h3",
    "headers": [
      {
        "name": ":authority",
        "value": "vectal-api.onrender.com"
      },
      {
        "name": ":method",
        "value": "POST"
      },
      {
        "name": ":path",
        "value": "/_events/i/v0/e/?ip=0&_=1755720315453&ver=1.259.0&compression=gzip-js"
      },
      {
        "name": ":scheme",
        "value": "https"
      },
      {
        "name": "accept",
        "value": "*/*"
      },
      {
        "name": "accept-encoding",
        "value": "gzip, deflate, br"
      },
      {
        "name": "accept-language",
        "value": "en-US"
      },
      {
        "name": "content-length",
        "value": "2149"
      },
      {
        "name": "content-type",
        "value": "text/plain"
      },
      {
        "name": "origin",
        "value": "https://www.vectal.ai"
      },
      {
        "name": "referer",
        "value": "https://www.vectal.ai/"
      },
      {
        "name": "sec-ch-ua",
        "value": "\"Not(A:Brand\";v=\"24\", \"Chromium\";v=\"122\""
      },
      {
        "name": "sec-ch-ua-mobile",
        "value": "?0"
      },
      {
        "name": "sec-ch-ua-platform",
        "value": "\"Windows\""
      },
      {
        "name": "sec-fetch-dest",
        "value": "empty"
      },
      {
        "name": "sec-fetch-mode",
        "value": "cors"
      },
      {
        "name": "sec-fetch-site",
        "value": "cross-site"
      },
      {
        "name": "user-agent",
        "value": "Mozilla/5.0 (Windows NT 10.0; Win64; x64) AppleWebKit/537.36 (KHTML, like Gecko) Noi/0.4.0 Chrome/122.0.6261.130 Electron/29.1.5 Safari/537.36"
      }
    ],
    "queryString": [
      {
        "name": "ip",
        "value": "0"
      },
      {
        "name": "_",
        "value": "1755720315453"
      },
      {
        "name": "ver",
        "value": "1.259.0"
      },
      {
        "name": "compression",
        "value": "gzip-js"
      }
    ],
    "cookies": [],
    "headersSize": -1,
    "bodySize": 3174,
    "postData": {
      "mimeType": "text/plain",
      "text": "\u001f\b\u0000\u0000\u0000\u0000\u0000\u0000\u0003¥\u0018koÛ¶ö¯\u0010¾íE\u000b²$[²å`\u001f»Ü=º\u000e\u001bÚ­@SC (Ê\"L*EÙNþ÷\u001dR-+nlñØçý$Ïí_¦áéd5q½hI#/À,|¼\bRièáE\u0018-p\u0018ºËtòjÂv¬Ôþ4ZRRéF1\u0000WJVLiÎêÉê¯É3\tÿ&ïyÊ}\r§ð;Þ1UsY\u0002Üs\r(QpÆ\u0014üþ_®da<KÙS\u0016ë»\u0001ü{Voµ¬Ìæ\u0005û,K\u0003½Î\u0014§dú³ÌIY²:iÔf\u0011Ë,«\u0019h=ß\u00058m\u0002ãF\t Îµ®êÕtºßï\u001d£\bð©¡ÏemÌ:;0ðè¼$ Þjbñ\u0014ÙÇ\rè\u001dMë7ò3\u0017L\u0003ÇE/:Ñ¯ïç:î\u0015\u0002@8¿Bpþ\u0012]W`ïYòëi0[8³\u0010½xýã»7¿¼Bo\u0019úÑ­|~|ê:s`×:fêù¾ã:¡\u001fz7sÑ\u0000ý,§~äxNÞ(Þq\u001cxöäq`0\u0000\u000bRn\u001aÐ\u001etg%þãí¤?+Å2~°(æ¼¦±2Î\u0019ßä`4¸Öø¶îyªóÉÊ÷fs\u0000î8ÛWRé\u0013²ë-ð\u000eÝ\u000bB£àq;K\u0018ø1Ì\u0013Ç\u000f\"Ç&\u000b/A;\u001dÛD-iµi¸\b»¥ËæE\u001f}`¹\bïÎ<ßW×´£\u000bB\u0012Eî<Ã\u0019\u000b\u0016x¾{ÌR\u0017'I\u0016z\u000b²\\f´²¸æDðÏD\u001eqËzâ»~Ý%öÝw^´\nf+?\u0000!á\u0007CAeñ\r\u0014B\u001a×¬6Ú[*Ùè¸Bð®ù;å÷±Þ\u0002/Ép\u0012\u0010ê-ðp4#\u0014Ï¨\u001fQ\u0012Ñe\u0018z\u001dóZ\n\u0016\u000b¹\u0015£R¥¼ÜÄ¬$°ò\u00148,®y\nJjÕ0\u0013N\u0013vÉô^ªm\\;!I\u001a÷u\u000b¥Ú}ý©LªÔB{\u00020\u0003è{Î\u0010¥xÇ¡6À¨1$&BÈ=hT0\r\u0005\n\u0018e#Ä/\u0017õ)H½µ|\rÎE\fJÊ\u001d©O\u0000PÊ°R¬\u0012ä.®I\u0001¥\u0014+¢AÛGw\u0004úò¢)â´SGçç³¼Òq\u001b²ãá Å5\u0017|Æ¹\u0003¿\u0015\u001c\u0003(ì@YeS¬|a/8e&pÓíW$÷j¾c1d³e\t²\u0001¡·\u0013¨mãI\\A}ãí±ic5\u0006Oô%·\u0006êlú0öjBs¢Û>\u0018oll§\u001eíóÍÌ\u0004\u0013½³3Å>5¬îjÓ]\u0004\u0019û¦\u0004\u0014j30ñ\u0002Ó\u0005#Q0êRÛ\u0007lç}R5C\u001fc0\u0001ÌyrÈ'}DKeA¸1fpZ§Û8eIc´I£X!5Ì%Å7\u001bP  æ6KÏ³è\u001e\u001dG²Zùf0ö>Ó.Êõ\u000f)\u0005/·\u001cÖËâÐ©ÙN]b¶ñ°Á\u00041X\u0015WÇ\u0010vë±º\"¥C Ü \f1/¾ä GºNFR\u000bz() 8ûk\u0006$\u0014ÒIî\u0015©VDk\u0015CJºþî#(Ö\"¢{è$\u0003ulÑPÖÇIË)%`c(\u0003vTÈ¥ýQ­ï\u0016äíüY!J\u0004}á¹îsÑÌ­\u000e/¯>NJc¬H\u0001ÕoÊ\f\u001bÇ\u0000À\u0003\u001dÙAÃ·ëß~BÿEo\u001a¡9þ©\u0004Ð5Ñµ\u0002J\r\u0019\u0004\u0019þqr4ZË±O\u0004;8\u001bRaßÉ%øvlðíüÿÏÚ\u0001â\u0002\n\f\\ÌS)\f\u0017ê\u0000¨Õ\u001d1ï@)K\u001d£\u0003¾õfÕaÝ~\u0017,ÓàfRÖ0·@\u0012ô\u001bg3HÉ[ 2Z ¡0dUBF\u0018j!+\u001eu\"Ñ@dûÝD÷M@çZ4t.øòß87å;Çv\u001cG1\u0001\"vldª=DýáÃ²\rÇ\u0011s¢Ù\b\u0000V\rÚÔZ\u0016\u0018Æ\u0014\"!\nkè\f6ÒàH\u0018F8Ç®c<Á\u0014À\u0007ó4eå\trÍì\u0019É\u001e¢{ôè¢X\u001bZì¡NìãÌ>OQFjS_\u0018î.mºvØTû&u\u0006þkötÚ#OÐ@=mæö\\*íöÊ¹B%<\u0004\u001e*g\u0000XóOV\u001aóòKÓ\u0002Çâ\u001fåÜsîVGËÌ)\u0012ðêÈ/#±\u0006å\u0014úÎugJ \u0013Ãaí1¦UbÚ\r´\"ç2;oôAiÛ\u0006P>Á#Jã¢\u000bF\t0B~r\fîçñ·å}#âó±4\u0000Xi¶!z¾ù¬\u0004n¯L\u0001`fÿ\u0000ua0\f¢r\u000bs)Ýåëc{\u001b×­\u001d`kèñ·¾\u000fk=²¡§\u0019¥Ê+\u001aªzú/G]UÚÉ<¯Ô£\u0002C×)Äf\bI·ã\"kó»?}Jl»4>:ëâô³Þèr·O\u000fÝø6ejnÜ¦ëë\tì=ÔøöÖ^@vð\u0018'¥þÎ<Yõzm\u0006dÝå\\½Ë/kxu\u001bÅ#e¯ú£\u0004[$î\u000fú;Ð,x~FPÌáV\u000bGpç½VÈ\u000b¶åûü1\r6é]W\u0011×æ³î\u0003vÌðcIAwÙ/Cúa\u001a\u000fï3glÆv÷+Ô\u0018\u001f=â¢goÅpÿ+Y9=t%\u0001t-·°*YMªÆú¦ú\u0010¼Þ\u0004ûâàÏpö~Kþ|s÷éÃ\u000fúúûO`sÈJÿ·¿ßüìÖ\u0007pÏ\b0ôvÙ\u0010`n/øÝëx°¦sa4PØÐ-BºÀË0]bØ{ø³([,v²·¨\u0007ifóyÎ\u0017Ô¾zAp+TæÑséåt\tç«ï¨3Ü6pçØ_ÛÇcÝÛÎ\u001d\u0017\bÇ\u0007Oû\u001c¾øPâæö[\u0012\u0011'M\u0006vÄ\u001b»z\frÍ?\u0017!÷ëÆ^ÍÓ\u001abáQd\u0016d'ä\u001e\ttUfQfÖWfÑ\u001aÌC³1\u001bª`÷rÃ:¹fd¶eí=0&\u0015ï=Ö;¸õ\u001a\u0013G \u0013ôvÊbÚ>JíVÖ¼íÍZn%,An¤\u0019&¡G _\u00164\nÙ¹nf÷c5à\u0003\u000bqx>ö\u000b\u000fX\u0000S0'UIð3Nq<6ºu\r<N\u000b®Í\u001a²ÅÄÉÖ\rÄ)`CÐïnýh¹ø²þ\u001bµ9@À\u0016\u0000\u0000"
    }
  },
  "response": {
    "status": 200,
    "statusText": "",
    "httpVersion": "h3",
    "headers": [
      {
        "name": "Content-Security-Policy",
        "value": ""
      },
      {
        "name": "access-control-allow-credentials",
        "value": "true"
      },
      {
        "name": "access-control-allow-origin",
        "value": "https://www.vectal.ai"
      },
      {
        "name": "access-control-expose-headers",
        "value": "X-Accel-Buffering, Content-Type"
      },
      {
        "name": "alt-svc",
        "value": "h3=\":443\"; ma=86400"
      },
      {
        "name": "cf-cache-status",
        "value": "DYNAMIC"
      },
      {
        "name": "cf-ray",
        "value": "972481272c25739a-JNB"
      },
      {
        "name": "content-encoding",
        "value": "br"
      },
      {
        "name": "content-type",
        "value": "application/json"
      },
      {
        "name": "date",
        "value": "Wed, 20 Aug 2025 20:05:16 GMT"
      },
      {
        "name": "priority",
        "value": "u=1,i"
      },
      {
        "name": "rndr-id",
        "value": "162df4e0-2e7c-4d32"
      },
      {
        "name": "server",
        "value": "cloudflare"
      },
      {
        "name": "server-timing",
        "value": "cfExtPri"
      },
      {
        "name": "strict-transport-security",
        "value": "max-age=31536000; includeSubDomains"
      },
      {
        "name": "vary",
        "value": "origin, access-control-request-method, access-control-request-headers, Origin"
      },
      {
        "name": "vary",
        "value": "Accept-Encoding"
      },
      {
        "name": "x-envoy-upstream-service-time",
        "value": "23"
      },
      {
        "name": "x-render-origin-server",
        "value": "uvicorn"
      }
    ],
    "cookies": [],
    "content": {
      "size": 15,
      "mimeType": "application/json",
      "text": "{\"status\":\"Ok\"}"
    },
    "redirectURL": "",
    "headersSize": -1,
    "bodySize": -1,
    "_transferSize": 382,
    "_error": null
  },
  "serverIPAddress": "216.24.57.7",
  "startedDateTime": "2025-08-20T20:05:15.455Z",
  "time": 306.3770000007935,
  "timings": {
    "blocked": 3.6039999983017332,
    "dns": -1,
    "ssl": -1,
    "connect": -1,
    "send": 0.5510000000000002,
    "wait": 300.7249999977448,
    "receive": 1.4970000047469512,
    "_blocked_queueing": 2.7889999983017333
  }
}