{
  "_initiator": {
    "type": "script",
    "stack": {
      "callFrames": [
        {
          "functionName": "method",
          "scriptId": "126",
          "url": "https://www.vectal.ai/_next/static/chunks/9da6db1e-ad7decc175389864.js",
          "lineNumber": 0,
          "columnNumber": 80787
        },
        {
          "functionName": "",
          "scriptId": "126",
          "url": "https://www.vectal.ai/_next/static/chunks/9da6db1e-ad7decc175389864.js",
          "lineNumber": 0,
          "columnNumber": 148111
        },
        {
          "functionName": "Pe",
          "scriptId": "126",
          "url": "https://www.vectal.ai/_next/static/chunks/9da6db1e-ad7decc175389864.js",
          "lineNumber": 0,
          "columnNumber": 148117
        },
        {
          "functionName": "retriableRequest",
          "scriptId": "126",
          "url": "https://www.vectal.ai/_next/static/chunks/9da6db1e-ad7decc175389864.js",
          "lineNumber": 0,
          "columnNumber": 118977
        },
        {
          "functionName": "Rs",
          "scriptId": "126",
          "url": "https://www.vectal.ai/_next/static/chunks/9da6db1e-ad7decc175389864.js",
          "lineNumber": 0,
          "columnNumber": 148321
        },
        {
          "functionName": "",
          "scriptId": "126",
          "url": "https://www.vectal.ai/_next/static/chunks/9da6db1e-ad7decc175389864.js",
          "lineNumber": 0,
          "columnNumber": 141725
        },
        {
          "functionName": "",
          "scriptId": "126",
          "url": "https://www.vectal.ai/_next/static/chunks/9da6db1e-ad7decc175389864.js",
          "lineNumber": 0,
          "columnNumber": 118337
        },
        {
          "functionName": "",
          "scriptId": "126",
          "url": "https://www.vectal.ai/_next/static/chunks/9da6db1e-ad7decc175389864.js",
          "lineNumber": 0,
          "columnNumber": 118343
        }
      ],
      "parent": {
        "description": "setTimeout",
        "callFrames": [
          {
            "functionName": "Er",
            "scriptId": "126",
            "url": "https://www.vectal.ai/_next/static/chunks/9da6db1e-ad7decc175389864.js",
            "lineNumber": 0,
            "columnNumber": 118125
          },
          {
            "functionName": "enqueue",
            "scriptId": "126",
            "url": "https://www.vectal.ai/_next/static/chunks/9da6db1e-ad7decc175389864.js",
            "lineNumber": 0,
            "columnNumber": 117852
          },
          {
            "functionName": "capture",
            "scriptId": "126",
            "url": "https://www.vectal.ai/_next/static/chunks/9da6db1e-ad7decc175389864.js",
            "lineNumber": 0,
            "columnNumber": 151479
          },
          {
            "functionName": "se",
            "scriptId": "126",
            "url": "https://www.vectal.ai/_next/static/chunks/9da6db1e-ad7decc175389864.js",
            "lineNumber": 0,
            "columnNumber": 77615
          }
        ]
      }
    }
  },
  "_priority": "High",
  "_resourceType": "fetch",
  "cache": {},
  "request": {
    "method": "POST",
    "url": "https://vectal-api.onrender.com/_events/i/v0/e/?ip=0&_=1755720319107&ver=1.259.0&compression=gzip-js",
    "httpVersion": "h3",
    "headers": [
      {
        "name": ":authority",
        "value": "vectal-api.onrender.com"
      },
      {
        "name": ":method",
        "value": "POST"
      },
      {
        "name": ":path",
        "value": "/_events/i/v0/e/?ip=0&_=1755720319107&ver=1.259.0&compression=gzip-js"
      },
      {
        "name": ":scheme",
        "value": "https"
      },
      {
        "name": "accept",
        "value": "*/*"
      },
      {
        "name": "accept-encoding",
        "value": "gzip, deflate, br"
      },
      {
        "name": "accept-language",
        "value": "en-US"
      },
      {
        "name": "content-length",
        "value": "3199"
      },
      {
        "name": "content-type",
        "value": "text/plain"
      },
      {
        "name": "origin",
        "value": "https://www.vectal.ai"
      },
      {
        "name": "referer",
        "value": "https://www.vectal.ai/"
      },
      {
        "name": "sec-ch-ua",
        "value": "\"Not(A:Brand\";v=\"24\", \"Chromium\";v=\"122\""
      },
      {
        "name": "sec-ch-ua-mobile",
        "value": "?0"
      },
      {
        "name": "sec-ch-ua-platform",
        "value": "\"Windows\""
      },
      {
        "name": "sec-fetch-dest",
        "value": "empty"
      },
      {
        "name": "sec-fetch-mode",
        "value": "cors"
      },
      {
        "name": "sec-fetch-site",
        "value": "cross-site"
      },
      {
        "name": "user-agent",
        "value": "Mozilla/5.0 (Windows NT 10.0; Win64; x64) AppleWebKit/537.36 (KHTML, like Gecko) Noi/0.4.0 Chrome/122.0.6261.130 Electron/29.1.5 Safari/537.36"
      }
    ],
    "queryString": [
      {
        "name": "ip",
        "value": "0"
      },
      {
        "name": "_",
        "value": "1755720319107"
      },
      {
        "name": "ver",
        "value": "1.259.0"
      },
      {
        "name": "compression",
        "value": "gzip-js"
      }
    ],
    "cookies": [],
    "headersSize": -1,
    "bodySize": 4814,
    "postData": {
      "mimeType": "text/plain",
      "text": "\u001f\b\u0000\u0000\u0000\u0000\u0000\u0000\u0003í\u001akÛÆñ¯\u0010ª\u0003Øâ[\u000f#\u001fÜÄM\u0017RäáÂ\u0003±$\u0012}|\\Jº\u000büß;³Ü¥H§Ó5h\u000b\u0014²\u0003È÷ææYÓ$Ñl=3ÌÕ2\\.-7$\u000b¹$°Ã%g.\r9éÌ^ÏØå\u001cÐ_¼Ø2Ê3Z\u0002¬¬U<aõlýÇìE\u0001?³÷I\u001e\u0015û\u001aVáÛß±ªN\u001cà¦  5VÁ÷WÛªÈ\u0018Â\"¶KBæóû\u0001ükVßñ\u0002©¿àIÆ\u001e\u001c¡oã*\téüÛbKóÕASmú\u0018~\u0011Ç5\u0003ñi\u0019\u0000\u000fª\u0002qý¦Jaóó²^Ïçûý^ß±ÓT§É\u001c÷o\u001aÏ4X@xIù6§ Þz&ð*º÷\u001bÛ§V\u000b?\u0014\u000fIÒ¹«\u001bÚKydíÇ_4ÓÐ7\u001a\u0000<çvðWÚÛ²LÙ{\u0016|ð¹k/tÛÓ^~÷÷_~øþµ&wLûwÅ+íÇ\"\u001bº\u0003äZÅÌMËÒ\rÝ³<S7mC{|UÏ­nê®ö3iH=Í\u001e5\u000e\u0004zàæ\u0006¤\u0007ÙYN~ý¹¿E­ùeÅâä Pp½\u000e+ÆrËÍ\u0016\u000e\rªEÝJè>øv¶¶LÛ\u0001à.aû²¨ø\u0011Ù0}¸D7]\u000f¥J\u0000ÕÎ\u0002d\u0003\u001f};Ñ-w¥\u000bcIrûÂJ\u0017÷®µZ\u001c­ÊÛ©Û\u0007\u000b×]Xmºº³t_Ï¢¤æI\u001eÊ}®GW+ÃIÌÜ\u0005qI¨\u001d\u0019$\bbÏ\\Ðå2f´åð¦É\u0003å ßYå\u0012cI,ã\u0017sµvíµ\u0005L<ï\u0003î\b<N6MÅ\"¿f5J/v\u0015\r÷3p\u0004ð\u001düs´ïÎÙ\\3IàRä&YÙ4$vh­Bº\ngJâu2?-6~ÅÂ¢|ã³\u0006©àWÂü:@H^5\f¯EÊpÄÎ\u0019ß\u0017Õ_Òû´ \u001fÒ¸èªò?±*.ªæ¡ª\rp\fØ¯(Ã-ù»\u0004|\u0003\u000e5ø4M=H1\u000e\u000e\n\u0018y¦?OÊÑúNÐEIæ;Z\u001f\u0001 \u0014ªXÒ{¿¦\u0019¸_Q\u000eÒJ\u001ar\täM²&ó£\u0006V\u001d\r×Áfûíu´áÔ\u000fV3¡Û\u0018ÎÊíøÜ\u001d<¥\u0018@aÂÄ\u0014çIqÄðâÒ$¼{³B¤!OvÌ\u0007k\u0016DãnéÍ\f|\u001b5IJðo³=Á0V\u0013Ðr¹[Ø-·ÍÆ^ÏÂ-åm\u001cô7UÑHÝg«ì\rs\u0002ÞÞ`­b\u001aVKß4\u0016n\u001c:\u0016º@\u0010oF+BMhÁè*\bXh\"\u000eÈû,o8Æ \u0003`y\u0011%`Oü\bEC&xÞj\u001dÝù\u0011\u000b\u001a\u0014R\u0018MÅ²C^ªÍ\u0006\u0004È(\u000f·ÂJVt²OdÊn[Íáø\u0018\u0015@YÚ$OHXÿæÎ4ÉïÀ8/¢ Ó¸\u001fQNÑû\u001fÉk¨\u0014 %,!ÊßC¸w!¢qZm\u0018÷!U\u0000%e2}g\u0005ÜVVìØìóëgm\u0014F®6\u000bÈ\u0012¸Ëñ.fw\u000bÆÆ;H]ëY¹\r}þ®üà~·q÷Ù¯îoýþþöÃý§\u000fßð·_¿û´q78·¾÷ó?Þ}k\u001dÃ9è4¦MÊQimðwåO\u0017­z5\u0011\u00103 fòÂ\u0005YzÑ@\u001e²ìU¼XºmjÛÊàÉ=¶ãx³\bí*F`D\u0015\u001aá%Oá<j×\u0003Ü§*¢!öcõÑ\u0010ë¤Zê\u0002zgmx4Ü$ç¬Êiê\u0007M\fçðSo°T°/A®\u0007,\u0001Üåj®\n@%è11,ÕÒ\u0013uL¬@Ú\nK\u0017,(Ìg¸5L_\b<.D°IÎH\bë°©yù´LÎ[½\u0011XÑ\u001cdX¥E6oÃ¨1Úb¡4¶\u0013æÙ`\u001dQL¨gR°E¸òÃ\f#\u0016\u0015K\rø@\"\u0013ô\u000b $\u000fá8>Ôå5\u001c\t>ã$=f(\u0015\u0013(,á\u0018âÀ^ð¦çÀM­VàFª¶=ËF<é\u0014\"\u001b\u0017\u0016P²²às\u0011ÙÌYYÔhÁ]§ÐË¯×fáÚ,ü\u0017}T§½WÙ½ù°ín¿×,,uËqm\u0016®ÍÂµY¸6\u000b×fá<\u0005)f¿TÇÀÃz\u0019\u0004±RaQãÃµ\u000bÕ»¾ê¼ZsvàdSÑ{b\u001b6!\u0018¤ü!!\bojb!~Üç\u0018Ær^ù>ä2J¶I\u0004ÕÏ¿¸\rû}Ö®)­kµd´1µ1XÚ¾6!«\"\reT\ns( \u0014¨M_\u00004-\u0005ª!íÞ1\u0000É¢â«\"-ªá\"\u0001å3ðg@\u0002È£ÕE'Z\u0016©\u0011Ö:4ÿZ\u001c\u0000dhf9ðZR¸Gñ\u000eY£~°È5ÎÞÖj3tmÌáºà|KÀvÓ\bw¶ELðê[À á¼Èu\u0015>é\u001aò\r¹ùý7ü{«gÑZ¸<i×\t¿'&\\?,©OCï/ÄÔÅ©Y¤óæ5äYà\u0000ñ±õ)\r\u0018ÞÅOUñ\u0011üQS×9¶\u0002 ¦Ijòfû\u0002j=ÆZ_\"üxDrm(Ö×âý4Ag\u0012f\u00165;|R©Q²Ó ÂN\u0002ÜæN\u0003Èë\rg:xä¥\u000eµ..He¨s*4M¢i\u0012M\u001b\u0013\u001cÊ!?Oå\u0010×+\u0006\u001b!MEM-^v²\u0011á&{¼\t\u0000B¶§\"4\rhE8DT=NÙ\u0001¬\u00048Ù¢õÀ\rÅ=ÉAF#ä`Î\u001eñ\u001e­j'ûµI¶ZËVl/¼ÐÎ<À»tFkF`;Ô|â\u0010ê$â',ÒÓ#É\u0003M:ÂÉy¤ô\u0019(H õ$\u0018G|¶0ä\u0018rîS<NFA9\"Ö­5o°#\u0000ã\u001fOÇÛ\u0018ràHü\u00168frÔAë<Vâ-¢\u001c¯^ªn v$ø'NÛÝi\u0019@r+\u000fdìºCR\u001bêR\u0010_ÃÏÐÈkLª`d\u0000#ägßÁ©\u001dçwæÆ!\r¹\u0001@p\u0013ÑÛ´ðï­\u001e@ÕÏ*\fçâO\u0007¨^7¾\u001bâÑn{Û·¾{Ýy«ïÉe\u0019åávt\u0006µgd*GªZ_DMI¤þÑÉÚ÷RÉsè©\u0000\u0017Þ\u0014éf\u001d¤Ex7v²Ö¾ÕêsîVq§¬ý\u0013\u000bmHÛm\u0011\u001fZ^\"³Ì±SÁ¨»¯h\tó\"}Kkrs#ê\u000e³Î¿ÄVßÞb6ØÒæêÝvZÂIÒí-v;è\u00171\u001cH¢\u0016Ú\u0002m­Ùî\u0017o´\u0011$Ð\rÀ\u0012ô\n§kY\u0011À n\rC!ãK\u0002lPD÷Ò#Þâß[uaw.nZ/ýý}3ª\u0010\n\u001a\u0019[-®µ\u0006uôàpßÐ7\\§ôÿ?Szx¹tJ¿pÓô33zÓZ¬®3úfôKÇ\u001cÑ3cE`Èae`Ú.\u0017µ°£0°ìëþ:¢ÿè«à\u0013å\u0007Ë>¸ÅÆÜ#zg\u0001²\\Gô×\u0011ýuD\u001dÑ_Gôÿ\u0011}\rz°¾´Æ°¦ïÆu\u000f¤\u0002ÑÝb Z·.\u000e ÿù\u0012ç§_¼z£EÛù®55·D(\u0019I[oÉ)\u001aÐ®5HÁ\u0019üO@\tì¦\u0018\u001f§\u0001dj³o\u0002\u0004¶\u00108(\u000eÝ¦hXF£éã %M8ËÀ]@(¨\ba\u0012cê%'æTûÛÇÔ\u0010\t\u00077²ß}²ýìÍZàÅSeoL\u001c\u0000cT5¯\u0019MBõ2ÅãU0§ªAï81v¦G8ã\u0011êÖí×/P\u0004\u001aÌs\u0007JÇ\u0019Ì¹ùì£nÑþZâ\u001fÎ¦æ7+\u0003;lüQÍÂÀQ\r¾j´ìo\u0016®Xm?¼öã@ÉnI<´*ç8_Ï\u0015Ä:¤z½¥Pts¦wÂ«g\u000eÜ'§M§C§\u0006|Ñ<\u001dÕç\u000fÎ¡¡¨R­ðø Ò?¶J8\u0019£N\u000fÉ.ôîÅ# á]\u0004í\b\tÒ¦\"uw\u0015¤\u0000/äPO\fe`Ì9ðÑ`I|ß¹ì ®´vþ@Ü±)u\u000f(&ñ\u00143m,I{®¿\u000f¹jÈa\u0014Òäðä¢Çg#=êú6®&zJ\u0015Oãy\u0003q\u0018Bf(\tü\u0005ÂS \u001cV\u0003Ð\t9\f»is\u001fÍÆû\u0013ª.\bí ÓNd¿ÈèB\u0007#æ£Èâ(ð;2¯Ç^l\u001ey:\u001b\u001da0+LðwdM?=DEp\u001c0a¬íòh:À\u0000Â¾?>TÇ\u0006ç/\u0019\u0018È@7m\nM)-!\u0007Ýö×ãÒuB.\u0019î\u001ec<¢iÃP\u000fâåY¼6øõæÄg¶¡.¤iø\u0012\u0001Èð\u0004\bUÓKÌkP0êÎ«WÇ÷Ç\bse:+\u001d\\ö'åÀØ|VÁ#gÞß\u0013äázÎc\u001c¯ç<^{=­;÷æÐÊ+:\u0003½0±÷­|òÝñHÕ/\u0017B\u000b{\"ì88\u0010«ºZøì+z¶¾¾\\ßM®ï&×wóï&ËßM\u001eNd/~7\u0019¾È\\ßM\u001ey7ñlçóí¿\u0000\bL\u0001\u0006=\u0000\u0000"
    }
  },
  "response": {
    "status": 200,
    "statusText": "",
    "httpVersion": "h3",
    "headers": [
      {
        "name": "Content-Security-Policy",
        "value": ""
      },
      {
        "name": "access-control-allow-credentials",
        "value": "true"
      },
      {
        "name": "access-control-allow-origin",
        "value": "https://www.vectal.ai"
      },
      {
        "name": "access-control-expose-headers",
        "value": "X-Accel-Buffering, Content-Type"
      },
      {
        "name": "alt-svc",
        "value": "h3=\":443\"; ma=86400"
      },
      {
        "name": "cf-cache-status",
        "value": "DYNAMIC"
      },
      {
        "name": "cf-ray",
        "value": "9724813e099b739a-JNB"
      },
      {
        "name": "content-encoding",
        "value": "br"
      },
      {
        "name": "content-type",
        "value": "application/json"
      },
      {
        "name": "date",
        "value": "Wed, 20 Aug 2025 20:05:20 GMT"
      },
      {
        "name": "priority",
        "value": "u=1,i"
      },
      {
        "name": "rndr-id",
        "value": "17f22aa4-8749-40ed"
      },
      {
        "name": "server",
        "value": "cloudflare"
      },
      {
        "name": "server-timing",
        "value": "cfExtPri"
      },
      {
        "name": "strict-transport-security",
        "value": "max-age=31536000; includeSubDomains"
      },
      {
        "name": "vary",
        "value": "origin, access-control-request-method, access-control-request-headers, Origin"
      },
      {
        "name": "vary",
        "value": "Accept-Encoding"
      },
      {
        "name": "x-envoy-upstream-service-time",
        "value": "62"
      },
      {
        "name": "x-render-origin-server",
        "value": "uvicorn"
      }
    ],
    "cookies": [],
    "content": {
      "size": 15,
      "mimeType": "application/json",
      "text": "{\"status\":\"Ok\"}"
    },
    "redirectURL": "",
    "headersSize": -1,
    "bodySize": -1,
    "_transferSize": 380,
    "_error": null
  },
  "serverIPAddress": "216.24.57.7",
  "startedDateTime": "2025-08-20T20:05:19.110Z",
  "time": 341.125999999349,
  "timings": {
    "blocked": 3.0659999991329387,
    "dns": -1,
    "ssl": -1,
    "connect": -1,
    "send": 1.319,
    "wait": 334.9719999979748,
    "receive": 1.7690000022412278,
    "_blocked_queueing": 1.2439999991329387
  }
}