{
  "_initiator": {
    "type": "script",
    "stack": {
      "callFrames": [
        {
          "functionName": "method",
          "scriptId": "126",
          "url": "https://www.vectal.ai/_next/static/chunks/9da6db1e-ad7decc175389864.js",
          "lineNumber": 0,
          "columnNumber": 80787
        },
        {
          "functionName": "",
          "scriptId": "126",
          "url": "https://www.vectal.ai/_next/static/chunks/9da6db1e-ad7decc175389864.js",
          "lineNumber": 0,
          "columnNumber": 148111
        },
        {
          "functionName": "Pe",
          "scriptId": "126",
          "url": "https://www.vectal.ai/_next/static/chunks/9da6db1e-ad7decc175389864.js",
          "lineNumber": 0,
          "columnNumber": 148117
        },
        {
          "functionName": "retriableRequest",
          "scriptId": "126",
          "url": "https://www.vectal.ai/_next/static/chunks/9da6db1e-ad7decc175389864.js",
          "lineNumber": 0,
          "columnNumber": 118977
        },
        {
          "functionName": "Rs",
          "scriptId": "126",
          "url": "https://www.vectal.ai/_next/static/chunks/9da6db1e-ad7decc175389864.js",
          "lineNumber": 0,
          "columnNumber": 148321
        },
        {
          "functionName": "",
          "scriptId": "126",
          "url": "https://www.vectal.ai/_next/static/chunks/9da6db1e-ad7decc175389864.js",
          "lineNumber": 0,
          "columnNumber": 141725
        },
        {
          "functionName": "",
          "scriptId": "126",
          "url": "https://www.vectal.ai/_next/static/chunks/9da6db1e-ad7decc175389864.js",
          "lineNumber": 0,
          "columnNumber": 118337
        },
        {
          "functionName": "",
          "scriptId": "126",
          "url": "https://www.vectal.ai/_next/static/chunks/9da6db1e-ad7decc175389864.js",
          "lineNumber": 0,
          "columnNumber": 118343
        }
      ],
      "parent": {
        "description": "setTimeout",
        "callFrames": [
          {
            "functionName": "Er",
            "scriptId": "126",
            "url": "https://www.vectal.ai/_next/static/chunks/9da6db1e-ad7decc175389864.js",
            "lineNumber": 0,
            "columnNumber": 118125
          },
          {
            "functionName": "enqueue",
            "scriptId": "126",
            "url": "https://www.vectal.ai/_next/static/chunks/9da6db1e-ad7decc175389864.js",
            "lineNumber": 0,
            "columnNumber": 117852
          },
          {
            "functionName": "capture",
            "scriptId": "126",
            "url": "https://www.vectal.ai/_next/static/chunks/9da6db1e-ad7decc175389864.js",
            "lineNumber": 0,
            "columnNumber": 151479
          },
          {
            "functionName": "Bi",
            "scriptId": "126",
            "url": "https://www.vectal.ai/_next/static/chunks/9da6db1e-ad7decc175389864.js",
            "lineNumber": 0,
            "columnNumber": 65378
          },
          {
            "functionName": "",
            "scriptId": "126",
            "url": "https://www.vectal.ai/_next/static/chunks/9da6db1e-ad7decc175389864.js",
            "lineNumber": 0,
            "columnNumber": 64921
          },
          {
            "functionName": "ai",
            "scriptId": "126",
            "url": "https://www.vectal.ai/_next/static/chunks/9da6db1e-ad7decc175389864.js",
            "lineNumber": 0,
            "columnNumber": 64904
          },
          {
            "functionName": "",
            "scriptId": "126",
            "url": "https://www.vectal.ai/_next/static/chunks/9da6db1e-ad7decc175389864.js",
            "lineNumber": 0,
            "columnNumber": 65345
          }
        ],
        "parent": {
          "description": "setTimeout",
          "callFrames": [
            {
              "functionName": "Ui",
              "scriptId": "126",
              "url": "https://www.vectal.ai/_next/static/chunks/9da6db1e-ad7decc175389864.js",
              "lineNumber": 0,
              "columnNumber": 65324
            },
            {
              "functionName": "onRRwebEmit",
              "scriptId": "126",
              "url": "https://www.vectal.ai/_next/static/chunks/9da6db1e-ad7decc175389864.js",
              "lineNumber": 0,
              "columnNumber": 63832
            },
            {
              "functionName": "emit",
              "scriptId": "126",
              "url": "https://www.vectal.ai/_next/static/chunks/9da6db1e-ad7decc175389864.js",
              "lineNumber": 0,
              "columnNumber": 59214
            },
            {
              "functionName": "At",
              "scriptId": "159",
              "url": "https://vectal-api.onrender.com/_events/static/recorder.js?v=1.259.0",
              "lineNumber": 0,
              "columnNumber": 72562
            },
            {
              "functionName": "mouseInteractionCb",
              "scriptId": "159",
              "url": "https://vectal-api.onrender.com/_events/static/recorder.js?v=1.259.0",
              "lineNumber": 0,
              "columnNumber": 76292
            },
            {
              "functionName": "e.mouseInteractionCb",
              "scriptId": "159",
              "url": "https://vectal-api.onrender.com/_events/static/recorder.js?v=1.259.0",
              "lineNumber": 0,
              "columnNumber": 41352
            },
            {
              "functionName": "",
              "scriptId": "159",
              "url": "https://vectal-api.onrender.com/_events/static/recorder.js?v=1.259.0",
              "lineNumber": 0,
              "columnNumber": 38745
            }
          ]
        }
      }
    }
  },
  "_priority": "High",
  "_resourceType": "fetch",
  "cache": {},
  "request": {
    "method": "POST",
    "url": "https://vectal-api.onrender.com/_events/s/?ip=0&_=1755720323167&ver=1.259.0&compression=gzip-js",
    "httpVersion": "h3",
    "headers": [
      {
        "name": ":authority",
        "value": "vectal-api.onrender.com"
      },
      {
        "name": ":method",
        "value": "POST"
      },
      {
        "name": ":path",
        "value": "/_events/s/?ip=0&_=1755720323167&ver=1.259.0&compression=gzip-js"
      },
      {
        "name": ":scheme",
        "value": "https"
      },
      {
        "name": "accept",
        "value": "*/*"
      },
      {
        "name": "accept-encoding",
        "value": "gzip, deflate, br"
      },
      {
        "name": "accept-language",
        "value": "en-US"
      },
      {
        "name": "content-length",
        "value": "12429"
      },
      {
        "name": "content-type",
        "value": "text/plain"
      },
      {
        "name": "origin",
        "value": "https://www.vectal.ai"
      },
      {
        "name": "referer",
        "value": "https://www.vectal.ai/"
      },
      {
        "name": "sec-ch-ua",
        "value": "\"Not(A:Brand\";v=\"24\", \"Chromium\";v=\"122\""
      },
      {
        "name": "sec-ch-ua-mobile",
        "value": "?0"
      },
      {
        "name": "sec-ch-ua-platform",
        "value": "\"Windows\""
      },
      {
        "name": "sec-fetch-dest",
        "value": "empty"
      },
      {
        "name": "sec-fetch-mode",
        "value": "cors"
      },
      {
        "name": "sec-fetch-site",
        "value": "cross-site"
      },
      {
        "name": "user-agent",
        "value": "Mozilla/5.0 (Windows NT 10.0; Win64; x64) AppleWebKit/537.36 (KHTML, like Gecko) Noi/0.4.0 Chrome/122.0.6261.130 Electron/29.1.5 Safari/537.36"
      }
    ],
    "queryString": [
      {
        "name": "ip",
        "value": "0"
      },
      {
        "name": "_",
        "value": "1755720323167"
      },
      {
        "name": "ver",
        "value": "1.259.0"
      },
      {
        "name": "compression",
        "value": "gzip-js"
      }
    ],
    "cookies": [],
    "headersSize": -1,
    "bodySize": 18634,
    "postData": {
      "mimeType": "text/plain",
      "text": "\u001f\b\u0000\u0000\u0000\u0000\u0000\u0000\u0003í]\u0007[\u0014YÖþ+\n4t\u000e\u0006(3Ð\u0011Z \u001b\u0006A\u0004A2((\u0004\u0001E$\tJxsþØ÷VBU\u001cfgv¿}¶ç\u0019lªnÕ½÷ÜÏ{/YÑ¥¥\u0001oôáh½Áa÷8\fVÞì2êl6CgwÛì:·ÙãrÙÜf¯ÏjNöù\u00114)\tºKòC\u0011\\+\u000e}áHÀW\u0012}¸òû\u001cwED¹d°Ûõ¦Ä\u001d×½®+ú0ºT\u0014û¢\u000fã\\©.\t=¸dLÔî\u0019\u0012£ÑY¬¸R_­$\u0013>fEo±[\u001c&{bt\u0005[\fÿpù\t^\u0010(òD\\EÅxÌf±Øz\u0001\u0003q<IüEÇz<ç+`ÔYÙÑ®H$\u001cpª³Àpe$\u0018ÒÎëÑ®pÀ¥óúJ<¸æóº1`ia¡¼[\u0011DðÞhOa¨Äç~¢ô®¼Ç`µ\u001b,ÿø¦?}E¡2u\u0014Ê¨¼^õÛ®s´X~9ÇoÄµjÄµØvuo¯ÂT4êìþ*ôòg(o4 Éoé\u0015t\u0015áIÚJÆ½N\r½þ¥,h´àÖ^:Æèx»'\\(\u0010øÂ×e»ve5ÿ¡®t{~³Ù¶×Õvêõ\u0006?=sºoz}U<MæËWõ§IýiP\u001aå:oðVVö!úzÁ\u0019Þy}çOèÌðûÝdsÛ1õj¢þ\u0013<J³ôS7p\u00077Ü ¶ÓÜ%-bn;ýº$j ¯ü\fw'x\u0017èifÕ^ô\u0017y¾P\u001bÕÐWi,GâÕ[\u001eõ§Þªï±Ñ\b\r¨WÌüõû}m:n¦O\\O¯åZï´úÅO¨kiÌ\u0019¹«>ã>O\u000bÕÔÌÑÅN§»°¨z\u0007É¬Ç©&J o\u0002ñ¯\\\u0004UÎ~¿\u0003þàt\u0016P\u0007UZy#!Æ¨ºoÊMÉÜæ¡%í-Ýç­ÔB½Ür^òkî¢¹»\u0018M-Õàÿa«µÎ\u001d AÞ¢M¢~\u0003¯> ¯Ô\u0016 AZÂ£yÚ\u0004¨ÑQJ³<CÃ×JKùseßÆÝÃ7ì<KíÜ^wLªÚ*TÈâÒ\u0007®oçø\u0013·)\r«ù£:\u0012h\u0006m´ÁmÙ¼Îïø\u0013mÚd%­´AC4LC¾óú;y÷Ò¹&ix,;è5M< fêqFSóÕdî\u0018îäS\u000fwÒë\u0014ZW»rðÈ±{yçiëèe)Èò6CÖÂ\u0017¿vº!zyÿÚ\tpÒÚÈ\u0002ôÚÏµ¼Nì¼É³<«ÒÝ`\u0011¾ÐÌÆM¯.X\u001eÒk\fh;0xÖhÜ@ôæûª\u001bLü¦òa5÷h¬YÃ*[Âvó\u0017~Ç ôPßò\u0004­I\u001bÚøi¿bØ½ÔQI]ÜÀ³ù<Éíæ\u0012!+µ§W\fI±U©f¤ð\\*Öä+-C\u0002\u001bµ\u000e?q·H\bØ0VøÅý\u0013²\u000e\u0019\u000fiª\b\u001d}¥Z£eüÙNë©Ï'÷\u0003´YÆS¼dKáçX°§\u0018ÏøÉ*jã\u0005»Ì§#Ò2Dë^õÇøi*¨+\rdïävª£v\u001aÈÂDi) Ik\u001aé¥\u0013«\u0010;Í\u001fsi²^%Ò\u001bZº&ä¦§=ü\u001eÓ¢Y\u0019­Ãé?Èã§\u000e\bY-¼QÀc¾,ZOi6B7ÎRûKüµÛÔF.gfDÆBF\u001e¡Zóòü\t\u0010®ñHOõ=Z \u0001;ÀÏ¢¸ûh,\u0005¾æ~Ê³ç¸ýhä\f/q½,¼ÇÇÜMCêã\u0016E\u0017\u001bô:0¥V§ßé¾¬Ý\u0019/à/$Ê\tô[¦á\u0007\u000fxÛÓø¥SÚzíPFö!§&C»\u000eòª&*UÅÜ\u0005Îáµ -1x:è3Ö®ï\u0018Íçó×<Z²òì]j¥É\u001cîÎ=Ê/Ò²¸\u001b\ns·¸7Ã4\"]ø¹=\u001f\u001c9[È½yñhÑ\báQ\tbpóf1þ\u001d\r\u0016òóT\u001eK¹OÏi?fñbyKî@¡\u0004¨S&óà\f'_¼W·Ñ\b=\u0000~\u0001ñ\u001c7\b= ¡.zõHdÅÁ\u001dN§UUmðò[a\rðÆÇ`x(\u0019\fcr\u0018²üö\"½?eÍEGáÃeÜÎ\u001fý'ãªÎóØ%\u001e:yzó\u0001Ïî+) \u0019~KÓ:\u001a\fÊ´¨=?R¿ë\fõñ\n-\u0016ZªxÑ\u000fm÷P3Cö;´n(Í®¦jéÛÍmª|6^P¿¨×aH6e\u0012\u001f:D\u001dVLì3oÄñ0ªë\b\u000eø¢/Vªç\u001a»ê9û\u0000kô 8[!y­(Å\u000b<à¸ªÏÑj;}.x®êè\u000eía¥.[é-;4%8¡î>ÄÓéÜUÈ£[¹í(uÑV>\u0004rÌ\u0003ú9Ï Az\f+?*b¬÷kÓØ\u0002\u0001Úy\u0017¸{þlf6¿{\u0004R¥fñ8Õ3ßîepÁ$¯>\u0014cj\u001cµ3\bY¬wxâ¨^yå>5×ÃtÏ{õ:§ó6ÍÃX¯ñf{\u001fK\u0013|í¸zZ\u000e=öBÐ{¹[dÛHM\u0018lCæ\u0019ú\u0012¦)Q\n`¬ºØ¸\\\u001a¼át\u001fÇ¨Ó¬\tuÐL_/]a¨ ¡â\nôãK¿?\u0018wäp\u0005TÖK§¬¹ës}\u0017hyêx\u001eºc4×È\r·Îysøõ\u0005üÚÂ}'¡(h+é Ô\u00074á\bF5ÁÚ°D$ì`¬iª×dÐE_ÆPm<\u001aK}%4Ê7¢¤eNðÞ}¹qáæi¼\t\u0019x\u0013\\¶Î\u001bP\u001aÍòÚ\u0013\u0018m;Lh}ûø\rôêÏèÍwh!¦\u001b+yº\u0015Y;\bI\u0014®Ñ¬\u000f¶çrR%|£h^)§Ö,ÕY0øns?¯ÝçV=§ÿÖÕ$Ðì\u001d-ÇÓ\u0000DòÂi{\u0015,ºtRSC*-!·±Þ/`):ùU\u00068ç\u000b gÔp_\u0014 oòPÁ\rM1zh>îä#~ÿÛ=XÑëÁ;gøeúIZºK=÷ ÎV4¢¿+ÐIÔ\u0018ô¸ë\u0014\u000f\u0006O`.³Uô'ßæÎòsÕüY¤Ã\u0002ÿm\u0013Ãë¦÷pìÄí0òD_Z´\u0017²\u001f\u0010\u000fÌGÂ¸§,å2{ê¬\u0019T6×ù%Ç-7¸î\u0014|)nÚ\u0007ßI\u0013¥)4ÅÃ\u000faVÝåÁPèJ<\\\n¬xÒm9->À3¯ a;áTöÐ¼\u0007iu\u001f·Ù¡¹6h\u0019ä\u0019ád+(½$%ç\n`ËéÎ¸}^B=Í_\n\u0016ÑÓ;ü¬ÜK]¦\u001bô6÷©}Ê8\u0015+>\u0000\u0006zGmIms{¢è}\u0016df\u0006\u0006­\rc\u001aýð¸z¹[¸Þ\u000f;óE\b@Í×¸ê]X³\u0005þÌÏÑyðg4ÕT$ÔÑ\u0013 \u0005ºÓh\u0013;xi\u00193êLyRµ\u001auìqx¦éÞµ¤cÔ\u0016>GË×½&~/öÑ\u001a\u0007FXþ\u001f¤ÏçNSË~(IX_\u000f·ÒP)ÔN²§\"Ë\u0006§g&â¡çÉ`ñw4y\u001c\"¿\u0000Çd\rMBÏ-po\"~´öø¨7zé£Í3lêÓÓº°0³Iéågd6P°£E\u0005x\u0014f¯ó\u001a*xå´Çd¸ q3,þÞfÀ¸ÚõEÚ­DðPQ¹f(nàôÐË\u001a§}%ñÚ\u001c0'ËÉXÏ¯`KØa2üUá\u0004»ª5Túè­¢Ü`[æµ{c\u0003$Ü\rhÁ²}á>ñß²¹&k0æ÷ôB;\u0004ÿà6=­TTnXqÑhËEý0È¬I<\\\u001a\u000f¯ê©5\u001f\u000b.ïµS§ë\nI\u0014ø\bêÊ\u001f\u0017¡->§ÃÚ,Ñ\u0004Ódç\u0013ÐätóK®S©\rGî\u0015þûHSUp4tÛÓ\u0011\u0014íèWL.Ó\"\u0016Ï\u0001a<Ë\"\u000e^¾L+´\u0018-»MÝxù\u000bD\tãyð®r­DPæ4ÚÊðîo¯ß\u00127Ö`Ðûri!­\u001axÎzÆOps\u0018OöEÐÂu¯\u0002ì2\u0005VK\u0011ðÒÂd7wÄå§\r)^XüÉ\u0004~qÖ3iäÌ½ÌK«4îô§ñ©pÅb,\u001f\u000f<ü>¤\u0017óìY\u0013¼ª~¡ïT2·\u001f{Â3\u0007NÂnÔð<oPï=z\u0003+ÓT%Vu]\u0006K#\u0007ä\u001dÞ½âr³X8=,\\á¡}N?7ñÀEê·<¡§\u0007xö6÷\u001eå53ÆªÚqÈóf®<êâÃòd_æ\u0005÷C§~4L¤ÁE¬§ùT\f³¥¤&D'À3ìyyÅ¯Ô'q¡Éé·\u001cä\u001934Ä\u0014Æ²\u0004\u001e\u0016é6üM2hK\u0014¨WÙô¨á Á#\u001e¾ã`öð¥\u0007½zçº\u0002küù©HY,\u0014Ø\u000bêv~î\f\u001f\bi½t<;@mñÑçh\u001a&~k4Ûõå\u0012OÒTÃ-¸á\u001fh@µpz\u0018pã¾'4xe!j\u001aâîT¨\u0015%úYH\t^\u00172\\­j¬\u0015êïh.6\u0015¶«\u0016Úì\r\u0002\u0012\u0011Ø;\u0010é\u0016gPÕ2\u0006¿û\u0010üOBQÁ\u0015V;¢<5\u001f\u0006¿©ìý\u0004ÑÑû+´\u001f§E«sé\u0018ç\u0007Z8Ç-´Ê«Æô;g\u0011Lä=Õ]RlícÞ<\bo©µD50z\u0013M\u001bÁn\u001d,Ñ¥)Ù\u0019®\u0012\u000fGÂ\u0002C\u0005·ËªUr\u001aÁm?M<\u0004ájóxÉGÝ9pïÞRÍ\u0004\u000f/\\võ\u001f¦\"]öï4-\\JÚÇOOU!ò\u001b¢ÙDÍ­óÖ±ëÇ°°Z\u001a\u00162h«<Eã\u0018íát^ËE4\r\u0018púËèÅ\u0011Íù\u0011ÇÍ\u00003¶Ió¥JTÀM]\u0017£¨ç\u0018OÃfÙrC¼s³\fbÞ\u001dÞ\u0003\u001dÎ&Ñ°¡Ê\u0006Cæ9úxã\f×«ê\u0003Z°ÿXá\bµÅ$ÁBPÃÅÔ\u0010ºî/@tPÇK\u0017àT¿Ê?\u0000\u001d£²Þ°\u001fú¼;\u0015{Fî°ððÂ\\\u0018×Ô~YÒ\u000bµ\u0006úh\t\nh4úT}&¹6_/X§qC<©.!8ïøÔ\u0016þ\\¥ùE\u000e-\f_b 5ÓÐ¤«Gi&7\nÁO½Q`\u001aîÒâ0X\"ØÄD§ûn\u0002LL#²DBz·\u0012\\±j,õ\u00011ó´x\nfqÓ\u001c2`Õ*è­èÙQÏ¡\u0004þ|áÎË±@4Ùp\u0007ñfÇ\\8~*ÛUÝGÚ§ë$t¶òg¯ýÒMh½F{h;Õb0aºâ\u000bÛ¨+\u000e6Á\t^y\u000eÒÌ%å\u0007òPK9b@5\b#½$\u000eú;ôº\u0004y¿&`\rÑw.Ð¦¹¿Í\u0003\u0010}Wnnù0ãB\u0007h)5\u0001\u0000¶\u001aå0¾cÁ[G¢èë]®\u0011\u0005í\u0016\u0005\u0002Ï\u0015ÆµÅWµ|gJ©®@Söcà_IïÒ×`¬7'´X?y\u0011»è½XÓJà<ªf|æ|$Ê\u0005!,¿°^,\tbqxEÃ¹Q\t÷dd:~íÂç¤k½ï>,ËÆ¶õI\u0011ÇÕ O»u:[NR\u001bsmèCW UµP+ÿãOÔ[\u0005Ó½\t½>Ï/@ew1b §]j]w!\u0011N7|¨6z'~âIÚ0Ftûi½zµ äiÒMxúHbÅQC¡ûÎò\u0017\\iÌ@ÛÏod¾*&éÕ)L·>{a-1¢ç8M­<À5çé-\rîãÞ«<}\u0017.îê!ÈÈ\u001a\u001c\u0006¡³¬©t\u0007{{÷s}!ä^TÃ«(½aÆé\u0012X²PP\u0011TÊßÔÇ~^\u0017¦&0\u0015]Bú¬34\u0001o'ßóü%Yã\u0018çìA-ÙÔd@\f<\u001aOcÙj¢OïË¡&¤bÔ\u001ed ÐçXÇ\b×$ÔqéAëFª¹¹·9Ã\u000e5Í ­ª\u0017Dø _oËÄá\u001c.k~Ì»\\Ãu\u001atq/ÍíÊ9}ÕHYo\u0012Ê\nÛ3uUÃèz¾»U×Ê`sÜC\ff\u000bTów\t\u0015l!F>h@\u0012\u001eÖ$d8ò¢?<¡\u001aè2¨¦®\u0007,A¾ê ,0»#ôöÎSÔìÏ¬Ð­Ü\u0012]}¯y¢ä_ø]eºFé\u000f\u001cµ:¨÷,½@òp\u0005¡]Ç9þÀÝ%¼t\u0018\u0016l\n^Ô»ò[Õ\u0018Gí\u0019¤\fj\u0003üé\u0000î·ª÷{yJÍ=Â5_ä\u0019-\f\u0011Î5ª½\"2uP ÂüÙÃMIH­Îj\\\")]%ã\fks2\u000b.Û;ZpÂ+W½<ñBÔÈ\u0017X½µø}\u0012]ù+à l\u0014ßñÛ¸>\u0015Ó{zEÜVðè,5IoâÕ³ÔVpKÒbVÇþóPà\u0011\u0004¡½©<yQ4v$\t¹îynV}i¨¦'Wà\u0000L«¼·­:Î@¨6w\u001e¶t\u001a\u0013]ã/eH\u0007Oyá¦LdgòÓ\n¨\t\u000buUWÓ´\u000bÎÎxr\u000eÈ¬æ\u0014\rÆb\u001evÁ5Á´\u001e¾%JAf¤òÞ-Á­*\u000bi³IÄÖü\u0006júµ<\u0010h\n\\³\u0015\u0016#5K:ÀJý«·¥Bèú©×p\u001a%ÚpXnÛx6U±\u001bu0N\u000bÂxET_\u0018Ïãò?CmlËáSú\br¶À\u0005èÃÿÓ÷á·ÌWhº\u0005Aú</èíà\u0001u\fz£_D=2÷÷#¼Áà×¼©Üð8\u0004ý9%)WrÜÈ<U­çç:G\u001dR¦]Ûñ\u0001¿;*ix\u001fëòQM ähàñrz}\u001eIgZ\u00071i)¯'c=À\u0012|pG¿\u001aLøÖÏ¸hÂ 1¾«\u0018©\bu èæµø±\u0015ªj\u0017ÇÜ_\u0016ÆlÙç\u0010¥Íb=ÞÐ[-Úò\u0011§àUM\"µ\u0004wu#AÄ\u001aI5¸\u0016\u001dÔà¤Ê+¼´TN\u001b\u001a·\"¢ÕxE¸rÎek»DõÜX\u000e\u0019Cð<P%\tADs=·5w¬×î×4±9\u0007J¸ùJjòÀO3Xð&îwñºë¯Ä\u0018!ìZp«z{\rÈ\u0014ô\u0019Nñ\u0006¢\u0014\u001d\"ò>\u001bF×\r\u0017q!\u000fR+\u001e¹)\u0005AÐ\u001bX É?Åjü¼yÆ \u001fA±~~{JÉ½B²kQvj¾Å-1PäC°\u001a¬2Þ¢<¯rbW\u0001·\u001fM\u0019«Àí~Ú2\u0015¦#\u0006äÞý \u000f¯àøÃð¨¹ÇvûC%C-Ó¼·odA\u000e\u0006n\u001e¸Ñ\bVNPW*rãMà\u0002\u0013zhQ<&Û£k§­4\u000f\u0019HÂ{ßpElã\u000bUùÒ\u0010\u0002\u000en<\u0002a\u0017ÂX§Ùóù\u0015\rgJ\u0010jðÆkJÖ'&ÊÉ\u0004\n¯^q\u0006­ÈL\u0017¥®A\t¿\u001c×`\u0014^³HzÄòó×Ä£0exl$¬ùÎ.80cÔ£*\f\u0018âwðI[%öð¢Ý¨æ.<\u0000uÆ5ó \u001eI©vpw¼úRyóÂc\u001e<r\b¢ÖÆ½¶saç'-Æõsßõö;Üs¤_ÐP\nzòÐ¢÷zd«áa·>ÀµuÍþ\u0018 ¤ò¥J\f¥cEÆÁáëÐB½ð\u001b_Þn­E£¦c\fæ^î\u0014ÛMãÞ\u0018nEÈãº\u0002Ò\u0006\u0002?çËZ®LË\u0003Â\u001d_\u0006{\u000fÆh©.7h8\u0019\u0011{+ÅF\u001b\u0014Ð\bbîJ¼¸>U\u0017DK¶YÎrÞ:ÐMt·Jáf»·[×¢7'F{ÊPÙ3êfAiùgª÷?Å;D*\nñ0 \u0014Á@+\u0012\b\u0005uþ@a¡®(äU\u0010\u0010þPø¡+òâ?^Þ·P»þ\u0017Â\r¶a\u001c6«\tÚK;ó\u001eÛ9\u0000(Ø#Ì¡2ºØ\u0015\u0006\u001eç¼\u0002\u0013Àë·\tmVý\u001eì\u0016`5þÛ)ôûtpèm¿Ëk\u0015:\u001fãïrx ät¾ÏS\u0000àÎa¿«°Ä§-BÝ\u0006`Ðþª\u0001üÓ_Üüÿ\u001a_ò}ä¡ào{K¿wàØ\r+\u000eþ²µùßgÏ_1u7¬\u0018Öê×ªß7\u0011ÿéÂðg!lÿù3´ý\u001aö÷¡\u0011Æñ\u0004®Uÿ{k]7»Ã¿~è\u0003y×¹ñiéÜÀ.\\¡\u0005£Ùf2r÷\u0015d<\u001bºû¥JTÏ8õY¸>\u0001YÛ[ð;W%ÖªUJ\u001c«%ö\u0013ûa$ü!«\b®ð\u0010\tÆ\u0004¥ì\u0004Äß \u0005ð³»ÝHÄu\u0001køúYUZ8ÀsðzÅMw9pÚG¸\u0011õ{­ò]dHÈ \u0018 \u0011\u0011¬oñ°hë¦XzÁ÷T\u001cÁZ§à\u001bLÙ1\u000fÝ÷§Á'_,¶£º¼TÌL0_LÍA°>¬õã*§'Ü\u0010>+dåTZ²!Y=~> ÙÀ_âQõ\u0016\u001c\u0015aãHe²ñpf²\u0012±+è#-*¶è·DêæØÇ<-\u0005&£åU|î ÿ\u0004ì\u0006ÕòPÿ\u0019Ú:w¹·¹Ç£%óaL°·\u0010¯\u000fe*ÉU$@\u0015\u0014Úë\u0003,\u0019b\u00075¨\u0001²Ázò\"M\fò\u000b¯ÕZH}'høL\u0014DüY{Zã3x1è\u001e\"ö^¦¶\f®5ðz2-HAÝ,u3½8¡¤câ1%-'ËÏ®îê1?>Å\u0003³6TÍ\u001déÎ ¤\u000bwQt\u001b³kyl?J0ë\u0017Í%7©-M¢0/ÂùldK3\nHÚ¿$óÇë\u001a\\\n\t£ëEÈZÖ \u0000üÝ\u0014]]û\"tS÷-zªä¨>!\u0011}\u0017b\u0011i}FñU2|Óºêð\u0010\u000f\u0018\u0011/\"ls\u0006÷ÓäùñÈ¤hÙ\u0012,V-\u000f\u0016g\u0002Ò\u0000«Ó2@ãüZ\u0003Û\u00015\"iY#½8\bÝAI\u0002#\u001bWÊC »\u0014N$ØÜ\u000e§kÒ\u0006©¹>Q+k;rµVFÍeí\u0016-Æ¤\"Æ\u001dGRµ\u0015ÙÍ{:\u001a@áwÞH\b\u0002÷Ü¢\u0015\u0005ùø\u001bt\u0019òì\r¤¬\u0016²\u000f\"oÑ©<$Áµ=\u001blÜró²ZÎ«i|[\u001f\u0012\u0016ÈGÉlw®\u0002½¤Ü{¤·gíÉ\u0003ÿlGD»ti{\u0011C_3\fÁÐØy\u0002YpT¹jÊP\u001b@¦â-\nËª\u0018!Ú]\u0001ÙNÇ8ÐM÷ù³H<E`ü\u0016\t+©CÛ$=£Ù±\\39HxÕP³$ÓÌW0x¼~\u001f5þ\u0005¬Ð\u0000VOM\u0003\u0019\f7Cü!bàWeÜ¾\u001fM\u0005Ï\bÔm\u001aÌC# \\\u001e>ÇÏâª\u001e\u0017@!§*% s\u0006\u0003ë÷/I;Ñ_6!Ù\u0004Õ°BËÈ\u0016\u0003¸tÏºïz[L\tÈµHrÚ\u001d\u0006ÏÍoë:jÕñÄµR^LtFxÐ\\J\u0007\r©qºÞFuÔ\u0013ùôLÉt¿u¢fù\u0019Ò²~Ðîa\u0006=?BË>$uænCS¬?¸|U(x\u0012 \u0003É\u0015¬ÄFå\u0017hpHÉ«#UR\\Q--^ì-KÎÜ\b\u0000O'µ\u001f-E^é+ìð¦À\f|P\u0019\u000bZj\u0001>\u001aÐJÑ¦q O\u0019}GÀúÈÁ\u001bün4\"WòL­-\"Ññ[A5ô\u000fêN¯x(åàÏL¹26-G±Dcf\u000bß$¯\u001dMG\u0002\u0004p¥(þ\u0014Ç­WÜ\u0014ðê\nJÄ\u0011äÆ?^à;4\u0018õN-Ã¡à¡¸Á5ÓÀìÜG9b\u000b\u0000êbK[ÝQ¤^ð3ä3G\u000b\u001dÜ\u0013¿¯ÂuÛî\u0017=d¤\u0006³\u0002éFÙlZË\u000fàß&?4Þ$\u0016³\u0001>;¡\u0004­`8\fà¨2±aH/ü(õ\u0000\nòö®¨!#0\u0015÷\b5`¨§\u0018\u0017@U§däJ&¿:}\u000eÕÉ.\u001eÍÜ\u000fFaâL\u0014 È\u001f²\u0012\\¢f\u0000PhåB9 \u0012ßavb×-n$-KxÖ\u000eN«E®§éÜ\u000eo@åATµí\bµÊ/\u001e¥Â´¬Vê\u0005;\u000b%Îëk\u00157¥!ä.\u0002\u0016xÄò\u0019õ±(/Dye\u001eäù\u000bÔ'\u000bf\u0004%\b¡\u001cÊ¿bÜ\u0014Rk@\"\b¨)Lä\"!yÏQÁ\u0017>Æ7üÑvÏzú¥Æ©)r¤r·vî\u0010=«7\u001dWÐJû%!e£\u0016B\u0001\u001cL Egä¸þv\u001eðF³«\u0000\\\u0015î.½kCM²G\r\u001a|T\u000b®ÆcÔC37\u0012©öQ_©U4R,5P\"C\u0018ü|Ü-yuük\u00053OA-\u000fa©kbËLñNg±\u000fPµ÷bh®\u0014\u001ac\u001eió;HÄ¶ °'®ç>¸ãÓ)³ÈÒjÊæ{üÚCï#bî<(ÖÕç:èóÝ\u0003ÈÃ/A)¼È¡Mkbä\u0006êÃ@ú\u0014\u001c-¼IÝù÷Ä 0]þ\u0014|iYnLæåJhöZøfAØ\"\u001b_\u0003EÑ|:Îjª@¥\u001d$jÈ\f\u0005'æÞ\u000f\u001bu=\u0001\u0018â(ltq9ò«*Õêa\u001eÀç v^¤Æ8Ý\u000fÎsÛÈ£\u001aÑ}^^±í;p\u0005\u0018¬¶ªk\u00075gÅR\u000e\f¦\u0018/\u00030ï@?POK\u0014v&$e1î\u0000RáB'=}*E-ïù\rnÌ¿Îcç5q&>^òx\u0011\u001eÍ×\u0018Nã &*uFJàòÕðóÔ\u000b\b[\u001eO\u0017Ã`CmyÖ\"x /J\u0018Ò\u000fZd±Ì&Hö\b­\u0016bíæO\u0001è\"YW\u0000ÂÑ\u0015Ñ\bæ-Ö\n¨¨ãØhM\u000f\"ÏÐgÍé@%§ê:ÖiÙé\u0012WÚOýb.4¦»`\u001c\rÑb\u00112ù¿ùjÂRFØñ9Ã|I»KUÅ\u001c\u0005\u001eB\u001dU\u0000\u000e±·\u0001ea4h\u0012àçÒ\u0002kX\u000b\u0005Þ¢Ä\u0014\"õ´ ÁäP\u001a}Cý¾\u0013JÌ+\u0001\u0005`í»NzT\u001d\u0002Ù2?¿f8ª×l¢M±:z\u0019cÄ\n¾K#Ùk\u0001³Ú\u0018\u0003Ï\fj¬QQïûO+rÀ}hi¦©T)\tCààïô¦m£fÏh>Ø87r%KE\u000eBº\u0016D\f}ôæ¢\u001cßá5u.~yMÀÊPï¡k\u001e«Ûm¯{¥ÐE\u0010]òpî\r\u0016D£û°ÔCMòf_¡»æU\u0010:î¸i\u0000ã©Ú=À%Ã¸C]J\u001eNæÅ$ÏÐ\u0014ñÔa\u0019gOÛèõ#ð* üa\u001fÕ\u001fÉ¤^)1úÏA£öH)\b`Ó!øh\u0013þ#\u00170ÄgØ\u0017¤ÉA=öõ<\u0011ïÀV\u0014½ê(CÙä\u000bwËÚ*èá>pÆòÓùøt:\u000f9\u0014'\u0015\u0013`¡&`r$0â-\bR\u0006YáÌðÉ\f\u0016£çÒ­áPì¾Â\u0003'ª5þväÈÎ\u0007\u0015ø^>Dé¡\u000bÜ\u000fµµ«¥ÍCðEN`Lß£\u0018\u0018\u0012à¸Ä²\u0001ëË\u001bº²'¹IùJÝKS/ñhÿ5)\u000bòµ\u0005OhÀÍÝ\u0012ü\u0018\u000f3êbÓÔh¥F©Âúx!TX\t£\" -ê@õÌdÓX>5E+Øâ \tçsZ\u0017\u001cÇÞu`ªÛâ}\bcê@;ÂITêâ\u0014_Q%ñ?Åx\u0019xEjî\u0000ëðr\flvë8¸#¹ÛrÊ\u0007P'Rxu?\r\u0014\tØ\u0018Ï\u0005v'æ\u0002Í\u001eÉÃF\tTÅ\u0007Z¤fc£¦¸}÷²¹åbì=m2ÀL%CJ_\u000bçJ4k×¥p¨'c¼¶ÃÂÂ\u001fÎÄcÍº¨©èB\u0006öh@t\u0005\u0017ç\u0013`,¨v(Õpú¢_\"4¾ð¿Ås(¾ÄX/aizf^~H\u001d\u0007°&ÏàÿÍ]Cio\u0010¿(æzÄ\u0019ñÁf?Óõ\u0015Û\u0016áóL+\u0000ø\u0013iFì[iÆþ)_> áDpâ,@YÆIøfÃ;>ór!Ê\u0013ç@a\u0004r´µï&Te-\u0003~\u0014\nu\u001arÓ[\u0004pÔ-\u0000\u0000WLg \u000f\u0006è\u0000&&Âã÷á§)°ìn¼eNy =»\u0014À¸OØåö\f\u0001ÈWèõ&xðË@\u0003Ô¡<¬©°A=\rd_Âh4¨\u0019¯P²3*â\rÌ+{à¼¨÷5Ñò½[Ü\u001c@\u0004_\u0003Ù¨§/¥¨}I×º9Éþ:W \u0019ý\u0001Ù¶f\\E|Ü§Uõ\u001d`óqZ½K+wo9#e\u000fKoxøsjé\u0013\u001bx¨½\f\u001eÃ;\u001a\t\u0017¢¼oÓX§\u0005l\u0014¢g\u000fyI\u0010K&¨{`1ZhÞ8 DÆà]ÖZ\\!EJ@äÅÅ8\u001e¸\u0015\u001f\u0000çô±´}\u0005zàW{}\u0012úéíÉ(gD\u0011ÊÔ*þ$%DW®\u0006\u0016\u0003Ú¹ùx\nV]m ¡èý\u0001Õ³Vð+\u0006nIÅ¤¤¦mÖôù#1:ÞÛZ!sÛ®I\u0016ºúîÀ«\u0012\u0014§õ÷*dwì<ukJEÛ\t\"xMÍÉ4ÇÒæÕ¬\u001cå)^O0bKÁÖI¬:667:±Õè\u000b5\u001e5{ÁkâømuH\u0005<ê-DF¸õ4æ=¿Ïz×\u000b¬À\u0017÷\u0016KÖÆ¿Ï:Uð\u0015,ß\u0000ª¢}àÚ¹Ç¡°9\u001eÃ¢V\u0016Ò\u0017 :ÕÒ*^¤;Ú\u0015|Kf\u000e>ßÒYX CA\u0006Íê\u0010<mæ\u0017Ç\u0002Uî\u0000²\f·¼Zµ¬ÐØ+Gxâ\u0012LÎÀaø(×å¼\u0004¥¨p¦ Ü¨Ü\u0007Ï(Ñ-@8\u0017o©ÒTWæØà¾\u000ffRCòþ\u001cX^ì.Ê )\u000f^áOØ\u0017à¶\u0013§þë@_mo#¡Æåñ~³#ª\u0018\u0000owBgªA»Þ\u001e\u000b¸Ù\u0000TÀ4 @qp°ÚùéR7ebAÖz\u0016KØ\u0019ô äÖö\u001cy¹Åä²äÄ¾\u0002àq\u00040¶K¬Ù¼nÄEÍ¹iX±¹ûv\u0000\t\r°§ØìFunå!a\u000e; «û\u0005Õn=\fßè9X®¿\u0014\fOã©o\u000f³+Jã­DmG\u0003åt&±°\u0000k\"ó¼ûHÙÌ4\bKóA\u000bæÇ3\u0010áoÂi^£ki4í>DOK\u0001k@B\rh.ßíôïãó4¡C4/;\u0006}àÖv¨\u0000ø\u001eÊ^Pì¼è§÷B\u0007Ù°)¯ð1kÀSÃÅGÐb\n±\u000b&\u0002Ñ®²z¡'º%\u00000\u000ecö\u0002\u0013§m\bßÄ C5k¥¹\u001c\u0011SÄP^\u001e°Ù£h#\u000fw#Æ-\u0000 Å4våÓx>6üÀ­Q\u0012R§·\u0017BýÌ «qÚ<O«¥H{¬)P£\u0005fÚ5k\u0014ïtß¾\u000fÎ{Î=\u0000^ðd|Õû\u0012µ­\u0002&ä«à&ôTá­+à:ø»ïx¤ð¢\u001b½^úb0öz\u0005d/Û\u000bN\u001dÃ¢p\u001eÓl\u0000Ø´Ó\u0005ÏíÅ5~ýðT8\u0003±O`çi¡\nM\u001a¨N<WÓÑK\u0018t\u000b\u001eZÌNÔå8£ã°²ëÎ¡u\u001dlW¸`\u0012½i\b\u0001\u001fÔù|\u001e\u0003¨]ZxÔ\u00031\u0012\u000fýÐ.ÆMï|?¥C ¾õÓ\u0002ñ\n\u000fÉæQÚ\u0016-S\tÒ\u0019/Ó¨Ïa\u0003ß¬+{Xm\n+«ì¥zÜ,FøjôPÊé;\u0017\u000b³`ýFeîØs\u0006Ó¹Yý:N\u0000\u000fK-· ôç ´£éxé\u0004\u001av\t¨U³ÑfXõQÜîØÌóbÙ¥ð; \u0006Ñ-ô{\u00075ü5_\u0011GNì2\u001eû¯\u000bJÿÏ_Û®\u0018`ä¿.\u0014ý¯0û¯øüj­¬»Õµúõ'{«ÒÛì(ïîÒãObmÔ·ÿU>Óï\u0000\u0013ö2\"#tÅ\u001eê\u0010½µûghþ5zG=É£$ `ªdVÊ\t\"6Ì{û\u0004\u00119Z\u00045Xåõüþ\u0012\u001f8@ÿd÷\u000e\u001d;P*ÊvÅ¥y '\u001c~ès'\u0007}¡pÁ\tå¬ bWEaÈ~*1·\u0007¥x§\fEæ\u001d\u001f\u0014\u001cNNv\u0015\u0007Ê|«0\t?N\u0012*)Æo2_òu«èòßý¥AOr/ST\u0013Á½\u0012å@¢`$\\!§ \u0017mú¹ÂëHôaÁj1`¢ÞÒ°1\u0003½ú$C>@º9°Ò hå´O¢ý¾'\u001fïñú\nÑó·\u001ep%\bÆI\u000b\u0015_\u000e\"!O¨P.\u0002åõO\u0015<\u0005`Þ5\u001cáSªT;@´¹µh¥PÆ\u0017ÆÝ°Bkå)o ¹ýx%5\b²áwu\u0018Úíoó\b\u0015¹\u0002Á\u000b¡PAiñ÷'w^Ý~Ú\u0013\n\u0006óú\u0012§4ì;-Aïw´¦ÛOjëµs`%Å`%ß÷+þ@¸$r^9+&Ptõ»ÛíÕ\u0017bävy\u0007ÉÁcaW°Ä\u000fb\u0004\u001e<ú\u001e þ¼§BÞo×¼¾\u001f¯í\u0018Jc£^W\u0018åVè¬Ê\u000fÖãÛê£oÍÃ\u0001WU®68¬z£U9TççP\b»\tÂ°4Xô\u001a\nò\u001f®`,¦\u001d\næ_(ï¥X;G±8{\u0015f\u0015\u0011ò]l\u001agÙ\u0010\u001eÙl\u0017i¶:lßGþ7kÙdÑæ HÙ¿Q¬!»5XäçfÌjùX[;<!Ó»JJ\u0002yA¯$\u0019gçÝÇådÍn2ùý&\u001dl²Qg6»\f:ËjÐ¹ÝFÞèó9ônÛÞ­Ýo\u0004\u0004\u0007ý]­-\t¦âï(\u0017X3cýÿÇÞ¡oX¤?*\u0018ÌÿJ0\u001cÿí\u000eµÍø'á«{ÃÿÓÁñ;ç\"þ4°°Cõ+\rCV\u0003\u000bû6\u0007jÎbPÝ6?ol6¨ÞÕo\u001ao\u001fVùCc£M\rLÔÆ8ÇPi¬xÉjc3FûÛÆFãvc+Þ¨6Þ\u001e\u0019\u0017ö\u0018\fAþÇ,¢\fØÕf1%>\u0018´P0gÇI²z·Îàñzt6«Ç¦³[½v\u001d\u001e1\u001c~ÝâsÃ<Ä<\f\u0004½¡¿ûÉl¶zÍ6Ky¦0àFkØ`í\u001c¨A¥g\\4$\u0019-$\u0005j\u001a\t\u0015ø+ÅùHjñ]KFåaÑ\rËM«éVëffÅ»ç\"'Ï¤>È³äûÆ\u000b©×®¤¦\u001bWÂ,ø\u0003y9^ßUZ¨¢1hNoÑ\u0019Í}\fD\u0002AOD\u0006m±º\u001c\u000e½Ù¯óû,6ÙnÍ6á,*·Ûo5Ø\\v»ßçRr!¡LÈq+KñÃ»\u001e»Igó\u0018m:·ÑmÒùÝðl¬F×`TMþ\u001f?q×âP\"ü]\u000fÜý\u0017:6\u0011WIÁ\u001fsj=¡RÌo¯¾¿]1ß]\u001b+¬¬òUÒÙfrÌðßÃµ±Ú~ã6ÿ-]\u001c£Ùøÿ\u0015Ò+}ÿ\u0013¾¿Y5+¿N?\tëìw]A\u001d´e8\u001cðút\u0006ôªº\b{NL!7ñ\u001b~6Yvx#W\u001dóH2þ½CYÑàHiW?7?\u001b´<Ô\u001fâgìàÜÍem¶þé½<ÿéÞãO\u001eæþ_âYÄ©ýc.»r½Z\u000bØv\u000b¿ñMR7ÚÙXÙ³µKc£êÚì¨2ÌÚ¡ðVÃ¶®þ=ÇZÊ?\u0011}X¡q\u000eÛ'¦Û·i{tVÃ?NÅ¤ßnìø!TAHk¬lªVãíèÃöcôñ­±Y;Ý¼}b¼E\u0013Ü\u001dÑÇ·ÆzíØø]\u001bïN$¶½+ö\u0017{Ø¨öß³í'ýqÈ\u0012 \u00108{ýÛN\u0001 %;ÃÓJ\u0000Viày9öÕ`´\u0002\u0016.hâ1'(\u000f(ç\r\u00032ã\u0001ÂoÃ±IÃÚùµ&n¾Pò(Ó\u0019<%=\u0005â¸é*=w\u0001o7í>\u0001­rz5Î{®\u00006â\u0005×x'h\u0005Þ Å\u000eXA\u000f`BóÚÁ~ V;sÔN\u0010\u0005Âból\u0014ØûÖº¿Â?ß2÷c\u000f8D<¤Wÿ\u0010,\u0002\u0016Ì²\u000f§1Ef\u0007zÆ.=¹¯£ä\f\tl\u0011¤\u0005 Þî}Ê9?\u0000Ý\u0002.\u0005T`7°\u0002I.(Xv\u0014cqé;ê<\u001aç¨\u0016H\u0016OÉ!zÛE<ö\u0012xºæ| \u0007Û\u000b²\u0013\bÇhÈåó÷c|s\u0003\u0000òa`qþÊþ\u0007ØéçÜºx8\u000b#xól¼Ìã^c\u0012ÀtKÆ\u001b±\u0000ôµ\u0001×|ÑÕk<­\u0016õ\u0019Àß`KØ\bem8\u0016VCÛ½ætÙ5`¹tRAÅ\\Êu:®aQ'yæ&õ\u0007è³\u00112°uê­û\u001eP£\u0002\n2G\u0004¿ê«\u0006.tøÔ!\u000b¿N\u0003\u0006]å4§c\u001fÔÇ4y:<\u00158¿\u001e`V~l{Ë õê!\r9f¹ 0ö\u0000ürª\u001d°ß8Õ\u0017r:eÿ\u0015À±Ì'@ÊºÑY³\u001a¯ÿf÷k¯ã-\u00057\u0000\u0002ó\u000eÛx&]áÉÇ\u0002Ã\u0013h\u0001ª\u0013ìÜr:ív½êÒiä\u0018\rëcK¨]0\u0000$2ðÐ5ºB]'\u0004vlÆð#\u00173cÍ<hÔ`\u001e`¬ºò\u000eSÇùD ¸ÞS#Øu\u0011HöFàù\u0010I~\u001aãÐ9\u0012éz«z»¬êsYÙ*\u0011â<É£q'²\u0001Ü\u0013x?FQsà\u000e%hØk+öù\u0001º\r·¦Eå@á×Ü\u0016uÖ\u0004\u0018í(¿òs«];[Çvþ!pS½Àó\tÔ\u0007î¤æ\u000bO°ÓDv_ú¸-\u0004Ñ;ÀÁpVy[qV¸6·9 ®>ã\f\u0018\u0019H|*\u0000ËM4ù\u0012ME\u0001¥³.C¡4Òø5,äj¥Ó¿\\Óv5iàê:êwÐëj\u001c±í9yÜu>\u001fÒÎ±)È×| âqçÁeÞÈ.}¤º3\u0000¼7Àëwh²\u0000§*§9û\u0000¯\u0003fé\u0013}²@ï´ê\u0000ÿ|÷\bðó&\rT\u0006Xö¥Blêq\u0003²ºq\u001ah»G\u0010yÀðD\u001dzä\u001c`¸~@¾×ër©&÷ ¨\b@røàà¬@×¸hÙ\u0016¥m_4éËDM\u0018p\u001c9ö9&\u0003Çýw3  MÜËã9¼dæÍsqÊaÉ·±|Ê¡Û\u0002+\u0007\u0018@Í\u0016ì\fjIÉ\u0004´[ÎsÒ»2\u0013é\u0015ZUECF[\u0001\u000bÆ4\u0000h[\u000bòò\u0014´l\f½?\u0002 Ú\u0018MBtôÞ»c·0\u0004´V\u0017bã´ó\nÍÆX9ÃÚ\u0005õ¼\u0006¼¶¶\u001b`¼y(­þC÷h{\u0007ÌÜ\u0017\u0007}÷ÕFv(íú\u0007ÔY~;ï@qýPÎ\bÔúp\\-Á´\u0007ðg\u001c°ûì+ÇÎ½§óø\rö\t`\rØUÇ¸ÆÆ«w\u0018ûuÊ\"X²ÏÅõ\u0014ùÕ\bO_QÐ°fmØ´ºø\u0010§ì$fÃ`/\u0012¿*E\u00178\u0015\bhÁ\u0017Ø\u001bÑ^\u0015_u\u001f\u0000%8x5}[ÿ\u0012¨\u0006\u000boKóW¾c³)nÎ.§ïèta7P®+\u000e\u0015#«¤s¹\u0002.w¡O÷0àä+©5äYËavmï\u000bäå+Y*£ÉpÐÆb\u00042ÈöÓçüPøûë(P)\u001f\u001dÇ\u0002XHûÅCßzB´fùY;\tÛBá\"]H¥T Ô\u001f>C\b«`ýµ_½'²ÿpÊÁO\u000e=ú\u0000Ð0]ßoa`\b\u0018u\nòe\u0016H\u0004¸àIþp=°W¾Ií'Oª\u0011ýÏßºã\u001c¦\u001fî\u0015£Ãí?SõÃM\td~6\u000f$,?»õÊó)ïSâò]î\"Vþ¾ßã¨_0õ76\u0000«¨ß\u000b1ÞúâòÄ(ÄãÅåöÂ9Ñ\u0016}l\u00148ZaNðÚ?ÃC¶\u0002§¥GäôpëHÂl2î\u001e\u001fØvÄòoj!ë¤æÍvÂµÔÒá¯¢ù|`5e\b{ËÙoÛ\u00133íIø\u0005ê\u00071^Á®ý\u001drbÊ<~Oú;&Å\u001cz~gbïß\u0013Sºþ£91\u0014ó\fJà¼«dà|ÿÕ«öZ¯r\u0000äýÞö8Ö\"r\u0000\u0000"
    }
  },
  "response": {
    "status": 200,
    "statusText": "",
    "httpVersion": "h3",
    "headers": [
      {
        "name": "Content-Security-Policy",
        "value": ""
      },
      {
        "name": "access-control-allow-credentials",
        "value": "true"
      },
      {
        "name": "access-control-allow-origin",
        "value": "https://www.vectal.ai"
      },
      {
        "name": "access-control-expose-headers",
        "value": "X-Accel-Buffering, Content-Type"
      },
      {
        "name": "alt-svc",
        "value": "h3=\":443\"; ma=86400"
      },
      {
        "name": "cf-cache-status",
        "value": "DYNAMIC"
      },
      {
        "name": "cf-ray",
        "value": "972481576900739a-JNB"
      },
      {
        "name": "content-encoding",
        "value": "br"
      },
      {
        "name": "content-type",
        "value": "application/json"
      },
      {
        "name": "date",
        "value": "Wed, 20 Aug 2025 20:05:24 GMT"
      },
      {
        "name": "priority",
        "value": "u=1,i"
      },
      {
        "name": "rndr-id",
        "value": "42634769-b5a7-468d"
      },
      {
        "name": "server",
        "value": "cloudflare"
      },
      {
        "name": "server-timing",
        "value": "cfExtPri"
      },
      {
        "name": "strict-transport-security",
        "value": "max-age=31536000; includeSubDomains"
      },
      {
        "name": "vary",
        "value": "origin, access-control-request-method, access-control-request-headers, Origin"
      },
      {
        "name": "vary",
        "value": "Accept-Encoding"
      },
      {
        "name": "x-envoy-upstream-service-time",
        "value": "666"
      },
      {
        "name": "x-render-origin-server",
        "value": "uvicorn"
      }
    ],
    "cookies": [],
    "content": {
      "size": 15,
      "mimeType": "application/json",
      "text": "{\"status\":\"Ok\"}"
    },
    "redirectURL": "",
    "headersSize": -1,
    "bodySize": -1,
    "_transferSize": 382,
    "_error": null
  },
  "serverIPAddress": "216.24.57.7",
  "startedDateTime": "2025-08-20T20:05:23.175Z",
  "time": 989.9040000018431,
  "timings": {
    "blocked": 2.6329999996637925,
    "dns": -1,
    "ssl": -1,
    "connect": -1,
    "send": 1.4300000000000002,
    "wait": 984.2159999977555,
    "receive": 1.6250000044237822,
    "_blocked_queueing": 1.4389999996637926
  }
}