{
  "_initiator": {
    "type": "script",
    "stack": {
      "callFrames": [
        {
          "functionName": "method",
          "scriptId": "126",
          "url": "https://www.vectal.ai/_next/static/chunks/9da6db1e-ad7decc175389864.js",
          "lineNumber": 0,
          "columnNumber": 80787
        },
        {
          "functionName": "",
          "scriptId": "126",
          "url": "https://www.vectal.ai/_next/static/chunks/9da6db1e-ad7decc175389864.js",
          "lineNumber": 0,
          "columnNumber": 148111
        },
        {
          "functionName": "Pe",
          "scriptId": "126",
          "url": "https://www.vectal.ai/_next/static/chunks/9da6db1e-ad7decc175389864.js",
          "lineNumber": 0,
          "columnNumber": 148117
        },
        {
          "functionName": "retriableRequest",
          "scriptId": "126",
          "url": "https://www.vectal.ai/_next/static/chunks/9da6db1e-ad7decc175389864.js",
          "lineNumber": 0,
          "columnNumber": 118977
        },
        {
          "functionName": "Rs",
          "scriptId": "126",
          "url": "https://www.vectal.ai/_next/static/chunks/9da6db1e-ad7decc175389864.js",
          "lineNumber": 0,
          "columnNumber": 148321
        },
        {
          "functionName": "",
          "scriptId": "126",
          "url": "https://www.vectal.ai/_next/static/chunks/9da6db1e-ad7decc175389864.js",
          "lineNumber": 0,
          "columnNumber": 141725
        },
        {
          "functionName": "",
          "scriptId": "126",
          "url": "https://www.vectal.ai/_next/static/chunks/9da6db1e-ad7decc175389864.js",
          "lineNumber": 0,
          "columnNumber": 118337
        },
        {
          "functionName": "",
          "scriptId": "126",
          "url": "https://www.vectal.ai/_next/static/chunks/9da6db1e-ad7decc175389864.js",
          "lineNumber": 0,
          "columnNumber": 118343
        }
      ],
      "parent": {
        "description": "setTimeout",
        "callFrames": [
          {
            "functionName": "Er",
            "scriptId": "126",
            "url": "https://www.vectal.ai/_next/static/chunks/9da6db1e-ad7decc175389864.js",
            "lineNumber": 0,
            "columnNumber": 118125
          },
          {
            "functionName": "enqueue",
            "scriptId": "126",
            "url": "https://www.vectal.ai/_next/static/chunks/9da6db1e-ad7decc175389864.js",
            "lineNumber": 0,
            "columnNumber": 117852
          },
          {
            "functionName": "capture",
            "scriptId": "126",
            "url": "https://www.vectal.ai/_next/static/chunks/9da6db1e-ad7decc175389864.js",
            "lineNumber": 0,
            "columnNumber": 151479
          },
          {
            "functionName": "Bi",
            "scriptId": "126",
            "url": "https://www.vectal.ai/_next/static/chunks/9da6db1e-ad7decc175389864.js",
            "lineNumber": 0,
            "columnNumber": 65378
          },
          {
            "functionName": "",
            "scriptId": "126",
            "url": "https://www.vectal.ai/_next/static/chunks/9da6db1e-ad7decc175389864.js",
            "lineNumber": 0,
            "columnNumber": 64921
          },
          {
            "functionName": "ai",
            "scriptId": "126",
            "url": "https://www.vectal.ai/_next/static/chunks/9da6db1e-ad7decc175389864.js",
            "lineNumber": 0,
            "columnNumber": 64904
          },
          {
            "functionName": "",
            "scriptId": "126",
            "url": "https://www.vectal.ai/_next/static/chunks/9da6db1e-ad7decc175389864.js",
            "lineNumber": 0,
            "columnNumber": 65345
          }
        ],
        "parent": {
          "description": "setTimeout",
          "callFrames": [
            {
              "functionName": "Ui",
              "scriptId": "126",
              "url": "https://www.vectal.ai/_next/static/chunks/9da6db1e-ad7decc175389864.js",
              "lineNumber": 0,
              "columnNumber": 65324
            },
            {
              "functionName": "onRRwebEmit",
              "scriptId": "126",
              "url": "https://www.vectal.ai/_next/static/chunks/9da6db1e-ad7decc175389864.js",
              "lineNumber": 0,
              "columnNumber": 63832
            },
            {
              "functionName": "emit",
              "scriptId": "126",
              "url": "https://www.vectal.ai/_next/static/chunks/9da6db1e-ad7decc175389864.js",
              "lineNumber": 0,
              "columnNumber": 59214
            },
            {
              "functionName": "At",
              "scriptId": "159",
              "url": "https://vectal-api.onrender.com/_events/static/recorder.js?v=1.259.0",
              "lineNumber": 0,
              "columnNumber": 72562
            },
            {
              "functionName": "mouseInteractionCb",
              "scriptId": "159",
              "url": "https://vectal-api.onrender.com/_events/static/recorder.js?v=1.259.0",
              "lineNumber": 0,
              "columnNumber": 76292
            },
            {
              "functionName": "e.mouseInteractionCb",
              "scriptId": "159",
              "url": "https://vectal-api.onrender.com/_events/static/recorder.js?v=1.259.0",
              "lineNumber": 0,
              "columnNumber": 41352
            },
            {
              "functionName": "",
              "scriptId": "159",
              "url": "https://vectal-api.onrender.com/_events/static/recorder.js?v=1.259.0",
              "lineNumber": 0,
              "columnNumber": 38745
            }
          ]
        }
      }
    }
  },
  "_priority": "High",
  "_resourceType": "fetch",
  "cache": {},
  "request": {
    "method": "POST",
    "url": "https://vectal-api.onrender.com/_events/i/v0/e/?ip=0&_=1755720323176&ver=1.259.0&compression=gzip-js",
    "httpVersion": "h3",
    "headers": [
      {
        "name": ":authority",
        "value": "vectal-api.onrender.com"
      },
      {
        "name": ":method",
        "value": "POST"
      },
      {
        "name": ":path",
        "value": "/_events/i/v0/e/?ip=0&_=1755720323176&ver=1.259.0&compression=gzip-js"
      },
      {
        "name": ":scheme",
        "value": "https"
      },
      {
        "name": "accept",
        "value": "*/*"
      },
      {
        "name": "accept-encoding",
        "value": "gzip, deflate, br"
      },
      {
        "name": "accept-language",
        "value": "en-US"
      },
      {
        "name": "content-length",
        "value": "1390"
      },
      {
        "name": "content-type",
        "value": "text/plain"
      },
      {
        "name": "origin",
        "value": "https://www.vectal.ai"
      },
      {
        "name": "referer",
        "value": "https://www.vectal.ai/"
      },
      {
        "name": "sec-ch-ua",
        "value": "\"Not(A:Brand\";v=\"24\", \"Chromium\";v=\"122\""
      },
      {
        "name": "sec-ch-ua-mobile",
        "value": "?0"
      },
      {
        "name": "sec-ch-ua-platform",
        "value": "\"Windows\""
      },
      {
        "name": "sec-fetch-dest",
        "value": "empty"
      },
      {
        "name": "sec-fetch-mode",
        "value": "cors"
      },
      {
        "name": "sec-fetch-site",
        "value": "cross-site"
      },
      {
        "name": "user-agent",
        "value": "Mozilla/5.0 (Windows NT 10.0; Win64; x64) AppleWebKit/537.36 (KHTML, like Gecko) Noi/0.4.0 Chrome/122.0.6261.130 Electron/29.1.5 Safari/537.36"
      }
    ],
    "queryString": [
      {
        "name": "ip",
        "value": "0"
      },
      {
        "name": "_",
        "value": "1755720323176"
      },
      {
        "name": "ver",
        "value": "1.259.0"
      },
      {
        "name": "compression",
        "value": "gzip-js"
      }
    ],
    "cookies": [],
    "headersSize": -1,
    "bodySize": 2110,
    "postData": {
      "mimeType": "text/plain",
      "text": "\u001f\b\u0000\u0000\u0000\u0000\u0000\u0000\u0003VÛnÛ8\u0010ý\u0015CÈC\u000bD2u!m¹OÅ6è¢7ì¢7 EAPÔH&,*EÙIüû\u000ee)¶[g³Ý¼Ä\u001aÎ\fÏ\fÏ\\¾þðú^åÞÊ#aºiÈ|Â\"â/\"Füe\u001f2BÄQÇÌ»ô`\u000bEõ5\b[\u0016e­Ñ-\u0018« óV?¼\u000bÿ¼ÏªÉõ®ÃSüæ[0Ò\rÊCâDÁ30øýÇÚè\u001a,­ÀíM\u000b(\u0001ÝÆjçýÂª\u001anuã¤Ï\u000b£¤¿ÒkÑ4Ðe½)5¸.\u000e\u0010\u001fF\u0004å²7\u0006áòÞTh¼¶¶íVóùn·\u000b¶ ­¨\u0002¡æÎ~­;\u0017ÓÉ·Â®\u001bðVÞ gÄ÷r·úVUÓÌ!ÏÞ}$ Ïf(`É³Ù5KÎ·m\u0005!{­ìÆ f³'¯ÿüðöÍå¬R\u001b½\u0004¹ÑOgï´ AwûÄÌÃ(\nHÀ\"\u0016\u0006aLfW\u0015â3ºGi\u0010\u0006tö^\u0014Â¨ÑãQf\u000f\u0019G\u0007GâJ4eè\u0011;4þÇ÷Ç&Ó\u0019o\r\u0014êzPqç4\u0000\r_*×\u00184¦ÖåvîTn×Þ*\nã\u0004[\u0005»V\u001b{P&áòX>ª9TÊ\\Ú!s×àÇ1O¦Á@\u0016Õ :Ë\u0007.íM\"Ã¨'\u001dd\u001f_O¯.\u0017.\"\u0012G$ \t½ôrÕYÕÈÑ2¦$)ü\u0002èÂOIè8'~\u0015,\\å²\u0000±¿KY%*u+,âà{×^D\"ê¥\u001f\u000faº¢ñ*¢AÂØ\u0017g!uS¨²7ó\u000e:~°Ò½å5\u0016B¸$îïÀïûb£aVø\u0019\u0015ÌGä¡ÆBú±R)R¹d,\u001cwº\u0002^é\u001bÚäª)94\"«û\f&w*GÖôàeÄpÐnÀî´ÙðVÜTZä\\Ö\"\\WªãÏ¿À\u0014ÚÔ¢t2À0Ð~ò¯Ä·\nk\u0003úYÂEUé\u001d\"ªÁb¢FÓWÕÝÝY<µè6_§sVCf+º\u0000A9W\u0006ÚJÜðNÔXJÜ\bhG\u001fã\u0011âUu_ó¼ÇÓG§çÈYÕZ¾²ûCÑ[=f#kÎä¶À\u0018]r\"þ·7x,1¨\u0002×\u0012ÚbÓÍg\u001dN\u0017çà\u001e®RróÀÍ¢Vm#\u0007§E%J¼ô«µí2é·Xß~\u0003;ßµ±ÎÇLL%÷\r­G³ùãÚ+O®Ý÷A^\u001aÝ\u000fúøÚon&¸×;93ð½n¬M² L\"W\u0002Yµ§¾\b)øù\u0002De \u001cúÀÐy«±\u0001N\u00007g.r|²\u0007©#Z®k¡\\0G§]¾á9d½\u00039Æ@­-Î%£Ê\u0012\u0001ÔÂÊõÀÒS\u0016ýb7LÊ{³Îbøn0NigïÄõ?-+Õl\u001cCÿqó\\Xáªÿ)¹ÂM\u0001GBÈÒKï\u0006û=\r/=+L\tã¬@W\u0013\u0005Çù]k|®ZoÁ»»ü=ËæÞÝ7$Õ\u001b\u001cA+¯]Kn¯Ú/ôuIwõGúÅ7âÓÛï_^Úç/®¾´¼.èÍÕû¿¯^E¶¹)D_Y\u0017ü¾S?JÄ]çh÷!\u001fÊ\\ú\u000b&\u0017þåKÜH\u0014§ÅbI÷#j7LøGmâ$ay²\u0003\u0007§\fÆé\u001c#Ïé<ÈÏ\u0013ÝÇ6SíöS­_¶ûÆ|O¤}9K@ÕX0¨xÖ\u0017\u0018\u0007¯ )ÝÈwëÁ£ÊºÅk£(tÛÁA{Úã&þ¾\b)¡nÃ8(OJ\bÖ¸\rÄí\u0005aÊ\bMØ©¢Á|Ã±\u0011õ0^ìÆ´[CdßY]sÑª)eS÷ióñ$Ð\rbÊÁ\u0004R×ó}µ\u000fë®knßù&Àb$G^ø\u0002\t³)\u0004\b)Å£C}t¡\nåJb$¸YK\fãzÝaHøY¨ê0h\u001cV7\u0007±êke]§Bº¸\u001a\n\u0007\u001f*M±¦¥8bqt÷í\u001fyw§\fò\u000b\u0000\u0000"
    }
  },
  "response": {
    "status": 200,
    "statusText": "",
    "httpVersion": "h3",
    "headers": [
      {
        "name": "Content-Security-Policy",
        "value": ""
      },
      {
        "name": "access-control-allow-credentials",
        "value": "true"
      },
      {
        "name": "access-control-allow-origin",
        "value": "https://www.vectal.ai"
      },
      {
        "name": "access-control-expose-headers",
        "value": "X-Accel-Buffering, Content-Type"
      },
      {
        "name": "alt-svc",
        "value": "h3=\":443\"; ma=86400"
      },
      {
        "name": "cf-cache-status",
        "value": "DYNAMIC"
      },
      {
        "name": "cf-ray",
        "value": "972481576905739a-JNB"
      },
      {
        "name": "content-encoding",
        "value": "br"
      },
      {
        "name": "content-type",
        "value": "application/json"
      },
      {
        "name": "date",
        "value": "Wed, 20 Aug 2025 20:05:24 GMT"
      },
      {
        "name": "priority",
        "value": "u=1,i"
      },
      {
        "name": "rndr-id",
        "value": "23b76d48-f29e-4337"
      },
      {
        "name": "server",
        "value": "cloudflare"
      },
      {
        "name": "server-timing",
        "value": "cfExtPri"
      },
      {
        "name": "strict-transport-security",
        "value": "max-age=31536000; includeSubDomains"
      },
      {
        "name": "vary",
        "value": "origin, access-control-request-method, access-control-request-headers, Origin"
      },
      {
        "name": "vary",
        "value": "Accept-Encoding"
      },
      {
        "name": "x-envoy-upstream-service-time",
        "value": "63"
      },
      {
        "name": "x-render-origin-server",
        "value": "uvicorn"
      }
    ],
    "cookies": [],
    "content": {
      "size": 15,
      "mimeType": "application/json",
      "text": "{\"status\":\"Ok\"}"
    },
    "redirectURL": "",
    "headersSize": -1,
    "bodySize": -1,
    "_transferSize": 381,
    "_error": null
  },
  "serverIPAddress": "216.24.57.7",
  "startedDateTime": "2025-08-20T20:05:23.178Z",
  "time": 351.0409999944386,
  "timings": {
    "blocked": 2.983999995152466,
    "dns": -1,
    "ssl": -1,
    "connect": -1,
    "send": 0.589,
    "wait": 346.0409999964088,
    "receive": 1.427000002877321,
    "_blocked_queueing": 1.919999995152466
  }
}