{
  "_initiator": {
    "type": "script",
    "stack": {
      "callFrames": [
        {
          "functionName": "method",
          "scriptId": "126",
          "url": "https://www.vectal.ai/_next/static/chunks/9da6db1e-ad7decc175389864.js",
          "lineNumber": 0,
          "columnNumber": 80787
        },
        {
          "functionName": "",
          "scriptId": "126",
          "url": "https://www.vectal.ai/_next/static/chunks/9da6db1e-ad7decc175389864.js",
          "lineNumber": 0,
          "columnNumber": 148111
        },
        {
          "functionName": "Pe",
          "scriptId": "126",
          "url": "https://www.vectal.ai/_next/static/chunks/9da6db1e-ad7decc175389864.js",
          "lineNumber": 0,
          "columnNumber": 148117
        },
        {
          "functionName": "retriableRequest",
          "scriptId": "126",
          "url": "https://www.vectal.ai/_next/static/chunks/9da6db1e-ad7decc175389864.js",
          "lineNumber": 0,
          "columnNumber": 118977
        },
        {
          "functionName": "Rs",
          "scriptId": "126",
          "url": "https://www.vectal.ai/_next/static/chunks/9da6db1e-ad7decc175389864.js",
          "lineNumber": 0,
          "columnNumber": 148321
        },
        {
          "functionName": "",
          "scriptId": "126",
          "url": "https://www.vectal.ai/_next/static/chunks/9da6db1e-ad7decc175389864.js",
          "lineNumber": 0,
          "columnNumber": 141725
        },
        {
          "functionName": "",
          "scriptId": "126",
          "url": "https://www.vectal.ai/_next/static/chunks/9da6db1e-ad7decc175389864.js",
          "lineNumber": 0,
          "columnNumber": 118337
        },
        {
          "functionName": "",
          "scriptId": "126",
          "url": "https://www.vectal.ai/_next/static/chunks/9da6db1e-ad7decc175389864.js",
          "lineNumber": 0,
          "columnNumber": 118343
        }
      ],
      "parent": {
        "description": "setTimeout",
        "callFrames": [
          {
            "functionName": "Er",
            "scriptId": "126",
            "url": "https://www.vectal.ai/_next/static/chunks/9da6db1e-ad7decc175389864.js",
            "lineNumber": 0,
            "columnNumber": 118125
          },
          {
            "functionName": "enqueue",
            "scriptId": "126",
            "url": "https://www.vectal.ai/_next/static/chunks/9da6db1e-ad7decc175389864.js",
            "lineNumber": 0,
            "columnNumber": 117852
          },
          {
            "functionName": "capture",
            "scriptId": "126",
            "url": "https://www.vectal.ai/_next/static/chunks/9da6db1e-ad7decc175389864.js",
            "lineNumber": 0,
            "columnNumber": 151479
          },
          {
            "functionName": "Bi",
            "scriptId": "126",
            "url": "https://www.vectal.ai/_next/static/chunks/9da6db1e-ad7decc175389864.js",
            "lineNumber": 0,
            "columnNumber": 65378
          },
          {
            "functionName": "",
            "scriptId": "126",
            "url": "https://www.vectal.ai/_next/static/chunks/9da6db1e-ad7decc175389864.js",
            "lineNumber": 0,
            "columnNumber": 64921
          },
          {
            "functionName": "ai",
            "scriptId": "126",
            "url": "https://www.vectal.ai/_next/static/chunks/9da6db1e-ad7decc175389864.js",
            "lineNumber": 0,
            "columnNumber": 64904
          },
          {
            "functionName": "",
            "scriptId": "126",
            "url": "https://www.vectal.ai/_next/static/chunks/9da6db1e-ad7decc175389864.js",
            "lineNumber": 0,
            "columnNumber": 65345
          }
        ],
        "parent": {
          "description": "setTimeout",
          "callFrames": [
            {
              "functionName": "Ui",
              "scriptId": "126",
              "url": "https://www.vectal.ai/_next/static/chunks/9da6db1e-ad7decc175389864.js",
              "lineNumber": 0,
              "columnNumber": 65324
            },
            {
              "functionName": "onRRwebEmit",
              "scriptId": "126",
              "url": "https://www.vectal.ai/_next/static/chunks/9da6db1e-ad7decc175389864.js",
              "lineNumber": 0,
              "columnNumber": 63832
            },
            {
              "functionName": "emit",
              "scriptId": "126",
              "url": "https://www.vectal.ai/_next/static/chunks/9da6db1e-ad7decc175389864.js",
              "lineNumber": 0,
              "columnNumber": 59214
            },
            {
              "functionName": "At",
              "scriptId": "159",
              "url": "https://vectal-api.onrender.com/_events/static/recorder.js?v=1.259.0",
              "lineNumber": 0,
              "columnNumber": 72562
            },
            {
              "functionName": "mousemoveCb",
              "scriptId": "159",
              "url": "https://vectal-api.onrender.com/_events/static/recorder.js?v=1.259.0",
              "lineNumber": 0,
              "columnNumber": 76208
            },
            {
              "functionName": "e.mousemoveCb",
              "scriptId": "159",
              "url": "https://vectal-api.onrender.com/_events/static/recorder.js?v=1.259.0",
              "lineNumber": 0,
              "columnNumber": 41250
            },
            {
              "functionName": "",
              "scriptId": "159",
              "url": "https://vectal-api.onrender.com/_events/static/recorder.js?v=1.259.0",
              "lineNumber": 0,
              "columnNumber": 42525
            },
            {
              "functionName": "",
              "scriptId": "159",
              "url": "https://vectal-api.onrender.com/_events/static/recorder.js?v=1.259.0",
              "lineNumber": 0,
              "columnNumber": 22821
            },
            {
              "functionName": "",
              "scriptId": "159",
              "url": "https://vectal-api.onrender.com/_events/static/recorder.js?v=1.259.0",
              "lineNumber": 0,
              "columnNumber": 42720
            },
            {
              "functionName": "",
              "scriptId": "159",
              "url": "https://vectal-api.onrender.com/_events/static/recorder.js?v=1.259.0",
              "lineNumber": 0,
              "columnNumber": 22821
            }
          ]
        }
      }
    }
  },
  "_priority": "High",
  "_resourceType": "fetch",
  "cache": {},
  "request": {
    "method": "POST",
    "url": "https://vectal-api.onrender.com/_events/s/?ip=0&_=1755720327789&ver=1.259.0&compression=gzip-js",
    "httpVersion": "h3",
    "headers": [
      {
        "name": ":authority",
        "value": "vectal-api.onrender.com"
      },
      {
        "name": ":method",
        "value": "POST"
      },
      {
        "name": ":path",
        "value": "/_events/s/?ip=0&_=1755720327789&ver=1.259.0&compression=gzip-js"
      },
      {
        "name": ":scheme",
        "value": "https"
      },
      {
        "name": "accept",
        "value": "*/*"
      },
      {
        "name": "accept-encoding",
        "value": "gzip, deflate, br"
      },
      {
        "name": "accept-language",
        "value": "en-US"
      },
      {
        "name": "content-length",
        "value": "1681"
      },
      {
        "name": "content-type",
        "value": "text/plain"
      },
      {
        "name": "origin",
        "value": "https://www.vectal.ai"
      },
      {
        "name": "referer",
        "value": "https://www.vectal.ai/"
      },
      {
        "name": "sec-ch-ua",
        "value": "\"Not(A:Brand\";v=\"24\", \"Chromium\";v=\"122\""
      },
      {
        "name": "sec-ch-ua-mobile",
        "value": "?0"
      },
      {
        "name": "sec-ch-ua-platform",
        "value": "\"Windows\""
      },
      {
        "name": "sec-fetch-dest",
        "value": "empty"
      },
      {
        "name": "sec-fetch-mode",
        "value": "cors"
      },
      {
        "name": "sec-fetch-site",
        "value": "cross-site"
      },
      {
        "name": "user-agent",
        "value": "Mozilla/5.0 (Windows NT 10.0; Win64; x64) AppleWebKit/537.36 (KHTML, like Gecko) Noi/0.4.0 Chrome/122.0.6261.130 Electron/29.1.5 Safari/537.36"
      }
    ],
    "queryString": [
      {
        "name": "ip",
        "value": "0"
      },
      {
        "name": "_",
        "value": "1755720327789"
      },
      {
        "name": "ver",
        "value": "1.259.0"
      },
      {
        "name": "compression",
        "value": "gzip-js"
      }
    ],
    "cookies": [],
    "headersSize": -1,
    "bodySize": 2501,
    "postData": {
      "mimeType": "text/plain",
      "text": "\u001f\b\u0000\u0000\u0000\u0000\u0000\u0000\u0003íXÛnÛF\u0010ýÈ£¨ì¤Ú´F6E/IS a¬È¥M\"\u0015²£\u001aþ÷Î,\u0017Y¢,ÛmQ´u\u001eb/ÏÎÛÎÎo·Þz%ÞGh\u0014Æ\u0011U>&ð\u0010~Èiä\u0013Í\u0003ÊB¾ðf¹6E\u0003ð\u0017u¡WõeÙÀÚª*W¦j2S{'·ÃóÅ¦Á%F\u0018\u0013Ýhï\u000447ñNøÌkWn½º\\W1,\u0001|UÖY\u0005ì\u0007ä'X£læm@\bg\u001e2\u0012~i²¥ù!Mk\u0003ÈÝÙ]»R7z¹-\u0001#1\u0019¨»Ù\u0001\u0004öO\r*;yºiªl±¶äAy¯l¼~ëé*Ó~bê\u0018ÖL²\u0000jÅ:Ï[Ù>0h@®\u0017çem\u0012ï\u000eµ£\u001c\u001a\u0004¸/iÿ\u000e ReymY «$±¿MQÑgq/·ºÙä°\u0019[dK\u001eñÓ,Ïýe Û´¬nt\u0005Äî\u001eO8Pòo'ê¼6Oá\u001a§rÝRuë­t\u0005\u0019ô\u001ac\n¸wÇàÈèa\u0012â }iÃ\t\u0004.Ä&\u000f6FÜÎ\u001b_\br\u0011ÍE\u000b\u001aM¢yhÝh\u00012-Ú¥ä\u001e4\u000e\u001ch\u0002:\u001c\u001a~ÛB·\u0007Äl'(\u0013yGN6XI@\u0005Ø\u0016®&S\u001eÎ}Øc{k\fçí8s\u001cA+ÍÛæR=K\u001e´öb\u0018-^±û,\u0005á\u0003¾\u0010Ïå`Ïð,²oñ¬µ\u001aë¼üÁÛxÎz<o*\rá'î¸°--Ö#:ä¾xÊºh¢\\µtAú\u000eÉi\u001fÊÐZâ>ÄÁ3¡ª)­b4AÛ3QÏ)\u001b\b\u001aôx\rïcd\u0017ÏUoc\u0017\u0016â17&ñ¤K*9 ­§ðlÄG9>ÝÅ¸×ªwp1\u000b\u0007ÆG]ÖTGç\u0010I'\n\u0012XÜ^Ô¦®ÁQç£n,|\u001a'±\u001f¨8ðC>la<JP\u0005t\u0016/n²\")o\u001eÜ\u0003H%\"5îÉ³\u0005 oZ\u0001ðÇùµ©P3,Ò9ÑÀ¦¼2¸²ºÏÓÕ\u0007ùÝ¼Yþ\"ß+þë~ÿýæã¯/¾:ýx!/>¥\u0005{súö§Óo\u0019Ë\"Í.Î\u0013êu%ß\u0003ÒÒ'ÒgØ!%YÝdEÜ´¤¥ÒQDDê§F\u0006¾\b\u0005õ5O¿X¤\u0006:\fS£=0]éLÉ\u0019±Ù¶Ó%\tteRÃvÃRéØD\u0001ÃâÐñ\u0010\u001dûì®L]t\u000fÙ¶=\u0010\u0002]8E.ú°²uøû×\u0018*$.üQ6ÜÇ36Â;>ðT\u0005Óñ*£èym\tÃ²Ý\u0014z\t;±?\u001cwXÁñÞs?.sNã\u001eÙòÚ1i\u0007¼ì7ÎÐp ë\u0004JæJ©@pÅA{Q\u0005A0¥ÊúïaU®âJ¬fS¢\u000e÷H½¨qø=UØ%\u0014\"ñÌ§Å¿Ã\u000eDG¦Ä¨ö<-%@Õ)1º\u0007Ut¬ØYÑê]KkZ-ÐG'à¡¬\u0001õ©?\u001c-\u0002vm{-Îu7­^Ôe\u000ee\u0005r|æÎçÛ\u001b°ö²0Ãkû°|±ÑåD¢#f±'tª¶¯\u0001\u001dU§\"|\u0014\u001e7ÔðÆ\u0019tNç*__dØÛT\u00154A/\u000bÓÜÕÕç\u0014{\u0002½ÉK\rnáä\u001f× ³eÓZÅ»lU}òò¥^eók\u00137:ëìåº\u0006ûÆ&¾ÂN£hªM\u001bM Â\u001do\u0006¯n]5ï%6ûL\u0005hueßø\u001aæ<jB5ì\u0014\n°nJ\u0017^jø\u0012'gÐ®u\u001a`¥Pù¦\\ýXM\u0019y»\bJLõ*/ã«¬¸x\u000b£5F\u0007xß_¸E@á±M\u0005_+4$îJ²\nµ»rZMàoKÃ}¶ç`såcH$åRgÅ²¼Z¯\u0006!ãÕN\u0010ôÅ¦ÚÄëÊ|Ù.U/\u000eÚít~\u0019s¬W\u00105fXI³ªn^cØgËw¾vx+\u0010\u000e\u0011I6\u0007Û\u001f\f®J\u0017u\nfÉ~osÑ\u00141FWe²é×\u0012³»6âa­Í=V\u0005î\u0002Ç£Åm>gú8\u0000Õ.«Ì¤\r^\u001a)ÂrO²°æ08\u0014ÞÿU=%Ñ8\u0007e\u000f$/FÏn\u0012\u001c'ý©®wMð\u001e<¼Qz|ø\u0003^aYÜjj¦¹ÙçÐÔîÃÃKºÃ\u0013Çg;MððäiKï-*\nîMW}ÙÑ\u000f]\u000boË´-³x\u001b\u001fY´\u0002þ×¶\u0012¼Ò\u0015ü{t<)75á´3ÀZ?`Cwó=hH\u000eã\u001d;Á©\tº\t{\u001dõCñ}\u0013¸>®-b1ø\u0010+Øqn\u00033=sVû'»ÃÄôÄGr\u0018cý?ä8rÈA)dÇÙ\u001fé\u0016\u0012|\u001a\u0000\u0000"
    }
  },
  "response": {
    "status": 200,
    "statusText": "",
    "httpVersion": "h3",
    "headers": [
      {
        "name": "Content-Security-Policy",
        "value": ""
      },
      {
        "name": "access-control-allow-credentials",
        "value": "true"
      },
      {
        "name": "access-control-allow-origin",
        "value": "https://www.vectal.ai"
      },
      {
        "name": "access-control-expose-headers",
        "value": "X-Accel-Buffering, Content-Type"
      },
      {
        "name": "alt-svc",
        "value": "h3=\":443\"; ma=86400"
      },
      {
        "name": "cf-cache-status",
        "value": "DYNAMIC"
      },
      {
        "name": "cf-ray",
        "value": "972481744ae4739a-JNB"
      },
      {
        "name": "content-encoding",
        "value": "br"
      },
      {
        "name": "content-type",
        "value": "application/json"
      },
      {
        "name": "date",
        "value": "Wed, 20 Aug 2025 20:05:29 GMT"
      },
      {
        "name": "priority",
        "value": "u=1,i"
      },
      {
        "name": "rndr-id",
        "value": "44b2c293-f30c-48ec"
      },
      {
        "name": "server",
        "value": "cloudflare"
      },
      {
        "name": "server-timing",
        "value": "cfExtPri"
      },
      {
        "name": "strict-transport-security",
        "value": "max-age=31536000; includeSubDomains"
      },
      {
        "name": "vary",
        "value": "origin, access-control-request-method, access-control-request-headers, Origin"
      },
      {
        "name": "vary",
        "value": "Accept-Encoding"
      },
      {
        "name": "x-envoy-upstream-service-time",
        "value": "582"
      },
      {
        "name": "x-render-origin-server",
        "value": "uvicorn"
      }
    ],
    "cookies": [],
    "content": {
      "size": 15,
      "mimeType": "application/json",
      "text": "{\"status\":\"Ok\"}"
    },
    "redirectURL": "",
    "headersSize": -1,
    "bodySize": -1,
    "_transferSize": 383,
    "_error": null
  },
  "serverIPAddress": "216.24.57.7",
  "startedDateTime": "2025-08-20T20:05:27.793Z",
  "time": 903.1849999955739,
  "timings": {
    "blocked": 2.755999998532701,
    "dns": -1,
    "ssl": -1,
    "connect": -1,
    "send": 1.3920000000000001,
    "wait": 896.8790000013528,
    "receive": 2.157999995688442,
    "_blocked_queueing": 1.8869999985327013
  }
}