{
  "_initiator": {
    "type": "script",
    "stack": {
      "callFrames": [
        {
          "functionName": "method",
          "scriptId": "126",
          "url": "https://www.vectal.ai/_next/static/chunks/9da6db1e-ad7decc175389864.js",
          "lineNumber": 0,
          "columnNumber": 80787
        },
        {
          "functionName": "",
          "scriptId": "126",
          "url": "https://www.vectal.ai/_next/static/chunks/9da6db1e-ad7decc175389864.js",
          "lineNumber": 0,
          "columnNumber": 148111
        },
        {
          "functionName": "Pe",
          "scriptId": "126",
          "url": "https://www.vectal.ai/_next/static/chunks/9da6db1e-ad7decc175389864.js",
          "lineNumber": 0,
          "columnNumber": 148117
        },
        {
          "functionName": "retriableRequest",
          "scriptId": "126",
          "url": "https://www.vectal.ai/_next/static/chunks/9da6db1e-ad7decc175389864.js",
          "lineNumber": 0,
          "columnNumber": 118977
        },
        {
          "functionName": "Rs",
          "scriptId": "126",
          "url": "https://www.vectal.ai/_next/static/chunks/9da6db1e-ad7decc175389864.js",
          "lineNumber": 0,
          "columnNumber": 148321
        },
        {
          "functionName": "",
          "scriptId": "126",
          "url": "https://www.vectal.ai/_next/static/chunks/9da6db1e-ad7decc175389864.js",
          "lineNumber": 0,
          "columnNumber": 141725
        },
        {
          "functionName": "",
          "scriptId": "126",
          "url": "https://www.vectal.ai/_next/static/chunks/9da6db1e-ad7decc175389864.js",
          "lineNumber": 0,
          "columnNumber": 118337
        },
        {
          "functionName": "",
          "scriptId": "126",
          "url": "https://www.vectal.ai/_next/static/chunks/9da6db1e-ad7decc175389864.js",
          "lineNumber": 0,
          "columnNumber": 118343
        }
      ],
      "parent": {
        "description": "setTimeout",
        "callFrames": [
          {
            "functionName": "Er",
            "scriptId": "126",
            "url": "https://www.vectal.ai/_next/static/chunks/9da6db1e-ad7decc175389864.js",
            "lineNumber": 0,
            "columnNumber": 118125
          },
          {
            "functionName": "enqueue",
            "scriptId": "126",
            "url": "https://www.vectal.ai/_next/static/chunks/9da6db1e-ad7decc175389864.js",
            "lineNumber": 0,
            "columnNumber": 117852
          },
          {
            "functionName": "capture",
            "scriptId": "126",
            "url": "https://www.vectal.ai/_next/static/chunks/9da6db1e-ad7decc175389864.js",
            "lineNumber": 0,
            "columnNumber": 151479
          },
          {
            "functionName": "Bi",
            "scriptId": "126",
            "url": "https://www.vectal.ai/_next/static/chunks/9da6db1e-ad7decc175389864.js",
            "lineNumber": 0,
            "columnNumber": 65378
          },
          {
            "functionName": "",
            "scriptId": "126",
            "url": "https://www.vectal.ai/_next/static/chunks/9da6db1e-ad7decc175389864.js",
            "lineNumber": 0,
            "columnNumber": 64921
          },
          {
            "functionName": "ai",
            "scriptId": "126",
            "url": "https://www.vectal.ai/_next/static/chunks/9da6db1e-ad7decc175389864.js",
            "lineNumber": 0,
            "columnNumber": 64904
          },
          {
            "functionName": "",
            "scriptId": "126",
            "url": "https://www.vectal.ai/_next/static/chunks/9da6db1e-ad7decc175389864.js",
            "lineNumber": 0,
            "columnNumber": 65345
          }
        ],
        "parent": {
          "description": "setTimeout",
          "callFrames": [
            {
              "functionName": "Ui",
              "scriptId": "126",
              "url": "https://www.vectal.ai/_next/static/chunks/9da6db1e-ad7decc175389864.js",
              "lineNumber": 0,
              "columnNumber": 65324
            },
            {
              "functionName": "onRRwebEmit",
              "scriptId": "126",
              "url": "https://www.vectal.ai/_next/static/chunks/9da6db1e-ad7decc175389864.js",
              "lineNumber": 0,
              "columnNumber": 63832
            },
            {
              "functionName": "emit",
              "scriptId": "126",
              "url": "https://www.vectal.ai/_next/static/chunks/9da6db1e-ad7decc175389864.js",
              "lineNumber": 0,
              "columnNumber": 59214
            },
            {
              "functionName": "At",
              "scriptId": "159",
              "url": "https://vectal-api.onrender.com/_events/static/recorder.js?v=1.259.0",
              "lineNumber": 0,
              "columnNumber": 72562
            },
            {
              "functionName": "mousemoveCb",
              "scriptId": "159",
              "url": "https://vectal-api.onrender.com/_events/static/recorder.js?v=1.259.0",
              "lineNumber": 0,
              "columnNumber": 76208
            },
            {
              "functionName": "e.mousemoveCb",
              "scriptId": "159",
              "url": "https://vectal-api.onrender.com/_events/static/recorder.js?v=1.259.0",
              "lineNumber": 0,
              "columnNumber": 41250
            },
            {
              "functionName": "",
              "scriptId": "159",
              "url": "https://vectal-api.onrender.com/_events/static/recorder.js?v=1.259.0",
              "lineNumber": 0,
              "columnNumber": 42525
            },
            {
              "functionName": "",
              "scriptId": "159",
              "url": "https://vectal-api.onrender.com/_events/static/recorder.js?v=1.259.0",
              "lineNumber": 0,
              "columnNumber": 22821
            },
            {
              "functionName": "",
              "scriptId": "159",
              "url": "https://vectal-api.onrender.com/_events/static/recorder.js?v=1.259.0",
              "lineNumber": 0,
              "columnNumber": 42720
            },
            {
              "functionName": "",
              "scriptId": "159",
              "url": "https://vectal-api.onrender.com/_events/static/recorder.js?v=1.259.0",
              "lineNumber": 0,
              "columnNumber": 22821
            }
          ]
        }
      }
    }
  },
  "_priority": "High",
  "_resourceType": "fetch",
  "cache": {},
  "request": {
    "method": "POST",
    "url": "https://vectal-api.onrender.com/_events/i/v0/e/?ip=0&_=1755720331924&ver=1.259.0&compression=gzip-js",
    "httpVersion": "h3",
    "headers": [
      {
        "name": ":authority",
        "value": "vectal-api.onrender.com"
      },
      {
        "name": ":method",
        "value": "POST"
      },
      {
        "name": ":path",
        "value": "/_events/i/v0/e/?ip=0&_=1755720331924&ver=1.259.0&compression=gzip-js"
      },
      {
        "name": ":scheme",
        "value": "https"
      },
      {
        "name": "accept",
        "value": "*/*"
      },
      {
        "name": "accept-encoding",
        "value": "gzip, deflate, br"
      },
      {
        "name": "accept-language",
        "value": "en-US"
      },
      {
        "name": "content-length",
        "value": "1384"
      },
      {
        "name": "content-type",
        "value": "text/plain"
      },
      {
        "name": "origin",
        "value": "https://www.vectal.ai"
      },
      {
        "name": "referer",
        "value": "https://www.vectal.ai/"
      },
      {
        "name": "sec-ch-ua",
        "value": "\"Not(A:Brand\";v=\"24\", \"Chromium\";v=\"122\""
      },
      {
        "name": "sec-ch-ua-mobile",
        "value": "?0"
      },
      {
        "name": "sec-ch-ua-platform",
        "value": "\"Windows\""
      },
      {
        "name": "sec-fetch-dest",
        "value": "empty"
      },
      {
        "name": "sec-fetch-mode",
        "value": "cors"
      },
      {
        "name": "sec-fetch-site",
        "value": "cross-site"
      },
      {
        "name": "user-agent",
        "value": "Mozilla/5.0 (Windows NT 10.0; Win64; x64) AppleWebKit/537.36 (KHTML, like Gecko) Noi/0.4.0 Chrome/122.0.6261.130 Electron/29.1.5 Safari/537.36"
      }
    ],
    "queryString": [
      {
        "name": "ip",
        "value": "0"
      },
      {
        "name": "_",
        "value": "1755720331924"
      },
      {
        "name": "ver",
        "value": "1.259.0"
      },
      {
        "name": "compression",
        "value": "gzip-js"
      }
    ],
    "cookies": [],
    "headersSize": -1,
    "bodySize": 2075,
    "postData": {
      "mimeType": "text/plain",
      "text": "\u001f\b\u0000\u0000\u0000\u0000\u0000\u0000\u0003VÛnÛ8\u0010ý\u0015CÈC\u000bD²î²Ü§b\u001btÑ\u001bvÑ\u001b\" FÔHæZ\u0012\u0015²\u0014ù÷\u001dÊRl·Î¦Ý¼Ä\u001aÎ\fÏ\fÏ\\¾}·ú^äÖÒr½tÁS/¶}^vÂsß àv@{C´ð­s\u000b7ØhR?;[!è\u001aZµJ¶¨´ÀÎZ~·Î$ý³¾&ÛNémPuB6$÷\\#Ê\u0014¡¢ï?VJÖhd9n\u0004G¦o[$ù+ìÖZ\u001aïgZÔx'\u001b#}Y(ÁaþF® i°ËzU\u001ej0Y\u0014\u001d\u0012<Ûó]ó^)ËzUñJë¶[ÎçÛíÖÙ ×P9 æÆ~%;\u0013ÓÑ· W\r\u0010¼¥5è)Ø²p3(wYx/ïDUÁ<rÜÙ³1äÙO3ÏuÜ\u00173\u0012ÄáÙM\u001c>½lÛ\n¿böVèy\u0014$N\u0010Ï½ýóÓûwç³J¬qö\u001aùZ>}bî:!¹Û%fîù¾ã:±\u001f{\u0017¸³ð)ÙÌýÔñhö\u0011\nPbôxÙ}ÆÉÁ¸¦ì\t=aÇÆþüñÐd:c­ÂBÜ\f*æ¼ã\n±a+\u0014å¦ÔÜÒ­ÈõÊZú^\u0010p#pÛJ¥÷Ê®·8ê^\u0014\u001bTÈLÚ13×ÐÇ!O\u001c?J,¢!t\r,å®$¿\t\u0000½Nü³~à\u0007¹L¢(ñÝ  ô-¢s+\u0017\u0016\r\u001fí¢\u0018ÒÔ\r\u000b»À(±ÃEè\u0011»s×Î²\"ö\u0012X,\nÝ]B\u000b¨Ä\u001dhÂÁv®-ßõ#Û]Ø¾ûÉKQ°ô#'ãKcÁeS²W³\u000e;~°½f5\u0015·pÍßß\u000fÅ\u0016yYag\u0011Ä6!÷ì4\u0000n\u0007ÜO9¤|\u0011ÇÞè¼\u0015²JL!*\u0017MÉ°¬\u001aîS0Ö@jÕ£y\u0011Ã^»A½jÍZ¸­$äC«\t®)Õñç_¨\n©jhø \f(\f²<Ó+± Ú  ~0¨*¹%D5j*PÒhúªº¿?§n=ø5:'584\u001bèö\u0002\u0002e\\)l+¸e\u001dÔTJL&´£ñðº¯YÞÓéÀ£ãsâ¬h5Û=ÙÃ!ôZ`Ä\u0013¹-(FÜÿë\rJ\f©à\rÇv ØtóIÓÅ9«\u0004_?ró¤\b\\\r2bóà´¨ ¤K¿YTÛ&vKõm7¸µM\u001bëlÊÄTrWd=ÍÖ¦J\\ÞõAV*Ù\u000fxxíÄ73\u0013Ìë\u001d)¼î±\u001bkÓM¢¾),§ÚÌS\u001b¼\biò ¤YÜåC\u001f\u0018:ïoU3õ1¤\t`æÌY.Oz/5DËe\rÂ\u0004spÚåkcÖ\u001b\u0003i\u0014ÖRÓ\\R¢,\t@\r¯\u0006\u001e³è'»aR>uÂ7q\u0012LL;y'\r¬ÿiYfMä\u0018²üK\u001eÆ1ÎrÐ`ªÿ)¹¤MFBL]þÚ}[\u001aTÑ¨ O\u0013\u0003Çñ=pÕº?ÿ-£ZÒ\u0013×rÖý\u0015QFË5\r ¥Õ®8Ó\u0017íeô¶¶õçèK\u001c|]Ã÷·×¯õËW\u0017×eTÞ\u0014ÿîâãß\u0017oÌ26eÊL\u0001}¥Mè»\u0016\u001eÙ~8¤mì9\u0007Ù\u001eÏ¹Ä<±\u0017q¾°iøAZ$h7 ¶Ã|Ò&\bÃ8\u000f\u0013>0pº¨ \fNññÎ£ì<Ò}j¯9Ö~lË9ÖúiçyhË\u000f4Ú5ô\u0013FÕ@Å²¾ 8XM9\füøW´;qG÷&^\u001eiOkÜ\u0004tßÞ\u0013?¤õHyR\"´Ê, f-ðÒØÂØl\"\u0018L¸Ôz\u001c/6SÚl!¼ï´¬\u0019´bÊÙâ]Þl:qdCrT\u000eõ|WìÃ¶kz¦Yw~ä\tÆ\u0001±#/l= Æ$<1D×-½£#}r!\naêb\u001c$´Xs\nÑvÝQHôYj?g\fV3\u0006©èk¡M£\"¾\u001a*^*M©¦Ø\u000bC÷þê_o_ígñ\u000b\u0000\u0000"
    }
  },
  "response": {
    "status": 200,
    "statusText": "",
    "httpVersion": "h3",
    "headers": [
      {
        "name": "Content-Security-Policy",
        "value": ""
      },
      {
        "name": "access-control-allow-credentials",
        "value": "true"
      },
      {
        "name": "access-control-allow-origin",
        "value": "https://www.vectal.ai"
      },
      {
        "name": "access-control-expose-headers",
        "value": "X-Accel-Buffering, Content-Type"
      },
      {
        "name": "alt-svc",
        "value": "h3=\":443\"; ma=86400"
      },
      {
        "name": "cf-cache-status",
        "value": "DYNAMIC"
      },
      {
        "name": "cf-ray",
        "value": "9724818e19d3739a-JNB"
      },
      {
        "name": "content-encoding",
        "value": "br"
      },
      {
        "name": "content-type",
        "value": "application/json"
      },
      {
        "name": "date",
        "value": "Wed, 20 Aug 2025 20:05:32 GMT"
      },
      {
        "name": "priority",
        "value": "u=1,i"
      },
      {
        "name": "rndr-id",
        "value": "dc0d705c-6f2c-4f9b"
      },
      {
        "name": "server",
        "value": "cloudflare"
      },
      {
        "name": "server-timing",
        "value": "cfExtPri"
      },
      {
        "name": "strict-transport-security",
        "value": "max-age=31536000; includeSubDomains"
      },
      {
        "name": "vary",
        "value": "origin, access-control-request-method, access-control-request-headers, Origin"
      },
      {
        "name": "vary",
        "value": "Accept-Encoding"
      },
      {
        "name": "x-envoy-upstream-service-time",
        "value": "23"
      },
      {
        "name": "x-render-origin-server",
        "value": "uvicorn"
      }
    ],
    "cookies": [],
    "content": {
      "size": 15,
      "mimeType": "application/json",
      "text": "{\"status\":\"Ok\"}"
    },
    "redirectURL": "",
    "headersSize": -1,
    "bodySize": -1,
    "_transferSize": 384,
    "_error": null
  },
  "serverIPAddress": "216.24.57.7",
  "startedDateTime": "2025-08-20T20:05:31.926Z",
  "time": 394.2089999982272,
  "timings": {
    "blocked": 2.5209999971427024,
    "dns": -1,
    "ssl": -1,
    "connect": -1,
    "send": 0.5540000000000002,
    "wait": 367.1429999992419,
    "receive": 23.99100000184262,
    "_blocked_queueing": 1.5819999971427023
  }
}