{
  "_initiator": {
    "type": "preflight",
    "url": "https://api.vectal.ai/assignees/project/81b55772-b276-4664-9912-2489b2b01880",
    "requestId": "14616.293"
  },
  "_priority": "High",
  "_resourceType": "preflight",
  "cache": {},
  "request": {
    "method": "OPTIONS",
    "url": "https://api.vectal.ai/assignees/project/81b55772-b276-4664-9912-2489b2b01880",
    "httpVersion": "h3",
    "headers": [
      {
        "name": ":authority",
        "value": "api.vectal.ai"
      },
      {
        "name": ":method",
        "value": "OPTIONS"
      },
      {
        "name": ":path",
        "value": "/assignees/project/81b55772-b276-4664-9912-2489b2b01880"
      },
      {
        "name": ":scheme",
        "value": "https"
      },
      {
        "name": "accept",
        "value": "*/*"
      },
      {
        "name": "accept-encoding",
        "value": "gzip, deflate, br"
      },
      {
        "name": "accept-language",
        "value": "en-US"
      },
      {
        "name": "access-control-request-headers",
        "value": "authorization,content-type"
      },
      {
        "name": "access-control-request-method",
        "value": "GET"
      },
      {
        "name": "origin",
        "value": "https://www.vectal.ai"
      },
      {
        "name": "referer",
        "value": "https://www.vectal.ai/"
      },
      {
        "name": "sec-fetch-dest",
        "value": "empty"
      },
      {
        "name": "sec-fetch-mode",
        "value": "cors"
      },
      {
        "name": "sec-fetch-site",
        "value": "same-site"
      },
      {
        "name": "user-agent",
        "value": "Mozilla/5.0 (Windows NT 10.0; Win64; x64) AppleWebKit/537.36 (KHTML, like Gecko) Noi/0.4.0 Chrome/122.0.6261.130 Electron/29.1.5 Safari/537.36"
      }
    ],
    "queryString": [],
    "cookies": [],
    "headersSize": -1,
    "bodySize": 0
  },
  "response": {
    "status": 200,
    "statusText": "",
    "httpVersion": "h3",
    "headers": [
      {
        "name": "Content-Security-Policy",
        "value": ""
      },
      {
        "name": "access-control-allow-credentials",
        "value": "true"
      },
      {
        "name": "access-control-allow-headers",
        "value": "authorization,content-type"
      },
      {
        "name": "access-control-allow-methods",
        "value": "DELETE, GET, HEAD, OPTIONS, PATCH, POST, PUT"
      },
      {
        "name": "access-control-allow-origin",
        "value": "https://www.vectal.ai"
      },
      {
        "name": "access-control-max-age",
        "value": "600"
      },
      {
        "name": "alt-svc",
        "value": "h3=\":443\"; ma=86400"
      },
      {
        "name": "cf-cache-status",
        "value": "DYNAMIC"
      },
      {
        "name": "cf-ray",
        "value": "972481c22b7373c6-JNB"
      },
      {
        "name": "content-encoding",
        "value": "br"
      },
      {
        "name": "content-length",
        "value": "6"
      },
      {
        "name": "content-type",
        "value": "text/plain; charset=utf-8"
      },
      {
        "name": "date",
        "value": "Wed, 20 Aug 2025 20:05:41 GMT"
      },
      {
        "name": "priority",
        "value": "u=1,i"
      },
      {
        "name": "rndr-id",
        "value": "e409514b-e999-4ace"
      },
      {
        "name": "server",
        "value": "cloudflare"
      },
      {
        "name": "server-timing",
        "value": "cfExtPri"
      },
      {
        "name": "vary",
        "value": "Origin"
      },
      {
        "name": "vary",
        "value": "Accept-Encoding"
      },
      {
        "name": "x-render-origin-server",
        "value": "uvicorn"
      }
    ],
    "cookies": [],
    "content": {
      "size": 0,
      "mimeType": "text/plain"
    },
    "redirectURL": "",
    "headersSize": -1,
    "bodySize": -1,
    "_transferSize": 0,
    "_error": null
  },
  "serverIPAddress": "216.24.57.7",
  "startedDateTime": "2025-08-20T20:05:40.257Z",
  "time": 216.50499999325257,
  "timings": {
    "blocked": 0.377,
    "dns": -1,
    "ssl": -1,
    "connect": -1,
    "send": 0.772,
    "wait": 213.2140000029807,
    "receive": 2.14199999027187,
    "_blocked_queueing": -1
  }
}