{
  "_initiator": {
    "type": "script",
    "stack": {
      "callFrames": [
        {
          "functionName": "method",
          "scriptId": "126",
          "url": "https://www.vectal.ai/_next/static/chunks/9da6db1e-ad7decc175389864.js",
          "lineNumber": 0,
          "columnNumber": 80787
        },
        {
          "functionName": "",
          "scriptId": "126",
          "url": "https://www.vectal.ai/_next/static/chunks/9da6db1e-ad7decc175389864.js",
          "lineNumber": 0,
          "columnNumber": 148111
        },
        {
          "functionName": "Pe",
          "scriptId": "126",
          "url": "https://www.vectal.ai/_next/static/chunks/9da6db1e-ad7decc175389864.js",
          "lineNumber": 0,
          "columnNumber": 148117
        },
        {
          "functionName": "retriableRequest",
          "scriptId": "126",
          "url": "https://www.vectal.ai/_next/static/chunks/9da6db1e-ad7decc175389864.js",
          "lineNumber": 0,
          "columnNumber": 118977
        },
        {
          "functionName": "Rs",
          "scriptId": "126",
          "url": "https://www.vectal.ai/_next/static/chunks/9da6db1e-ad7decc175389864.js",
          "lineNumber": 0,
          "columnNumber": 148321
        },
        {
          "functionName": "",
          "scriptId": "126",
          "url": "https://www.vectal.ai/_next/static/chunks/9da6db1e-ad7decc175389864.js",
          "lineNumber": 0,
          "columnNumber": 141725
        },
        {
          "functionName": "",
          "scriptId": "126",
          "url": "https://www.vectal.ai/_next/static/chunks/9da6db1e-ad7decc175389864.js",
          "lineNumber": 0,
          "columnNumber": 118337
        },
        {
          "functionName": "",
          "scriptId": "126",
          "url": "https://www.vectal.ai/_next/static/chunks/9da6db1e-ad7decc175389864.js",
          "lineNumber": 0,
          "columnNumber": 118343
        }
      ],
      "parent": {
        "description": "setTimeout",
        "callFrames": [
          {
            "functionName": "Er",
            "scriptId": "126",
            "url": "https://www.vectal.ai/_next/static/chunks/9da6db1e-ad7decc175389864.js",
            "lineNumber": 0,
            "columnNumber": 118125
          },
          {
            "functionName": "enqueue",
            "scriptId": "126",
            "url": "https://www.vectal.ai/_next/static/chunks/9da6db1e-ad7decc175389864.js",
            "lineNumber": 0,
            "columnNumber": 117852
          },
          {
            "functionName": "capture",
            "scriptId": "126",
            "url": "https://www.vectal.ai/_next/static/chunks/9da6db1e-ad7decc175389864.js",
            "lineNumber": 0,
            "columnNumber": 151479
          },
          {
            "functionName": "Bi",
            "scriptId": "126",
            "url": "https://www.vectal.ai/_next/static/chunks/9da6db1e-ad7decc175389864.js",
            "lineNumber": 0,
            "columnNumber": 65378
          },
          {
            "functionName": "",
            "scriptId": "126",
            "url": "https://www.vectal.ai/_next/static/chunks/9da6db1e-ad7decc175389864.js",
            "lineNumber": 0,
            "columnNumber": 64921
          },
          {
            "functionName": "ai",
            "scriptId": "126",
            "url": "https://www.vectal.ai/_next/static/chunks/9da6db1e-ad7decc175389864.js",
            "lineNumber": 0,
            "columnNumber": 64904
          },
          {
            "functionName": "",
            "scriptId": "126",
            "url": "https://www.vectal.ai/_next/static/chunks/9da6db1e-ad7decc175389864.js",
            "lineNumber": 0,
            "columnNumber": 65345
          }
        ],
        "parent": {
          "description": "setTimeout",
          "callFrames": [
            {
              "functionName": "Ui",
              "scriptId": "126",
              "url": "https://www.vectal.ai/_next/static/chunks/9da6db1e-ad7decc175389864.js",
              "lineNumber": 0,
              "columnNumber": 65324
            },
            {
              "functionName": "onRRwebEmit",
              "scriptId": "126",
              "url": "https://www.vectal.ai/_next/static/chunks/9da6db1e-ad7decc175389864.js",
              "lineNumber": 0,
              "columnNumber": 63832
            },
            {
              "functionName": "emit",
              "scriptId": "126",
              "url": "https://www.vectal.ai/_next/static/chunks/9da6db1e-ad7decc175389864.js",
              "lineNumber": 0,
              "columnNumber": 59214
            },
            {
              "functionName": "At",
              "scriptId": "159",
              "url": "https://vectal-api.onrender.com/_events/static/recorder.js?v=1.259.0",
              "lineNumber": 0,
              "columnNumber": 72562
            },
            {
              "functionName": "mouseInteractionCb",
              "scriptId": "159",
              "url": "https://vectal-api.onrender.com/_events/static/recorder.js?v=1.259.0",
              "lineNumber": 0,
              "columnNumber": 76292
            },
            {
              "functionName": "e.mouseInteractionCb",
              "scriptId": "159",
              "url": "https://vectal-api.onrender.com/_events/static/recorder.js?v=1.259.0",
              "lineNumber": 0,
              "columnNumber": 41352
            },
            {
              "functionName": "",
              "scriptId": "159",
              "url": "https://vectal-api.onrender.com/_events/static/recorder.js?v=1.259.0",
              "lineNumber": 0,
              "columnNumber": 38745
            }
          ]
        }
      }
    }
  },
  "_priority": "High",
  "_resourceType": "fetch",
  "cache": {},
  "request": {
    "method": "POST",
    "url": "https://vectal-api.onrender.com/_events/i/v0/e/?ip=0&_=1755720341290&ver=1.259.0&compression=gzip-js",
    "httpVersion": "h3",
    "headers": [
      {
        "name": ":authority",
        "value": "vectal-api.onrender.com"
      },
      {
        "name": ":method",
        "value": "POST"
      },
      {
        "name": ":path",
        "value": "/_events/i/v0/e/?ip=0&_=1755720341290&ver=1.259.0&compression=gzip-js"
      },
      {
        "name": ":scheme",
        "value": "https"
      },
      {
        "name": "accept",
        "value": "*/*"
      },
      {
        "name": "accept-encoding",
        "value": "gzip, deflate, br"
      },
      {
        "name": "accept-language",
        "value": "en-US"
      },
      {
        "name": "content-length",
        "value": "3214"
      },
      {
        "name": "content-type",
        "value": "text/plain"
      },
      {
        "name": "origin",
        "value": "https://www.vectal.ai"
      },
      {
        "name": "referer",
        "value": "https://www.vectal.ai/"
      },
      {
        "name": "sec-ch-ua",
        "value": "\"Not(A:Brand\";v=\"24\", \"Chromium\";v=\"122\""
      },
      {
        "name": "sec-ch-ua-mobile",
        "value": "?0"
      },
      {
        "name": "sec-ch-ua-platform",
        "value": "\"Windows\""
      },
      {
        "name": "sec-fetch-dest",
        "value": "empty"
      },
      {
        "name": "sec-fetch-mode",
        "value": "cors"
      },
      {
        "name": "sec-fetch-site",
        "value": "cross-site"
      },
      {
        "name": "user-agent",
        "value": "Mozilla/5.0 (Windows NT 10.0; Win64; x64) AppleWebKit/537.36 (KHTML, like Gecko) Noi/0.4.0 Chrome/122.0.6261.130 Electron/29.1.5 Safari/537.36"
      }
    ],
    "queryString": [
      {
        "name": "ip",
        "value": "0"
      },
      {
        "name": "_",
        "value": "1755720341290"
      },
      {
        "name": "ver",
        "value": "1.259.0"
      },
      {
        "name": "compression",
        "value": "gzip-js"
      }
    ],
    "cookies": [],
    "headersSize": -1,
    "bodySize": 4768,
    "postData": {
      "mimeType": "text/plain",
      "text": "\u001f\b\u0000\u0000\u0000\u0000\u0000\u0000\u0003í[yÛ¸\u0015ÿ*\u0005\u0012 %Yí`ÿHwÓ-öÂ\u0016{\u0015;;\u0010(²\u0015ëDÙ,òÝû\u001eEÊ¬ñxºh\u000b\u0014N\u0002xL>ò\u001d|\u0007ß»?fMD³õÌ0WËpeºÄ1éxKÇ\"4XFÄ\\z+×ÖìõíYÎü\u0005mx\u0011Ò7\u0015á²*JVñÕ³õ\u001f³\u0017\u0005|Ì~Mò¨8Ô0\u000bßý=«ê¤ÈaÜ4p(¨`UðýmUd¸Éíùü¡d0þ%«w¼(q'\u0019ûXä8ú6®Î¿.¶4ÏY\u001d4Õ¦Oá\u0017q\\3\u0001ãaSU ±ßT),Þr^Öëùüp8è{\u0016rê4ãúmQ£Z\t\u001c/)ßæ\u0014Ä[Ï\u0004]E\u000f~\u0003rûtÓ\u001aâ»âc¦tîèöRª¬}ÿf\u001aºñF\u0001×~£\u001d]ûö¶,Sö+\u000b¾IøÜYxúÂÕ^~ó÷¾ûöµ&;¦}ÅÂ]ñJû¾HænÃv­aæ¦eéîZ®©\u000bC{|UÏ­nêö#iÈ\u001d{=Y\u001c6è\r§4ß4 =ÈÎròóý%jÎ/+\u0016'GAóuX1û[l¶ 4\u0016m+G\u000fIÄ·³µe.l\u0018Ü'ìP\u0016\u0015?\u0011\u001bæ²?.ÉMÇE©Ò$@³³\u0000ÙÀ¾è³Ò³$9HÇ}á¨»êc³k[Ë««\u001d[nÕéÃãx±X¬ôåÒ|='y(×9.]­\f;&1s<b/mÐEd ]Ó£ËeÌhË+á\tM\u001c~»õÌ2,\u0018Kb\u0019?«µ³X[n»îo¸\",ò8Ù@ D~Íj^¬*\u001aîg\u0010\bæÒÀ?'ÿîâÍ1\u0004\u000eu\tHnÕd\u0011Z«®Â¥ëróºH\u0016\u001b¿baQEI¾ñYNTð«À`~D $¯\u001aÇ\"e8Qç\u001fjçô!-hä«¸P?þÀª¸¨2bT-\u00005`½Ú\u0019NÉß'\u0010\u001b ÔxÄ§iZ\u001c@¢q\bP È4ýôiRÖ;±/ÒLR4ßÓú4\u0000BáV\u0015+Súà×4Pò+ÊAZ¹\u0002y¬Éü¨YáGÃyðÙ¤ä~{dÝd/ùà5\u0013¶AG4nOãKgða\u001dCV\n\u0017S'7T#\u0007&áî\u0011Î<Ù3\u001f¼Yl\u001a§t\u0003Lïf\u0010ÛhIRB|\u001d\b¦±%TÈÝÃj¹lþ4õz\u0016n)oó ¿©Fdê>[åoX\u0013ðô\u0006s\u0015ûÐ°ZÆ¦á9qh[\u0018\u0002A\u0004±\u0019­\b5\u001dF\"ÑU\u0010°Ð\bE\u001e\u0010÷YÑ\fyA\u0005À:ó\"JÀøi\u0014\u001d-*2 2½Ù:Úù\u0011\u000b\u001a\u0014R8MÅ²C]ªÍ\u0006\u0004È(\u000f·ÂK^t¶N\u0014ËnYÍA},j@yÚ$O(XÿæÊ4Éwà\u001cÂÊWí Ål«®p1xX¯ UÊ2 «}8va±z¿Ñ·\u0005Ð¬9;r²©è\u0003Y\u00186!8¤ü P!\tojbG,ý´Î65å¼ò}¨el(bùç¿¸\rû}ÖÎ)­k\u0018k·ÑÆ»\u0007¥\rö×&dU[ÇPÂaç\u001c.\u0010j¨-_0hZj¨²»c0$/\u0015_\u0014iQ\r'\t\u0018A<\u0003\u0011DD\u001eMÌ¾/\u0012ÔljZFë8bÑükq!C34ËjJÑÄ;fiöÁK¼ã\u001c\u0016zQmæP®9\u001c\u0017hÈ·\u0004|7peûµ\t\u001e};ð&h8/r]¥Ob:<ä`Cîþ²ø\u001bþ½×³h-B´sEIÃ?\u0010\u0013\u001f¦ÔWCïOÄÔÖ,ÒyEó\u001aê,püØ?ú\u0006\fÏâªx\u000fñ¨©ã\u001c{\u0001ì¦ÉÝäÉö\u0005Ôzµ¾Døå\u0011Éµ¡PZß\u0006{D9%\u0018LÂ\rÒ¢fpO\u001a5Jö:\u0011»§°\u0000·¹¥Ó\u0000êzÃ\u000e\u0011¹åd©Ã]\u0017'¤1Ld$ÓÆ\u001b\u000eå_Ïå\u0010Êë\u0015P&FÌÄ¤¦&¯Ól´Åp\u0011¸ëp\u0011\f\b1Â¦æEF \u001c\u0017i\u001aÐpÈ¨z²#x\t\u0014q²Eï\u0013¡z£Ì\b§\u00075{Ä{4«­×&Ùj-[M²½ò@;÷èÒ\u0019­\u0019åpç\u0013J(MÄGX¤ç*I&\u0003áL\u001f)ýc\u000e\n\u0012h=\tFú¯í\u0018HrJ9\u000f)ªQ0Èuk\róß'ü\b\u0006ú'-Q½-¡\u0006Äo\u0007Çì¯2îpw!£ØLÏ\u0002°êÈ.#¶Hr:ziº\u0010ÚiÃ?¡mw¦e\u0000Å­<qè\u000eyJk¨CAz\rW>Ã\"S¡1i\u0003}\u0006ç~|ß\u00134!ìmZø÷^\u000fàÖÏ*LçâO7P\r£n|*wÅ£ýö¾Koýðº\u0013\u0015ó^?;Ë2ÊãýH\u0007µfä*§]µ¾HýÐÉÚRÉs\u0018©\u0000WÌ\u0014éf\u001d¤E¸\u001b\u0007Yëßjö9g+Ý¸3Öa*5¤ï¶\u0004Ï¬\u000f-/QYæØ©`Ö=T´\u0004¼HßÒÜÝ¢ºÇêóÏ±Õç÷÷XÍ%µô¹z¿prëö\u0014»Jô«\u0018S$Q\u0013í\u0005m­-ÏÞh£Q@7\u0000SÐ+ÏeE¤l\r ñÙ5\t6(¢\u0007\u0019\u0011oñï½:°ÎÃ»ÆB7mþú¾\u001bKS\b\u0003\r¶\u0019ë­&×Z6zJp8oè\u001b8\\d±;(·¡Ïß¿9ßlCö³ó»øuGùîáÃo_ñ·_¾û°q6Ç8·¾}÷ã?Þ}Ð¢ÄQ irìVZÔÅ!-:\u001d\t\u0013ôðJ\u0003r}\u0018ÄsC,ÝhI\u0000\u0000²\u0016«\u0018\u0000Ì\u0016S:\bHîÉ5\u000bÛv#Û\u000bEÓ¨\u0018Á\u001d¿Âîoª¢y´¡\u001cÐ>\u0005E\u000e©\u001f\u0003&Tg0e¤t_\u000bLvIÎYÓÔ\u000f\u0018ôðSo\u0004Fç^C]'\u001f¯cØØ%¨\u0015òª\u0004=!2\u001e\u0018ÛX\r\u0015\u0011H[!fH¹r\rÇv\u0011<ìËê\u0002tÐ0É\u00185\u0004\u000eÛ«OËDÙL¸µ\u001b\u0019½ÈA&H×zXdó¶?\u0017\u00005Â\u001cØlý¹\u000bð(&Ô5)x\u0017®\\f3Ã\u0005TX\u0003=lÄ\ttÒ\nû\u0001,<\u0004u|ÈB5¨\u0004_¡½<AC(+\"WÐ§g\tGl\u0001ü\u0005OJD\u000eÔj\u0005`±MÛX~z=Ò[\u0000Ð{\u0006\u000bI`¬lb\u0003ÇNä,¼¡ô7þÒç\u001fÜk²ýEºL+ïý9Joé\u001bH\u0003éo ý\r¤¿ôÿ!>ÉË?\r­o¡ª1¼Õw@§dÝ\u001bRmèo1\u0011­ÛV\u0017!È¾D\u0004õ³Wo´²h{ßµ¦K\u001c\u0013wFÒÞ·$Î¤ Úµ\u0006\u00158£Õ&5Ð\u0016CÑòã4BÍ\u0010ý&Ð[ÈÁ¶×\u0010\u0002\u0007Å±\u0003ÊiÚe\u0004n,.6¥\tg\u0019\u000b\b\u00057BÀbL½äÄjû\u001a\u0012!t#;Þ'\u001bàÉî¬\u001d¼\u001aWvÇÃÀ$ª\u0010\u0011\u0016ª)ªW\u0001RUÝ\u00113¶§A1:f uë5ÜNÃ¯0\u0004:Ìs!¥\u0013\ns\t¡}\u0014ê\u0016\r°%þ(\u0004é\u001cYB\u001aïV\u0006öØø\u0005À\u001aÏ@°\u0006ß5Zöw#fÛ/nûåHì3l·$.z}BXä\u0005±©^o)ÜBIº¹Ð½KáÕC\u0007®xÓ9ìÔí§\u0001_tO[uú\u0003=4\u0014U\u001a²\u0015\u001eDúIt´5Â\u0019:\r]\u0019\tÝG@Ã]\u0004Ý\b\tÒ¦\"ug\u0015¤08÷$¬'`\u0019\u0000:\u00071ú\u001e|1\u001fº\u001däÖÏ?\u0012gìJÝ\u0013Ü\u0013<ÅL\u001bKÒê5÷!W\r9RO®z.y6Ñ£¡ßYSÙjB¨§Lñ¤\u001eÏÄ\u0001ÌP\u0012ø\u0004\u000fÇ@\tWÃ \t\u00189ÀÝö´»Ðñ>FÕ%\u0001±\\\u0013[!Þð\u0013\u0019])ó\u0000d>,TÏ{=öfóÈãÙH\u0001Z,àçÈºxz>H\"\u00118àÂx·Ë£é\u0004+~\u0000C\u001f@TjCð\f\u001c@T »¶\u0004Á¢PîûsCÀt¥PK«Ç\u0014O\u0012¤è\u001a(Tâ|y®M~=¤ø\u0002Ó6Õ4\r_1\u0018\u001e\u0001áÖô\u0012ë\u001a\\\u0018uûÕ«Ó\u000bÂc\u0004'dY¦ÎK\u0007\u0007¢ýI907_4ðàç÷Äöp<)NÇs®=6{H´ÎA¯,ì}/|y<íjÊ·ÁE\u000b{\"ì8\u0004\u0010«º»ðÅw*¸IÞ^Nn/'·ÛËÉ5/'Þ3^NL{H}ùåÄ\u0004ÐôörrÅË\t8óäËíÂï7x«\u0010°(3&®Ç\u0016\u00138n$^<º\u0017[\u0000Â2xÙíÙäölò_z6yÏ\u0013ËÚ.\u0017ïÍUÊ£ïìÙÄYÂ»ìíÝäönr{7¹½ÜÞM.ï Ë¸hü0ú\u001f©køMH(\t¦³x={|ïAþ\u001bÕqøå#ÞQ¤\u000bÊú\u0015p\\\u0019ÜógxÇxÎÊöíF­ò uUÒ¯Xu\u000f®vë\u0013þúÅ3þ¹\\\u0019×ÿ\u0017+Ç4]Å­Qx¤Qð\fûÓý¿\u00003\\\t=\u0000\u0000"
    }
  },
  "response": {
    "status": 200,
    "statusText": "",
    "httpVersion": "h3",
    "headers": [
      {
        "name": "Content-Security-Policy",
        "value": ""
      },
      {
        "name": "access-control-allow-credentials",
        "value": "true"
      },
      {
        "name": "access-control-allow-origin",
        "value": "https://www.vectal.ai"
      },
      {
        "name": "access-control-expose-headers",
        "value": "X-Accel-Buffering, Content-Type"
      },
      {
        "name": "alt-svc",
        "value": "h3=\":443\"; ma=86400"
      },
      {
        "name": "cf-cache-status",
        "value": "DYNAMIC"
      },
      {
        "name": "cf-ray",
        "value": "972481c8ab88739a-JNB"
      },
      {
        "name": "content-encoding",
        "value": "br"
      },
      {
        "name": "content-type",
        "value": "application/json"
      },
      {
        "name": "date",
        "value": "Wed, 20 Aug 2025 20:05:42 GMT"
      },
      {
        "name": "priority",
        "value": "u=1,i"
      },
      {
        "name": "rndr-id",
        "value": "14a70e79-7671-4f3c"
      },
      {
        "name": "server",
        "value": "cloudflare"
      },
      {
        "name": "server-timing",
        "value": "cfExtPri"
      },
      {
        "name": "strict-transport-security",
        "value": "max-age=31536000; includeSubDomains"
      },
      {
        "name": "vary",
        "value": "origin, access-control-request-method, access-control-request-headers, Origin"
      },
      {
        "name": "vary",
        "value": "Accept-Encoding"
      },
      {
        "name": "x-envoy-upstream-service-time",
        "value": "42"
      },
      {
        "name": "x-render-origin-server",
        "value": "uvicorn"
      }
    ],
    "cookies": [],
    "content": {
      "size": 15,
      "mimeType": "application/json",
      "text": "{\"status\":\"Ok\"}"
    },
    "redirectURL": "",
    "headersSize": -1,
    "bodySize": -1,
    "_transferSize": 382,
    "_error": null
  },
  "serverIPAddress": "216.24.57.7",
  "startedDateTime": "2025-08-20T20:05:41.294Z",
  "time": 334.352999998373,
  "timings": {
    "blocked": 5.182999996906612,
    "dns": -1,
    "ssl": -1,
    "connect": -1,
    "send": 1.814,
    "wait": 325.8629999980736,
    "receive": 1.4930000033928081,
    "_blocked_queueing": 2.440999996906612
  }
}