{
  "_initiator": {
    "type": "script",
    "stack": {
      "callFrames": [
        {
          "functionName": "method",
          "scriptId": "126",
          "url": "https://www.vectal.ai/_next/static/chunks/9da6db1e-ad7decc175389864.js",
          "lineNumber": 0,
          "columnNumber": 80787
        },
        {
          "functionName": "",
          "scriptId": "126",
          "url": "https://www.vectal.ai/_next/static/chunks/9da6db1e-ad7decc175389864.js",
          "lineNumber": 0,
          "columnNumber": 148111
        },
        {
          "functionName": "Pe",
          "scriptId": "126",
          "url": "https://www.vectal.ai/_next/static/chunks/9da6db1e-ad7decc175389864.js",
          "lineNumber": 0,
          "columnNumber": 148117
        },
        {
          "functionName": "retriableRequest",
          "scriptId": "126",
          "url": "https://www.vectal.ai/_next/static/chunks/9da6db1e-ad7decc175389864.js",
          "lineNumber": 0,
          "columnNumber": 118977
        },
        {
          "functionName": "Rs",
          "scriptId": "126",
          "url": "https://www.vectal.ai/_next/static/chunks/9da6db1e-ad7decc175389864.js",
          "lineNumber": 0,
          "columnNumber": 148321
        },
        {
          "functionName": "",
          "scriptId": "126",
          "url": "https://www.vectal.ai/_next/static/chunks/9da6db1e-ad7decc175389864.js",
          "lineNumber": 0,
          "columnNumber": 141725
        },
        {
          "functionName": "",
          "scriptId": "126",
          "url": "https://www.vectal.ai/_next/static/chunks/9da6db1e-ad7decc175389864.js",
          "lineNumber": 0,
          "columnNumber": 118337
        },
        {
          "functionName": "",
          "scriptId": "126",
          "url": "https://www.vectal.ai/_next/static/chunks/9da6db1e-ad7decc175389864.js",
          "lineNumber": 0,
          "columnNumber": 118343
        }
      ],
      "parent": {
        "description": "setTimeout",
        "callFrames": [
          {
            "functionName": "Er",
            "scriptId": "126",
            "url": "https://www.vectal.ai/_next/static/chunks/9da6db1e-ad7decc175389864.js",
            "lineNumber": 0,
            "columnNumber": 118125
          },
          {
            "functionName": "enqueue",
            "scriptId": "126",
            "url": "https://www.vectal.ai/_next/static/chunks/9da6db1e-ad7decc175389864.js",
            "lineNumber": 0,
            "columnNumber": 117852
          },
          {
            "functionName": "capture",
            "scriptId": "126",
            "url": "https://www.vectal.ai/_next/static/chunks/9da6db1e-ad7decc175389864.js",
            "lineNumber": 0,
            "columnNumber": 151479
          },
          {
            "functionName": "Bi",
            "scriptId": "126",
            "url": "https://www.vectal.ai/_next/static/chunks/9da6db1e-ad7decc175389864.js",
            "lineNumber": 0,
            "columnNumber": 65378
          },
          {
            "functionName": "",
            "scriptId": "126",
            "url": "https://www.vectal.ai/_next/static/chunks/9da6db1e-ad7decc175389864.js",
            "lineNumber": 0,
            "columnNumber": 64921
          },
          {
            "functionName": "ai",
            "scriptId": "126",
            "url": "https://www.vectal.ai/_next/static/chunks/9da6db1e-ad7decc175389864.js",
            "lineNumber": 0,
            "columnNumber": 64904
          },
          {
            "functionName": "",
            "scriptId": "126",
            "url": "https://www.vectal.ai/_next/static/chunks/9da6db1e-ad7decc175389864.js",
            "lineNumber": 0,
            "columnNumber": 65345
          }
        ],
        "parent": {
          "description": "setTimeout",
          "callFrames": [
            {
              "functionName": "Ui",
              "scriptId": "126",
              "url": "https://www.vectal.ai/_next/static/chunks/9da6db1e-ad7decc175389864.js",
              "lineNumber": 0,
              "columnNumber": 65324
            },
            {
              "functionName": "onRRwebEmit",
              "scriptId": "126",
              "url": "https://www.vectal.ai/_next/static/chunks/9da6db1e-ad7decc175389864.js",
              "lineNumber": 0,
              "columnNumber": 63832
            },
            {
              "functionName": "emit",
              "scriptId": "126",
              "url": "https://www.vectal.ai/_next/static/chunks/9da6db1e-ad7decc175389864.js",
              "lineNumber": 0,
              "columnNumber": 59214
            },
            {
              "functionName": "At",
              "scriptId": "159",
              "url": "https://vectal-api.onrender.com/_events/static/recorder.js?v=1.259.0",
              "lineNumber": 0,
              "columnNumber": 72562
            },
            {
              "functionName": "callback",
              "scriptId": "159",
              "url": "https://vectal-api.onrender.com/_events/static/recorder.js?v=1.259.0",
              "lineNumber": 0,
              "columnNumber": 77650
            },
            {
              "functionName": "o",
              "scriptId": "159",
              "url": "https://vectal-api.onrender.com/_events/static/recorder.js?v=1.259.0",
              "lineNumber": 0,
              "columnNumber": 111291
            },
            {
              "functionName": "",
              "scriptId": "159",
              "url": "https://vectal-api.onrender.com/_events/static/recorder.js?v=1.259.0",
              "lineNumber": 0,
              "columnNumber": 106521
            }
          ]
        }
      }
    }
  },
  "_priority": "High",
  "_resourceType": "fetch",
  "cache": {},
  "request": {
    "method": "POST",
    "url": "https://vectal-api.onrender.com/_events/s/?ip=0&_=1755720346135&ver=1.259.0&compression=gzip-js",
    "httpVersion": "h3",
    "headers": [
      {
        "name": ":authority",
        "value": "vectal-api.onrender.com"
      },
      {
        "name": ":method",
        "value": "POST"
      },
      {
        "name": ":path",
        "value": "/_events/s/?ip=0&_=1755720346135&ver=1.259.0&compression=gzip-js"
      },
      {
        "name": ":scheme",
        "value": "https"
      },
      {
        "name": "accept",
        "value": "*/*"
      },
      {
        "name": "accept-encoding",
        "value": "gzip, deflate, br"
      },
      {
        "name": "accept-language",
        "value": "en-US"
      },
      {
        "name": "content-length",
        "value": "4261"
      },
      {
        "name": "content-type",
        "value": "text/plain"
      },
      {
        "name": "origin",
        "value": "https://www.vectal.ai"
      },
      {
        "name": "referer",
        "value": "https://www.vectal.ai/"
      },
      {
        "name": "sec-ch-ua",
        "value": "\"Not(A:Brand\";v=\"24\", \"Chromium\";v=\"122\""
      },
      {
        "name": "sec-ch-ua-mobile",
        "value": "?0"
      },
      {
        "name": "sec-ch-ua-platform",
        "value": "\"Windows\""
      },
      {
        "name": "sec-fetch-dest",
        "value": "empty"
      },
      {
        "name": "sec-fetch-mode",
        "value": "cors"
      },
      {
        "name": "sec-fetch-site",
        "value": "cross-site"
      },
      {
        "name": "user-agent",
        "value": "Mozilla/5.0 (Windows NT 10.0; Win64; x64) AppleWebKit/537.36 (KHTML, like Gecko) Noi/0.4.0 Chrome/122.0.6261.130 Electron/29.1.5 Safari/537.36"
      }
    ],
    "queryString": [
      {
        "name": "ip",
        "value": "0"
      },
      {
        "name": "_",
        "value": "1755720346135"
      },
      {
        "name": "ver",
        "value": "1.259.0"
      },
      {
        "name": "compression",
        "value": "gzip-js"
      }
    ],
    "cookies": [],
    "headersSize": -1,
    "bodySize": 6385,
    "postData": {
      "mimeType": "text/plain",
      "text": "\u001f\b\u0000\u0000\u0000\u0000\u0000\u0000\u0003í\u001b\t{\u0013Çõ¯(\n\tG¼òÞIK!\u001cr3\u0001QX­VÒbyWì®|@üq\u0005(!\u001cÁ\u0010\b4\u0010\u0002\t´!M8Ò\u0002Î÷Íûc}3³+É¶$dóÕóÕ\u0006ywæÍ¼7oÞ5ïö\u001eÉÖë^1;\u0015%Ët,I\u00174Gu\u0004C55Á´mK0-\u001a²a©íËºÃ®\u001f#ø¢È·kQ%±­\u0016\u000657=7Ê\u000e\u001ciöì/Å´I·D¥¯¥¹hÇvv\u00001Çc5\u0017»û²¼åH¶V­=\u001fg\u000fÃ\u0011·Ðï»ñH\u0010\u000eþA¢8ì±j`#¡G²¡{¨îF1Îsøö\u0010Î­Äq-\u001aèï·k^nØub»³½~¤*ªá7ìöïpí¡­-ï¥ºïôÝxÿÐØþ\u0018û\"º8?\u000eÇv0ª\u0010K\u0014ÔC®9í0ÞáQDbh\u0014×C;ö\u0002¤UQÄañ\u001f\u0003h\u0018}YÏ÷bÏ0«äÆN\u0005'*ºUDÝ@-¾;\u001aÿ1¨m\r8p*o\f]¿è«ª3èùåí±\u001d×q±Y?ðBÒP5n½!îHG\u0015½\u0010\u00177³e|ÃwFFÒÍ\u0016\"å4$*\u0018²=c\u0010\fÖkÍ±­­éx'ðý)\b\"×©î{¼\u0019¹ÑìI@ÓÉµ\u0016Õ\u0002?r-%/âõ~ìÞÐ¶\u0019½)<\u0010i·D9'§\\ïËÆ¡íG%äw\u0018\u0019ð®ï\u0004E·¸*(5ÚîÌ¶\u0016:\u0018e-+Ä]Â\r§\u001eØ»NWlì?¢Fø¶%ô´J¬´tQÖuw¡Ä\fÕ\u001eYTTQVÅñ}ãã\u001dz5Ë\u001cïKõ\u0001u%ÕD\u0002\u0007$ÿ BBRÔb\u001bÅ5\u0014\u001b&\n\u001crE£\u000f®R)rm,#Î(­®(\r1Ê&Eë·ã8ô\nu¦Î¢LÅR§ö¤Úè×«U\\k\n§Rõï\u0005NÃuvC2Bw(\u0018f4PEöÔiº¬½Þ\ne\tAz ûWÎ\u0007CÓ|ø/\u001a[;¼²ïºQ?úØÜoJ\u0005$Âlèªëª`Y,Èªi\u0015ä(¦Ø³Õ5)é\r««©rÎLôßÔD\u000bua\u0018]SËé\táÚ\u0002µ¾¦$94 ì\u0007e\u001e­/¢NLì¬¬¯¦v±¾¦Ô¢ ¿IShªÒ¼:îàT\\g°Wµ¶\fÊðf0%\u000bS­ù:\u0016¢.ËÒÂòùUfYY*³®Ò°¦¨[úk*óoÃëK®Î!¤ÄP&F¸íCJ\f'è´\u0014ØD>!°B×ÇÍÔ2§À&&ÀªV\u0002ëÈ4ÆeQ¥²6\u0005ZL¡\r1NBÛ6Ð²Êö\u0019¡­\u0014ZÃ¿²ÊU\n.YÌ\u0002RºE#!\\Ã¿-{4\u0015^aÁ#ÞäLi~\u00068í;îÃüD_±\u001d\rÎ.òêw:\u001eå{5Ô:JLKüeÊôì¸@³.µ\u001e\u0016\u0017¤ÖT¥f_+­©s±Ò\nÓæîé\u0019.­Qâjû\u0002Ú¿0ô®Ë@KÉö çÄ¥Óx»)Â2µr\u000bD\u0017êIA¥Ös>#µ°v9\u001fHèá~Ûç\u0003IÕf²4\u0004dNº\u001bU\u001b>]ed\u0001ÂKZ\u0012\\ ¦!ÄT¯Îb\fúp\n/%A@[·®§nZR$\u001e\u0006H5æDõbðIü\"¥ù³6ð]üºn°@h^SØh{½lMcc\u0006[Ðu}Ð-4My-TèñeAØB¤\\r^YfÑÂ2ÁÿêÐ¸Ó ¾w\u000b)©ÒÅBâ¦Ìþ°¡¦\u0006¡i@f*,\u001aºTaUz\u001a ðj\u0017xÅj\u0018\u00045Up¥y.i\u0010ôæüV\u0002¯Ò\nN\u0007x5\u0002ÞÅ~\b*åZ{¦É8\u001aêEÓÀßßR\u0013\u000bä\u0014±\n§;`êESÀ!²b\fSs\u000b¨EF<¿\u0018¼r¢ªzQ5\u001cj\u0017\u0016U½\u0002B£UJ^ö£PÌØñ±fåh26\u000e\u0006]ÚR«8ûã5µ=ÚÊÚÈÐNm®ì\u001e´wm\u001a;´g]¼rõCe­<Zòåk¶ÿyÍ\u0006NJSòÊûnÉ®W©mË\"Ñ j\u0018ÇQ3âE±ç;1'ZÓmË\u0012ÕPr5CP1C%ØJQ\u0014\n.\u0019¶i\\;¬\u000b\u0012V*ÂvjzµRWMY0\u0014[\u0012LM+\b\u0005EÒjIÌRË³¯V\u001a\nÙ±ZÙ³tSOÅæ­;K+Ó\u001b\n¯QÅeâÔ\"Ý8óTx¹á\u001e5¦`î®Eü¦»GYo«&¡Û}\u0015<vvWÝè^1¢U1Ö×â\u0011A<§ë:\u0016EÔb\u0003ùË)éÊ4ºÛ\u0006ª·xvè<U÷à­1\u0015=Í¦lï<Y÷¤Jc²=\u001b\u000b0ædÓ«QµDSMTÍ­®\u0005\u001euJÜwã°u¯Mgx7.ádÝ£ÉW§àÔ\u0019Q°SÅò\u0012*²]*6f<tz± fõ\tLÓ#\u0001£\r7Û\b_Ë\u0012&cèfc\b\u0013¯§ãhe¦\u0011sR¸WDÐ\næyfï\u000151\u0015\u0003çfôN\u000f µ¦¿Iâm)MIè\u0010ÒJt\n®wT_\u0005ò«¬\u0001¨¢jâ±¨±²ðj\u0000l\u001d\u000b<ÍÙÝiåÉù\u000bL)n\u0014ËY\u0006¦èîÎ©¢\u001a-¯^Õ\u0012Ukz2^Þ\u0016¦'[\u0019¥Ys¥áYEqçÆøë4íÄîm¤Jß&\u0015®¤j¯hIöYJ,R»T¸Î-%A¢%ivZiwB\u001a\u0001/\u0005¢Àô>\u0013ó¢\u0014Ç´\u0004~g{¢¿\"æoZùl¾\f)sù\u0002}\u0012Erm\u0019ù¦ÂÙ§Â>%ö)óvx\t¿ìÝ·<ß\u000f[Û[?Qi[{/xB8»2ïc\u0019\u0006Ë[5¸DÃú*a\u000f<ØÏ\u0016«¥7VÃ)se>\u000b·~G~ïò!ùv­ØQà<ü][hBr/épþdÓùÜ'\u001fsoÁ\u0005r\u001bi¡6û48}\u00129\u000egá¯ìE{L\u001cê[¼Ó\u001eY\u0011;ð\u0013¼d\rrsä(¹ÿAÛu7üÖ¹Ìéõ|·\u0003n\u000fÂMö*0¹|\u0004§\u000f\u0015¸îmç, 7O>\u0013\u0007úÇáÆÞ|\u0001¾.,%ÿ\"\u000fúX¯µ\u001e~«ä2ü2¾\u0018>÷ÉM¸\u0012í®äKä\u0011¹\u0007Ïá)|¿÷Éó½ïÂ§\f¥N\u001eÂ%4È}ø\u001c\u001e«Èp\u001dÎàç­%äÔr8lìyr<X¡Â3rk3y@ÎÀcÖá\u001eÌç·çÈOñ*8~äÝB>O\u001d\u001fàX_ü\\&ç=N¸ýM®\u001bFb$Ëû×(¥Ôo\u001dÝJ¯¤Í½x-|\u0016ön&WÞçäEpþ÷áþ\u0018\u001età[òpß2ý+mÏÛä£Md\u0002îÁ·ð\u0013ù\u001b\\ÙF/à\u001eÿbú\u001cn7#÷úàâjøäý\u000f6Ää& _ìàò%iü\u0013\u001elá)ßarL¬{w\u0018\br/\u001fÃdx\u0018§¿D¾\"ÉÇpÜÉëðEî0@yç\u0006ò}\u0019®Á\u0019¸èD GðP!\u001fÅ2üÜ!\u000fØä*Ü»ùxÉ\u0007\u0007ß]\u00068nü|1@.&\"¯æ³(Ã_fLKw\u0018j.\"wÉÅ*×\u001e2ñ>ÇðR\u001b&ßÁ'äÂNr9B\\g9ñHë\u0013r\u0003×{<ÊçßËð\u0010\u001aÛ\u0015ÑíÒ\fÚeÊ\u0001òÏ·É?¹4\u000b#-ú­îÏà\u0001jý×o\fÂp\u0007Îs\u001aàqe#{*î\u0002NEÎÂ§}\u0005Ó §äÍðãn3Å\n+*äâêÊjòÍ\u001bQï>|Ã9}x\u0007|]rÉ\u000b\u0003~£¼?\u0002ÇqónäÚ.¹Z\t¸F~Øº\u0005îgà\u0005<%WWSpÜPà\u001dÉûïÁ¿£­\u001c\u000b×~8±ë­½\u001f®\u000fà$yR%WáæN¸LÎmÞMnbm\u001fîãõÃ\u000e¹B®Áù|K^\b0!Àõ\u0000¾+ò0\u001c'¿À³\u0003l²Â68¾%ë¸ÞÀ\u0003¸ Â/pj\u00179Ëc¡Bñ\u0005á</¹:J\u0003É.MäÁ\u0004®µ¨³§á\u0004Ó{dÔ-§2Èm\nç¿\u0003×GßãìFÃÉF¯ÛF¾úóú­ð\f©?\u0001×Q(>ÛF®\u001dRPÁ\u0013´§Éí£äKx´/±\"w¶lY¾\\\t;rÜ\u000bð=§ÇÞÔG®çà\t\u001cOÿNW\b÷öÁ©:Ëí\u0006êÍ·A=æcÑFò«\u0007\u001c\u0014¬G\u0015T³3«×Â\r|J&V­G8½Ï@&¹\u0010\u0017.©ur\u001a~Ndw\rù\u0011Uè$LSo#55¾ÖE­\u0007O½#±-ÒJrR]|\\g\u001bøv~H¾»d2èAn\u0004psó\u001f®@e»ÆYÏ\u0001÷çc¾gp/Ùg@<sÌr[b\u0011Yt\u000b>É\rðoNÐÅ¸yçÐ\u0016=\u0014QS.âï?àñh>\u000flm¢F^ë\u0019ÿîÝÔ'v¾gq3ÌÓ8*¦Î\u0011òõª Xf~\u001câ±*\u000e>\u0015Ð.z£B-¨avF°m¯j\u0017ª®0â\u0015ã\nMQiº\\\u001bE¯Ô\u0011²âzå\nÍöÈÃº;\u001e³Qt\f\tOÛm\u0007úN%\bóËZN¡?iè*¦Ô.\u001a¨$+×vr\u001e7\u0007á\u0010$ÁlÉ®Fîø¬k3¸\r¯yò\u001dCÍ\u000e|·}o\u001d¼æ\t#\u001a]H\u0018Fì\u0002½2ß\u0001\u0002Ob6Æ3Ú=<wð'~Û ÍHv¤j?kÉ«V!<[´é«!B\u0001¹\u0015·ëä'ÔvëÀ\u0013#f\bfvá~]:\u001f=\u0018uèÅÃJs\u001f[jq¥º!\u0006(*ì¹ô.\u0011k£}\u0019Y§\t!£6º´\u0017éÉjâ[\u0019Ea\u0012ò6\u00179j-Xõ¾Óh~\u001dok>&Í_µèT\u0007D*f3^O`\u0019æ©\fµCÏF\u0019ÃBWp\u0005¤fpøÜ©\u0010`(Üb3ûÓVðÛ%3U©×\u0004erjÃ»Q§ËE­ä\nSzäÔÅéw¯0ÏØ¨¤òã¬\"%BÆß©ÀÍ¼r;Äíî\u0004,«Tî\u0002,5\n&4%ò\nX¼ÒÕãæ<Á\u0016E\u0015\u001c±C\u0014Ùë\u001bM¸Í;Ásô1ªß\u0014#­\u001ds¨i\n\u0019È\u001eR¨HD÷\u0014êôäú\r¢÷h\tÓ¼È\fD=¦ÕU,«÷Ê×dÏe\u001a¶«u*}+ýØ\u001b\u001c+èA3;ðz_fmn¦)Y$Æá\u0011Go#:ØZØjj\u001fA_­fJUw4n|(\u0012\u001cÜZ7Ìí gj£ôcLÀïej!\u0010=<¦\u00013tIÂ^\týÔ>þ\\uKq¦Bïn\r\u0014ÊÂÞ7åµô\u0017;©cM°\u0011S\u001a\b+dIb&êÙ¦Ag7LÄf¦\u0000\u0002\u001f¯d¸C^!¨&óT¦%\u0015Q!ªØXÁ\u001dÈåÂ\u0012YQû2eìËK3HJ\u0006#\u0004öU9Ï­ ÑÊi¼>8\u001bùdUûTÞVA¤W|[::\u00185^´h¿l÷\u000eÖ±L\\\u001aK÷oÊfV°\u0002:Ý[·Údö$g«3åëÔ_\téÖË²¤ÍÞ11ßÜ©Ù¯=ôþi\u0001lV-è+\u000fj|fËÓm¡ÖÈ.oæ%hV*¦rot¨J#\u0003VÁjÌÈÈHnDÉ\u0005a¹\u001fESìçCÒS\u000e«Ä7\u000fJômØsGV\u0005hß²bFÌÈ*þÃVêUx\u000bn÷\u0002hÄT\u000f)íï\u0005Õ l´7ÎPô\u001a@ÒDÃlÇFiË2MÚq\u0010­gKOºÿÕºw;3ü@KO´äNÕÍp\u0011zÍó\u0013¥}ÓZM÷QÐø°â\u0015ìîB\u001c¢\u0010¢Ì;\u0015¯ZÜÜLÔÁ¶ïZ\u001d Ý\rß§«ir@Ûf±%5\u001b>#ÊÄM²dÛÊXÈV|\u0014ô,á÷©sÞ3q:\n{'åÅ¯UÿÿþHÏ÷Gðº5¾ï?ð£à¢ï>\u0000\u0000"
    }
  },
  "response": {
    "status": 200,
    "statusText": "",
    "httpVersion": "h3",
    "headers": [
      {
        "name": "Content-Security-Policy",
        "value": ""
      },
      {
        "name": "access-control-allow-credentials",
        "value": "true"
      },
      {
        "name": "access-control-allow-origin",
        "value": "https://www.vectal.ai"
      },
      {
        "name": "access-control-expose-headers",
        "value": "X-Accel-Buffering, Content-Type"
      },
      {
        "name": "alt-svc",
        "value": "h3=\":443\"; ma=86400"
      },
      {
        "name": "cf-cache-status",
        "value": "DYNAMIC"
      },
      {
        "name": "cf-ray",
        "value": "972481e6e880739a-JNB"
      },
      {
        "name": "content-encoding",
        "value": "br"
      },
      {
        "name": "content-type",
        "value": "application/json"
      },
      {
        "name": "date",
        "value": "Wed, 20 Aug 2025 20:05:47 GMT"
      },
      {
        "name": "priority",
        "value": "u=1,i"
      },
      {
        "name": "rndr-id",
        "value": "2725534f-aa5c-4f34"
      },
      {
        "name": "server",
        "value": "cloudflare"
      },
      {
        "name": "server-timing",
        "value": "cfExtPri"
      },
      {
        "name": "strict-transport-security",
        "value": "max-age=31536000; includeSubDomains"
      },
      {
        "name": "vary",
        "value": "origin, access-control-request-method, access-control-request-headers, Origin"
      },
      {
        "name": "vary",
        "value": "Accept-Encoding"
      },
      {
        "name": "x-envoy-upstream-service-time",
        "value": "346"
      },
      {
        "name": "x-render-origin-server",
        "value": "uvicorn"
      }
    ],
    "cookies": [],
    "content": {
      "size": 15,
      "mimeType": "application/json",
      "text": "{\"status\":\"Ok\"}"
    },
    "redirectURL": "",
    "headersSize": -1,
    "bodySize": -1,
    "_transferSize": 381,
    "_error": null
  },
  "serverIPAddress": "216.24.57.7",
  "startedDateTime": "2025-08-20T20:05:46.139Z",
  "time": 667.1110000024782,
  "timings": {
    "blocked": 2.183000002669636,
    "dns": -1,
    "ssl": -1,
    "connect": -1,
    "send": 0.7210000000000001,
    "wait": 662.2820000029635,
    "receive": 1.9249999968451448,
    "_blocked_queueing": 1.1040000026696362
  }
}