{
  "_initiator": {
    "type": "script",
    "stack": {
      "callFrames": [
        {
          "functionName": "method",
          "scriptId": "126",
          "url": "https://www.vectal.ai/_next/static/chunks/9da6db1e-ad7decc175389864.js",
          "lineNumber": 0,
          "columnNumber": 80787
        },
        {
          "functionName": "",
          "scriptId": "126",
          "url": "https://www.vectal.ai/_next/static/chunks/9da6db1e-ad7decc175389864.js",
          "lineNumber": 0,
          "columnNumber": 148111
        },
        {
          "functionName": "Pe",
          "scriptId": "126",
          "url": "https://www.vectal.ai/_next/static/chunks/9da6db1e-ad7decc175389864.js",
          "lineNumber": 0,
          "columnNumber": 148117
        },
        {
          "functionName": "retriableRequest",
          "scriptId": "126",
          "url": "https://www.vectal.ai/_next/static/chunks/9da6db1e-ad7decc175389864.js",
          "lineNumber": 0,
          "columnNumber": 118977
        },
        {
          "functionName": "Rs",
          "scriptId": "126",
          "url": "https://www.vectal.ai/_next/static/chunks/9da6db1e-ad7decc175389864.js",
          "lineNumber": 0,
          "columnNumber": 148321
        },
        {
          "functionName": "",
          "scriptId": "126",
          "url": "https://www.vectal.ai/_next/static/chunks/9da6db1e-ad7decc175389864.js",
          "lineNumber": 0,
          "columnNumber": 141725
        },
        {
          "functionName": "",
          "scriptId": "126",
          "url": "https://www.vectal.ai/_next/static/chunks/9da6db1e-ad7decc175389864.js",
          "lineNumber": 0,
          "columnNumber": 118337
        },
        {
          "functionName": "",
          "scriptId": "126",
          "url": "https://www.vectal.ai/_next/static/chunks/9da6db1e-ad7decc175389864.js",
          "lineNumber": 0,
          "columnNumber": 118343
        }
      ],
      "parent": {
        "description": "setTimeout",
        "callFrames": [
          {
            "functionName": "Er",
            "scriptId": "126",
            "url": "https://www.vectal.ai/_next/static/chunks/9da6db1e-ad7decc175389864.js",
            "lineNumber": 0,
            "columnNumber": 118125
          },
          {
            "functionName": "enqueue",
            "scriptId": "126",
            "url": "https://www.vectal.ai/_next/static/chunks/9da6db1e-ad7decc175389864.js",
            "lineNumber": 0,
            "columnNumber": 117852
          },
          {
            "functionName": "capture",
            "scriptId": "126",
            "url": "https://www.vectal.ai/_next/static/chunks/9da6db1e-ad7decc175389864.js",
            "lineNumber": 0,
            "columnNumber": 151479
          },
          {
            "functionName": "Bi",
            "scriptId": "126",
            "url": "https://www.vectal.ai/_next/static/chunks/9da6db1e-ad7decc175389864.js",
            "lineNumber": 0,
            "columnNumber": 65378
          },
          {
            "functionName": "",
            "scriptId": "126",
            "url": "https://www.vectal.ai/_next/static/chunks/9da6db1e-ad7decc175389864.js",
            "lineNumber": 0,
            "columnNumber": 64921
          },
          {
            "functionName": "ai",
            "scriptId": "126",
            "url": "https://www.vectal.ai/_next/static/chunks/9da6db1e-ad7decc175389864.js",
            "lineNumber": 0,
            "columnNumber": 64904
          },
          {
            "functionName": "",
            "scriptId": "126",
            "url": "https://www.vectal.ai/_next/static/chunks/9da6db1e-ad7decc175389864.js",
            "lineNumber": 0,
            "columnNumber": 65345
          }
        ],
        "parent": {
          "description": "setTimeout",
          "callFrames": [
            {
              "functionName": "Ui",
              "scriptId": "126",
              "url": "https://www.vectal.ai/_next/static/chunks/9da6db1e-ad7decc175389864.js",
              "lineNumber": 0,
              "columnNumber": 65324
            },
            {
              "functionName": "onRRwebEmit",
              "scriptId": "126",
              "url": "https://www.vectal.ai/_next/static/chunks/9da6db1e-ad7decc175389864.js",
              "lineNumber": 0,
              "columnNumber": 63832
            },
            {
              "functionName": "emit",
              "scriptId": "126",
              "url": "https://www.vectal.ai/_next/static/chunks/9da6db1e-ad7decc175389864.js",
              "lineNumber": 0,
              "columnNumber": 59214
            },
            {
              "functionName": "At",
              "scriptId": "159",
              "url": "https://vectal-api.onrender.com/_events/static/recorder.js?v=1.259.0",
              "lineNumber": 0,
              "columnNumber": 72562
            },
            {
              "functionName": "mousemoveCb",
              "scriptId": "159",
              "url": "https://vectal-api.onrender.com/_events/static/recorder.js?v=1.259.0",
              "lineNumber": 0,
              "columnNumber": 76208
            },
            {
              "functionName": "e.mousemoveCb",
              "scriptId": "159",
              "url": "https://vectal-api.onrender.com/_events/static/recorder.js?v=1.259.0",
              "lineNumber": 0,
              "columnNumber": 41250
            },
            {
              "functionName": "",
              "scriptId": "159",
              "url": "https://vectal-api.onrender.com/_events/static/recorder.js?v=1.259.0",
              "lineNumber": 0,
              "columnNumber": 42525
            },
            {
              "functionName": "",
              "scriptId": "159",
              "url": "https://vectal-api.onrender.com/_events/static/recorder.js?v=1.259.0",
              "lineNumber": 0,
              "columnNumber": 22912
            }
          ],
          "parent": {
            "description": "setTimeout",
            "callFrames": [
              {
                "functionName": "",
                "scriptId": "159",
                "url": "https://vectal-api.onrender.com/_events/static/recorder.js?v=1.259.0",
                "lineNumber": 0,
                "columnNumber": 22856
              },
              {
                "functionName": "",
                "scriptId": "159",
                "url": "https://vectal-api.onrender.com/_events/static/recorder.js?v=1.259.0",
                "lineNumber": 0,
                "columnNumber": 42720
              },
              {
                "functionName": "",
                "scriptId": "159",
                "url": "https://vectal-api.onrender.com/_events/static/recorder.js?v=1.259.0",
                "lineNumber": 0,
                "columnNumber": 22821
              }
            ]
          }
        }
      }
    }
  },
  "_priority": "High",
  "_resourceType": "fetch",
  "cache": {},
  "request": {
    "method": "POST",
    "url": "https://vectal-api.onrender.com/_events/s/?ip=0&_=1755720097154&ver=1.259.0&compression=gzip-js",
    "httpVersion": "h3",
    "headers": [
      {
        "name": ":authority",
        "value": "vectal-api.onrender.com"
      },
      {
        "name": ":method",
        "value": "POST"
      },
      {
        "name": ":path",
        "value": "/_events/s/?ip=0&_=1755720097154&ver=1.259.0&compression=gzip-js"
      },
      {
        "name": ":scheme",
        "value": "https"
      },
      {
        "name": "accept",
        "value": "*/*"
      },
      {
        "name": "accept-encoding",
        "value": "gzip, deflate, br"
      },
      {
        "name": "accept-language",
        "value": "en-US"
      },
      {
        "name": "content-length",
        "value": "2765"
      },
      {
        "name": "content-type",
        "value": "text/plain"
      },
      {
        "name": "origin",
        "value": "https://www.vectal.ai"
      },
      {
        "name": "referer",
        "value": "https://www.vectal.ai/"
      },
      {
        "name": "sec-ch-ua",
        "value": "\"Not(A:Brand\";v=\"24\", \"Chromium\";v=\"122\""
      },
      {
        "name": "sec-ch-ua-mobile",
        "value": "?0"
      },
      {
        "name": "sec-ch-ua-platform",
        "value": "\"Windows\""
      },
      {
        "name": "sec-fetch-dest",
        "value": "empty"
      },
      {
        "name": "sec-fetch-mode",
        "value": "cors"
      },
      {
        "name": "sec-fetch-site",
        "value": "cross-site"
      },
      {
        "name": "user-agent",
        "value": "Mozilla/5.0 (Windows NT 10.0; Win64; x64) AppleWebKit/537.36 (KHTML, like Gecko) Noi/0.4.0 Chrome/122.0.6261.130 Electron/29.1.5 Safari/537.36"
      }
    ],
    "queryString": [
      {
        "name": "ip",
        "value": "0"
      },
      {
        "name": "_",
        "value": "1755720097154"
      },
      {
        "name": "ver",
        "value": "1.259.0"
      },
      {
        "name": "compression",
        "value": "gzip-js"
      }
    ],
    "cookies": [],
    "headersSize": -1,
    "bodySize": 4110,
    "postData": {
      "mimeType": "text/plain",
      "text": "\u001f\b\u0000\u0000\u0000\u0000\u0000\u0000\u0003íYûW\u0014G\u0016þWÌ,®\u0012iìêws6\u001bI4\u000f<\u001aCb\u001c\u0017zfz Ã03Ì4\u000f%n4*G@|\"! &HH¢DHpÎ½ÿØÞêê\u001eyõ\u0000ºgZ9BOÕWu¿º÷«[ÕwN\u000e&z{½L¢!!3ÛJÛLlV%SW³f$;Ìa¦îÈ¶¦$ê\u0012n÷\t^SÎ;ÅrgÁ§¶b©PtK¾ç\u0013\r¯zÚR§}ÞÄL[­[Öq|'Ñ@ýÓE7Ñ@}¢e0Q.ôÒÔÄhÎBÙó½BÆ\u0013r`ºQ8h0-½.Á\u0019+²FO¾×í\u001eÉfË.4]={ê¬h,ûNw\u001b×uSe[aªr¶n«Fm[\u0018µx£²Éçåhæàh]E«zÀ\"X%ÐJüÜ][77Fk¬\u000eU\u0005mY\u0011XÓB0\u0011£­Ä;ÖØÀ±DAôw^MÏ\r3³^¥¦&+ª¦ÔÊi\u0018öÊÖ8»6ïÚÝ\u0015Ñxc»*c7¶»Â÷ÂndkÍËûné¸`\u0018o«ú\u001a×\u0015­BÀ@\u0014×8Ñ\u0015a-'\u0015fª\u001e\u001b~©êÖ)²PûfbT\u0004jè*\u000b\"\u001a!ZWhN«ì\u0014=Ûà¢'´aUAËÑ¾2Ì\u0010]7Ó\u0010mÊbc\u0019F]\u0018Mmª\u0004â`¶n\u001c\u0011#>\fÆkÁäÄ¸M\u001e8¥XvÈÐb\u0002­ópÄ¡I)!Ú\u0014×Õ*YÅÂ`Y\u0011ºJ\u0018¬(Ä¶*ÐZ\u00144SÑi}+Ñ\"+q4\u000f\u0016¡Õ\nZfä A3µ\bÍQ\u001c\u001dm\u001dô+\"È\u001d\u001c\u001eJ\u0004æÛ%Ø i\\+§øÙèË\u0014¶e'±X:L#mJ±$\u001a¢¨v\u000e@7E§nM¿Ï\u0014ú7\u001cCéÝÈhfÚácr^Ðýb\u0002úÐÖç¸ejdõn×ËÔá\u0017º\\ÞRìL·ùûê\u0007;ôþîôVCý¸Ëi=|ºçÓ&¿qï¾\u000e½c W\u000eíûðè¾\u0003üvP.ä³^G[ÆÍ:½9 Òº$ët8QÆ+û^>í\u000bÒºáØ¶¬e¥¬«$4I¥T*k0Ó±¬¬ë$ÈuÐª,Ú57eKfv\u0018mWÇÉ²´¦j)nó5n,¦Ð&|Ó\u001b\u000bù,LÃlAÇ1%ÙU¸<\f-Xo¬UÖw\u0007\u00027'{eea4âO²\f÷ja¶S<\u0007¿Õà7\u000b~+¢\u001d\u0017qéä©Zxq(YZÞ¾ü79Ëñýê\r<³\t;0\n¿´âÈ¡£ðT1\u0015\u0003Ç\u001e¨«­¥·¥f©\u0015ÂO­\u0007êè#\u001fnZ1\u0006À\u0003­ùèí\u0013µ\u0001};ÌfZq\u000e&^\nþ¦`\u0016nãÅ]x\u001b'DWDù\u001f¸HsÌ¿»î\u0002Jnw¡oì_ßKÌ&ýóè8NçqZNfqQ¬ö=¼\u0000ç%¸,¼±Ã!ø\u0000¾§ïàCx\u0001. Å4î,\fL3\\ñ0/ñÅNüº\u0019¦\u000fâÝÞ4÷$Ü\u001cð÷\u00070\u0017nÁË/\t°a\u0006/ìnÁ§8·á\\'<iîÅãÉ|?\b¦àæ»p\u0003\u001eÃï¸\u0010Í$KûÛñ¶xî*\u001ed\u0012n\b79oYvà3+ð\fÏÁ\\:ÌÃ\u0013É|ÓAø.\\õS¼\u0005¿§{à\u001aÎãc¸\u0019´fOõ×ÂC|¢ìïÊàe\u0018Ão^}'<I¦ìLß{ä>X*\u001dÂ\u0017p©ç0Þ«\u0017£\u0004_¼/þ~*xìi:Ïñ.Aæ\u001a÷¥Ó0WîÄÉ,þ\nÏD$Î\u00043¤q\u0014Î\u000b§3gÇ.\u0018Î©>9\b\u000f:O¨§`\u0018®þ3\fy~\u0000¾?V'8ì\bòLÏÛ\\I<ÂÒûº×ð\u0005~\rçöÃ8ÎÑàO¼\u0004«Ý!ìJS¨\u0019úù\n\u0004½n£.^{-@a#\u000f\t¿1å\u001d\u0002^Å»ð£pØÎ\u000fjD;t\u000b'Á\u000f´\u0013ò0\u0006Ï1¸ÁïáF\"ïÂ\u0000gà\b<ô$[l#±R¸s\"õ\u0019Ü1B\u001fÌâP\u000fÎà¹<Î\u0005-\u0016InB\u0010¥ÃÛÚñ!øm\u0017\u000eE|áKb9,illÇó\u0003$½Él(´1\u000fïãOÁ'Y©ëøB\u0016»áG¸\"x|\u000e\u0013ø+EcÒÎ#{;÷ÂìAâqQÌcäÉßvâe|wàb;LÀ_\u0003ñ\u0017¸ópé}Á\u001dFö6ívà\t´4â\u0002^ÀÉìÁ&ø\u0001\u0016\u0006p^¬¶ÒoÔðm°\\â~\u0011ÇvÁ%Ï\"m\\\u001fåOáè¶SxÃ)\u001cêÀçda\u0016ç\u0003u1\u001b®\u001cmÄ©÷á\u0002Ü\t3Ñ\u000f´ýþØ]8.S\nú«ëó\u001c^ïSåí4în\u000f\u0017De\r\u001dÉÁïpÒÝb#~\u0005_Öãc\u0007f>\u000e÷û`\noºÝ\r{DP\u001b=DïÚxá-\u0018çaänÁ¤£í{äÝÛðH\u001e\u001a\u001dP@$Ã¬ç$²1\u0001\u001eiø\u000b®ÂMn]é~\u001f^Â|s=8Úô\u0019Þ¤\u0015=\u0016»B4DÙâ1å\u001bþIî8\u0006>\f·Á\u001dÊ{ÇÞ#ýÝß\u0005\u000bùö¾pk¹øÝ\u0019øõCú\u0004li\u0012Ï\u000b!áì1¸728}\u0004C5M±£{àÇ\u001a¸Ú¾\u0003Gðz\u000bNJ6ñ':\u0000wSïm«-Ýx\u001f.~\u0001³Í\";\u0004y¹Mpi\u0010\u00133ut¡\u0015=ë\u000fUiÃ%!b\u0005õ\u001eÁ\u000beúÿï#iíEõp:tû\u001c>ÚÑJ\u0019?.ë-\u0018¬QÎR\u001a\u0011#Gpòï0%\u0016Õò\u0001,â\u0003¼±\u001dçßBR&iî\u0016ù]\u000bîÂÏÿÚ\u0011nÉÇtâÜÂoð*<Zõ\bÎÀ×½äÔ\u0017;à>à\u0012\tïÏ³0\u000fÓ\"Ë:þ\\#5]\u000eð;æéò^H÷Ë&1ÜÔ©îËOgºwðk¥ðå\u001d4Ø?£±\tI*9\u0019o@*\u0016t\u0005>ÇË9©+õ{\u0019¿ß\u0003uC)\u000eÐ\u0016ìt½N~¥Ò,«Þ \u0016]{É,S_w`>ÝY(-_©ç6ªa+\u0016\u0014y=_ròål¡Ô-\u0015J^GwÕ¬+»gÏòËtå´\u000f¼\u0013Ê'coXôóÆ¾¦+]¯¼×íð;¡é-\u0005\u000f!S\u001aQé\"^^¾CÊöÒ½x}DÆÍ9t\\ÓîQý@<¥\u000b½ü»v¤WrãfÍz¹Ô]È\u0010Ó5}E2(³üõ:óN÷zÍÜ¿9/¿^\u0017«ÃåóÖ#)zÝ<y3\n#dC!WD@2\tsDw'£<Z\u001c¨Û¦é:¯æ\u0014\u0007j7#.oß¦ªAý\u0004÷:B2ª\u0017Á6\u0014©¨ô\u0012±r­NÉs(úå4µ¹\u0014i ßË-wÏ\u001aíq»Qä\u0012é\\¡ìfh9[\\.[[¯2&÷ì \u0000\u0013¾\f¯~+UM`,¬¼h<û\t\u000fðzÉª×ò¨@@0ñ2¥ª¯f_\u0003W¢w~Æø;\u0017Á\u0015\u000e\ná«\u000b\n\u0002\u0013%/Q\u0004cfÄ%xw[U×}QÓ^½L÷ßJ#Ëöl\u0004Üï([W«®\u0018ÿ´·:Ç¼\u000eUQy\u001dª+L\r&N*\u0001ÍÄ>*íðüÂ\tmÌ!PÊ\u0016·.Ê°4M¬¦4#*1Æ·\u0001Û$Å\u0010¾Zßª\u0011U©¨\u0006-f\u000f2¤ó\u0002îª(Õ\u0005\\1ÄìTÙ®Àiàª¢h\u001aáe¹Ì:§]Ù>ª*Ê`Á\u001a8\\åûiM\t9Bó\n'GGÔ×¢­Ê:iÉ\u0002\u001c(µ59\n±3ô \u0018»µÈÑW\u0000!Ápõkmj\u0012 }­\u0014Å¹\u00125¾Ò¨\bX´G\u0015Çx×ZQ\t%Ê4.Öµ$â\nZ|\u0003eÇ\u0012'%Ç9Ë`tý¿\u001a¹Ùj¤.Ó\"ÿ\u0001ñY<9@\u001d\u0000\u0000"
    }
  },
  "response": {
    "status": 200,
    "statusText": "",
    "httpVersion": "h3",
    "headers": [
      {
        "name": "Content-Security-Policy",
        "value": ""
      },
      {
        "name": "access-control-allow-credentials",
        "value": "true"
      },
      {
        "name": "access-control-allow-origin",
        "value": "https://www.vectal.ai"
      },
      {
        "name": "access-control-expose-headers",
        "value": "X-Accel-Buffering, Content-Type"
      },
      {
        "name": "alt-svc",
        "value": "h3=\":443\"; ma=86400"
      },
      {
        "name": "cf-cache-status",
        "value": "DYNAMIC"
      },
      {
        "name": "cf-ray",
        "value": "97247bd2d965739a-JNB"
      },
      {
        "name": "content-encoding",
        "value": "br"
      },
      {
        "name": "content-type",
        "value": "application/json"
      },
      {
        "name": "date",
        "value": "Wed, 20 Aug 2025 20:01:38 GMT"
      },
      {
        "name": "priority",
        "value": "u=1,i"
      },
      {
        "name": "rndr-id",
        "value": "811370a4-c679-458e"
      },
      {
        "name": "server",
        "value": "cloudflare"
      },
      {
        "name": "server-timing",
        "value": "cfExtPri"
      },
      {
        "name": "strict-transport-security",
        "value": "max-age=31536000; includeSubDomains"
      },
      {
        "name": "vary",
        "value": "origin, access-control-request-method, access-control-request-headers, Origin"
      },
      {
        "name": "vary",
        "value": "Accept-Encoding"
      },
      {
        "name": "x-envoy-upstream-service-time",
        "value": "724"
      },
      {
        "name": "x-render-origin-server",
        "value": "uvicorn"
      }
    ],
    "cookies": [],
    "content": {
      "size": 15,
      "mimeType": "application/json",
      "text": "{\"status\":\"Ok\"}"
    },
    "redirectURL": "",
    "headersSize": -1,
    "bodySize": -1,
    "_transferSize": 383,
    "_error": null
  },
  "serverIPAddress": "216.24.57.7",
  "startedDateTime": "2025-08-20T20:01:37.159Z",
  "time": 1037.8710000004503,
  "timings": {
    "blocked": 2.931999998986721,
    "dns": -1,
    "ssl": -1,
    "connect": -1,
    "send": 1.2389999999999999,
    "wait": 1031.6079999990147,
    "receive": 2.0920000024489127,
    "_blocked_queueing": 1.436999998986721
  }
}