{
  "_initiator": {
    "type": "script",
    "stack": {
      "callFrames": [
        {
          "functionName": "method",
          "scriptId": "126",
          "url": "https://www.vectal.ai/_next/static/chunks/9da6db1e-ad7decc175389864.js",
          "lineNumber": 0,
          "columnNumber": 80787
        },
        {
          "functionName": "",
          "scriptId": "126",
          "url": "https://www.vectal.ai/_next/static/chunks/9da6db1e-ad7decc175389864.js",
          "lineNumber": 0,
          "columnNumber": 148111
        },
        {
          "functionName": "Pe",
          "scriptId": "126",
          "url": "https://www.vectal.ai/_next/static/chunks/9da6db1e-ad7decc175389864.js",
          "lineNumber": 0,
          "columnNumber": 148117
        },
        {
          "functionName": "retriableRequest",
          "scriptId": "126",
          "url": "https://www.vectal.ai/_next/static/chunks/9da6db1e-ad7decc175389864.js",
          "lineNumber": 0,
          "columnNumber": 118977
        },
        {
          "functionName": "Rs",
          "scriptId": "126",
          "url": "https://www.vectal.ai/_next/static/chunks/9da6db1e-ad7decc175389864.js",
          "lineNumber": 0,
          "columnNumber": 148321
        },
        {
          "functionName": "",
          "scriptId": "126",
          "url": "https://www.vectal.ai/_next/static/chunks/9da6db1e-ad7decc175389864.js",
          "lineNumber": 0,
          "columnNumber": 141725
        },
        {
          "functionName": "",
          "scriptId": "126",
          "url": "https://www.vectal.ai/_next/static/chunks/9da6db1e-ad7decc175389864.js",
          "lineNumber": 0,
          "columnNumber": 118337
        },
        {
          "functionName": "",
          "scriptId": "126",
          "url": "https://www.vectal.ai/_next/static/chunks/9da6db1e-ad7decc175389864.js",
          "lineNumber": 0,
          "columnNumber": 118343
        }
      ],
      "parent": {
        "description": "setTimeout",
        "callFrames": [
          {
            "functionName": "Er",
            "scriptId": "126",
            "url": "https://www.vectal.ai/_next/static/chunks/9da6db1e-ad7decc175389864.js",
            "lineNumber": 0,
            "columnNumber": 118125
          },
          {
            "functionName": "enqueue",
            "scriptId": "126",
            "url": "https://www.vectal.ai/_next/static/chunks/9da6db1e-ad7decc175389864.js",
            "lineNumber": 0,
            "columnNumber": 117852
          },
          {
            "functionName": "capture",
            "scriptId": "126",
            "url": "https://www.vectal.ai/_next/static/chunks/9da6db1e-ad7decc175389864.js",
            "lineNumber": 0,
            "columnNumber": 151479
          },
          {
            "functionName": "Bi",
            "scriptId": "126",
            "url": "https://www.vectal.ai/_next/static/chunks/9da6db1e-ad7decc175389864.js",
            "lineNumber": 0,
            "columnNumber": 65378
          },
          {
            "functionName": "",
            "scriptId": "126",
            "url": "https://www.vectal.ai/_next/static/chunks/9da6db1e-ad7decc175389864.js",
            "lineNumber": 0,
            "columnNumber": 64921
          },
          {
            "functionName": "ai",
            "scriptId": "126",
            "url": "https://www.vectal.ai/_next/static/chunks/9da6db1e-ad7decc175389864.js",
            "lineNumber": 0,
            "columnNumber": 64904
          },
          {
            "functionName": "",
            "scriptId": "126",
            "url": "https://www.vectal.ai/_next/static/chunks/9da6db1e-ad7decc175389864.js",
            "lineNumber": 0,
            "columnNumber": 65345
          }
        ],
        "parent": {
          "description": "setTimeout",
          "callFrames": [
            {
              "functionName": "Ui",
              "scriptId": "126",
              "url": "https://www.vectal.ai/_next/static/chunks/9da6db1e-ad7decc175389864.js",
              "lineNumber": 0,
              "columnNumber": 65324
            },
            {
              "functionName": "onRRwebEmit",
              "scriptId": "126",
              "url": "https://www.vectal.ai/_next/static/chunks/9da6db1e-ad7decc175389864.js",
              "lineNumber": 0,
              "columnNumber": 63832
            },
            {
              "functionName": "emit",
              "scriptId": "126",
              "url": "https://www.vectal.ai/_next/static/chunks/9da6db1e-ad7decc175389864.js",
              "lineNumber": 0,
              "columnNumber": 59214
            },
            {
              "functionName": "At",
              "scriptId": "159",
              "url": "https://vectal-api.onrender.com/_events/static/recorder.js?v=1.259.0",
              "lineNumber": 0,
              "columnNumber": 72562
            },
            {
              "functionName": "mousemoveCb",
              "scriptId": "159",
              "url": "https://vectal-api.onrender.com/_events/static/recorder.js?v=1.259.0",
              "lineNumber": 0,
              "columnNumber": 76208
            },
            {
              "functionName": "e.mousemoveCb",
              "scriptId": "159",
              "url": "https://vectal-api.onrender.com/_events/static/recorder.js?v=1.259.0",
              "lineNumber": 0,
              "columnNumber": 41250
            },
            {
              "functionName": "",
              "scriptId": "159",
              "url": "https://vectal-api.onrender.com/_events/static/recorder.js?v=1.259.0",
              "lineNumber": 0,
              "columnNumber": 42525
            },
            {
              "functionName": "",
              "scriptId": "159",
              "url": "https://vectal-api.onrender.com/_events/static/recorder.js?v=1.259.0",
              "lineNumber": 0,
              "columnNumber": 22821
            },
            {
              "functionName": "",
              "scriptId": "159",
              "url": "https://vectal-api.onrender.com/_events/static/recorder.js?v=1.259.0",
              "lineNumber": 0,
              "columnNumber": 42720
            },
            {
              "functionName": "",
              "scriptId": "159",
              "url": "https://vectal-api.onrender.com/_events/static/recorder.js?v=1.259.0",
              "lineNumber": 0,
              "columnNumber": 22821
            }
          ]
        }
      }
    }
  },
  "_priority": "High",
  "_resourceType": "fetch",
  "cache": {},
  "request": {
    "method": "POST",
    "url": "https://vectal-api.onrender.com/_events/s/?ip=0&_=1755720354550&ver=1.259.0&compression=gzip-js",
    "httpVersion": "h3",
    "headers": [
      {
        "name": ":authority",
        "value": "vectal-api.onrender.com"
      },
      {
        "name": ":method",
        "value": "POST"
      },
      {
        "name": ":path",
        "value": "/_events/s/?ip=0&_=1755720354550&ver=1.259.0&compression=gzip-js"
      },
      {
        "name": ":scheme",
        "value": "https"
      },
      {
        "name": "accept",
        "value": "*/*"
      },
      {
        "name": "accept-encoding",
        "value": "gzip, deflate, br"
      },
      {
        "name": "accept-language",
        "value": "en-US"
      },
      {
        "name": "content-length",
        "value": "12676"
      },
      {
        "name": "content-type",
        "value": "text/plain"
      },
      {
        "name": "origin",
        "value": "https://www.vectal.ai"
      },
      {
        "name": "referer",
        "value": "https://www.vectal.ai/"
      },
      {
        "name": "sec-ch-ua",
        "value": "\"Not(A:Brand\";v=\"24\", \"Chromium\";v=\"122\""
      },
      {
        "name": "sec-ch-ua-mobile",
        "value": "?0"
      },
      {
        "name": "sec-ch-ua-platform",
        "value": "\"Windows\""
      },
      {
        "name": "sec-fetch-dest",
        "value": "empty"
      },
      {
        "name": "sec-fetch-mode",
        "value": "cors"
      },
      {
        "name": "sec-fetch-site",
        "value": "cross-site"
      },
      {
        "name": "user-agent",
        "value": "Mozilla/5.0 (Windows NT 10.0; Win64; x64) AppleWebKit/537.36 (KHTML, like Gecko) Noi/0.4.0 Chrome/122.0.6261.130 Electron/29.1.5 Safari/537.36"
      }
    ],
    "queryString": [
      {
        "name": "ip",
        "value": "0"
      },
      {
        "name": "_",
        "value": "1755720354550"
      },
      {
        "name": "ver",
        "value": "1.259.0"
      },
      {
        "name": "compression",
        "value": "gzip-js"
      }
    ],
    "cookies": [],
    "headersSize": -1,
    "bodySize": 18971,
    "postData": {
      "mimeType": "text/plain",
      "text": "\u001f\b\u0000\u0000\u0000\u0000\u0000\u0000\u0003í}VTKÓö­(A\u0011\u0019\u001cÌ¨`Â\"\u001ee\u0010'Â\u0010\u0006\u001c\u0006\u00140%«ä\u001c\u0015\u001c%ÃZU7ö?{wâQ\u0013ÞpÞÿs-\u0011÷ôîP]ñ©ê´²°¢\";ìTVg³ºl:³Æâ585\u0016Ó«qèM.Y«µÍFÃ¤ÕÅy=þ G\u0014ú\u001d\u0005YùA<+\bä\u0017x\u0002A§0ìTÙ×O2%AåIg5Çì{ìv\u0004\u001da§0r°¤À\u0013vÊ\u0010\u0013&\u0015æ\u0017\u0005\\x¤Cù¾ /ß÷Ñò9Yõ1a%h®3Å)3ÖÙt6mLXÐç¹íõ\u0016z0+Þb}\u0019#£_5×éô¡æ\u0016l©\u001eÐ\\û2ý¥xR\u0018tä\u0015(/L\u0016½Ö`´\f&¥#± ô\u0010ZPAnQ¦Ï\u000fr\u0005\u0002Ï<Î8¿'ø,?sA§\u0010ÍQïÀHea\u0001ÏÓ\"ô)êwä¡°¬`° ðT\\£À\u0017[ìq\u0005\u001d¹±\u000e_\u001cÈ\\Xÿù=qw\u0002ùÙøµðÎ¾g ¦Ð\u0015ðxü\u001au\nØ/0P¢Î\u000bãH\u0002Ça\u0005`\n\u0012vÊb4\rÊ\u0002\u000eâ Ù\u0018kÑ?zU«Ç\u0016ùüØ\u000eG0? ûòz®,täöäbà/Càßó<x5¿\u0000Ó\u000bæ»òsÅÃÇïö\u0004.ææ»r|þÌ{AG°\bË\róçû5Nù\u0010­\u0014âx\u0002ø4 [yËí\u000b`iß?Iðrø¿:\rù±º\u0010S¬Ù&þ°ñîü<ÏSTðµýOC\u001d¹òýþoF*ô¸\u0002Kâ1Èòõ\u0013Ù4ô¦Ü½ýs,,\u0000ãz¾>ñú\u0002Ákþ 'àË»ûÝ§¡öj\u0016£BùX\\\u0015\b\u0006\u001cþB/èâ+\u0005ñÇïÊw{Ü\u0017óÝ%_¹=ß?Û7\u0011Üz­º®\u0000ö\u000b[¯üTZºÒ;Ä\tÊØé\u0003>sU\u001e×ÙÌZ½Ùl;û\rZ#Dã Ù0[÷ÉÆ\u000f]\u0019\u0010,£p?&ã\b\u0006\u0003>gª8 \r(µàÎýÏËÂ\u001c\u0001CãöÕ}NÛ\tÁõ\u0017åæ¾5APáEWn~¡Ç\u001d~¤HÛÓßÀD\u0002¼übu\u0016Ê¬Ünõ·\u001f¯Ñ¤ÕêÌ?]ã\u000f\u00159¤Ðö©\u001cãï4Ñh\ti(\u0013Èÿ«æ:½!ÔÜfJs=^\u0013TTXicó¶:ÑµQ«\b:Ú\u001amÚ·\u001d\u001b\u000eR~X¼Áö×6ø\u001bS\u0018,ÉÅËØk¿/OUL\u001a¯/7W\u00076WôO~à#]yùÇw\u000bìüo°×[èù\u0013sÅ?;×o-r@\t\u0007¯aú&°\\Õ¦Ìè×P¹ð±·A°·Ñ)þ©æ/æ×h\u0015M¹ÐX«ª\u0011ÕVËõr\u001dß7Æ¿ø\u0001RÊ,r\u001a&Å!øÖi°}íYÊ2\u001f\u000b^0»ÚXJ\"i¢±T_¥ÆúÕ¿ÓP,­ÚX÷3¢ÿý\u0002\rzü«ÎÙúûÍºåÑdTG=\u0004ËÙ º¼Ôhw*¿iµ4\u0018MãYâwõ§Aý©SêÅsÞá½´ô\u0013´d\u000fì¾ÿ'lù~V<Ì8\u0001®·û©üÚV<5ñ;Úâí¢X{Ø#þpß\u001eÆ\u001f¸.R\u001dZ\u000e:§Aîã5î¤(^àe½=@Ã\u000f©·r¨GNR·=\u0006²ÎÑ&}â\u0019Ñ±úªêÕõçÕ,wÕ¬êOöBV{²¸÷6¯¸ò\u001aV¸ï÷¡ú»ßª¿|·ø/r÷/¥°*µ\u0018fï'çpú?wO^tñ»x#\u0006ÓÕGNê;Ç«¾8\u000fÏs\u0005µS#}än±@ZrGD>}ÄK<ôZy>_;ûj¸Vôu6oó\u0010\u000f¼¤\rÚ¢\u0019\u001a\u0014ã\u001aR³x\u001a¹WxßPS6¿çZZeL­æ4W=¸IC4yÞÈë¹&é\r/]É¶ÛïÅ>\u000b&rEÙIîJ³Û©ü)6¶<¦{hkÔL\u000b4£åÞðÓÜfwÑ6½¡.ê?O\u0017ø½ØÆã´c<\u0015)\u0016È=`AÁ/æs¼LãÜLu\u0016üX %\u001aæ\u0001®åîSX`'ZnÓú\u0005n¤&Zà\u0017¼Ë«iÙàÇ\fúH\u001f¨¶\u0017¨GtW,9¡QÝHÎ.T®â\u0001¯;:\tb¹´©>6})öÆÍ\u001fèý5nN >juS\u000b¨Ñ$\bI+ Ç\u0007\u001eåµ(»Æi\u001b2Shô:×ë\u001fòîP«ùûÔICG1£6\u001eQ{õ$Dò;ñùí\u000b\\Ç©æîp\u0013Ñ^\u0012!¥+øU\f´\u0016lzª\u0013ÓhË\nöé¦iê¾|nq75ëËR¯q\u000bÕ\u001cãÎ\\\u001d~Ë¾Å\\\u001bp\\ã6ZºÁ­êK®ßÀ';Ôð<ÊÁ\u0010½´n÷[y0^õÆN»jsñé\u001b\u000bVÝvÅÅS´ðè1É-ãæhª-LbUÔ´F~\u000b\u0016\u001a¡\u0016îáÍä²ázì|Oxö \u0019Æ¢i-Çh\u0007[³Ìí'¸_*yÉÕÖ\u0014jÐ<æªgiª°g\u00134ÏÛ'b¤ô\u000fð\u0018WòÀ=9x+v 6ükés,º¡J ÎB´}Ïq-®4ßÓg,M\u0019Ëywi7Á¼SàõÚ¨8êãÔ4\u001a?M\u000bâM\bU»¾\u00184Þãõ'àw¹â\u0011ÕÓÈDä\u0016-ïqM*Õ\u001fá¾Óê¾èÜYT­¶ôb\u0013vÄtu§Ä?Ô\u0016\u001bÍmBÌ)Ü%L\u0015Ð '³*ñ\u001dáîÒKÖx\u001e§Ë4F­à÷\u0005ú(Ùr1féc,y![4E2ô\u001e«\f\u000bõÑ,)ê°;_r/o¥ú\u001f\u0001c¼\u0011\u000b\nÂ9nÆP÷9ìº©ÐlþLÁù\u0001÷K®áUZ¦å\u0007\u0016{§ãÁæë>*/L\f¾á'.\u001a¡EU@fk/_§M\u001b½§÷\u0017¯Q?×¦^hWnïöñ¨\\)¢ZÞ\u0010\u001fY\u0013h\u0015ýVaSÀ©-¼[ ¨\u0010!eßÈ+ÞËà>A\\¡1¡ä>Ø\u000bAÆ®\u0000W+?z¹+7/òr:w¡»IX5Óë;jc\u0003R5äÆ/ñØ¬³¼\u001bw\u0013v©ÞqO&¤zºçcÆ#` \tþHK¥<Ð:{\u00119O¸\u000bRý.?È[ôð\u0016\\ÅPòz­Þ¨Ñ)-ÿªßú],õÅoÕh\u0002\u000e·ï¹¦ ¿\u00008ÆQìðå:¹\u001eÍ3;IèLf}ÁsX\u0003[fy|Y\n<¤·écMVÁ¨ø#VÍøÃ÷ü®¬üÀîõÚ4úÚó\u000f[\u00189?§Éëu¸-\u0006Ý_'2À¤_\u0006\u0007_ñ\u0016uªxãËG\u0018¢s·È¯B\u000f?h\u0001ØÅ\u0001\u000fñ»ç>`\fâ7W~\u0002Ô}ÿ¦ü¸×ßÇ+û?+À¡@ù»\u000f\u0005hõ£u\u0000\u001eòÿè#ìW¦GéO\u0001A\u000eø\u0014ÀÄ×}Ü\u0017Ä\u001fÌÂ_Ø\u0000¢þùFé´¶XÁPð<æÞ$=q\u0018\u001e\n3i#\u0018\fÊ\u001bxåÏ_øâ?,köGú&\u001bÞ<(r\nE!:\u0019\f}ßØ`þ\u001a\f{ÆZ\u0019ß|\u001fXèm_\u0000P0tpcÞ|`\u0018¢Ó\u0002º\u0000\"\n=X^Æ>YëÔè\\nÆbvY4V³ÛªÁ+¬¼\u0016«ÉãÄÎD<óùÝùÏ~ùÁh4»\u0016tFäúh\rUþ'\u000382²¢¹bWæ`~GyRåÊ\b&\u0014<2ÝÈ4=Ë»oJ5\u001b\u001eä8Ro<}t%\u00189ái¦)ó¹×¯OJ¸p]A¾#ûy}\u0019n×Q«O´I£5iôF\u0005\tõ\u0015\u0006}\u0010X1iÙa³i^×c²hV£Nã0¸µ\u001a§ÓkÖY\u001cV«×ãPô~¾¤¥\u0001^¾Bøß£ñV«\u0001k¶¸½\u001a\u001bô©Æ¡\u0003\u0018§µ¸NåÏ¡ñåmàº¿\fÇ\u0000s%è=ï\u0004(ö\rGðï+ìÏÁ¬d\u0012(Ø\u0013TÂõ3ÌôK÷ê¸BvCVÈ P\u0006N÷Ícããþ¢-Pò7AßÙ¿\u0005ºMÿ9\u0018ö¶!e\u0004ÈèÀ®\u000e¹M2%\u0003ê\u001cÜÕÏ1Å/]íg¨¿aÇ-z5ôëqCÈÌ×qC\u0003)ÂâS°~\u0012î=`(\u0003fñ\u0007Ò\u001cºgäëþ4\u00004üo\u0002¾\u001b'ÎÈEÁ¼\u0017\u0010÷!\u0000EÌÙÊÃ\u0003«\u0011ë^!'â7»W\u0013KÕ\u0000\u001añé\u0007þÌKTOÓ\"\u0002¹U\u0000O{\u0013á{9MÙxF#x8ZD\u00022\u0012±©K\u0006\u0006[_?ëqÒ'Zä*\u001a\u0010ÏNzD å¥E@K\u00154j\u000f>\u0012Èù,ZzMu¼h\u000f+°Û¹y¯÷ÑÌ|ÞÑ¸\u001aü\u0011èoÜ\u0003P¢ïFàY»=ÞÒX¢/vOj®\u001c¤\t\u00044,b¹.ÄÐs\u0010+ÖG\"6[¢(ÚHã\u0001\b\u0002½ÀL*HÀCn»÷\u001cÇQ\u001bÐ Þ:Ë\u001dT\u000ehnÆó$Ðx\u0012@O:­0¿B48Gs\b>áßJÚ:_zÃÂ«\bÒ·¯Ð¼Å,÷¬ú\u001eóL>L\u0004NÓ`\u000fË\u0004þ7$cÆ=\u0000Mr\"]¼Ã¼\u0012xxp\u0019¼RÎ[2\u0010´Ð\\å¬EÁ\u0017\n°\u0006 \u0016MÔ{3Üýî£ÁÓ\\O­vçi\u0015¹ÑY3_aVzî:FïO¿|nàê2ÞÆÌ\u0000ÛÔ¥é\u00149¤YÄfÞHÐä8ï\u0002´l\u0003S¸q\u0002ÎX4X¶{\\@Ãù\u001d×èíAß%\u0004Ì]\b¨{|<\u0017}»ü¥Üv\u0004³Ú&umbï\u0011~\u000e={-ã'U°Ê\bý{\u0000\u0012­ò'n»\t¾\u0018E\u0010ªFÉZ§@ø<XÀ8ÏG÷\u0000\u0005õS£ñ!×ró>\u001eWI«ÓS[\u0004¢órZÌT©·I\u0004Ö<\\ÊõôÆ!\u0016Üã´ÎN\u001aãfÁBñ1è\u0012è \u001eÏQ-\u000fCð Ú×\b\bPÁì ¿r/\rýMÂOÝ\u0000qAY\u0007d«\u0019Â,ÀG+ø`\u0005,6Ã;\u0002\u00161#¢®çÉW1wÏ\u0007x¹\u0000,û1ÍBªu<ê½|ÑCãç\\4þJ\fa\u0000Î×\u001a\u0004ºñ\u0001@P¯?H\ba¶Ï¨\u0014Ò²¹\u001cKß¤öëIÔñú&o¿\u0000çU\u0015\u0000H\u0003ñÚ\u0004¬ÜåÏ®W\u0000\u0010F¢yAð£\u0001\u001c&è*àU\u000f\u0014Ár\u0004Ø>VxÆCÓ\\\u000f\u000ehzlÚ\u001f\u0005áD«4æ\u0015¯ÔÒ+ë\r\u001eµÛÓÒú#pÆ;\u0016H\u0011x¤ÀÈB +°I½¯x>á\u0002\u000f\u001a /-\u0012\u0017±(ssÝÎíw^&\u000b:æòJ\bÃÂ.ðo¯P\u001bÜ\nñ±?\u0007<\u0004\u0011AÃ\t+o)h!p·^\u0000MÓîëÄ|\bÑ\b aà]²\u00000\u0001@r+\u0012Jj¾ÍÀwâ\u0004Ñ³=äû\u0013i\u001b\u0012Ãyü¢Ð+\u0016æuÀ­ïÑO«û\u0019·ÜãµdZ.¢\u001dáfÞ9'b\u000bXb;ú^\u00163öR\u001b¬Am\u0006µzi]\u000f0OÁKkIÐÏ,ùÔp+}<p\rkiLÄmÐ\u00145\u001a\u001a®?Æ\rÂBhÜtü4Ô{\r0ÊÏQè\u0017óü\r¨võ²J\u0013\u0003p§óòé8@§5q>Ìæ=\rTÝ4u+O\u000f$q¦ÏÐê\u0015ZFïÛ<L£´FÀ cU#ÅK/l¯xÙ\u0006=Üï\u0007\u001b÷EZ{º¢ô×÷^¸ÅKK¨<\u0011ï´îåb¡<!¶\u0018´nO\u0003±ÞñÐ\u000bjËh|\"MÝ/1b\u0015\u000f,59k¯ñë$d¨\r¢_!v:éÁ\tÇë+G÷¸\u000f:{\u0016$ÛÒ¥//ì>Á\u0003´SÂÃáÔMkÅ@§ès\u0016¶öl°¯i%?\nQ\u0015lcIÆJÇO\u001a³ØÛ\u0019Ra0Ì{\b9Úàóüle_¨96H;Á§×òÒ ÝUE&×\u0001R¯?Sí\u0014öL\u0018\t\u0003Oÿæ\u0006~½\fÞÛ\u0016ì¢á}*ÏÃ\u0013ní\u0015\u0005'æ»ÌUáQ%4\u0011.¥í£Ð(:ý=`wun\u001añp\u0011Øê(þöQC.º¥âí:WÂÕ$®0BU;^Ö\t\u001cÜf÷\u001bió\u000eó\u0007@î¾\u0002î.,|À\u0001\u000b\t-·¹éCèt+\u001b-×Ì6A\u0014äX\u0004Ln´{>®CÕQ?¤¤êÒ¢9Êîç­\u0007d\u001e=ü\u0013¡¯õ\u001e`Åõ<\u0011yá)m%\u0018éwì^\u0017õ Vn<Á\u0013×¡­¦/há}ô£];Ä`\u001a¬QÇ]0}=\b½\nH²ë&µKöç¡M-Ôà\u0010\u000f¸ýóÅH®£N.\u0015´\u0015©\n\u0003u]æËbåÇn\u001eJê»Bã6)p\rR\u001a54ÊÕ÷\u0014E±ÊáYõÒ<C£\u0017ø#riki:\u0000SË\\\t>(§¡sYÔV\u0010[,]0\u000bÕ\u0019©·F\u001eJ\u00161Ð{ìð\u0002xï:EH¡@vF\\\u00070@ó%IXF+Xp ú¢ÊNÀþuÄ;ÓÜü\n³jiRA~ ÀBÍ2uàå·ÐL³x»ZæYlY0û2ÕDÍÏx¥,\u0003Þ\u0019LHã\rÐwêöÉxÞ\u0015*ÉËSG\u0014\u0003ÌWÝ^\u0018N* ®5Ki1(ª?ºÏgC\u000bôß\u0001Ò¿.\u001azÈóð\u0003-F»é*Ø\u0000»ï$`ÖípHæ£¤7ÐÌµgíþB\u0007ß¢Ñì\u001cMÔB6Ö!6]Ç_§Àõhàû>~Ã\u00137à¼×Ú½\u000e\u0005%?.X\u0005Nê\u000eà\u0016\b?Âí\"\u001bàjùdó©ÿq@,[üvç%\fÚ\u000bµ\u0001?ÕA5ö\u0003LZSóªD¦C÷\b\u000fö®ÃPo\u001eË'MC\u001b¬Õ?\u0015ÿ(O \u0014÷2Ì6ê3ñB\u001e\n\fÐ¿Û\u0018Æ¡ãì\"Ç,Þàª\u00040B\u0015}zN{à\u0006X\th÷\u0005ú|?G°ù\u0012m\u0015=QüÅäs¼U\u001f\u0005¾0Ô#×Kh)67<ö°Û<Á\u001dH7I\u0001û\bk0~\u001e\f¸Ä«_\u001e\tg\u0002\u0011\u0002\b\u0001Q\b\u0019_²éyú2ÚµÐfô½W P-ï&ð\u000bTç>&Rð'b!\rË\u0015i.7\u0002çiê7ð3Õ\u0019ð\u0015Â\u000bV&\\*®(:£Ì6?òð9ìFE:\u000b\u0007ØqÇÜ?E`¶w\u0005 rkÝ~*Sé·ÆÂËª¢w7\u001f#²¨æ7w\nhOèlÉCØmÅÚÜÌÐÅ¼mCò¡\t|_\u000f\u0010º\u000e|ÜA\u001bW0ßá#vûe{Ø1)+Ã4{WdïôôY2Ö@\u0014×{¨Ów\u0014Ãòv8\u0013á\u000e×±´Î§Û´ÂMw1¯Õ\"döðÙ(dY¥7\fâ\fô×,ÇSíXÈlÀ\u0004-$=å©£Ô\"ýÍräÌºÈw5AÃO¦¥miÔ}óàÅ\\¶\u0007M·àÐâa\u001d¤ö\u0003\u000fE>ä»¥°}o¯Rß)­Â®ÏA9\u001dLB[²ß\r^hÊ&@\u00038âgx PÐä!H%3ÈùªDR\u0001ãÈ`\f¯v\u001a«2ÅÞÏZÑöÃ\u0004»ÿ´ûUçGk\"\u000f½ $Ýe4ÚÃòh'\u0015ÅúS×mª¹@æ©\u000e;ÚpUzÚ&!NÖóGà\u0000¡]öõ\t¯?ë'xP¸\t&UwêlbD%7ñ¸Ø&G\u0014\tÖó\\\u0006®Cï\bMäÒmó`WË¡êßm6Ý>GÍ(\u0012ªÍ\u000bSÓF\u0015Zj\u0012~°Ö|ñ(\u0002\u0019ÈkE\u0019Íß¾Å\"àQú\u0015n;]\"\u0015ø,÷d@\u0019\u000f¶{\r\u0018f&OJgsjÑÕªÙj­\u0005\u0001¶4\t+ÈåM\u0016RÝmn|ÊM(\bÂx|§ZÉfÈ£Æò\bïÌQOI\raï{òd\u0006LÇ\u001fn^mZÐoR2\u0005yôöSb<ÏM¨¬=7\u000f>Rò¿\tÜ'\u001e\u000bÓªç\u0005ñ3ÀÃðÑ\u001a\u001cBX×\u0015n\u0018\twÝÀuªg\t¾\u001e6Ò,6§æ\u0001õçJ÷°\u0005ôiI!5\u001el- m·ög.!O½\u0001¡¨àÎ²[¢;\u00144\u0016Ã\u0001\\¹S&V â«\u0001hÜrÉI98¤ûÓ³i;Ýî¿,¶\nÙ?\u0012NC$²vÿ9Ð}É\u0000Õ¼£Øi¨%{ \u0005ìÔßÂ\u0017Â\u001c¸|YÔè¼^nÎrï[Ä*\u001biôë\b<½]ÚÔHëÖçMê8ZH\u001b|·ÈoRíA(¦m\u001d\u0002\n\u0001W=Ñ;càô­Á¹Û¯*¼O\u000bïYÎGS«©\u0012öJ%HÐ<º\u0018ãO\u0017iö\u0018Ø¬\u001fR'íï_\u000f\u0017cî\b(7)íÞÛ¸f\u0015âèAüÓZxnûÄ\u000bº\u0007ù k'È!Rÿ¶<gÆ3\u000fwøiÒË½¥P%bÂ¹ÐÔK<'Ó´zîñ^\u000f+M·\u0003NÑ\u001aÕjÂ1·ßKÉÌæñG§á\u000f­æ%R\u0007P\u0003HÊ±L'¢a<ì²\u0007²¸Òî½u\u0005ÁG\u001d­i©PÄé\u000eI»\u001a^vÐ\u0002<\u001b®ÈRÍ4@1\u001dY\u0004,³IÐA\u0011´).\u00130ßB\u0010\u001c¼\u0015|b·kîS×uîº!\u0002D­3/\u0011*%%®H8ÚZZ±ÞU@Rw<½>c÷¥Âm¢\u0018Ä(Jl0ëb\u001e'¨ï\u000bnÊ\u0014Õ%ÝÆ|ìÐ\u0002(8\u00135Ãå\u0016w\u0004 \u0005»S#¹\u0015;\u0013}!\u0015xÈ\u0007«ÞL<MÃ«f\u0007ÌÝö=Ï]\bÝ*}x\u0010\t÷LÕ\u0014\u00114\u001e}]2(îpÒÛÛ×#ió\u001aÕ¤>B\fÑ{\u0005úbæO/x)RÃÛ¨\"h×ñÔk^Mõ<$mÃÝüÈ­àgVóö£D^/S^EUÔb¤þ¦3Ja\u0016Y\u0011VãEQ¼¥s\u001dG2ÞK#¥®Z§Î£´û8é\bLÇ\u0016Ð*\u0016^¾Ù\to¥Bñ\u0007B\u0011õ×\u001a\u0003\u0016¿Áó¼¼n\u000fØàWÌm+áÔÈÒ\u00153 \u001f¡-k ·\u0004Á \u000fó¸'\u001eÚõ3wáÊµiQ\u0017aw\n§_\u0007\u0005W\u0007±P4D_öé\u0002ø\n`*¬\u000f.\u000bJÐØKoÓa)ÔÀL§õ]0\u001c5ÿ\u001d\u000eÃ;'\u000bTVïB4W¡ª!5Éb\u0017@Íßd\ff¦ªK4øº³Ã\u000bô4.\u0004ÚX$yg]¾)\u0011Æ/~¢ãT\tU©\u0004\u000fºæ\u001a/_ÍÝÿpWâLZ\u0014#\u00055°qÂ-lÀÔ\u001büØ\n»]ÊÛR\bqOà#¢\u0016Dë\tçºG©X®R\u0000êTÂå^!y\u000b,N¨d²\u001eU#på&vï]6W\u0006\u0011Ö]UL÷}@5#ðõýÐ\u001cÓB\u0010d¨\u000f°OÄ\u0015ÜaÚÆ ê=Õé@Ô\n\u0018½#Øò.p_°ßE±ÛÂyÂ:Û©÷8ú\u0015Uv\u000e¸\u000f\u001b@LP\u0003R\u0018~6áÍNP7\u0004\u0011\u0002Ôç&ZhÛ¬\u0000N á\u001e¬\u0000Ð´×/:µÙÜ³²Ì\u000bµ\u000b#\bßßn/ÊPv\f\t¼#ÆÏn\u001b8.foL¶{E\u0011 S\u0005¬L?EÈ\u0013¤ÎR{ ×=Ô\u0011äfi¼.\u001a\u0001rA\u001dÞBh[NÞæ¢(\u0018yúT\f©\u0010\u000b²AE«ü®³:ü¥îW!ä\u0007k\u001bD¥Ê4PâAhÜQlËjwµf¨¦ @v\\\u0005wÏQÜ/\u001a9\u0003O{$â¾%ÜîùV.<§;^`9\u0003Â³©> Ko$­¼\"bwÝý\u0012P£\u000e6¶ÆnA\u0006h:\u001a@\r)X® Úm*·´é\u0011¼ö\u0010[1®\u0014¿½\u0002Ø±êÌ¬Ôê\u0012ôáºcà!\u0003T:ê \u001e ¸ êÂdª½r\u000e\u0016mW\u0012\u001eÒÒ¹x\u001eEi\u001a/Å z¯\r\n·-\u0013tZ­lÀ>~¸í\u0005RYK5¯ñ[/|ó=,¾\u001d2Ù\u0002òvc\u0006 ú:\u0002rü\u000eq\u0000}tà\u001a\u0013V\"4©á¡T\u001e\fi²Í´3´\u001e%½¾ðz\u001eSM\u0012|Ûfª{\u0007\u001bB\u001d&ÏÝTGj\"àçÏÜ\\*äÌ\u0004jlÓ*\fâMê¾íÁ åpw\rÜY, éP\u0014D¤\u0013Êª\u000fÃWbð\u0019\u000bü8¸¯o º®ëÔí\u000b\u0000\u0017TÙ÷¹\u0012Ú\u001c¦\u0011ØÖ\u0015!\u001f@\u0000ïbë?*ð\u0002àFa\u0015uÉÜÅ6#RjKÑ¦}@_éà¼{\b\u0000|ål4¨·,uª\u0013ÃÖÃ¤ÿºÏÑ^xSg|*½RÏ\u0000H¦è-ï$¨n\u0011´ãöe\u000f}Ð©\u001fú^8-b\u0006E³]T*¹náÇ^>B+ \nÏn\u0017\nÏ×®iÁ¿ÚJ\u000b!Í\u0018{\n\n¹Ï\u0007T\u0013.ÈkÏ«hÈòJòQ\u0018çx\u0000Ã´öò\u000e|²ûÐÏi¡¡Ov\u0015þTªÛ\u000bqäéôK_\u0010¨nØN?ø¥\u001aF¬\u001a±Â¦Ýz]\bå©P3´RILh5Çõ/!!M7àà¨¨Î\u0015.m4l{>\u001cÖ5\u0014{Eãß^\u0005ÀD-ç\f¤\u0011pÞ.}~-\u0005OË}Bh-çM¥°`\u0006ÿÃ|ú\u0010-VîÑñè}=<!!Í\u001e®»(~&\u0010n¯\u0005ó\u001dwæÐì\tìÈ²M[\u0003o¦8.Ój\"\\­qá,\bók\u000eO4_ÊËÀò*\u0005¾§3Þ*¨ä§êbV(]\"7*\u001aöELÔ\t+íØ½Ï¸:ëd ¤\u001a<O3ÔxÃ!\u001cT#\u0003Û1Z,½ò\u0014<)©ë\u001a¯ZñB\u001bj'§'ADÇ6À«V=*X%\u001b´ë`éQài\u000fÓâ¥·\u001f\u0016Ó\u001bkäkÔ7\tPUÑï¯ÑÄ#D}#·2ØU\u001c\u0004×³ôö\fPÜ]sR'\u00128Ò\u001dt\u001c§¼\u001bó\"Z¨[¬\u0002v\nò\n©\u0007ÜZ £\u001d7Å@\u0003Wk»ê@©&ÓòR­»kðBµNÁ°\tmæ»ïÏÔ¡Á{õ@[\u0003Pÿ×¹'2¹¸Âi\u001c=>0¬å*·h¨â\"ZnÓ9;\u0011e´R%+ÐÝj\u001epû\t\"?/¯ª\u0015~\u0012Çw]8Kk\u0011`Ð\u000eèZZ\u0014FÑÍ\r\u0002ø\u0013@¥ç\r^é;\u001að\u001aLáþ\u0001'\u0005¾wþ¹óx17\b×ï\u0017¥~8Díß\\êw*´¿éL\r&ýóR\tå\u001c\u0005&Q¢\u000fül¥¯ðRÇJPQX^ÉË\u001f0ò/\nö\u000e3ò¿îÏÏÖdø\u001bÖò¦oF\b\u0006¾\u000e`CIÑ\u001bà\u0010üÞÏ_¢\fP©gù\u001d\u0003\u001dpú\bç°\u000eÃZÆ×üg7øæÏÏ8\u0015Ç\u000eÚ\u001cÓ_>K\u0007Ùþ\u0019#})¼\u001c®Ý\u001f`ÌC°Nû¿¾Bý/Vøãú¿ÐùúýP:.\u0001õ=¡ö%©õçudÿ%Xz?RÈPa.5új\f'y1)ô´£Ü ªµÚ²ÔIo\u0014Ñ\u001b\u001fÏÉ¢ú\u0007\bü¶¥O,'Ø\t×o\b\u0011H`ýâ§4Ô>!O®ë\u0001\u0006³{2t\u0004G¢Ñ­ðà{á6\u0003õM8\u001fA\u001bÆg\u0017\u0002ö@l\u001e¿sJ Åz @\u0012íÔ\u0011yZ3ðë\u001b¸Êkç.=ÌAIÂ]úüì+T¢µ$\u0000ã­×¨\u0011Îh2DðDÈg¸\u0010\u0016nóû\u001bð÷\u0010xÕÐü«|@tH-v£b\n'ÒÅY\u0014å´\f\u0012êH\u0003\u001d{lñ\u0004¯+ØA0üÔxl\u0001Êp2¿ a¨\u0010\u0004PI\u0001_}\u0002\u0001%O¤`92¥*jß,´ó«-\bÿwqT_dóæÙ8»3\u001c²\u0011ð´\u0005¡ÖÎc\u0019Ü:Pqð\u000bmn(ð\u001fOÝD£â¸\u000fF\u0019 \r \b\u0002?)gjR\u0004**\"#°!ªØ½@µ¯¨ú\u0002\u001céÑ«<z\u0016x\u001d\u0010-¼5}mÊáf±\u0005ØL\u001cC»Õ4ó»s'õ@®ò%9±\u000e0Ü\u001e\u000b,&\fpßëÛ\u0001jq>V\n\u0000ª´#¶Q* Foé\u000b©õæof¤vµyÀ³ßR-BM\u0004³»¢ïSóYÕa×aÅÃ'e¸,É¶ËuböÀñ\u0011Ã5!®¯AÅ[0vGÓû$À «´\u0016U%pÃ½g ÎgêHâA=HÞ¦B|ZçsðÈ\u000fé5ÙØ &lYWnzf<È4Ê=JY\f¶p#\u0001q\u0005b»yÞðóH6\u0000\u001c\u0019\u000f¶Àþ,2Ifx!ðX@jÖ\u0015Ô\u0012x£´¦T^>Ë\u001b\u0016\u0014¨\u001c\u0003¯ Kxõ8Í?FÀÞ\u0005èi\u0011ìpóò\u0003à>sx0\u000fx\u00025¢V;\u0000ts¯ºãZã\u0019\u0011·{ï?\"°âÎ1äÜiÒÍî1#\u001a\u001cá\u0018 Æï¨÷\u0002â<!N®»\u000f\u0003ÇSìvo\u0004 \u0005J\r\u0015»\u0000À{ÃÏ\njQ¶3\u0003t£2ácÅâE}3Ú´4NJ<*\u0005æð\u0016yEÀ)5¼\u0018ã@\"\u001d1å\u0002\"Þf7¾ä\u0002OeB0D}\tmç\u000b³\u0011£\u0018ÂnW\u0012øÛØ¸.d\u001cvìÁtä\u0001z >:!XCç à»¡\u001a³¡@S¿N'ò\"Ølª<~î\u0007./X«\rñüR\u0010ßð\u0013êÉ\u0016ä÷\u000e%«\u0001¥,óf\tp£O\u0018§Ò&ÆpD¬GèÚ1\u0010õ·Ô\"×i°ï\u001d/hÒOCñàÏM^\u0016Ù\r,ZÕ¢\u0004\u0011¤\b67ºò¢xG° 6\u001f¢d££\f\u0015>¾\u0000:üTP¾ëJÆ'nBµ\b©7\u0000ü,\u0010l\u0013/ð&i\f\u0000å\u0002¼Dvk\rp\\ÿË$¥<óhêA: á\u001eÒtb'O\u0001Dj\u0001³7Ê\b\u0007vg3\u0014üËÊ\u0012/wÄ¢ú!\u0001 \u001dÀ=ìùM®²\u0015ÒÁÔéãsÌ7¹\\Tö©·È¤\u001eÔò\u0006izÌ´\u0010Ç-®< GÓ·±ÒQ îäs)µdÛ<ÈuÝæö\u00179Ô\u001dËý7Ác Å\u0002\r\\º\u000bP¡\u000eÈåðEìÛF1x¡MMdíúoHT¾\u0011©þlò×\u001a2¹÷r\f7\u001bÕlÆ@ÇØé­àÿkü¡D¾\u0003GÐ¯i\rp+÷àó¢\"ª\u00119\"\u001b\u0014ñ^ä(`°pVWbK«¡(KÂ,\u0006Eú\u0019TÚÁÎü\u0006v`jòP¶êµR#vËëdS\u000fx\u0014R\u0002s²ÎFûDÖy&óGÁFåô4½÷k/½ÎÙZçÚxI9\u000f ¹\u001cÔ@ $`Ö\u0003¯íBÕ|À_^È=bCåPÇ|\"c\u0006vT\rÆ\u0019\u0002Æ#\u0002\b1@Qç)¤F±CóQy\u0001\bþ\u0007Y'k3QãÒ{ç=x,\u001e\u0000ôæ\u00130ÇÏ\u0000|Ýy2HP\u0004æG\u0013\\üæ\b\u0014sãe#ªBâÙ\u0003iú«§QwÍË¯¹ßvçTD[§\u000fÜáù\b¬8û}à½¦SÈ\\\u000ecU¢Æ×ö\u0007ÝG¡Û\u0017eZÊðPïJ\u0000ú½u#&Ú!¡Sçs¼¸B¯ü\u001b°»P\u0001\"Qk¡J£Ê\u0010Ð¨E%a\u001a/RodZÑ¹\u0007\u0011Ðú\u0000g\u0003H¸]´{oÀ*Î@~2<W2è¯\u000b\u0000t5-åÁ5h\\­\u0007GÃ\u0002\u0019ÔcãVSY\u0004ôýFL(!áÊl½ ád$øÊyå12Þp(:\f²¼Ñ£ç iÿ\u001ei~À±`\u0007QYk\u0003ûThõÃüõ+edq\u0000\u0019È¥J\u000fX\u0004Å½ÉJ\u0016U\u0001z\u000b¢îõ>MjyN\u0017\u0007·+ \u0007 Ö¯¡#ôF´5Â\u0007\u0011I*\u0003ÊYÅ¿¯N8D4wwNq½Z½¯äq08\u0011z·\u0001²)Ì\u0013\n¬.Rý%4Èl3|zôÄ\r®\fç)µÜ¿Åã§%b>¢Ô\u0010CÒæP\u00105\ríS\r» TBQ·\t\u001c¶E-è9¬+°1·b¡Ô7Bn\u0017êâ@ÕÑÄ`®È\u0013ÊB\räÔÎ\u0002ÉÅzõ5Á¿ÝáÏï¨)f|ZYa´Ìj)\u0007rìö\u00070\u000fï¡#*®áð5Ö<\u0005>¹tÑp<¼¸I¼4v\u0017Ur«Ôøä\\\fLØ@Â¸tµøXçq;^ÐÄYj~$ëðd)\u0006\u001a¿µ\u0007T\nËÆ}XÉ\u0010\u0017+r\u0001ðh*@ÆÍ#ðh\u001a¸>\u000byº¦£Å\u0002ÌG½¸X@OÝy\u000fá\u00114ëêYqyø\u001b).w»cpaÆ×ä4@Tð/pg\bi\u0003Ü¢\n^x¬äÕhÛM­Wa¹G5²Å\u0011*GhEï»0ôÓ\\UvîÊKæöÓ \u001a¤Tÿ\u0004%ÒQx$^Øwm\u0011höùib.(\u000e¯X¨<÷\u00195¹Ì\u0010þ,øs4|gO \u0001[.6EëÍÓÂ$Ø\u00038CÝ½ï¢FÔàF#?\u0010v\u0005$\u001f£\u000f.=TdU\u0007Æ¸Gw\u0007×\u001fÅ¼H£\u0007¡Ô?öD¡ÎsYM£«¸\u0002Öê¢·VÉ\u000e\\z¹ï\u0000\fR+;!b!\u000b\fÝ\u0018D\u001c%$§E\u0016\u0005Ö(Í¾zU!-¤§?!C*¿ùT\u0011Ê»\u00173x.ã$\u0017\u001fI;Üði÷©ÝI­÷\u000bhídÆ\u0005%)òø%/æbÄ\nZ;\u001eGC\u0006¨Ó7¼'´«`\u0015]!;d%\u0005V¾èEù`\u0016$fó§RyUl\u0000ªH%\u0019-¥´áÁ\u0002í¯óeA¦óéO`î·@ùl\u0001Ø\u00113Å½\u0006\u0004\rø\u0014é\u0018ø\r¬=Ôû½Í¦öë¼\u0001w§\u0011·ìóß½\bU&y(6E-ùÕ\t\u00020ÒÇñ0\u001dU,i4!*\u001a\u001cÙÈ­Ô^\u0011A!V[z\u001bÒ¨Z¼@®ò\r/\u0006yêtîhÅ\n\nm¨³<Æ]ãñç.`Zb¾fä8÷U\\\u000eø#g#*I¨íþ\u001d\u000fJI®\u000bµâ¢ÍHðÁT,BÉ\u0000\u0004\u0019\n{¦\u0004µ\u001d\u0006XùªHÅÕDfÙM\u0013z\r¸ª\u0012²ßÅ\u0015·p­HÌ:©ENªËh5á4½/õÅ\u000e¢ÞÙqÃÀÆ/g`ôö°T~ÙÀGäÚ[`ÙijG8\u000b/cø:lòºÈ=;¯«ÉÙp­+°\bS¾\fZ=!ýP\u001cXN\u001f²Û%nôZ;jÅzÑq®C\u0005\u000f½µáà\bÂ§Îß¨ç¨Ú=&^M@y\u0000\u001akå%¶º\u001bË\r(£\u0013>\u0007[Ý\u0004s³À3éXøl\f´\u0002J;úóígéÈóL<ë\u0011õ°ø\u0004Å^\u0016\u0003mR+qV5\u001fæôcõ¡û<\u0010\u0007CÔ©\u001c\n²©ÍÍERß%\bã&-åäHé\u000bUËU%eð\u000fæh7\rédHwÈK-\fÜv\u0003³\u0012î¼Ñ\u0007ÝµÐ{\u0004U3Ê1\u0013á~J7\u0003ÅÎ«´d¤Ê+ØéyØåOÜy\u001f³h©jEhÇ\u0003Hî¢T TE\bë\u0002bVAÇ\nWÌp´\u0015û~\u001aÖ\u0000tx\u0003iþdY\u000bõßõ(k¹:.pÁ\nFZ<¡1Ø\u001cöYV¦;ÓSàq\"1¼ví+ëíS2ÝèF½¬`X\u0010`!Y\b!nÆ\u0002®Ð\u0014ÁüÆAÑ¶¤G\u0017s¹\u0006Î÷Û«Ï£iõR1\u001a×CÝ\t[£Ù ÿ\u0012öz\u0001ÉÎwªT©²g! FÚ»S\u0006.¦¾k6hÔ¾kGY­ã7ö6\u0001Ê.p>R\u0014fC\nZÎ¥Nq\u000eEÐ\u0012Uþå`t+b\u0017Q°J¸@\bîÀXpf¼ODUC\u0002Dc\\q5Æühõ\u0011äx÷\u001a\u0016ò\u000e\u0015wohûåE¥Bø\b¤`N),V FÚ8¢Ü7\u0002j6ú\u000b\u0017ÜÎÈíôÎ.B8´A]¨Ûï,\b\u0001¥}Jr)¼\u0004¾Ç=\u0014\bL'Ü\u0012sÕ\u0015Æ^åòWW¸ò2\"¾\u0019®±Â\u0015Dp\u0017ë{¿N\u0013Â1U\f³0\u0007\u0001C$·!üh'\u001cû\u0016Äááá\u0019\bùg \u0006\u0019àë\u0007K©õyH\u0007\u001a!×#ª\u0012Ñ\u0001< êH(#Z£\u000ek\u0002o®ãÙK<q\u0002Û²\u0005uÚ\"¨wÞÍ-I×Ãù}4B¡8z½Þ\u0003ºòÑt\u0003±Ak6\u0003òôkXØ¯¨µ3:GF<×¿àÊ¨\b\\Jó¨û\buf¿\u0000È¼¢¢Û+Õ3ÎA×QÍ-¸Rôá\"Ä¥ï\t·FRÍÑ+z§RÚû'\u001f\no\u0001¬úù.ä£\u001fp\u0000\u0012ÕB\u001a\u001dZ¨\u0015\u0000\b¢ïAö\u001b\n>Ø¾\u0001\u0018Ì=j\u000f§7ÑÔt\u0002¢9-]\b7M]¸\u000b»ÌÎ{\u0018z\u0002þw¨DsQUL0òÍ\u0010ûi8Ï4 üP\u001b\u000e%¸+ä\u0019(õxúx3\u0002fx\u0003Yw\t¤áF°ßÀ\u001eÁeV(\t(otÑ!NéL\u0015¦Èû\\ó§\u001bÅâ4\u0013¸µL©\u0011+6ñ7\u001c`ÄQZ:Ï=â¨CÔðà(lºålÝXòûëû\u000b0A\u0016üØ~-=:\u0007«S é:·$\u0014(FEgWþ«Îðs\\m¡kyÃKA =®+9æ\f\"\u0005ßtÏî\u0015'^lÔã·\u0007\u0010ñ÷¨§Å´¦¨H¸Òp\u0011áÂz\u0011\b£¯×+üÎóOÑUÃ3ú\u0004\u0017¾s·\u001f®ÜR)\"\u0010~¼9\n*N ¾\u000f¼R8­¼»\fºS¸$.\bF[\u0014À9\ty:?@8!ð\u0001-\u0000\u000eÅé\u001aÂÏyú,ÑJ\f<.®ÖÒ%@l{Å\u0015E^Äª(Wj¥^p×\u000fþ\u0015÷\u0002Ìg\u0019já66qE)@R\u0005zD÷³7xÑ\fæûDóéN\\êúá\b½§¦T³,M¿û¬pp\u0001!ê¼,ÿ\u0016Ñ£HØÛ <ÆÀ\n\u0003\u000f®\b\u0000±2< 7('jñ\u0010\u0007á4æ\u0017\u0005ýÝ\u0006µ>\u0004UßäùyM?|~þ/¦»\rÊ=?\u0011Wqþ÷fC¶&ÃÙhã/®Oý¿\fïßòçgc:èJ\u0004lÎÏou8\\-ÁzÐu\u0005\u0018à°¹²\u0003³èýïÌÞ\u0019q\u000bÄaf¤\\}¼#¤âpíþæ\u0015\u000bþ­\u0017§x\u001cyû/+W®·Rn,ÏÈ+É\bâ³ÂC^Wn3=ùz]¹É\u001a«Ü(òO¸¡\\û7{ÿ\u0013o(·ÙôºXëær\u001dºì÷Ð7#\u001d\u000fÛsÐ\rå&\\=ôóXþùânÖýü\u000eöWxÈ[ÁpiÓ¾+÷u\u000bß76\u001c|¸Þ¢ßWâõ/TG\u000e\\Eé÷x\nãpKòí\tq\u0006­Ùft8=\u001aËiÃ=].\u0017®è2{5.\\Ï0Ûa\u0001~{h½¤Ü1ýU/ûE]kS.Êúgè(6V÷Ïþ\u0016\u0005\\ò\u000eÑ$\u0017¡°â¿ME)Cxÿ{\u0015¥°ÈUQ):P@[·þ§UU·¯\"õ_¨\u0002°w\u001aâ¢\u001eV¬­ÅÙçn\u0018ñ\u001d#J¬¨\u0004¥FV¹sî\u001f!ÖXÇÿX-±\u0016¹\bDäÿV±6£ðz\u001eFrSÿL¿ÿzÐ¥\u001b.¿+èPæ.Îåðk ¸ÏíÑP\u0010qu\u000fí [\u0015/à«ÄÀ¢Ä¾êÔ÷\t)\u000bùç\fnÝü\u000f}:ö\u0019ëÁß'd\u0002\u0003í\u0003Àþ2\u0013t\u0014æü1?1NÜ¹|h!ùÖ[ÔÛ¾\u0015àvå}Ö?SD\fÖÿU1\u0018B·*ÿ\u0011\tÁ÷Ü\u001d(!\u00068 ÿÛÎ¢\u0001Tûãñlèô2DýþË}\u0014Å#âY½ò==êûÈÓJ8ô]kqä\r­qy³h­|¥×\u0001­\rPkH÷·_IôÖzm¨µQñ>Õo;ÓFkÌíÛ{¸¡¯=Ä\rý¢µrìáÖ8\u0015v a±î¿Æ:8.s8øïf0Ó/²,ÿ¿ÐÁlýªä\u000eÖý_ðyHc6É/53ÊkÉ F\u0001=¢µEj\u001c£²Àt87¥~eY6\u000f¿RHó^P²:²½r¾Xý:6æ©9ÃØÂúÿï2ÿÃ_æoÆ(¤ÿ?ûx»ä[w\u0000\u0000"
    }
  },
  "response": {
    "status": 200,
    "statusText": "",
    "httpVersion": "h3",
    "headers": [
      {
        "name": "Content-Security-Policy",
        "value": ""
      },
      {
        "name": "access-control-allow-credentials",
        "value": "true"
      },
      {
        "name": "access-control-allow-origin",
        "value": "https://www.vectal.ai"
      },
      {
        "name": "access-control-expose-headers",
        "value": "X-Accel-Buffering, Content-Type"
      },
      {
        "name": "alt-svc",
        "value": "h3=\":443\"; ma=86400"
      },
      {
        "name": "cf-cache-status",
        "value": "DYNAMIC"
      },
      {
        "name": "cf-ray",
        "value": "9724821b894c739a-JNB"
      },
      {
        "name": "content-encoding",
        "value": "br"
      },
      {
        "name": "content-type",
        "value": "application/json"
      },
      {
        "name": "date",
        "value": "Wed, 20 Aug 2025 20:05:55 GMT"
      },
      {
        "name": "priority",
        "value": "u=1,i"
      },
      {
        "name": "rndr-id",
        "value": "b3addc94-565e-4e21"
      },
      {
        "name": "server",
        "value": "cloudflare"
      },
      {
        "name": "server-timing",
        "value": "cfExtPri"
      },
      {
        "name": "strict-transport-security",
        "value": "max-age=31536000; includeSubDomains"
      },
      {
        "name": "vary",
        "value": "origin, access-control-request-method, access-control-request-headers, Origin"
      },
      {
        "name": "vary",
        "value": "Accept-Encoding"
      },
      {
        "name": "x-envoy-upstream-service-time",
        "value": "541"
      },
      {
        "name": "x-render-origin-server",
        "value": "uvicorn"
      }
    ],
    "cookies": [],
    "content": {
      "size": 15,
      "mimeType": "application/json",
      "text": "{\"status\":\"Ok\"}"
    },
    "redirectURL": "",
    "headersSize": -1,
    "bodySize": -1,
    "_transferSize": 381,
    "_error": null
  },
  "serverIPAddress": "216.24.57.7",
  "startedDateTime": "2025-08-20T20:05:54.556Z",
  "time": 831.0910000000149,
  "timings": {
    "blocked": 2.3590000045341437,
    "dns": -1,
    "ssl": -1,
    "connect": -1,
    "send": 1.59,
    "wait": 823.2169999982282,
    "receive": 3.9249999972525984,
    "_blocked_queueing": 1.131000004534144
  }
}