{
  "_initiator": {
    "type": "script",
    "stack": {
      "callFrames": [
        {
          "functionName": "method",
          "scriptId": "126",
          "url": "https://www.vectal.ai/_next/static/chunks/9da6db1e-ad7decc175389864.js",
          "lineNumber": 0,
          "columnNumber": 80787
        },
        {
          "functionName": "",
          "scriptId": "126",
          "url": "https://www.vectal.ai/_next/static/chunks/9da6db1e-ad7decc175389864.js",
          "lineNumber": 0,
          "columnNumber": 148111
        },
        {
          "functionName": "Pe",
          "scriptId": "126",
          "url": "https://www.vectal.ai/_next/static/chunks/9da6db1e-ad7decc175389864.js",
          "lineNumber": 0,
          "columnNumber": 148117
        },
        {
          "functionName": "retriableRequest",
          "scriptId": "126",
          "url": "https://www.vectal.ai/_next/static/chunks/9da6db1e-ad7decc175389864.js",
          "lineNumber": 0,
          "columnNumber": 118977
        },
        {
          "functionName": "Rs",
          "scriptId": "126",
          "url": "https://www.vectal.ai/_next/static/chunks/9da6db1e-ad7decc175389864.js",
          "lineNumber": 0,
          "columnNumber": 148321
        },
        {
          "functionName": "",
          "scriptId": "126",
          "url": "https://www.vectal.ai/_next/static/chunks/9da6db1e-ad7decc175389864.js",
          "lineNumber": 0,
          "columnNumber": 141725
        },
        {
          "functionName": "",
          "scriptId": "126",
          "url": "https://www.vectal.ai/_next/static/chunks/9da6db1e-ad7decc175389864.js",
          "lineNumber": 0,
          "columnNumber": 118337
        },
        {
          "functionName": "",
          "scriptId": "126",
          "url": "https://www.vectal.ai/_next/static/chunks/9da6db1e-ad7decc175389864.js",
          "lineNumber": 0,
          "columnNumber": 118343
        }
      ],
      "parent": {
        "description": "setTimeout",
        "callFrames": [
          {
            "functionName": "Er",
            "scriptId": "126",
            "url": "https://www.vectal.ai/_next/static/chunks/9da6db1e-ad7decc175389864.js",
            "lineNumber": 0,
            "columnNumber": 118125
          },
          {
            "functionName": "enqueue",
            "scriptId": "126",
            "url": "https://www.vectal.ai/_next/static/chunks/9da6db1e-ad7decc175389864.js",
            "lineNumber": 0,
            "columnNumber": 117852
          },
          {
            "functionName": "capture",
            "scriptId": "126",
            "url": "https://www.vectal.ai/_next/static/chunks/9da6db1e-ad7decc175389864.js",
            "lineNumber": 0,
            "columnNumber": 151479
          },
          {
            "functionName": "se",
            "scriptId": "126",
            "url": "https://www.vectal.ai/_next/static/chunks/9da6db1e-ad7decc175389864.js",
            "lineNumber": 0,
            "columnNumber": 77615
          }
        ]
      }
    }
  },
  "_priority": "High",
  "_resourceType": "fetch",
  "cache": {},
  "request": {
    "method": "POST",
    "url": "https://vectal-api.onrender.com/_events/i/v0/e/?ip=0&_=1755720358489&ver=1.259.0&compression=gzip-js",
    "httpVersion": "h3",
    "headers": [
      {
        "name": ":authority",
        "value": "vectal-api.onrender.com"
      },
      {
        "name": ":method",
        "value": "POST"
      },
      {
        "name": ":path",
        "value": "/_events/i/v0/e/?ip=0&_=1755720358489&ver=1.259.0&compression=gzip-js"
      },
      {
        "name": ":scheme",
        "value": "https"
      },
      {
        "name": "accept",
        "value": "*/*"
      },
      {
        "name": "accept-encoding",
        "value": "gzip, deflate, br"
      },
      {
        "name": "accept-language",
        "value": "en-US"
      },
      {
        "name": "content-length",
        "value": "2555"
      },
      {
        "name": "content-type",
        "value": "text/plain"
      },
      {
        "name": "origin",
        "value": "https://www.vectal.ai"
      },
      {
        "name": "referer",
        "value": "https://www.vectal.ai/"
      },
      {
        "name": "sec-ch-ua",
        "value": "\"Not(A:Brand\";v=\"24\", \"Chromium\";v=\"122\""
      },
      {
        "name": "sec-ch-ua-mobile",
        "value": "?0"
      },
      {
        "name": "sec-ch-ua-platform",
        "value": "\"Windows\""
      },
      {
        "name": "sec-fetch-dest",
        "value": "empty"
      },
      {
        "name": "sec-fetch-mode",
        "value": "cors"
      },
      {
        "name": "sec-fetch-site",
        "value": "cross-site"
      },
      {
        "name": "user-agent",
        "value": "Mozilla/5.0 (Windows NT 10.0; Win64; x64) AppleWebKit/537.36 (KHTML, like Gecko) Noi/0.4.0 Chrome/122.0.6261.130 Electron/29.1.5 Safari/537.36"
      }
    ],
    "queryString": [
      {
        "name": "ip",
        "value": "0"
      },
      {
        "name": "_",
        "value": "1755720358489"
      },
      {
        "name": "ver",
        "value": "1.259.0"
      },
      {
        "name": "compression",
        "value": "gzip-js"
      }
    ],
    "cookies": [],
    "headersSize": -1,
    "bodySize": 3846,
    "postData": {
      "mimeType": "text/plain",
      "text": "\u001f\b\u0000\u0000\u0000\u0000\u0000\u0000\u0003íYënÛF\u0016~\u0015B\u0002\t¡x\u0011)QAdÛ ¦)v´\u0001â\u001aÄ\u001cJS\r/!ì\"ï¾ßáE¢dÅvvý±°â3snß¹P¼úkÒ42,'\u001d,âÀöÙB\u0004\u000b6w\u0017.[ø^Äæót¦Q,¼ÙäåDlE®ÁþìÙZpñ\u0012´²*JQi)êÉò¯É³\u0002ÉG'Å®Æ*îÃ­¨jYä Û\u0016¢\nk¢Âý\u000fëªÈ\u0004Ñ\u0012±±\bõM)@ÿQÔ\u001b]ÐéÏ´ÌÄm\u0013õuZÉO.Ö<ÏE\u001d5ÕjÌ\u0011\u0016iZ\u000b¨ÇlÇ\u0002=nª\nêM¥°y­uY/§ÓÝngnE¬¹2¹ÒþuQM'\u000bD/¹^ç\u001cê-'-_Åwa\u0003½C¾ê¼ð®¸Jñ©gZÆóÞdã×\u000fmÖ+\u0003\u0004öÊØû³\u0017Æë²Tâ£ÞJ=õÜ¹éúÆó·ÿøðî\u001baü$âMñÂøµSËá¸Î1SÛqLËô\u001dß6m×2Þ(èW\u0015ùÔ\tLÛô÷<åìO\u001cyöèq\u001c0\"+¯\u001ah\u000fÝEÎ~{?Þ2¬e%R¹oYh½+!òp-äj\r£áZòmOÝÉD¯'KÇvg n¥ØE¥Ì½\u0018Ó{vÛóI+%#r»H\fnÆ81\u001d/0[°È\u001cÚé°EéíÊ_Ô®ºñæµÒ\u001b¢#ç\u001e\u0011]Ï3g\u000bûå$µyÜïó|\u001e\u0004Ö,e©ðæl¶Ù»Å¢(õí9_,RÁ;YRK®ä-×Ð#ì8ã1kÁ\u001cë\u001d,=wé@ï¢\u001dq§rÕT\"\tkQöí®¢ÑaD°\u0017\u0016ý\u001cñ}H6ÏR\u0016yÜgÐÜfËcæÆN\u0010ó ^ø¾Ý\u001f^\u0017JªX*ù*\u00149T+¯ÃÂZ&PRW °ô:\u001c¹s¡wEµ\tK~£\n1/5Ô¥Tí?þSTiQe<[ê°\u0001f`ÿp2¢\u0014n%r\u0003FSB®T±FÐHPpäR_¾\\Ô'ãõ¦=x.rÄ<ßòúHRtT%JÅoÂgH¥°â\u001aÚögôKÐWfM\u0016&\rV[\u001c®\u0003³²Ôa\u0017²Ã\"otÑ{\"\u0004j.ø6äÜÅ÷Åà!ÇEìcQ¶\u0010\u001b$_<p\u0010\b\nñæ+\u0007F\u001ek¹\u0015!ÐÜ\u001e*¾Ð«\tr<ÉJä7ËÅQ\u0019«\u0019<1¤Ü5v÷Û¦\u000fs/'ñë®\u000e«ªhÚJ=\u0016;àz\u0002Eïd­\u0012\u001bQ÷¹iÍ½49\u0002QÜL\u0002ÆmO°d.x\u0010E\"¶â¶\u000e´÷²\u0019uL \u0003PyHàI\u001f©\u0004´¤È¸$cF«u²\t\u0013\u00115¤d\u000bJdF_ªäj\u0005\u00052®ãuÒS\u0014ÝÙ×vÊÃ¶ZÃ|j\u0003a@ÚEhXÿáN%ó\rÀÑzùQ'ôm<L¸æý_éKL\nh\töÜ}9¹,]\u001b%Vój%t^£\u0006\böý»\u0005ëäËËoÛ\u0015\brVlÅäË5@£\rZÐrR®ãP¿)?yoWÞ.ûÍûÝw?nøïïn>úI¿þñÍç·Ú§¹óË÷ÿzó³s,ËðMÊ\u001b¥Éø®{Ì¡1æPuF³\u00151;Nb6÷ã9f\u0004S\u0010ö¸A:_x]Úµ\u001dþÁ=îlæ'³yÜbp\u0010\u00040T\u0004¦K¼ÄóU|ð>4ÙrmÎ9åº3õ\u001c\nó\u0001H]¹\b@kQå\\QÂP|E-ß\fs-o©/¬à{ã\u0006=õ}>\u000b\u0016Á)óÀ\u0004e+@h.°\u0003ßòf>\"c\u001dÈZ\u0014¢Fô©MÓ\u0018\u00127µ.²rpÙàáÎm\f+fC§DTf\\dÓ.ÛÛq&Í;ç0\u0011¾\u000bp$)ã¾Í\u0001y\u001cøb&,+m\u0007\u001aü8B¦Ò¢ï$¬c\u0013b¼®a\u0012nS©t¥>¬Ï¤¦J\u0005¸P ÚÄA \u0000Y4\fÅ®eáöîÀ\u001fØ\u001eô\txÀ\u0016s2×\\î¤FóñÀ?jO3ÿÓÌÿ¿ùíÛ¸)´Õ¨øó¬Ù]ù}Ó^ À<ÍüO3ÿÓÌÿ4ó?Íü÷Ð«9Ô©ðQ\u0007!.%2\u001ajB½õX½]ª\u0001¾þÂöK®u\u0015èG­e\tæû? ²\u0011LºXñº\u0006­Û`\fûe3\n«9\u001aù@êÚ\b5j´¿\u0000©oî?\u0014ª¨N\u0017\u0019 W`\u00022óäÂê$í.-·-D\u000etj^/ö Ye83ü\u001b\u000e¼\u0007õöÊÉF\u001a6úYcçEµ¢mZS¸\r\u0016ê5\u0003T\u0002>»»-RF!è\b¯¢Fë\"7×xø©Zì5[Uü¡%³Í#Å\u0007EW<¯Ñµ\u001c\t\n_Ôã8(\u001e\trê\u000fª¨\u0015\tWçÑ89Í¸ Ó¸#Á\u0016Ã1½ÚÊ§¶ÁwmKäÖd\u0019óÍhÅvk©*±7ñ!CA@1Eÿ[¦7,B'Âaf\u0011Árß,Û\u000f\u001aÚÈiæìUoñ`\u0011\u001dh\u000f4Î\u000e4è@cPÀ u`\u0012þãdd\u0018'Ç?\"bd\u0015Î»úÓþ\\\u0011Z\u0017,é. »íÏug,ý!W\u0019ß³5»\n¬íúº½Ù±«¹e{Ü%K´3Z{íjwãw7{¸\"¢½ôÉvtP%\u0014ÚßV\u001c\u0004\u001bÌzÍ12µ2w,EÉ:óÙXùõØgt\u0016ô£!Æá¼Îsä´î`ãÄ\u000eT5ÆÊ\u001bgµü\u00133£Á\u0016£\rêà¸GFG\u001a@,âñ&ÁS\nTS±:£XE\nÄéÜêñ!S3ë2\u000eûÛ\u0012E\u0003WÖ=ß1\u001bÌ[æYg®\u001c¤\u001aý\u0004´Aq®Ig×E°ö·$Á¸ úq>X~3Î\u0004Â©7\u0007_]Pê!W<hÇ\u0001B+ý4qÖ-ÔLµZf¤\t®@ Õ'\t®\u001aO\fÎì2Ü»ý=.­\u0001¹'\u0018#L£Ø·G\u0019½ º GêÜ&íÐïõHåÖ\u0014\\Ïà5(×C\nÜoÂX\u0016©ÙÚrGÈ1Î¤<\u0002M4+µ\u0003\bÓÈ'£ ØÇØ´\u001fÀ°ÉW¶e%T±\u0006³ü¥\u0000\u0000è+FvEø\u001e\u0014/k\\×¶ÔÀrý}\u000bëe¦s¶ûãA\u0006EÐ¸c(|¨÷òuÅ¯X½]÷\bíJ]ÌUü\u001cÎ\u00003Ók\fSÏëÇ#ÍÙ\u0017×_ñ!Z\u0007I\u001d<í#JO\u0002büzPm¾×Ág\fß\u0018¿\u0007Gxîç8ç~¾.<]:\u001f1xÈ\u0003@\u001f9®QÞeÝ¥£\u000fLÇ0LG­zô¨D\u000fO\u001a\t$ªÃP<òT¶;ÝC_¿XÒzkÛ¢Ð×³aÃ#Ûe+«}ÒSeÄ+¶«xïöÌ5¯ÙÕUkÍ©¯¯\u0000`Ï=Ê\u001a^<ºÒ\u0011ß½ê\u0012xÜo\u0014\u0019Ân_\u001a®÷Ý+ãÊ$B%<×Ý]Ë\b_ª.ñ\u0005õÝ«GTù¨Hnú2ÿ~û\u0001oTø\u000eu¶\u001d\u0017¾>{õûÇx\u001dw¥cÎí\u001e\u0016FC>zHqÄ\u001bÏxO/Tþ^¨Ð#úc_¨8§Ì÷¼Oñ¬¹Mßê>½Oyð}ãZîë\u0003\f\u0015Å©B%\u0000\u0000"
    }
  },
  "response": {
    "status": 200,
    "statusText": "",
    "httpVersion": "h3",
    "headers": [
      {
        "name": "Content-Security-Policy",
        "value": ""
      },
      {
        "name": "access-control-allow-credentials",
        "value": "true"
      },
      {
        "name": "access-control-allow-origin",
        "value": "https://www.vectal.ai"
      },
      {
        "name": "access-control-expose-headers",
        "value": "X-Accel-Buffering, Content-Type"
      },
      {
        "name": "alt-svc",
        "value": "h3=\":443\"; ma=86400"
      },
      {
        "name": "cf-cache-status",
        "value": "DYNAMIC"
      },
      {
        "name": "cf-ray",
        "value": "97248234287e739a-JNB"
      },
      {
        "name": "content-encoding",
        "value": "br"
      },
      {
        "name": "content-type",
        "value": "application/json"
      },
      {
        "name": "date",
        "value": "Wed, 20 Aug 2025 20:05:59 GMT"
      },
      {
        "name": "priority",
        "value": "u=1,i"
      },
      {
        "name": "rndr-id",
        "value": "6c8a612e-2194-4038"
      },
      {
        "name": "server",
        "value": "cloudflare"
      },
      {
        "name": "server-timing",
        "value": "cfExtPri"
      },
      {
        "name": "strict-transport-security",
        "value": "max-age=31536000; includeSubDomains"
      },
      {
        "name": "vary",
        "value": "origin, access-control-request-method, access-control-request-headers, Origin"
      },
      {
        "name": "vary",
        "value": "Accept-Encoding"
      },
      {
        "name": "x-envoy-upstream-service-time",
        "value": "32"
      },
      {
        "name": "x-render-origin-server",
        "value": "uvicorn"
      }
    ],
    "cookies": [],
    "content": {
      "size": 15,
      "mimeType": "application/json",
      "text": "{\"status\":\"Ok\"}"
    },
    "redirectURL": "",
    "headersSize": -1,
    "bodySize": -1,
    "_transferSize": 380,
    "_error": null
  },
  "serverIPAddress": "216.24.57.7",
  "startedDateTime": "2025-08-20T20:05:58.492Z",
  "time": 321.8549999946845,
  "timings": {
    "blocked": 2.816000000356231,
    "dns": -1,
    "ssl": -1,
    "connect": -1,
    "send": 1.0739999999999998,
    "wait": 316.4769999999041,
    "receive": 1.4879999944241717,
    "_blocked_queueing": 1.5700000003562309
  }
}