{
  "_initiator": {
    "type": "script",
    "stack": {
      "callFrames": [
        {
          "functionName": "method",
          "scriptId": "126",
          "url": "https://www.vectal.ai/_next/static/chunks/9da6db1e-ad7decc175389864.js",
          "lineNumber": 0,
          "columnNumber": 80787
        },
        {
          "functionName": "",
          "scriptId": "126",
          "url": "https://www.vectal.ai/_next/static/chunks/9da6db1e-ad7decc175389864.js",
          "lineNumber": 0,
          "columnNumber": 148111
        },
        {
          "functionName": "Pe",
          "scriptId": "126",
          "url": "https://www.vectal.ai/_next/static/chunks/9da6db1e-ad7decc175389864.js",
          "lineNumber": 0,
          "columnNumber": 148117
        },
        {
          "functionName": "retriableRequest",
          "scriptId": "126",
          "url": "https://www.vectal.ai/_next/static/chunks/9da6db1e-ad7decc175389864.js",
          "lineNumber": 0,
          "columnNumber": 118977
        },
        {
          "functionName": "Rs",
          "scriptId": "126",
          "url": "https://www.vectal.ai/_next/static/chunks/9da6db1e-ad7decc175389864.js",
          "lineNumber": 0,
          "columnNumber": 148321
        },
        {
          "functionName": "",
          "scriptId": "126",
          "url": "https://www.vectal.ai/_next/static/chunks/9da6db1e-ad7decc175389864.js",
          "lineNumber": 0,
          "columnNumber": 141725
        },
        {
          "functionName": "",
          "scriptId": "126",
          "url": "https://www.vectal.ai/_next/static/chunks/9da6db1e-ad7decc175389864.js",
          "lineNumber": 0,
          "columnNumber": 118337
        },
        {
          "functionName": "",
          "scriptId": "126",
          "url": "https://www.vectal.ai/_next/static/chunks/9da6db1e-ad7decc175389864.js",
          "lineNumber": 0,
          "columnNumber": 118343
        }
      ],
      "parent": {
        "description": "setTimeout",
        "callFrames": [
          {
            "functionName": "Er",
            "scriptId": "126",
            "url": "https://www.vectal.ai/_next/static/chunks/9da6db1e-ad7decc175389864.js",
            "lineNumber": 0,
            "columnNumber": 118125
          },
          {
            "functionName": "enqueue",
            "scriptId": "126",
            "url": "https://www.vectal.ai/_next/static/chunks/9da6db1e-ad7decc175389864.js",
            "lineNumber": 0,
            "columnNumber": 117852
          },
          {
            "functionName": "capture",
            "scriptId": "126",
            "url": "https://www.vectal.ai/_next/static/chunks/9da6db1e-ad7decc175389864.js",
            "lineNumber": 0,
            "columnNumber": 151479
          },
          {
            "functionName": "k",
            "scriptId": "126",
            "url": "https://www.vectal.ai/_next/static/chunks/9da6db1e-ad7decc175389864.js",
            "lineNumber": 0,
            "columnNumber": 17669
          },
          {
            "functionName": "e",
            "scriptId": "126",
            "url": "https://www.vectal.ai/_next/static/chunks/9da6db1e-ad7decc175389864.js",
            "lineNumber": 0,
            "columnNumber": 11366
          }
        ]
      }
    }
  },
  "_priority": "High",
  "_resourceType": "fetch",
  "cache": {},
  "request": {
    "method": "POST",
    "url": "https://vectal-api.onrender.com/_events/i/v0/e/?ip=0&_=1755720361605&ver=1.259.0&compression=gzip-js",
    "httpVersion": "h3",
    "headers": [
      {
        "name": ":authority",
        "value": "vectal-api.onrender.com"
      },
      {
        "name": ":method",
        "value": "POST"
      },
      {
        "name": ":path",
        "value": "/_events/i/v0/e/?ip=0&_=1755720361605&ver=1.259.0&compression=gzip-js"
      },
      {
        "name": ":scheme",
        "value": "https"
      },
      {
        "name": "accept",
        "value": "*/*"
      },
      {
        "name": "accept-encoding",
        "value": "gzip, deflate, br"
      },
      {
        "name": "accept-language",
        "value": "en-US"
      },
      {
        "name": "content-length",
        "value": "2325"
      },
      {
        "name": "content-type",
        "value": "text/plain"
      },
      {
        "name": "origin",
        "value": "https://www.vectal.ai"
      },
      {
        "name": "referer",
        "value": "https://www.vectal.ai/"
      },
      {
        "name": "sec-ch-ua",
        "value": "\"Not(A:Brand\";v=\"24\", \"Chromium\";v=\"122\""
      },
      {
        "name": "sec-ch-ua-mobile",
        "value": "?0"
      },
      {
        "name": "sec-ch-ua-platform",
        "value": "\"Windows\""
      },
      {
        "name": "sec-fetch-dest",
        "value": "empty"
      },
      {
        "name": "sec-fetch-mode",
        "value": "cors"
      },
      {
        "name": "sec-fetch-site",
        "value": "cross-site"
      },
      {
        "name": "user-agent",
        "value": "Mozilla/5.0 (Windows NT 10.0; Win64; x64) AppleWebKit/537.36 (KHTML, like Gecko) Noi/0.4.0 Chrome/122.0.6261.130 Electron/29.1.5 Safari/537.36"
      }
    ],
    "queryString": [
      {
        "name": "ip",
        "value": "0"
      },
      {
        "name": "_",
        "value": "1755720361605"
      },
      {
        "name": "ver",
        "value": "1.259.0"
      },
      {
        "name": "compression",
        "value": "gzip-js"
      }
    ],
    "cookies": [],
    "headersSize": -1,
    "bodySize": 3495,
    "postData": {
      "mimeType": "text/plain",
      "text": "\u001f\b\u0000\u0000\u0000\u0000\u0000\u0000\u0003íY[oÛÈ\u0015þ+\u0014\t¡x\u0011©K°\u000fAn»Ùl[$»\u0001â\bÄp8\u0014\u0007â-äP³Èï7CR¢h9¶[´\u000f\u000bÛ\u000fÎûÛ\u001c_ý>i\u001a\u0011MV\u0013Ë^.ØÒöÉ²\u0005GÌ#a\u0014{$ÜùÎ\u0018sÃùäÅïx.þ6²`´MÅ\u0001.«¢ä\u0014¼¬~<)ðgòQäQ±¯qïÁWµ(rÀmKÂ\ng¼Â÷¿$U)&O\"¾\u0013\u0007òºä¿æõV\u0016¥:\"ã_\\A_Å`túSÐ<çuØT!FPÄqÍ¡!±\u001d\u000bpÖT\u00154\u000e*\u0005q\"eY¯¦Óý~oî845©*ú¤¨Yg\u0007\n^Rä\u0014ê­&\u001a¯¢û Þ\u0001Ý´xW|\u0015iJ§i\u0019Ï:_>\u0018¶eZ/\r\u0000üÙKãàÏ\u001b¯Ê2å\u001fyøVÈ©çÎM×7½ýÛw?¿0R±åÆmçÆ/Zæ\fìZÇLmÇ1-Ów|Û´]ËxB¿ªÈ§ÎÒ´MÏxOcZãÀ³'Á\u0000Ò|Ó@{èÎsòëû!I\u0016\u0015ÅA£¨óUçAÂÅ&Ñp­òm\u0007ÝH&c»3\u0000wïË¢'dË^\fá\u001dºíùJ«TÊí<Tbðe\u0018'¦ã-M\u001d,\"v2ÐºKÅ|Ng\u0015â1ñ¯·³þöÁrîysÇr½é[öI$j)rÖÑy>].­YLbîÍÉl1³\tu#aìÛsºXÄ¶²\u00144\u0015_©\u001eAËzâXG¬\u0005q¬\u000förå¹+Ç3g¾ÿIQ°\"Å\u0006\u0010\u00055¯öªhd!\u0011ì¥~Nñ}Ì7Ï\u000ec\u0012zÔ'ÐÜ&K2â2gÉè-|ßî×EÊ´Ø\u0004\u0015gE\u0015|\u0013ð©WÁaA-\"()««két8aç\\îj\u001bô:-h\u0014ôyTí>þWqQe4g\u001aÚ\u0013À\fÐ÷qKÁN 7`Ô\u0018\u0012Ð4-öÐ(ã\u0012\t\n¼IÓoß.êÑz«ù*\u0018æ;Z\u0000PJ±ªxÒë ¦\u0019R)¨¨¶\u001dî\bú¬É¨Á©£ósÄ¬(eÐ^ÙñpPÌ\u0002DÍ\u0005ßÆ°Q9w`ñ÷îà.Ç\u0000\u001f\u0018/uõ/2ì\u0005G\\]\\*Øö\u0016É=\"eRìxhÖLãn ôjÜV$%òä|OT\u0019«\t<Ñ§Ü\u001aÔ\u001dÙônìÕ%T¶u0ØTE£+õPl\u001foª'¨Û;;«ø×]nZs/f3G¥@\u0018!7£%¡¶ÇI4çt\u0019YL×\u0001]y\u001fÍ¨c\u001c\u001d@õ'@<É\u0013T\u0005ZTdT(c\u0006§u´\r\"\u001e6JI\u001d4\u0015Ï\n¾TÍ\u0006\ndT²DGéy\u0014Ý ÓÍòHVK¯\u001ac\u000fè#í¢L4¬ÿ2\u0015ù\u0016Á¡½|/\u000em×Õ!¦\u000b\u000f\u001ft\u0010ò\fxuk×\u001e«K\u0014é4$\"7ûC´ÌF\u001a|È\u0019\u0010Ì}\"$\u0007\tC8\u0015û+*e\u0015 ¤i]ÿð\u0019µÆ\rDã$ÃèØ\u001aCY'-§JJ¡\u001cìXZÔ<êjy*hF\u000fD÷ÁhÊÙõÔ kç/?Or\u0010Ül\u001a\u0001Õi¿\u00161Q\u0001Àü ñéïy\\Ñ\u001a\n3\u0015ÎÆ×|÷²þ<y\u00196R\u0016cO¤ü`nhI\u001c3)àÑU¸!Wrþª~×&lÍVp,¯Ì²\"\u0018\u001bÊ\u0003PËkæn\"­òG¦L®l·<¬ÛÏ)%Kó\u001aÝ\nPeÌ=\u0011#¿¶@Cia\f\u0019Z%C\t3Za\u0016ot\"Èö³\u0012iÜ4Á8×bt5CÂ\u000fwi$v¦®.fÅS0ÞñúÐè\u000fï¨8X\u0013ùc\"\u0000´\u001a¬©e\u0011´\"MCZ\u0011* ï\u0017îCã!\t±Lå\u0018\u0015\u001cH\"¢ç'È5Q}f${tjÜ 7.Õ\u0017Jl£\u0013{?³Ï\u0003ÓZå\u0012ÁÒ\u0006igþÃô¦IAç\u0017~=öß\u000ec ÁÈ6^{M.¥q;^®\u001cCÿ]©\u000b6ÿd¥2/¹.-p,þ^Î=ç®uÔÌÌ,WG~\u0019U(§«ï\\w¦qbø_X{¼Ó2TE\u0006É?Rä\\fçþRÚb\u0001Ê\u0007xäRj\\tÁ(\u0000FÈ\u000f¾qü}yß¹ñÙX\u001a\u0000Z.¶£~×fIW\u0000¸úç\b¨.´Á­\\¡\u0007E»d},oÃôºÒÍjÊ~å8hRë\r=Í(TN\\¡F¯Qÿá¨ë0K;çzTà÷ÐUt³\nÓmÇIÖÆwú»íÂøè¬=O{£Ý®ÿ=¬?tM[u©®UÕU£\bv\u001cfBkru¥\u001d\u001eÞ4?¨ç©\\¯U[ì°»«wÉe\r/²noñHÙ«~/ã\u0012Iú~Þq½§/\u0011\bL°8Â|{ó,+Bò\u0015\u0016\u0019ÖÓû\u0014Ø°®»x¥~×ý\u001d#üÒªÑ]öË~\u0018ÆÃ)æÍØîþpe4ÊG÷\u0018êô\u0004Y\u001b\bÚ[\u0006\u0011 ÉbeÈjR&,oÊOÞÛ·Ï~õ~óÝ[úÛ»ë/~¯^¿ù²ñ68w~~óþ_o~rN\u000b\u0002Lé1mR©Æðvà\u0011G¯/ú÷ï`\u0011g¡!°¹ÏædáGXÉÆ]Æó×.Köz×t';ùÑlÎôk¨\u0017\t°RÏKo£K8·¾ÎpïÚ±cß¶q;Çº±;®\bOöÁ{ñ)$Ô¤Ó4\b\u0018v\u0004)Ï7jù¤\u0016Uw\"×â+Äzîò\f¹_(öj\u0016\rsÏµ\u001dï\f¹G®Z©\u0005½ô-oæ«ØP\u0005e,^Ä\rïäª}ÚµÓ_@KÑ{¬wpë5\u0013³È¡\u0013*ºÉlÚ>;õÞU½ÞÕâm\u001c%Üw\u0011\u001bQL¨oSÄË-}>ã\u0015ë\rX\r|°\u0010±À\u0003±_i`ÅË`NBUÃ$|Q\u001fÇJWµÁó3\u0013R=\u0011-êtÞàKì\u0000úí¬kYÞ·\u00177ÏÔq ÙlO\u000b;\"þ<rÙEÞÌRïÿãòùIUBFÕÆáqóü¸yþ?mÄáñÔ®½ýÖMzsóìÃ}\u000bèò¸y~Ü<?n\u001f7ÏçïsèÚ¸^Ýªì¿¥K®ðoj´\u0004Û³±¾V\u001fPc1Rm¸\fÐ,ÔÒÅàÙ\u0012[\r\u0018 û\bðÿ(+\u0010\u0019\u0019^\u001dokDÚã#áóHÐÆý\u001e\tç¨·?\u0011n¤ëã\u0003á\u0007ÑñÛúß;cÿã\"\u0000\u0000"
    }
  },
  "response": {
    "status": 200,
    "statusText": "",
    "httpVersion": "h3",
    "headers": [
      {
        "name": "Content-Security-Policy",
        "value": ""
      },
      {
        "name": "access-control-allow-credentials",
        "value": "true"
      },
      {
        "name": "access-control-allow-origin",
        "value": "https://www.vectal.ai"
      },
      {
        "name": "access-control-expose-headers",
        "value": "X-Accel-Buffering, Content-Type"
      },
      {
        "name": "alt-svc",
        "value": "h3=\":443\"; ma=86400"
      },
      {
        "name": "cf-cache-status",
        "value": "DYNAMIC"
      },
      {
        "name": "cf-ray",
        "value": "972482479841739a-JNB"
      },
      {
        "name": "content-encoding",
        "value": "br"
      },
      {
        "name": "content-type",
        "value": "application/json"
      },
      {
        "name": "date",
        "value": "Wed, 20 Aug 2025 20:06:02 GMT"
      },
      {
        "name": "priority",
        "value": "u=1,i"
      },
      {
        "name": "rndr-id",
        "value": "a5e19327-9530-4ad0"
      },
      {
        "name": "server",
        "value": "cloudflare"
      },
      {
        "name": "server-timing",
        "value": "cfExtPri"
      },
      {
        "name": "strict-transport-security",
        "value": "max-age=31536000; includeSubDomains"
      },
      {
        "name": "vary",
        "value": "origin, access-control-request-method, access-control-request-headers, Origin"
      },
      {
        "name": "vary",
        "value": "Accept-Encoding"
      },
      {
        "name": "x-envoy-upstream-service-time",
        "value": "25"
      },
      {
        "name": "x-render-origin-server",
        "value": "uvicorn"
      }
    ],
    "cookies": [],
    "content": {
      "size": 15,
      "mimeType": "application/json",
      "text": "{\"status\":\"Ok\"}"
    },
    "redirectURL": "",
    "headersSize": -1,
    "bodySize": -1,
    "_transferSize": 382,
    "_error": null
  },
  "serverIPAddress": "216.24.57.7",
  "startedDateTime": "2025-08-20T20:06:01.609Z",
  "time": 313.13999999838416,
  "timings": {
    "blocked": 3.136999999668915,
    "dns": -1,
    "ssl": -1,
    "connect": -1,
    "send": 0.7969999999999999,
    "wait": 306.1860000022473,
    "receive": 3.019999996467959,
    "_blocked_queueing": 1.4819999996689148
  }
}