{
  "_initiator": {
    "type": "script",
    "stack": {
      "callFrames": [
        {
          "functionName": "method",
          "scriptId": "126",
          "url": "https://www.vectal.ai/_next/static/chunks/9da6db1e-ad7decc175389864.js",
          "lineNumber": 0,
          "columnNumber": 80787
        },
        {
          "functionName": "",
          "scriptId": "126",
          "url": "https://www.vectal.ai/_next/static/chunks/9da6db1e-ad7decc175389864.js",
          "lineNumber": 0,
          "columnNumber": 148111
        },
        {
          "functionName": "Pe",
          "scriptId": "126",
          "url": "https://www.vectal.ai/_next/static/chunks/9da6db1e-ad7decc175389864.js",
          "lineNumber": 0,
          "columnNumber": 148117
        },
        {
          "functionName": "retriableRequest",
          "scriptId": "126",
          "url": "https://www.vectal.ai/_next/static/chunks/9da6db1e-ad7decc175389864.js",
          "lineNumber": 0,
          "columnNumber": 118977
        },
        {
          "functionName": "Rs",
          "scriptId": "126",
          "url": "https://www.vectal.ai/_next/static/chunks/9da6db1e-ad7decc175389864.js",
          "lineNumber": 0,
          "columnNumber": 148321
        },
        {
          "functionName": "",
          "scriptId": "126",
          "url": "https://www.vectal.ai/_next/static/chunks/9da6db1e-ad7decc175389864.js",
          "lineNumber": 0,
          "columnNumber": 141725
        },
        {
          "functionName": "",
          "scriptId": "126",
          "url": "https://www.vectal.ai/_next/static/chunks/9da6db1e-ad7decc175389864.js",
          "lineNumber": 0,
          "columnNumber": 118337
        },
        {
          "functionName": "",
          "scriptId": "126",
          "url": "https://www.vectal.ai/_next/static/chunks/9da6db1e-ad7decc175389864.js",
          "lineNumber": 0,
          "columnNumber": 118343
        }
      ],
      "parent": {
        "description": "setTimeout",
        "callFrames": [
          {
            "functionName": "Er",
            "scriptId": "126",
            "url": "https://www.vectal.ai/_next/static/chunks/9da6db1e-ad7decc175389864.js",
            "lineNumber": 0,
            "columnNumber": 118125
          },
          {
            "functionName": "enqueue",
            "scriptId": "126",
            "url": "https://www.vectal.ai/_next/static/chunks/9da6db1e-ad7decc175389864.js",
            "lineNumber": 0,
            "columnNumber": 117852
          },
          {
            "functionName": "capture",
            "scriptId": "126",
            "url": "https://www.vectal.ai/_next/static/chunks/9da6db1e-ad7decc175389864.js",
            "lineNumber": 0,
            "columnNumber": 151479
          },
          {
            "functionName": "Bi",
            "scriptId": "126",
            "url": "https://www.vectal.ai/_next/static/chunks/9da6db1e-ad7decc175389864.js",
            "lineNumber": 0,
            "columnNumber": 65378
          },
          {
            "functionName": "",
            "scriptId": "126",
            "url": "https://www.vectal.ai/_next/static/chunks/9da6db1e-ad7decc175389864.js",
            "lineNumber": 0,
            "columnNumber": 64921
          },
          {
            "functionName": "ai",
            "scriptId": "126",
            "url": "https://www.vectal.ai/_next/static/chunks/9da6db1e-ad7decc175389864.js",
            "lineNumber": 0,
            "columnNumber": 64904
          },
          {
            "functionName": "",
            "scriptId": "126",
            "url": "https://www.vectal.ai/_next/static/chunks/9da6db1e-ad7decc175389864.js",
            "lineNumber": 0,
            "columnNumber": 65345
          }
        ],
        "parent": {
          "description": "setTimeout",
          "callFrames": [
            {
              "functionName": "Ui",
              "scriptId": "126",
              "url": "https://www.vectal.ai/_next/static/chunks/9da6db1e-ad7decc175389864.js",
              "lineNumber": 0,
              "columnNumber": 65324
            },
            {
              "functionName": "onRRwebEmit",
              "scriptId": "126",
              "url": "https://www.vectal.ai/_next/static/chunks/9da6db1e-ad7decc175389864.js",
              "lineNumber": 0,
              "columnNumber": 63832
            },
            {
              "functionName": "emit",
              "scriptId": "126",
              "url": "https://www.vectal.ai/_next/static/chunks/9da6db1e-ad7decc175389864.js",
              "lineNumber": 0,
              "columnNumber": 59214
            },
            {
              "functionName": "At",
              "scriptId": "159",
              "url": "https://vectal-api.onrender.com/_events/static/recorder.js?v=1.259.0",
              "lineNumber": 0,
              "columnNumber": 72562
            },
            {
              "functionName": "V",
              "scriptId": "159",
              "url": "https://vectal-api.onrender.com/_events/static/recorder.js?v=1.259.0",
              "lineNumber": 0,
              "columnNumber": 72905
            },
            {
              "functionName": "e.mutationCb",
              "scriptId": "159",
              "url": "https://vectal-api.onrender.com/_events/static/recorder.js?v=1.259.0",
              "lineNumber": 0,
              "columnNumber": 41169
            },
            {
              "functionName": "",
              "scriptId": "159",
              "url": "https://vectal-api.onrender.com/_events/static/recorder.js?v=1.259.0",
              "lineNumber": 0,
              "columnNumber": 32727
            },
            {
              "functionName": "",
              "scriptId": "159",
              "url": "https://vectal-api.onrender.com/_events/static/recorder.js?v=1.259.0",
              "lineNumber": 0,
              "columnNumber": 29757
            }
          ]
        }
      }
    }
  },
  "_priority": "High",
  "_resourceType": "fetch",
  "cache": {},
  "request": {
    "method": "POST",
    "url": "https://vectal-api.onrender.com/_events/i/v0/e/?ip=0&_=1755720365731&ver=1.259.0&compression=gzip-js",
    "httpVersion": "h3",
    "headers": [
      {
        "name": ":authority",
        "value": "vectal-api.onrender.com"
      },
      {
        "name": ":method",
        "value": "POST"
      },
      {
        "name": ":path",
        "value": "/_events/i/v0/e/?ip=0&_=1755720365731&ver=1.259.0&compression=gzip-js"
      },
      {
        "name": ":scheme",
        "value": "https"
      },
      {
        "name": "accept",
        "value": "*/*"
      },
      {
        "name": "accept-encoding",
        "value": "gzip, deflate, br"
      },
      {
        "name": "accept-language",
        "value": "en-US"
      },
      {
        "name": "content-length",
        "value": "1374"
      },
      {
        "name": "content-type",
        "value": "text/plain"
      },
      {
        "name": "origin",
        "value": "https://www.vectal.ai"
      },
      {
        "name": "referer",
        "value": "https://www.vectal.ai/"
      },
      {
        "name": "sec-ch-ua",
        "value": "\"Not(A:Brand\";v=\"24\", \"Chromium\";v=\"122\""
      },
      {
        "name": "sec-ch-ua-mobile",
        "value": "?0"
      },
      {
        "name": "sec-ch-ua-platform",
        "value": "\"Windows\""
      },
      {
        "name": "sec-fetch-dest",
        "value": "empty"
      },
      {
        "name": "sec-fetch-mode",
        "value": "cors"
      },
      {
        "name": "sec-fetch-site",
        "value": "cross-site"
      },
      {
        "name": "user-agent",
        "value": "Mozilla/5.0 (Windows NT 10.0; Win64; x64) AppleWebKit/537.36 (KHTML, like Gecko) Noi/0.4.0 Chrome/122.0.6261.130 Electron/29.1.5 Safari/537.36"
      }
    ],
    "queryString": [
      {
        "name": "ip",
        "value": "0"
      },
      {
        "name": "_",
        "value": "1755720365731"
      },
      {
        "name": "ver",
        "value": "1.259.0"
      },
      {
        "name": "compression",
        "value": "gzip-js"
      }
    ],
    "cookies": [],
    "headersSize": -1,
    "bodySize": 2075,
    "postData": {
      "mimeType": "text/plain",
      "text": "\u001f\b\u0000\u0000\u0000\u0000\u0000\u0000\u0003VÛnÛ8\u0010ý\u0015CÈÃ\u0016d])Ë}*¶A\u0017½a\u0017½\u0001-\n¢F2×\u0012©R¤È¿ïPb»u6ÝÍK¬áÌðÌðÌåËw§ïEá¬\u001d?ÈV<\u000b'\fÜ4ÏK7\u000f\u000bâF1d$áaFséÀ\u000e¤Aõ\r0Ó°\u0016e­V-h# sÖß\u000bÿOB\u0016jèð\u0014¿é\u000et'Dyà[Q®ñ\f4~ÿ¾Ñª\u0001++`'8PsÓ\u0002ÊC·5Êz¿0¢[%­ôY©\u0005gËjÃ¤.ïuu¬AUYvðÜ ôQÎ{­\u0011.íuÆ\u001bcÚn½\\\u000eÃàí\u001bV{L,­ýFu6¦\u0003+oÙHðÖÎ¨§Ù@{ÄMYµÏÂ\u001bu+ê-\u0013Ï_ü6¼xû~\u0011øÿt\u0002\u0012?]\\øÉâYÛÖð\tòWÂ,(õ\"²øíÕ\u001fïß¼¾\\Ôb\u000b\u0017À·êÉâ­\u0012KßÑÝ>1Ë \f=ß#!\t¼ ò\u0017W5âÓJ.ÃÌ\u000b¼dñLÉãQf\u000f\u0019G\u0007GâÉªGô\u001d¤ûáÝ±É|F[\r¥¸\u001eUìyÇ5¤\u001b\u0010Õ\u0006ÆÔÚÜNÒA\u0014fã¬Ã Q¸\u00130´J²\u001f¬åz\u0010ª\u0016¹M;äö\u001aü8æ\u0017&7EHDgèÈRÕ4íPvíõßD&4óë£Ë4IÒÐHâÅ«ôÒ)Dgä]BXùqé¤n¼\u0003Eï\"ÍI²Õª\u0004¶¿K\u0018ÁjqË\fâ {×Nèë¯ÜÐ\u001fdë$Zx\t!­\u0005W²\u0014U¯¡ \u001dt\u0016ýh¥zC\u001b,`åÛ¿\u0003¿ï-\tla\u0010.\"\u000fÜ,bÜxqñ\u0015!Áä¼S5ÐZUT\u0003Wº\u0010²¢ Y^÷iL\u0018íD îÁ>Ëá -Á\fJoiËnjÅ\nÊYk\u0010®-Õéç K¥\u001b&ù(\r0\f´=ã+ÑÀÚÀ ~PV×j@D\r\u0018,PÔ}]ßÝÅÓ°n;úµ:g58;Ö\u001d\u0004\bÊºÒÐÖìv¬ÁR¢\u0019D;ù\u0010¯hú\u0016=<:=GÎÖÐýÝ\u001f²Þ¨)\u0013\u0014Ys&·%Æh{\u0014ñ¿½ÁcA\u0015¸æÐ\u0014o>ëp¾¸\u0000ûpµàÛ\u0007n\u0015\u00197b\u0007\u0014Ù<:-kVá¥_\u001c¬mI·Åúv%\f®mcKî+ZOfËÇµ×\u000eß0³ï´Òª\u001f;õñµ3ßìL°¯wr¦á[\u000fÝT~<\u000em\tä\u0005Öf¹,HÀ-R`Y\u0003÷ùØ\u0007ÆÎûª\u0019û\u0018à\u0004°sæ¢\u0010È'sZ¢\u0015ªaÂ\u0006stÚ\u0015[Z@Þ[#i44Êà\\Ò¢ª\u0010@Ã\fß,=eÑOvã¤¼7ë\fo\u0007ã,vöN\u001cXÿÓ²\u0016rä\u0018³üK\u001e¦1N\u000bf­þ\u0007¦ä\u001a7\u0005\u001c\t\u0001!Î³blié\n\fÅY®f\nNó»Qø\\Ús÷\u0015ß¨-\u000eµÓn85WíçäU\fÍä#>mÙÇ77ß>¿0Ï_}«êºáë«w]½\f\u000f\r\u0016£,Y_\u001b\u001bÆ¾\u001d'n\u0018)úÇÑ\u0016ãçnÀ\u000bî¦§î\u0014+\u0017'C\u0018eeºJöÃf\u0018gõ£6Q\u001c\"NùÈ¦ù\"|Vmiq[çt\u001edÚîc;Ê©öC\u001bË©ÖOûË}½§Ä¾a¥\u0006´d5Íû\u0012ã 5Èjõ¿¢Ü[¼6NçlyhÔieit¢<+!VmW\t;àøILìNq\fÁ\u0006\u001d¥é^;oí>ÁûÎ¨²VÌ\u0019\u0013¼Ï'©\u0000íqÕ,÷e;î­¶ûÙÅåG\u0000\u001bEé2\u00120äKÊ3\u00021ø~9n\u0010\u001dê£\u000bQ\n[\u0015ÓHÀ\u0015c8\u0014÷ä\u000eCÂÏRÔa±ÚåÛ\bc[\u000e²Å¾ÓX7øNYE4o·aÜ}ý\u0007'¸æÒº\u000b\u0000\u0000"
    }
  },
  "response": {
    "status": 200,
    "statusText": "",
    "httpVersion": "h3",
    "headers": [
      {
        "name": "Content-Security-Policy",
        "value": ""
      },
      {
        "name": "access-control-allow-credentials",
        "value": "true"
      },
      {
        "name": "access-control-allow-origin",
        "value": "https://www.vectal.ai"
      },
      {
        "name": "access-control-expose-headers",
        "value": "X-Accel-Buffering, Content-Type"
      },
      {
        "name": "alt-svc",
        "value": "h3=\":443\"; ma=86400"
      },
      {
        "name": "cf-cache-status",
        "value": "DYNAMIC"
      },
      {
        "name": "cf-ray",
        "value": "972482616df4739a-JNB"
      },
      {
        "name": "content-encoding",
        "value": "br"
      },
      {
        "name": "content-type",
        "value": "application/json"
      },
      {
        "name": "date",
        "value": "Wed, 20 Aug 2025 20:06:06 GMT"
      },
      {
        "name": "priority",
        "value": "u=1,i"
      },
      {
        "name": "rndr-id",
        "value": "488f56ba-273a-45c3"
      },
      {
        "name": "server",
        "value": "cloudflare"
      },
      {
        "name": "server-timing",
        "value": "cfExtPri"
      },
      {
        "name": "strict-transport-security",
        "value": "max-age=31536000; includeSubDomains"
      },
      {
        "name": "vary",
        "value": "origin, access-control-request-method, access-control-request-headers, Origin"
      },
      {
        "name": "vary",
        "value": "Accept-Encoding"
      },
      {
        "name": "x-envoy-upstream-service-time",
        "value": "43"
      },
      {
        "name": "x-render-origin-server",
        "value": "uvicorn"
      }
    ],
    "cookies": [],
    "content": {
      "size": 15,
      "mimeType": "application/json",
      "text": "{\"status\":\"Ok\"}"
    },
    "redirectURL": "",
    "headersSize": -1,
    "bodySize": -1,
    "_transferSize": 380,
    "_error": null
  },
  "serverIPAddress": "216.24.57.7",
  "startedDateTime": "2025-08-20T20:06:05.734Z",
  "time": 319.472000002861,
  "timings": {
    "blocked": 3.557000002838671,
    "dns": -1,
    "ssl": -1,
    "connect": -1,
    "send": 0.522,
    "wait": 313.77499999796834,
    "receive": 1.618000002054032,
    "_blocked_queueing": 2.523000002838671
  }
}