{
  "_initiator": {
    "type": "script",
    "stack": {
      "callFrames": [
        {
          "functionName": "method",
          "scriptId": "126",
          "url": "https://www.vectal.ai/_next/static/chunks/9da6db1e-ad7decc175389864.js",
          "lineNumber": 0,
          "columnNumber": 80787
        },
        {
          "functionName": "",
          "scriptId": "126",
          "url": "https://www.vectal.ai/_next/static/chunks/9da6db1e-ad7decc175389864.js",
          "lineNumber": 0,
          "columnNumber": 148111
        },
        {
          "functionName": "Pe",
          "scriptId": "126",
          "url": "https://www.vectal.ai/_next/static/chunks/9da6db1e-ad7decc175389864.js",
          "lineNumber": 0,
          "columnNumber": 148117
        },
        {
          "functionName": "retriableRequest",
          "scriptId": "126",
          "url": "https://www.vectal.ai/_next/static/chunks/9da6db1e-ad7decc175389864.js",
          "lineNumber": 0,
          "columnNumber": 118977
        },
        {
          "functionName": "Rs",
          "scriptId": "126",
          "url": "https://www.vectal.ai/_next/static/chunks/9da6db1e-ad7decc175389864.js",
          "lineNumber": 0,
          "columnNumber": 148321
        },
        {
          "functionName": "",
          "scriptId": "126",
          "url": "https://www.vectal.ai/_next/static/chunks/9da6db1e-ad7decc175389864.js",
          "lineNumber": 0,
          "columnNumber": 141725
        },
        {
          "functionName": "",
          "scriptId": "126",
          "url": "https://www.vectal.ai/_next/static/chunks/9da6db1e-ad7decc175389864.js",
          "lineNumber": 0,
          "columnNumber": 118337
        },
        {
          "functionName": "",
          "scriptId": "126",
          "url": "https://www.vectal.ai/_next/static/chunks/9da6db1e-ad7decc175389864.js",
          "lineNumber": 0,
          "columnNumber": 118343
        }
      ],
      "parent": {
        "description": "setTimeout",
        "callFrames": [
          {
            "functionName": "Er",
            "scriptId": "126",
            "url": "https://www.vectal.ai/_next/static/chunks/9da6db1e-ad7decc175389864.js",
            "lineNumber": 0,
            "columnNumber": 118125
          },
          {
            "functionName": "enqueue",
            "scriptId": "126",
            "url": "https://www.vectal.ai/_next/static/chunks/9da6db1e-ad7decc175389864.js",
            "lineNumber": 0,
            "columnNumber": 117852
          },
          {
            "functionName": "capture",
            "scriptId": "126",
            "url": "https://www.vectal.ai/_next/static/chunks/9da6db1e-ad7decc175389864.js",
            "lineNumber": 0,
            "columnNumber": 151479
          },
          {
            "functionName": "Bi",
            "scriptId": "126",
            "url": "https://www.vectal.ai/_next/static/chunks/9da6db1e-ad7decc175389864.js",
            "lineNumber": 0,
            "columnNumber": 65378
          },
          {
            "functionName": "",
            "scriptId": "126",
            "url": "https://www.vectal.ai/_next/static/chunks/9da6db1e-ad7decc175389864.js",
            "lineNumber": 0,
            "columnNumber": 64921
          },
          {
            "functionName": "ai",
            "scriptId": "126",
            "url": "https://www.vectal.ai/_next/static/chunks/9da6db1e-ad7decc175389864.js",
            "lineNumber": 0,
            "columnNumber": 64904
          },
          {
            "functionName": "",
            "scriptId": "126",
            "url": "https://www.vectal.ai/_next/static/chunks/9da6db1e-ad7decc175389864.js",
            "lineNumber": 0,
            "columnNumber": 65345
          }
        ],
        "parent": {
          "description": "setTimeout",
          "callFrames": [
            {
              "functionName": "Ui",
              "scriptId": "126",
              "url": "https://www.vectal.ai/_next/static/chunks/9da6db1e-ad7decc175389864.js",
              "lineNumber": 0,
              "columnNumber": 65324
            },
            {
              "functionName": "onRRwebEmit",
              "scriptId": "126",
              "url": "https://www.vectal.ai/_next/static/chunks/9da6db1e-ad7decc175389864.js",
              "lineNumber": 0,
              "columnNumber": 63832
            },
            {
              "functionName": "emit",
              "scriptId": "126",
              "url": "https://www.vectal.ai/_next/static/chunks/9da6db1e-ad7decc175389864.js",
              "lineNumber": 0,
              "columnNumber": 59214
            },
            {
              "functionName": "At",
              "scriptId": "159",
              "url": "https://vectal-api.onrender.com/_events/static/recorder.js?v=1.259.0",
              "lineNumber": 0,
              "columnNumber": 72562
            },
            {
              "functionName": "V",
              "scriptId": "159",
              "url": "https://vectal-api.onrender.com/_events/static/recorder.js?v=1.259.0",
              "lineNumber": 0,
              "columnNumber": 72905
            },
            {
              "functionName": "e.mutationCb",
              "scriptId": "159",
              "url": "https://vectal-api.onrender.com/_events/static/recorder.js?v=1.259.0",
              "lineNumber": 0,
              "columnNumber": 41169
            },
            {
              "functionName": "",
              "scriptId": "159",
              "url": "https://vectal-api.onrender.com/_events/static/recorder.js?v=1.259.0",
              "lineNumber": 0,
              "columnNumber": 32727
            },
            {
              "functionName": "",
              "scriptId": "159",
              "url": "https://vectal-api.onrender.com/_events/static/recorder.js?v=1.259.0",
              "lineNumber": 0,
              "columnNumber": 29757
            }
          ],
          "parent": {
            "description": "characterData",
            "callFrames": [
              {
                "functionName": "uy",
                "scriptId": "118",
                "url": "https://www.vectal.ai/_next/static/chunks/4bd1b696-9911af18dede28aa.js",
                "lineNumber": 0,
                "columnNumber": 100661
              },
              {
                "functionName": "uh",
                "scriptId": "118",
                "url": "https://www.vectal.ai/_next/static/chunks/4bd1b696-9911af18dede28aa.js",
                "lineNumber": 0,
                "columnNumber": 98028
              },
              {
                "functionName": "uy",
                "scriptId": "118",
                "url": "https://www.vectal.ai/_next/static/chunks/4bd1b696-9911af18dede28aa.js",
                "lineNumber": 0,
                "columnNumber": 100324
              },
              {
                "functionName": "uh",
                "scriptId": "118",
                "url": "https://www.vectal.ai/_next/static/chunks/4bd1b696-9911af18dede28aa.js",
                "lineNumber": 0,
                "columnNumber": 98028
              },
              {
                "functionName": "uy",
                "scriptId": "118",
                "url": "https://www.vectal.ai/_next/static/chunks/4bd1b696-9911af18dede28aa.js",
                "lineNumber": 0,
                "columnNumber": 100324
              },
              {
                "functionName": "uh",
                "scriptId": "118",
                "url": "https://www.vectal.ai/_next/static/chunks/4bd1b696-9911af18dede28aa.js",
                "lineNumber": 0,
                "columnNumber": 98028
              },
              {
                "functionName": "uy",
                "scriptId": "118",
                "url": "https://www.vectal.ai/_next/static/chunks/4bd1b696-9911af18dede28aa.js",
                "lineNumber": 0,
                "columnNumber": 98150
              },
              {
                "functionName": "uh",
                "scriptId": "118",
                "url": "https://www.vectal.ai/_next/static/chunks/4bd1b696-9911af18dede28aa.js",
                "lineNumber": 0,
                "columnNumber": 98028
              },
              {
                "functionName": "uy",
                "scriptId": "118",
                "url": "https://www.vectal.ai/_next/static/chunks/4bd1b696-9911af18dede28aa.js",
                "lineNumber": 0,
                "columnNumber": 98150
              },
              {
                "functionName": "uh",
                "scriptId": "118",
                "url": "https://www.vectal.ai/_next/static/chunks/4bd1b696-9911af18dede28aa.js",
                "lineNumber": 0,
                "columnNumber": 98028
              },
              {
                "functionName": "uy",
                "scriptId": "118",
                "url": "https://www.vectal.ai/_next/static/chunks/4bd1b696-9911af18dede28aa.js",
                "lineNumber": 0,
                "columnNumber": 98150
              },
              {
                "functionName": "uh",
                "scriptId": "118",
                "url": "https://www.vectal.ai/_next/static/chunks/4bd1b696-9911af18dede28aa.js",
                "lineNumber": 0,
                "columnNumber": 98028
              },
              {
                "functionName": "uy",
                "scriptId": "118",
                "url": "https://www.vectal.ai/_next/static/chunks/4bd1b696-9911af18dede28aa.js",
                "lineNumber": 0,
                "columnNumber": 98150
              },
              {
                "functionName": "uh",
                "scriptId": "118",
                "url": "https://www.vectal.ai/_next/static/chunks/4bd1b696-9911af18dede28aa.js",
                "lineNumber": 0,
                "columnNumber": 98028
              },
              {
                "functionName": "uy",
                "scriptId": "118",
                "url": "https://www.vectal.ai/_next/static/chunks/4bd1b696-9911af18dede28aa.js",
                "lineNumber": 0,
                "columnNumber": 98150
              },
              {
                "functionName": "uh",
                "scriptId": "118",
                "url": "https://www.vectal.ai/_next/static/chunks/4bd1b696-9911af18dede28aa.js",
                "lineNumber": 0,
                "columnNumber": 98028
              },
              {
                "functionName": "uy",
                "scriptId": "118",
                "url": "https://www.vectal.ai/_next/static/chunks/4bd1b696-9911af18dede28aa.js",
                "lineNumber": 0,
                "columnNumber": 98150
              },
              {
                "functionName": "uh",
                "scriptId": "118",
                "url": "https://www.vectal.ai/_next/static/chunks/4bd1b696-9911af18dede28aa.js",
                "lineNumber": 0,
                "columnNumber": 98028
              },
              {
                "functionName": "uy",
                "scriptId": "118",
                "url": "https://www.vectal.ai/_next/static/chunks/4bd1b696-9911af18dede28aa.js",
                "lineNumber": 0,
                "columnNumber": 98150
              },
              {
                "functionName": "uh",
                "scriptId": "118",
                "url": "https://www.vectal.ai/_next/static/chunks/4bd1b696-9911af18dede28aa.js",
                "lineNumber": 0,
                "columnNumber": 98028
              },
              {
                "functionName": "uy",
                "scriptId": "118",
                "url": "https://www.vectal.ai/_next/static/chunks/4bd1b696-9911af18dede28aa.js",
                "lineNumber": 0,
                "columnNumber": 98150
              },
              {
                "functionName": "uh",
                "scriptId": "118",
                "url": "https://www.vectal.ai/_next/static/chunks/4bd1b696-9911af18dede28aa.js",
                "lineNumber": 0,
                "columnNumber": 98028
              },
              {
                "functionName": "uy",
                "scriptId": "118",
                "url": "https://www.vectal.ai/_next/static/chunks/4bd1b696-9911af18dede28aa.js",
                "lineNumber": 0,
                "columnNumber": 101097
              },
              {
                "functionName": "uh",
                "scriptId": "118",
                "url": "https://www.vectal.ai/_next/static/chunks/4bd1b696-9911af18dede28aa.js",
                "lineNumber": 0,
                "columnNumber": 98028
              },
              {
                "functionName": "uy",
                "scriptId": "118",
                "url": "https://www.vectal.ai/_next/static/chunks/4bd1b696-9911af18dede28aa.js",
                "lineNumber": 0,
                "columnNumber": 98150
              },
              {
                "functionName": "uh",
                "scriptId": "118",
                "url": "https://www.vectal.ai/_next/static/chunks/4bd1b696-9911af18dede28aa.js",
                "lineNumber": 0,
                "columnNumber": 98028
              },
              {
                "functionName": "uy",
                "scriptId": "118",
                "url": "https://www.vectal.ai/_next/static/chunks/4bd1b696-9911af18dede28aa.js",
                "lineNumber": 0,
                "columnNumber": 101097
              },
              {
                "functionName": "uh",
                "scriptId": "118",
                "url": "https://www.vectal.ai/_next/static/chunks/4bd1b696-9911af18dede28aa.js",
                "lineNumber": 0,
                "columnNumber": 98028
              },
              {
                "functionName": "uy",
                "scriptId": "118",
                "url": "https://www.vectal.ai/_next/static/chunks/4bd1b696-9911af18dede28aa.js",
                "lineNumber": 0,
                "columnNumber": 98150
              },
              {
                "functionName": "uh",
                "scriptId": "118",
                "url": "https://www.vectal.ai/_next/static/chunks/4bd1b696-9911af18dede28aa.js",
                "lineNumber": 0,
                "columnNumber": 98028
              },
              {
                "functionName": "uy",
                "scriptId": "118",
                "url": "https://www.vectal.ai/_next/static/chunks/4bd1b696-9911af18dede28aa.js",
                "lineNumber": 0,
                "columnNumber": 98150
              },
              {
                "functionName": "uh",
                "scriptId": "118",
                "url": "https://www.vectal.ai/_next/static/chunks/4bd1b696-9911af18dede28aa.js",
                "lineNumber": 0,
                "columnNumber": 98028
              },
              {
                "functionName": "uy",
                "scriptId": "118",
                "url": "https://www.vectal.ai/_next/static/chunks/4bd1b696-9911af18dede28aa.js",
                "lineNumber": 0,
                "columnNumber": 98150
              },
              {
                "functionName": "uh",
                "scriptId": "118",
                "url": "https://www.vectal.ai/_next/static/chunks/4bd1b696-9911af18dede28aa.js",
                "lineNumber": 0,
                "columnNumber": 98028
              },
              {
                "functionName": "uy",
                "scriptId": "118",
                "url": "https://www.vectal.ai/_next/static/chunks/4bd1b696-9911af18dede28aa.js",
                "lineNumber": 0,
                "columnNumber": 101097
              },
              {
                "functionName": "uh",
                "scriptId": "118",
                "url": "https://www.vectal.ai/_next/static/chunks/4bd1b696-9911af18dede28aa.js",
                "lineNumber": 0,
                "columnNumber": 98028
              },
              {
                "functionName": "uy",
                "scriptId": "118",
                "url": "https://www.vectal.ai/_next/static/chunks/4bd1b696-9911af18dede28aa.js",
                "lineNumber": 0,
                "columnNumber": 98150
              },
              {
                "functionName": "uh",
                "scriptId": "118",
                "url": "https://www.vectal.ai/_next/static/chunks/4bd1b696-9911af18dede28aa.js",
                "lineNumber": 0,
                "columnNumber": 98028
              },
              {
                "functionName": "uy",
                "scriptId": "118",
                "url": "https://www.vectal.ai/_next/static/chunks/4bd1b696-9911af18dede28aa.js",
                "lineNumber": 0,
                "columnNumber": 98150
              },
              {
                "functionName": "uh",
                "scriptId": "118",
                "url": "https://www.vectal.ai/_next/static/chunks/4bd1b696-9911af18dede28aa.js",
                "lineNumber": 0,
                "columnNumber": 98028
              },
              {
                "functionName": "uy",
                "scriptId": "118",
                "url": "https://www.vectal.ai/_next/static/chunks/4bd1b696-9911af18dede28aa.js",
                "lineNumber": 0,
                "columnNumber": 100324
              },
              {
                "functionName": "uh",
                "scriptId": "118",
                "url": "https://www.vectal.ai/_next/static/chunks/4bd1b696-9911af18dede28aa.js",
                "lineNumber": 0,
                "columnNumber": 98028
              },
              {
                "functionName": "uy",
                "scriptId": "118",
                "url": "https://www.vectal.ai/_next/static/chunks/4bd1b696-9911af18dede28aa.js",
                "lineNumber": 0,
                "columnNumber": 100324
              },
              {
                "functionName": "uh",
                "scriptId": "118",
                "url": "https://www.vectal.ai/_next/static/chunks/4bd1b696-9911af18dede28aa.js",
                "lineNumber": 0,
                "columnNumber": 98028
              },
              {
                "functionName": "uy",
                "scriptId": "118",
                "url": "https://www.vectal.ai/_next/static/chunks/4bd1b696-9911af18dede28aa.js",
                "lineNumber": 0,
                "columnNumber": 98150
              },
              {
                "functionName": "uh",
                "scriptId": "118",
                "url": "https://www.vectal.ai/_next/static/chunks/4bd1b696-9911af18dede28aa.js",
                "lineNumber": 0,
                "columnNumber": 98028
              },
              {
                "functionName": "uy",
                "scriptId": "118",
                "url": "https://www.vectal.ai/_next/static/chunks/4bd1b696-9911af18dede28aa.js",
                "lineNumber": 0,
                "columnNumber": 100324
              },
              {
                "functionName": "uh",
                "scriptId": "118",
                "url": "https://www.vectal.ai/_next/static/chunks/4bd1b696-9911af18dede28aa.js",
                "lineNumber": 0,
                "columnNumber": 98028
              },
              {
                "functionName": "uy",
                "scriptId": "118",
                "url": "https://www.vectal.ai/_next/static/chunks/4bd1b696-9911af18dede28aa.js",
                "lineNumber": 0,
                "columnNumber": 98150
              },
              {
                "functionName": "uh",
                "scriptId": "118",
                "url": "https://www.vectal.ai/_next/static/chunks/4bd1b696-9911af18dede28aa.js",
                "lineNumber": 0,
                "columnNumber": 98028
              },
              {
                "functionName": "uy",
                "scriptId": "118",
                "url": "https://www.vectal.ai/_next/static/chunks/4bd1b696-9911af18dede28aa.js",
                "lineNumber": 0,
                "columnNumber": 100324
              },
              {
                "functionName": "uh",
                "scriptId": "118",
                "url": "https://www.vectal.ai/_next/static/chunks/4bd1b696-9911af18dede28aa.js",
                "lineNumber": 0,
                "columnNumber": 98028
              },
              {
                "functionName": "uy",
                "scriptId": "118",
                "url": "https://www.vectal.ai/_next/static/chunks/4bd1b696-9911af18dede28aa.js",
                "lineNumber": 0,
                "columnNumber": 100324
              },
              {
                "functionName": "uh",
                "scriptId": "118",
                "url": "https://www.vectal.ai/_next/static/chunks/4bd1b696-9911af18dede28aa.js",
                "lineNumber": 0,
                "columnNumber": 98028
              },
              {
                "functionName": "uy",
                "scriptId": "118",
                "url": "https://www.vectal.ai/_next/static/chunks/4bd1b696-9911af18dede28aa.js",
                "lineNumber": 0,
                "columnNumber": 98150
              },
              {
                "functionName": "uh",
                "scriptId": "118",
                "url": "https://www.vectal.ai/_next/static/chunks/4bd1b696-9911af18dede28aa.js",
                "lineNumber": 0,
                "columnNumber": 98028
              },
              {
                "functionName": "uy",
                "scriptId": "118",
                "url": "https://www.vectal.ai/_next/static/chunks/4bd1b696-9911af18dede28aa.js",
                "lineNumber": 0,
                "columnNumber": 100324
              },
              {
                "functionName": "uh",
                "scriptId": "118",
                "url": "https://www.vectal.ai/_next/static/chunks/4bd1b696-9911af18dede28aa.js",
                "lineNumber": 0,
                "columnNumber": 98028
              },
              {
                "functionName": "uy",
                "scriptId": "118",
                "url": "https://www.vectal.ai/_next/static/chunks/4bd1b696-9911af18dede28aa.js",
                "lineNumber": 0,
                "columnNumber": 100324
              },
              {
                "functionName": "uh",
                "scriptId": "118",
                "url": "https://www.vectal.ai/_next/static/chunks/4bd1b696-9911af18dede28aa.js",
                "lineNumber": 0,
                "columnNumber": 98028
              },
              {
                "functionName": "uy",
                "scriptId": "118",
                "url": "https://www.vectal.ai/_next/static/chunks/4bd1b696-9911af18dede28aa.js",
                "lineNumber": 0,
                "columnNumber": 101097
              },
              {
                "functionName": "uh",
                "scriptId": "118",
                "url": "https://www.vectal.ai/_next/static/chunks/4bd1b696-9911af18dede28aa.js",
                "lineNumber": 0,
                "columnNumber": 98028
              },
              {
                "functionName": "uy",
                "scriptId": "118",
                "url": "https://www.vectal.ai/_next/static/chunks/4bd1b696-9911af18dede28aa.js",
                "lineNumber": 0,
                "columnNumber": 101097
              },
              {
                "functionName": "uh",
                "scriptId": "118",
                "url": "https://www.vectal.ai/_next/static/chunks/4bd1b696-9911af18dede28aa.js",
                "lineNumber": 0,
                "columnNumber": 98028
              },
              {
                "functionName": "uy",
                "scriptId": "118",
                "url": "https://www.vectal.ai/_next/static/chunks/4bd1b696-9911af18dede28aa.js",
                "lineNumber": 0,
                "columnNumber": 98150
              },
              {
                "functionName": "uh",
                "scriptId": "118",
                "url": "https://www.vectal.ai/_next/static/chunks/4bd1b696-9911af18dede28aa.js",
                "lineNumber": 0,
                "columnNumber": 98028
              },
              {
                "functionName": "uy",
                "scriptId": "118",
                "url": "https://www.vectal.ai/_next/static/chunks/4bd1b696-9911af18dede28aa.js",
                "lineNumber": 0,
                "columnNumber": 98226
              },
              {
                "functionName": "uh",
                "scriptId": "118",
                "url": "https://www.vectal.ai/_next/static/chunks/4bd1b696-9911af18dede28aa.js",
                "lineNumber": 0,
                "columnNumber": 98028
              },
              {
                "functionName": "uy",
                "scriptId": "118",
                "url": "https://www.vectal.ai/_next/static/chunks/4bd1b696-9911af18dede28aa.js",
                "lineNumber": 0,
                "columnNumber": 98150
              },
              {
                "functionName": "uh",
                "scriptId": "118",
                "url": "https://www.vectal.ai/_next/static/chunks/4bd1b696-9911af18dede28aa.js",
                "lineNumber": 0,
                "columnNumber": 98028
              },
              {
                "functionName": "uy",
                "scriptId": "118",
                "url": "https://www.vectal.ai/_next/static/chunks/4bd1b696-9911af18dede28aa.js",
                "lineNumber": 0,
                "columnNumber": 98226
              },
              {
                "functionName": "uh",
                "scriptId": "118",
                "url": "https://www.vectal.ai/_next/static/chunks/4bd1b696-9911af18dede28aa.js",
                "lineNumber": 0,
                "columnNumber": 98028
              },
              {
                "functionName": "uy",
                "scriptId": "118",
                "url": "https://www.vectal.ai/_next/static/chunks/4bd1b696-9911af18dede28aa.js",
                "lineNumber": 0,
                "columnNumber": 98150
              },
              {
                "functionName": "uh",
                "scriptId": "118",
                "url": "https://www.vectal.ai/_next/static/chunks/4bd1b696-9911af18dede28aa.js",
                "lineNumber": 0,
                "columnNumber": 98028
              },
              {
                "functionName": "uy",
                "scriptId": "118",
                "url": "https://www.vectal.ai/_next/static/chunks/4bd1b696-9911af18dede28aa.js",
                "lineNumber": 0,
                "columnNumber": 98150
              },
              {
                "functionName": "uh",
                "scriptId": "118",
                "url": "https://www.vectal.ai/_next/static/chunks/4bd1b696-9911af18dede28aa.js",
                "lineNumber": 0,
                "columnNumber": 98028
              },
              {
                "functionName": "uy",
                "scriptId": "118",
                "url": "https://www.vectal.ai/_next/static/chunks/4bd1b696-9911af18dede28aa.js",
                "lineNumber": 0,
                "columnNumber": 98150
              },
              {
                "functionName": "uh",
                "scriptId": "118",
                "url": "https://www.vectal.ai/_next/static/chunks/4bd1b696-9911af18dede28aa.js",
                "lineNumber": 0,
                "columnNumber": 98028
              },
              {
                "functionName": "uy",
                "scriptId": "118",
                "url": "https://www.vectal.ai/_next/static/chunks/4bd1b696-9911af18dede28aa.js",
                "lineNumber": 0,
                "columnNumber": 98226
              },
              {
                "functionName": "uh",
                "scriptId": "118",
                "url": "https://www.vectal.ai/_next/static/chunks/4bd1b696-9911af18dede28aa.js",
                "lineNumber": 0,
                "columnNumber": 98028
              },
              {
                "functionName": "uy",
                "scriptId": "118",
                "url": "https://www.vectal.ai/_next/static/chunks/4bd1b696-9911af18dede28aa.js",
                "lineNumber": 0,
                "columnNumber": 98150
              },
              {
                "functionName": "uh",
                "scriptId": "118",
                "url": "https://www.vectal.ai/_next/static/chunks/4bd1b696-9911af18dede28aa.js",
                "lineNumber": 0,
                "columnNumber": 98028
              },
              {
                "functionName": "uy",
                "scriptId": "118",
                "url": "https://www.vectal.ai/_next/static/chunks/4bd1b696-9911af18dede28aa.js",
                "lineNumber": 0,
                "columnNumber": 98150
              },
              {
                "functionName": "uh",
                "scriptId": "118",
                "url": "https://www.vectal.ai/_next/static/chunks/4bd1b696-9911af18dede28aa.js",
                "lineNumber": 0,
                "columnNumber": 98028
              },
              {
                "functionName": "uy",
                "scriptId": "118",
                "url": "https://www.vectal.ai/_next/static/chunks/4bd1b696-9911af18dede28aa.js",
                "lineNumber": 0,
                "columnNumber": 101097
              },
              {
                "functionName": "uh",
                "scriptId": "118",
                "url": "https://www.vectal.ai/_next/static/chunks/4bd1b696-9911af18dede28aa.js",
                "lineNumber": 0,
                "columnNumber": 98028
              },
              {
                "functionName": "uy",
                "scriptId": "118",
                "url": "https://www.vectal.ai/_next/static/chunks/4bd1b696-9911af18dede28aa.js",
                "lineNumber": 0,
                "columnNumber": 98150
              },
              {
                "functionName": "uh",
                "scriptId": "118",
                "url": "https://www.vectal.ai/_next/static/chunks/4bd1b696-9911af18dede28aa.js",
                "lineNumber": 0,
                "columnNumber": 98028
              },
              {
                "functionName": "uy",
                "scriptId": "118",
                "url": "https://www.vectal.ai/_next/static/chunks/4bd1b696-9911af18dede28aa.js",
                "lineNumber": 0,
                "columnNumber": 100324
              },
              {
                "functionName": "uh",
                "scriptId": "118",
                "url": "https://www.vectal.ai/_next/static/chunks/4bd1b696-9911af18dede28aa.js",
                "lineNumber": 0,
                "columnNumber": 98028
              },
              {
                "functionName": "uy",
                "scriptId": "118",
                "url": "https://www.vectal.ai/_next/static/chunks/4bd1b696-9911af18dede28aa.js",
                "lineNumber": 0,
                "columnNumber": 98150
              },
              {
                "functionName": "uh",
                "scriptId": "118",
                "url": "https://www.vectal.ai/_next/static/chunks/4bd1b696-9911af18dede28aa.js",
                "lineNumber": 0,
                "columnNumber": 98028
              },
              {
                "functionName": "uy",
                "scriptId": "118",
                "url": "https://www.vectal.ai/_next/static/chunks/4bd1b696-9911af18dede28aa.js",
                "lineNumber": 0,
                "columnNumber": 100324
              },
              {
                "functionName": "uh",
                "scriptId": "118",
                "url": "https://www.vectal.ai/_next/static/chunks/4bd1b696-9911af18dede28aa.js",
                "lineNumber": 0,
                "columnNumber": 98028
              },
              {
                "functionName": "uy",
                "scriptId": "118",
                "url": "https://www.vectal.ai/_next/static/chunks/4bd1b696-9911af18dede28aa.js",
                "lineNumber": 0,
                "columnNumber": 100324
              },
              {
                "functionName": "uh",
                "scriptId": "118",
                "url": "https://www.vectal.ai/_next/static/chunks/4bd1b696-9911af18dede28aa.js",
                "lineNumber": 0,
                "columnNumber": 98028
              },
              {
                "functionName": "uy",
                "scriptId": "118",
                "url": "https://www.vectal.ai/_next/static/chunks/4bd1b696-9911af18dede28aa.js",
                "lineNumber": 0,
                "columnNumber": 98150
              },
              {
                "functionName": "uh",
                "scriptId": "118",
                "url": "https://www.vectal.ai/_next/static/chunks/4bd1b696-9911af18dede28aa.js",
                "lineNumber": 0,
                "columnNumber": 98028
              },
              {
                "functionName": "uy",
                "scriptId": "118",
                "url": "https://www.vectal.ai/_next/static/chunks/4bd1b696-9911af18dede28aa.js",
                "lineNumber": 0,
                "columnNumber": 100324
              },
              {
                "functionName": "uh",
                "scriptId": "118",
                "url": "https://www.vectal.ai/_next/static/chunks/4bd1b696-9911af18dede28aa.js",
                "lineNumber": 0,
                "columnNumber": 98028
              },
              {
                "functionName": "uy",
                "scriptId": "118",
                "url": "https://www.vectal.ai/_next/static/chunks/4bd1b696-9911af18dede28aa.js",
                "lineNumber": 0,
                "columnNumber": 101097
              },
              {
                "functionName": "uh",
                "scriptId": "118",
                "url": "https://www.vectal.ai/_next/static/chunks/4bd1b696-9911af18dede28aa.js",
                "lineNumber": 0,
                "columnNumber": 98028
              },
              {
                "functionName": "uy",
                "scriptId": "118",
                "url": "https://www.vectal.ai/_next/static/chunks/4bd1b696-9911af18dede28aa.js",
                "lineNumber": 0,
                "columnNumber": 98150
              },
              {
                "functionName": "uh",
                "scriptId": "118",
                "url": "https://www.vectal.ai/_next/static/chunks/4bd1b696-9911af18dede28aa.js",
                "lineNumber": 0,
                "columnNumber": 98028
              },
              {
                "functionName": "uy",
                "scriptId": "118",
                "url": "https://www.vectal.ai/_next/static/chunks/4bd1b696-9911af18dede28aa.js",
                "lineNumber": 0,
                "columnNumber": 98150
              },
              {
                "functionName": "uh",
                "scriptId": "118",
                "url": "https://www.vectal.ai/_next/static/chunks/4bd1b696-9911af18dede28aa.js",
                "lineNumber": 0,
                "columnNumber": 98028
              },
              {
                "functionName": "uy",
                "scriptId": "118",
                "url": "https://www.vectal.ai/_next/static/chunks/4bd1b696-9911af18dede28aa.js",
                "lineNumber": 0,
                "columnNumber": 101097
              },
              {
                "functionName": "uh",
                "scriptId": "118",
                "url": "https://www.vectal.ai/_next/static/chunks/4bd1b696-9911af18dede28aa.js",
                "lineNumber": 0,
                "columnNumber": 98028
              },
              {
                "functionName": "uy",
                "scriptId": "118",
                "url": "https://www.vectal.ai/_next/static/chunks/4bd1b696-9911af18dede28aa.js",
                "lineNumber": 0,
                "columnNumber": 98150
              },
              {
                "functionName": "uh",
                "scriptId": "118",
                "url": "https://www.vectal.ai/_next/static/chunks/4bd1b696-9911af18dede28aa.js",
                "lineNumber": 0,
                "columnNumber": 98028
              },
              {
                "functionName": "uy",
                "scriptId": "118",
                "url": "https://www.vectal.ai/_next/static/chunks/4bd1b696-9911af18dede28aa.js",
                "lineNumber": 0,
                "columnNumber": 98150
              },
              {
                "functionName": "uh",
                "scriptId": "118",
                "url": "https://www.vectal.ai/_next/static/chunks/4bd1b696-9911af18dede28aa.js",
                "lineNumber": 0,
                "columnNumber": 98028
              },
              {
                "functionName": "uy",
                "scriptId": "118",
                "url": "https://www.vectal.ai/_next/static/chunks/4bd1b696-9911af18dede28aa.js",
                "lineNumber": 0,
                "columnNumber": 101097
              },
              {
                "functionName": "uh",
                "scriptId": "118",
                "url": "https://www.vectal.ai/_next/static/chunks/4bd1b696-9911af18dede28aa.js",
                "lineNumber": 0,
                "columnNumber": 98028
              },
              {
                "functionName": "uy",
                "scriptId": "118",
                "url": "https://www.vectal.ai/_next/static/chunks/4bd1b696-9911af18dede28aa.js",
                "lineNumber": 0,
                "columnNumber": 98150
              },
              {
                "functionName": "uh",
                "scriptId": "118",
                "url": "https://www.vectal.ai/_next/static/chunks/4bd1b696-9911af18dede28aa.js",
                "lineNumber": 0,
                "columnNumber": 98028
              },
              {
                "functionName": "uy",
                "scriptId": "118",
                "url": "https://www.vectal.ai/_next/static/chunks/4bd1b696-9911af18dede28aa.js",
                "lineNumber": 0,
                "columnNumber": 101097
              },
              {
                "functionName": "uh",
                "scriptId": "118",
                "url": "https://www.vectal.ai/_next/static/chunks/4bd1b696-9911af18dede28aa.js",
                "lineNumber": 0,
                "columnNumber": 98028
              },
              {
                "functionName": "uy",
                "scriptId": "118",
                "url": "https://www.vectal.ai/_next/static/chunks/4bd1b696-9911af18dede28aa.js",
                "lineNumber": 0,
                "columnNumber": 98150
              },
              {
                "functionName": "uh",
                "scriptId": "118",
                "url": "https://www.vectal.ai/_next/static/chunks/4bd1b696-9911af18dede28aa.js",
                "lineNumber": 0,
                "columnNumber": 98028
              },
              {
                "functionName": "uy",
                "scriptId": "118",
                "url": "https://www.vectal.ai/_next/static/chunks/4bd1b696-9911af18dede28aa.js",
                "lineNumber": 0,
                "columnNumber": 101097
              },
              {
                "functionName": "uh",
                "scriptId": "118",
                "url": "https://www.vectal.ai/_next/static/chunks/4bd1b696-9911af18dede28aa.js",
                "lineNumber": 0,
                "columnNumber": 98028
              },
              {
                "functionName": "uy",
                "scriptId": "118",
                "url": "https://www.vectal.ai/_next/static/chunks/4bd1b696-9911af18dede28aa.js",
                "lineNumber": 0,
                "columnNumber": 98150
              },
              {
                "functionName": "uh",
                "scriptId": "118",
                "url": "https://www.vectal.ai/_next/static/chunks/4bd1b696-9911af18dede28aa.js",
                "lineNumber": 0,
                "columnNumber": 98028
              },
              {
                "functionName": "uy",
                "scriptId": "118",
                "url": "https://www.vectal.ai/_next/static/chunks/4bd1b696-9911af18dede28aa.js",
                "lineNumber": 0,
                "columnNumber": 101097
              },
              {
                "functionName": "uh",
                "scriptId": "118",
                "url": "https://www.vectal.ai/_next/static/chunks/4bd1b696-9911af18dede28aa.js",
                "lineNumber": 0,
                "columnNumber": 98028
              },
              {
                "functionName": "uy",
                "scriptId": "118",
                "url": "https://www.vectal.ai/_next/static/chunks/4bd1b696-9911af18dede28aa.js",
                "lineNumber": 0,
                "columnNumber": 98150
              },
              {
                "functionName": "uh",
                "scriptId": "118",
                "url": "https://www.vectal.ai/_next/static/chunks/4bd1b696-9911af18dede28aa.js",
                "lineNumber": 0,
                "columnNumber": 98028
              },
              {
                "functionName": "uy",
                "scriptId": "118",
                "url": "https://www.vectal.ai/_next/static/chunks/4bd1b696-9911af18dede28aa.js",
                "lineNumber": 0,
                "columnNumber": 101097
              },
              {
                "functionName": "uh",
                "scriptId": "118",
                "url": "https://www.vectal.ai/_next/static/chunks/4bd1b696-9911af18dede28aa.js",
                "lineNumber": 0,
                "columnNumber": 98028
              },
              {
                "functionName": "uy",
                "scriptId": "118",
                "url": "https://www.vectal.ai/_next/static/chunks/4bd1b696-9911af18dede28aa.js",
                "lineNumber": 0,
                "columnNumber": 98150
              },
              {
                "functionName": "uh",
                "scriptId": "118",
                "url": "https://www.vectal.ai/_next/static/chunks/4bd1b696-9911af18dede28aa.js",
                "lineNumber": 0,
                "columnNumber": 98028
              },
              {
                "functionName": "uy",
                "scriptId": "118",
                "url": "https://www.vectal.ai/_next/static/chunks/4bd1b696-9911af18dede28aa.js",
                "lineNumber": 0,
                "columnNumber": 98150
              },
              {
                "functionName": "uh",
                "scriptId": "118",
                "url": "https://www.vectal.ai/_next/static/chunks/4bd1b696-9911af18dede28aa.js",
                "lineNumber": 0,
                "columnNumber": 98028
              },
              {
                "functionName": "uy",
                "scriptId": "118",
                "url": "https://www.vectal.ai/_next/static/chunks/4bd1b696-9911af18dede28aa.js",
                "lineNumber": 0,
                "columnNumber": 100203
              },
              {
                "functionName": "uh",
                "scriptId": "118",
                "url": "https://www.vectal.ai/_next/static/chunks/4bd1b696-9911af18dede28aa.js",
                "lineNumber": 0,
                "columnNumber": 98028
              },
              {
                "functionName": "uy",
                "scriptId": "118",
                "url": "https://www.vectal.ai/_next/static/chunks/4bd1b696-9911af18dede28aa.js",
                "lineNumber": 0,
                "columnNumber": 100203
              },
              {
                "functionName": "uh",
                "scriptId": "118",
                "url": "https://www.vectal.ai/_next/static/chunks/4bd1b696-9911af18dede28aa.js",
                "lineNumber": 0,
                "columnNumber": 98028
              },
              {
                "functionName": "uy",
                "scriptId": "118",
                "url": "https://www.vectal.ai/_next/static/chunks/4bd1b696-9911af18dede28aa.js",
                "lineNumber": 0,
                "columnNumber": 98150
              },
              {
                "functionName": "uh",
                "scriptId": "118",
                "url": "https://www.vectal.ai/_next/static/chunks/4bd1b696-9911af18dede28aa.js",
                "lineNumber": 0,
                "columnNumber": 98028
              },
              {
                "functionName": "uy",
                "scriptId": "118",
                "url": "https://www.vectal.ai/_next/static/chunks/4bd1b696-9911af18dede28aa.js",
                "lineNumber": 0,
                "columnNumber": 98150
              },
              {
                "functionName": "uh",
                "scriptId": "118",
                "url": "https://www.vectal.ai/_next/static/chunks/4bd1b696-9911af18dede28aa.js",
                "lineNumber": 0,
                "columnNumber": 98028
              },
              {
                "functionName": "uy",
                "scriptId": "118",
                "url": "https://www.vectal.ai/_next/static/chunks/4bd1b696-9911af18dede28aa.js",
                "lineNumber": 0,
                "columnNumber": 101097
              },
              {
                "functionName": "uh",
                "scriptId": "118",
                "url": "https://www.vectal.ai/_next/static/chunks/4bd1b696-9911af18dede28aa.js",
                "lineNumber": 0,
                "columnNumber": 98028
              },
              {
                "functionName": "uy",
                "scriptId": "118",
                "url": "https://www.vectal.ai/_next/static/chunks/4bd1b696-9911af18dede28aa.js",
                "lineNumber": 0,
                "columnNumber": 98226
              },
              {
                "functionName": "uh",
                "scriptId": "118",
                "url": "https://www.vectal.ai/_next/static/chunks/4bd1b696-9911af18dede28aa.js",
                "lineNumber": 0,
                "columnNumber": 98028
              },
              {
                "functionName": "uy",
                "scriptId": "118",
                "url": "https://www.vectal.ai/_next/static/chunks/4bd1b696-9911af18dede28aa.js",
                "lineNumber": 0,
                "columnNumber": 98150
              },
              {
                "functionName": "uh",
                "scriptId": "118",
                "url": "https://www.vectal.ai/_next/static/chunks/4bd1b696-9911af18dede28aa.js",
                "lineNumber": 0,
                "columnNumber": 98028
              },
              {
                "functionName": "uy",
                "scriptId": "118",
                "url": "https://www.vectal.ai/_next/static/chunks/4bd1b696-9911af18dede28aa.js",
                "lineNumber": 0,
                "columnNumber": 98226
              },
              {
                "functionName": "uh",
                "scriptId": "118",
                "url": "https://www.vectal.ai/_next/static/chunks/4bd1b696-9911af18dede28aa.js",
                "lineNumber": 0,
                "columnNumber": 98028
              },
              {
                "functionName": "uy",
                "scriptId": "118",
                "url": "https://www.vectal.ai/_next/static/chunks/4bd1b696-9911af18dede28aa.js",
                "lineNumber": 0,
                "columnNumber": 98150
              },
              {
                "functionName": "uh",
                "scriptId": "118",
                "url": "https://www.vectal.ai/_next/static/chunks/4bd1b696-9911af18dede28aa.js",
                "lineNumber": 0,
                "columnNumber": 98028
              },
              {
                "functionName": "uy",
                "scriptId": "118",
                "url": "https://www.vectal.ai/_next/static/chunks/4bd1b696-9911af18dede28aa.js",
                "lineNumber": 0,
                "columnNumber": 101097
              },
              {
                "functionName": "uh",
                "scriptId": "118",
                "url": "https://www.vectal.ai/_next/static/chunks/4bd1b696-9911af18dede28aa.js",
                "lineNumber": 0,
                "columnNumber": 98028
              },
              {
                "functionName": "uy",
                "scriptId": "118",
                "url": "https://www.vectal.ai/_next/static/chunks/4bd1b696-9911af18dede28aa.js",
                "lineNumber": 0,
                "columnNumber": 101097
              },
              {
                "functionName": "uh",
                "scriptId": "118",
                "url": "https://www.vectal.ai/_next/static/chunks/4bd1b696-9911af18dede28aa.js",
                "lineNumber": 0,
                "columnNumber": 98028
              },
              {
                "functionName": "uy",
                "scriptId": "118",
                "url": "https://www.vectal.ai/_next/static/chunks/4bd1b696-9911af18dede28aa.js",
                "lineNumber": 0,
                "columnNumber": 101097
              },
              {
                "functionName": "uh",
                "scriptId": "118",
                "url": "https://www.vectal.ai/_next/static/chunks/4bd1b696-9911af18dede28aa.js",
                "lineNumber": 0,
                "columnNumber": 98028
              },
              {
                "functionName": "uy",
                "scriptId": "118",
                "url": "https://www.vectal.ai/_next/static/chunks/4bd1b696-9911af18dede28aa.js",
                "lineNumber": 0,
                "columnNumber": 101097
              },
              {
                "functionName": "uh",
                "scriptId": "118",
                "url": "https://www.vectal.ai/_next/static/chunks/4bd1b696-9911af18dede28aa.js",
                "lineNumber": 0,
                "columnNumber": 98028
              },
              {
                "functionName": "uy",
                "scriptId": "118",
                "url": "https://www.vectal.ai/_next/static/chunks/4bd1b696-9911af18dede28aa.js",
                "lineNumber": 0,
                "columnNumber": 101097
              },
              {
                "functionName": "uh",
                "scriptId": "118",
                "url": "https://www.vectal.ai/_next/static/chunks/4bd1b696-9911af18dede28aa.js",
                "lineNumber": 0,
                "columnNumber": 98028
              },
              {
                "functionName": "uy",
                "scriptId": "118",
                "url": "https://www.vectal.ai/_next/static/chunks/4bd1b696-9911af18dede28aa.js",
                "lineNumber": 0,
                "columnNumber": 101097
              },
              {
                "functionName": "uh",
                "scriptId": "118",
                "url": "https://www.vectal.ai/_next/static/chunks/4bd1b696-9911af18dede28aa.js",
                "lineNumber": 0,
                "columnNumber": 98028
              },
              {
                "functionName": "uy",
                "scriptId": "118",
                "url": "https://www.vectal.ai/_next/static/chunks/4bd1b696-9911af18dede28aa.js",
                "lineNumber": 0,
                "columnNumber": 98150
              },
              {
                "functionName": "uh",
                "scriptId": "118",
                "url": "https://www.vectal.ai/_next/static/chunks/4bd1b696-9911af18dede28aa.js",
                "lineNumber": 0,
                "columnNumber": 98028
              },
              {
                "functionName": "uy",
                "scriptId": "118",
                "url": "https://www.vectal.ai/_next/static/chunks/4bd1b696-9911af18dede28aa.js",
                "lineNumber": 0,
                "columnNumber": 98226
              },
              {
                "functionName": "uh",
                "scriptId": "118",
                "url": "https://www.vectal.ai/_next/static/chunks/4bd1b696-9911af18dede28aa.js",
                "lineNumber": 0,
                "columnNumber": 98028
              },
              {
                "functionName": "uy",
                "scriptId": "118",
                "url": "https://www.vectal.ai/_next/static/chunks/4bd1b696-9911af18dede28aa.js",
                "lineNumber": 0,
                "columnNumber": 98150
              },
              {
                "functionName": "uh",
                "scriptId": "118",
                "url": "https://www.vectal.ai/_next/static/chunks/4bd1b696-9911af18dede28aa.js",
                "lineNumber": 0,
                "columnNumber": 98028
              },
              {
                "functionName": "uy",
                "scriptId": "118",
                "url": "https://www.vectal.ai/_next/static/chunks/4bd1b696-9911af18dede28aa.js",
                "lineNumber": 0,
                "columnNumber": 98150
              },
              {
                "functionName": "uh",
                "scriptId": "118",
                "url": "https://www.vectal.ai/_next/static/chunks/4bd1b696-9911af18dede28aa.js",
                "lineNumber": 0,
                "columnNumber": 98028
              },
              {
                "functionName": "uy",
                "scriptId": "118",
                "url": "https://www.vectal.ai/_next/static/chunks/4bd1b696-9911af18dede28aa.js",
                "lineNumber": 0,
                "columnNumber": 98150
              },
              {
                "functionName": "uh",
                "scriptId": "118",
                "url": "https://www.vectal.ai/_next/static/chunks/4bd1b696-9911af18dede28aa.js",
                "lineNumber": 0,
                "columnNumber": 98028
              },
              {
                "functionName": "uy",
                "scriptId": "118",
                "url": "https://www.vectal.ai/_next/static/chunks/4bd1b696-9911af18dede28aa.js",
                "lineNumber": 0,
                "columnNumber": 98150
              },
              {
                "functionName": "uh",
                "scriptId": "118",
                "url": "https://www.vectal.ai/_next/static/chunks/4bd1b696-9911af18dede28aa.js",
                "lineNumber": 0,
                "columnNumber": 98028
              },
              {
                "functionName": "uy",
                "scriptId": "118",
                "url": "https://www.vectal.ai/_next/static/chunks/4bd1b696-9911af18dede28aa.js",
                "lineNumber": 0,
                "columnNumber": 101097
              },
              {
                "functionName": "uh",
                "scriptId": "118",
                "url": "https://www.vectal.ai/_next/static/chunks/4bd1b696-9911af18dede28aa.js",
                "lineNumber": 0,
                "columnNumber": 98028
              },
              {
                "functionName": "uy",
                "scriptId": "118",
                "url": "https://www.vectal.ai/_next/static/chunks/4bd1b696-9911af18dede28aa.js",
                "lineNumber": 0,
                "columnNumber": 101097
              },
              {
                "functionName": "uh",
                "scriptId": "118",
                "url": "https://www.vectal.ai/_next/static/chunks/4bd1b696-9911af18dede28aa.js",
                "lineNumber": 0,
                "columnNumber": 98028
              },
              {
                "functionName": "uy",
                "scriptId": "118",
                "url": "https://www.vectal.ai/_next/static/chunks/4bd1b696-9911af18dede28aa.js",
                "lineNumber": 0,
                "columnNumber": 100743
              },
              {
                "functionName": "iz",
                "scriptId": "118",
                "url": "https://www.vectal.ai/_next/static/chunks/4bd1b696-9911af18dede28aa.js",
                "lineNumber": 0,
                "columnNumber": 126563
              },
              {
                "functionName": "iE",
                "scriptId": "118",
                "url": "https://www.vectal.ai/_next/static/chunks/4bd1b696-9911af18dede28aa.js",
                "lineNumber": 0,
                "columnNumber": 126399
              },
              {
                "functionName": "iu",
                "scriptId": "118",
                "url": "https://www.vectal.ai/_next/static/chunks/4bd1b696-9911af18dede28aa.js",
                "lineNumber": 0,
                "columnNumber": 112514
              },
              {
                "functionName": "io",
                "scriptId": "118",
                "url": "https://www.vectal.ai/_next/static/chunks/4bd1b696-9911af18dede28aa.js",
                "lineNumber": 0,
                "columnNumber": 111867
              },
              {
                "functionName": "iX",
                "scriptId": "118",
                "url": "https://www.vectal.ai/_next/static/chunks/4bd1b696-9911af18dede28aa.js",
                "lineNumber": 0,
                "columnNumber": 132761
              },
              {
                "functionName": "iB",
                "scriptId": "118",
                "url": "https://www.vectal.ai/_next/static/chunks/4bd1b696-9911af18dede28aa.js",
                "lineNumber": 0,
                "columnNumber": 130972
              },
              {
                "functionName": "iq",
                "scriptId": "118",
                "url": "https://www.vectal.ai/_next/static/chunks/4bd1b696-9911af18dede28aa.js",
                "lineNumber": 0,
                "columnNumber": 131317
              },
              {
                "functionName": "",
                "scriptId": "118",
                "url": "https://www.vectal.ai/_next/static/chunks/4bd1b696-9911af18dede28aa.js",
                "lineNumber": 0,
                "columnNumber": 130601
              }
            ]
          }
        }
      }
    }
  },
  "_priority": "High",
  "_resourceType": "fetch",
  "cache": {},
  "request": {
    "method": "POST",
    "url": "https://vectal-api.onrender.com/_events/s/?ip=0&_=1755720372704&ver=1.259.0&compression=gzip-js",
    "httpVersion": "h3",
    "headers": [
      {
        "name": ":authority",
        "value": "vectal-api.onrender.com"
      },
      {
        "name": ":method",
        "value": "POST"
      },
      {
        "name": ":path",
        "value": "/_events/s/?ip=0&_=1755720372704&ver=1.259.0&compression=gzip-js"
      },
      {
        "name": ":scheme",
        "value": "https"
      },
      {
        "name": "accept",
        "value": "*/*"
      },
      {
        "name": "accept-encoding",
        "value": "gzip, deflate, br"
      },
      {
        "name": "accept-language",
        "value": "en-US"
      },
      {
        "name": "content-length",
        "value": "17662"
      },
      {
        "name": "content-type",
        "value": "text/plain"
      },
      {
        "name": "origin",
        "value": "https://www.vectal.ai"
      },
      {
        "name": "referer",
        "value": "https://www.vectal.ai/"
      },
      {
        "name": "sec-ch-ua",
        "value": "\"Not(A:Brand\";v=\"24\", \"Chromium\";v=\"122\""
      },
      {
        "name": "sec-ch-ua-mobile",
        "value": "?0"
      },
      {
        "name": "sec-ch-ua-platform",
        "value": "\"Windows\""
      },
      {
        "name": "sec-fetch-dest",
        "value": "empty"
      },
      {
        "name": "sec-fetch-mode",
        "value": "cors"
      },
      {
        "name": "sec-fetch-site",
        "value": "cross-site"
      },
      {
        "name": "user-agent",
        "value": "Mozilla/5.0 (Windows NT 10.0; Win64; x64) AppleWebKit/537.36 (KHTML, like Gecko) Noi/0.4.0 Chrome/122.0.6261.130 Electron/29.1.5 Safari/537.36"
      }
    ],
    "queryString": [
      {
        "name": "ip",
        "value": "0"
      },
      {
        "name": "_",
        "value": "1755720372704"
      },
      {
        "name": "ver",
        "value": "1.259.0"
      },
      {
        "name": "compression",
        "value": "gzip-js"
      }
    ],
    "cookies": [],
    "headersSize": -1,
    "bodySize": 26520,
    "postData": {
      "mimeType": "text/plain",
      "text": "\u001f\b\u0000\u0000\u0000\u0000\u0000\u0000\u0003í}\u0007WTÙÒö_\u0001D\u0014$t\u000e\u0006%(\"\u0002\u00026b7ÝMNM£  HÎ Q$HP@\u0001ÉkUý±ïÙgoÐ\tz;÷½÷û½®Y\ft>gïÚë©êµAUU\u0005î è ÞnËµë-\u0011¹\u0016%Âjq#ì:'ÂdszôF½É¨7ÚÂ<O<¥~\\\u001e\\Yê,¯Ì/óãµr_Y¹Çç/ðT\u0006E×~}'ÇUã\u0017/\u0019,:1ü×ÝN¿3(\u001aö×{¢ñ|¥6¨²¬ÊtáA~Oµ\u001f\u001f\u000erTétz/u9\\â7>ÑB¾ü]ûi¤.úÉI©´i0\u0019ô\u0006~\u001av»CogÐf!y8æ\u0006½\u000e\fæn\u001a*ÌÕ>¤§\u0011^¼`üæ>ê'öãôû}\u0005®*mñúù´mâÔÄðÐP¼\u0014\u0016q3\"6i93{ok×[\f4ä(\rósvk\u0013~¯º-õÝ¥UjÐ~Ï½®n>Ïã<~ÿëóô&úÌm<\u0013ýK÷yJÊüuÝ\bOä\u000b¼ñ«ås§v\tþìqx©\u001bKõ\u0015)Âq\u000bMÔÉ»ÿ1õÜî{>¯e\u0017ñ\u0004·j\u001aøðÂCí7+\u001dÞ×Ý\r\fä-n§QZpø¨_{ÛB_ø}\u0004SW\u001d}¡÷©)òãgi\u0016nÐ0½\u000b¿H/ù÷/Ó>\u000fQ\u0013õé#\u0012ésìCjæÁ\u0007ÚÅNêÉ¤Oôè\rÏp/oð+\u001a-O¯¼@ëtÈK<Ê¯ârx'.ó!or#}*ãù»e<C{Õ¼@}¼J]|D;ø¹TJ½<Um§Í\u0010:Î2^¢#í^6»UíhTþ?S\u001d¹Ø{\u001fkêyfä.\\´IíÚÛê¹<JG\u0017QÜÈÚëz;O^¯S\\â¦õ\u001azÇKÅWRè3Ö±Ï]ø9ÃC\u0015\ttì,ÏA»´G\u0007å¼N\u001d´\u0007Nú\u0000iØá\u001d\u001a½Isô\u000eÜÖJëÁ¼Iò¡¼F:êõÉÕ\u0018ÎÑ¦ÃÇíüî.÷=\u0005]çÃ\u001c\f\u001e\u0003aAð¦çÅ¿P·üì#^\u0005\u0019>^ç)Þ\u0002áû©\u0007q\u0004ñ*ïc]íU\u001eòF\u001d÷Eâôã¹;ñ\u0002½ÍP\u001bÿ\u001dv]Å\u000eÖéÜ:¿äÏ4s&hÿúî»©G\u0003i¾hï{²¹ºKi×ïIjó\u001bÚ}Â½Ù.7\u001d¸ã¨+Æ$\u001bó\b¶ð\u0012|Ô\u000e6ê¢\u0005\u001e\u000bÁ}:jhÆµ£\u001cåm~c£@p¬¿Ð:ïÕñ¶¶÷z|àHR\\\u001eÎXT}Ùáç\u0003j±¦ñÂs:ÐÕó£ôÞjî\u0002[°¿+ î\u0012Øh\u0016\u0012³Å\u001fê/\\Lå®J/¤ÜÆ\u0013úó\\ôÖ\u001eÓ\u001cNc\u0016A¸Uî8«ÝÝ\u0015BM÷°°1ÚuãÔ:yã*¿}.\u000f»ªù#\r\u0014hAÛ&:ÄbCi9t,Dþä9Rô=¼c{Ç-Ü(I\\FcÐNÕÙ&ã½vÔ?\u0017éüdBöU,®_Ó±\u0010ûY ×ü6ï\u0001w9¼÷B4%¥H^þ\b!WÚG\u001dÅ¼À» |·\u000f\"ÖE²@×õKÜF\u0013îK8\u001djç%GéUîà×¼\u000b\u001bù-}\u0000c½ÊÂÒ»µ_\u001ec',RÙ\b}Øã¥W<\u0010I\u0006Æ\u000b¥\u0003Mt.\u001erhªGçJ\u0002mz5(zÃõ¼Î4aÄÆ/Òö3ü=_«i[½ùê½ê:Zãí(°Ç¶Æâë½\u0011¸Ïq\u0004âE°Q?uà|×yººYRHgyõ¯Jìåñp¬»ÏN\u000f¯h¯\u0018åa¸pÊëÔ=÷JëòdtÚ¾ôÖ\u0018\u0010B;\u0005h7Éß¹{¥2ðD\\5¿Ås:\u0014y}Ù\u0016MAM\u0017ÇæiÇ©ù\u001båaLzôâÜs(yGPúÐø\u0019\\)åËÄ=ô\u0019v>?L}D¤m¢\u0019þx\r2D/©/ÖxWc\u0006PµÙuÆåé_|ìRT5SO}Á\t^h¦6þ¬£\u0015\u001aæbUuRïùK|\t\u000eÇCÃhðJ:Ï\u0016<óüZñãÀó\u0007ÐM;tÄ\u0003ÕN\bó6uòa¦\u0015t\u001eî yÉ9±WÀK\u0007ñÔ'9ß[ë¤Î:j§ùøà²gÕR±ó^ÉOð\u0014òÇZþ\bvïãayÃÒ4£V7TÞÇYÄÓ÷©³ÈáÇd\r\u0001W\u001dQ»¶¹Y°5¯ø<uÓªRÁôÊth7Òy &\u0013ä\u001fñjªüí&¤\u000bÖd\u0016zä\u0003y$\u001fÍc¹E<\u0013D\u001d×a_&åë¼ô;AcÈóÑÑè+ô²¶©Àw¯i:nÀfÍÓa¬<\u0000)«ö((\u0000°g\u0003u~k;Î>¡\u0019èja\u0003®`\u0015«Ü'\u00191\u0005p\u000b\\ýWs\u001c¥<G0°­\u0010Â6¨É\tzosô\u0012rG³RÑf\u0014Ãüj¬²ìtH5KC¥wçñBµt\u0018ô\u0006z_H\u00130OnIºLË)ÜtJ4ÊCÑly¡ÔGaßåÀùÀ\u0007âØ#X³ Æ\u0002®áûBoï^IßÍ\u0011>\u0000¿¾ tÌÛ17/ñ\u001büñ®×ÒøK1½±q+Äcßó\u0004ûx+YðêWe¨³ÄáDûépÇ@õv¥@\u0019ÔãD\u001a³Ãî4)Öq?¦·´¢Ö:ÁkÒï²_¯\tk~7¥4\u0013\u001dAIüñA\u0006ÌÝ&5ðüùÇ°&Çµ|hÉ²Ñ\u0016­Þ£%ï=>g/íå>mÇ?LH÷@ùÐ{nÈ¢µóXÖ4Í@ûL=£WXØâ\u0011úDËéù\u000fh;L4û¼våî'¤\u0017Ð¡AO§Ã\u00015¶aj]À.JÁJ\u001fé]\u0015< ©\u0010<R&¤º í*ZÓQ=tâÆmØ«Æ¼JúòL^\u0005\u0019ãeð¦Exù|\no¤Â\u0013É\tykq+@ »\u0017\u001e£Y<ÅÇë\u0016î)¬§c#¯Ñõ*OÜá÷Æú\u000bÔ\n\u0013¢q\u0013(:kø÷éÊùÃ\u001bñ÷%uë-UñgxâÃL³¿ðêå´\u0000^(½ËÇÕ ÑK>tÞzð¢Ã\u000b\u0015Ö\u0003ê{þ>åp\u000b\u001e½\u0007/õã-Ú))ãþÚØ³°0¾³×¥)N¬¡\u0006Xv\u0013oøÊ\ná¹me&dðû)wºa¹i0\tÂò6\u0012\"°\tÝòÂÃRùa[ä*#¸9ôú%Úáæ:\bÑ\u001e¬M)\u0004ï¨N\u000fö\u001cØÌó\u001e\rJÂAknG(\u0011²s+µ>(=O}¡¶g8\\u÷BÎ¤\r~\u001böBj\u0017\u0015tÌ÷°Mù\u0002õJÖ±Q6óÏâ=ò \n¥©óPg\u0002|w¼­½á}\u0014\bÓ·ö8\u001fç±ÍËêÓ+ù\u0010ò]\u001e\bñPz(a)>$p'McÇc¼âðl\u000b©&pÎq\r\f#ò!w=×2¤¬\u001cNÜ\u0002Tc\u0007N|Ó\u001fÏRXLðT^áÙ0[Ò@ù¶=â#,hg±j¸]Ò¢õñ´\u000bÞá\ríwØ· \u001a\u001a\ty\u0002ÓÑ\u0000ïd\u0004FäÃ\u0005ên\\¥®Û\u0005gîñ\b¤6åÆÈ\u0018ÀD\u001d\u000e_n>uèh &óL\u00195çãÃ´u\u000bV^î)CÏ?¾\u0000?Bópapz«q\u0018G\u0017iÀÌ#!ñ<\u000f?'GTÒ\u0016\b¯øîÐÔU¬±/Ñá5çxc`AÕY)E\b=øº\n´P¦úJ!\u0004ô=Î¾Çu?\u001aÊeæ\u001a\r\u0017$Ýÿú\u001eOþT\u0000²/ìãéð\u0007iÛB½`±\u0007OóîÂõÞºÆ½0|³ü&©í6¿2ÓBÕ\u0015¥F]Qô\u001eâ|ÀÒIsÝ¹'\u001e\u0003\u0011>C³àè÷woÃgÂq\u0011W`J'!-¼\u0015Ë/\u001dA4¡+å³p8¤jõØoÅbE}gùM\u001a¸á\u001d*Â½;ðø\u000eú\b6\u0000+JOÃ4ë9ÑrÔ\u0017Ì¯¸\u001b\u001cÒ|£ÛÝxXbßÙ\u000fHó\\àOìq³{ÏÓ\u0014LÊç:ì\u0011R\u0018-Ã\u001d=lKO=\rJBó;hÿ½\u0010\båFÑír#\u0016ßZu\u0011\nN9;C×òq#ZÖØD³a,ßSønµÚÉ¼\u0007ß´Ñ\u00021«!âzA\u00158t\fËu\\>\u001c¾XÌsÊp(\u0002>c\u0003k\u0016\u001côõ\u000f³a]çã\u001aÞ«\u0007#~0ð\\ü]x'M¡\u0011g¤káí3ÊÿÉåF#TG£ðW(Mñæ\u0001xx)Ljy¥¥\u0002vðT\r,Ã(µKÙZ\u0013ëGÐ¶ÎCÜ³zËÃæpj»[[Mo®\u001a#Ðz[x\"_U7v°zó«·­3E¥2Ø^ómô&½Ãe\u0013Ê\u0007h_Õfð\u0017îëÎÕ\u0000Ñè§·©8÷n©ä~¥\u001bÐ¨¡d,%½m\u0017}¤íhÀñ¤ëpÍ±Ø\u000eú\u001c}\u0019<ÖM[Ñü\u0006\u000fA×v8ÏÙh´\u0010\u0012Ð\u0007^äÕ;¾[4^ø,¦ó­¾\u0014åÎQëC¸ýËÁñàÐ}\u001d­êx¶ò\u001cÈ×r-;\u001d\u001eçJ \u0016¸J\u0003·\u0011`¶ñë`(°Þ\u00074Zó·Ï¦Ôf@«J\u0012T9\u001cñVÚÏ¹nM1QS\u0018ò\u000b[¤óËMxªäîncÝP]Ã/\"²k\n¦X\u0003ò\nþ\u0019Þ¦¤\u000b'ù\u0006NÉk\u0004PY]\u000e\u0016«¤»s Ö<R¬¹pÖæa14\u0019Ux\u0012xÎþ\u0014D\u001cÆ\u000e:M©<x\u0001l6\n_B\nhë¦øuúËÒiµ#Rú\u001cIÛÁJm®Â\u001aM²æýC\u0010é \u001c|º~\u0005ËêF\u000f³ ð\fµÙ`\b\u0007a'¹I5ô¹vh\u0005)$\u0006n±9òòh)ò1Äaò¹ÌÚØà\nÎ\u001c{\u000e\u000fxé}÷ã¹Á.ENgI[û­î4\u001e\u0019Í\u000b\u0015\u000fÓ2þ~§Ùu÷!dQs2\u0010^\u001cAä7 Ú6iò<\fÌgÍSÖ¹ÒL\u0010¡÷\u0006\u0015Á C±´b*M\u0010XFoâyãÑÝ(,\u0006\u0003°ñI~\u0017\f-ÜI/óx\u001a¢°Y\b¢ÖR\u001cAÙ\u0019|àp[ÑÂï«ÂebI\n3º¢\u001afd\u000b¡ó\u0017xu«*ktt.\u0019Áå;\u0018Öa\u0019ñJ&×çÞÁmß©ðçÃU:H¨ÊK\u0017ãrH\u001a²\u0000\u001báÑNçòWùÖçFÑl\u001cõ+¼ø.ïäRâ\u001eîÖÝ\ns³iI­¢Ï\u0017ìûñs`¸-p[·\fä,pþ6ðôiê§\t\u001bõÝä^ä/é\u0000\u0014{/â6Øt5\u001dG8\b&ûDca0{Æ»\u0011¥Ôx¦pRÃ]óâ: í\u001aµ\u000bS3À]\u0010ý9Òéã,<\u001eM\u0003&ð¼\\:\"ªí')n»~'+\n\u0011¹zÿyÚûÔñðcn½\u0005Wûè\u0005\u001cMnNq#$Æ*(Üî\u001câô÷p(´-ÇYàÍsW²b_\u001b>÷\u0019¶z\u0006N}k\f\rÕÅgä+C#½cü\bV¢©~½¾ªðëóÍ`Y\u0019¾°¯/Á°J\rg\u0011jý\u0017åÅ{©EYméöZR\u0003TÄ&Ã \u0013î¿\u000bÊôcGÿ\u0001y4éA¤Xw\u000eìs\b\u0006;\u0014ñ\u0011oà¨CO\u001f\n§ù5bBi.­Ô\u001bû\u001c]\tt'\u001c}Dã·àÅoû3xñ\u000eüÖa^\u0006c¶\u0015Ê«NÃI8ÅQ'\u0007×\u0000ºµãÁ\rê-\u000f³\u0019Îù'è]L\u001alÓË3W\u001d21§R\u0003zdC\u0014sÃÙç}¿TD§ïJiJæ\u0001\u0013è%ß\u0012w\\ÆÒWCqPAÈ\u0001ÊôG>\u0015æ/¨\bû=zÌË¾rw2Ü[M×eÝâí8ØÇ!j<S\to©;oÓB\u0012õÞÆ²zpè\réJeºeêSÆÈ:Ø\u000bäN\u000bH3Dz£\u0016q\t[()í\u0004ñnµ\b¶\u0007Ï>Ý\u0001á*HµÒ«â4ÚºIM\u0017hMIk\u0010\u0005z³h<Ú{56o¦Gñf0¢dáúÈwõÜ\u0011\ni\u0018óDÃíÃCjxå\u0016Í>Hâ½4Èl¶xRqó\u0010îUÿ²vË*>LSLáLÖ@ª\u0001yk¤ÇaÇ9{¢­\u001dáù\u0012÷\u0018à\u001e-¹b}Ô\u0016\u0016u\u000bIØ~îÕ&Sã<Q\\\u0019/ºÏË¼\u001aë°Ã\u000bÅ^Y\u001dX\roV{)#\u0016jBe\u001e\tQfjO@,NYQê´§à>É·â-ØÊ\u0006ê\u001a¼ºB:Å\n$ãÃ±´çÅt£|'Ròñ\nVýE3\t:ýé\nR!üayÒªÕÓÌ××o\u0011Û£í¨Qºð:Ë¬d\u0004v£\u00016:\n,bÉû\u0006è£Ù³¾t^L£m¤gé°\u001eB¦¹}\u0010I¸W w\u001bRløuý*Ìn\u000bäåe\tõ!Ó1mÂÿxUYÉÑF\u001b¿K«1N\u0004=Óù\u0006|na\f^É«0-¼=¹Ø^*òM¸ã¢äHieté<\u0017\nóôN  ^¤db×L¸y²4\u0007ãävêÝ\u001aØôS9úú!#½=\u0011CäM'~}\u0007qÔ\u001bÄR\u001eôÏñ§Æz¿¾/µ!cM\u0003®âô8dý¤%fuüÖÍÁ<~Rüñ&\u0005ß­yú$Y»j¿ÆÏ\b®\u000b,úö2ýdR\u001bF\b5\u0002ÃñÆú\u0018IÇi\u001eCÞ\u0007U6~´@_§\u000fq¸2+¸=\u0019´z-£\réÇ9[¯Cà¦I>Tw©£~3<ö\u000eÍî<S)u\u001duÁ7r®3 %(\u0003=\u0013çK±£\u0014¢\u000b-Þ\u0000+\rÞÅ©UÑ#Òë±Bu·n0q¿ô´]\u000f¥}ú¤I¾\n¯pÕ-h\\=µ\u0005\"ôi¾­ª\u0017§×ñt­¸.V»®nÁ\u0007ëgâ4$S§ï\nkæ\u000e\nà}\u001a}Ê|ÁùöIH%õÕ \u0013Blq õ\u0014LÀ\u0000ìÃ(}<õÞþÅ+9J¼Û;ôî¦\n!aØXèÁõ\u00003D\u0013tz,¢QB/-iNÎ\u0018b{ò6ð¡IG©\u000ewôGûUÊ\u0011\\\u001a\u000b¿EìGûðº(,ò`.&D\u0011ü=\u000fpÇ\u0019Þ.«C\u0014ó\u0005©µ\u0001^\u0001ÇBy¢l\u0001Ïu\u0001¡HÃÿ·m*\u0015ëäéX\u0015J¸ÏÒ¢?AÊ¾Þ\u000eù}¯ÙYUvÒH\u001cK}\tÒÝÑc3êuÔ¢~%dRÈ\fJiÎUso Ê­\u0019¿ýØb(\u0002c¸z©ß>Â\u0000Ïx,í!²þdpò0RL«WqA¤é*û´UTs¹ÔTprÏ`\u0004Ô\u001b!\u0001åòÔ/g¹\u0017­¢è\u0003¯¿\u0016íÔ(«\u0019¹*Ïb±U\\:]%bÕ±ÀÈ\f\u001cê\u0012Üì¹3\u0010\u0005x¡Ç`f¬h;¯?þöC|Ï ¶äñ\u0015Gß(ë6Ó§HAçÅ[ðóvîðîoL\u0012ø`\u001d®C\u001bÒó3,U&\u0003àÌß=@|ú1g\u001bºcàT)ª\u0016\\fã¥Àò\u0010Å5µÔw]¤làDh\u001eNÎáòÖ\nÉ¥É\u0002ä\r[¸ý\u0007f\u0010\u0012MÏ\u001bk²\f\"{\u0000\u0006Ï¹z²UnÑC\u001c¶@á1ãm\u0013¼\u001ajøKîï*\u001c[.ä\"°Ö?áÆ<îbtø¯ pÂtÜ,È\tr|ÐäA¥\bX(ê\u001d\u00074äIãy·¼D¦½½§ÄL\rÅ&\u0003pmÅeÚÙöYê.»±ðMD´;ò\"nÊÉÒ8(\u0005Ïj9D8È\u001fkxþâM¼Ö@ï2\u0013 ~ÒíÑ+Í\u0017\u000bO{ãwæ¤\u000flN¤g¨I%èÜ¯*\u0010\u0006]L\u001dwÅü¡-ÙP\u001e»Þ~·»4B!¯s3Þ¢\u0001ÐçX)-Yy81LõÂäê@úFî¸\fÃñ5ã«3Ønèï\rÿcv¥ú¡\u0005_\u0016pO0Ú/\u001d,Á!Ð^t!»4M\u000bF¬X¹-c5g`7\u001f¿\n§\u001d\"!\u0015Õ¥±ôP½Ô¼8ÓÆ+(=ÀÕ\\|¦RÑØÄ6x³@¿×Rûè¬úr\u0011ÜÕ\t#\"^\u000f¸\u0001ö£\u000fp£>]W»\bUDïE\u000f\u000e«4»:ñÑf¨Øââª+Ã\u0011ÓÀôÉ%ë!QpC±PÉ_[á\u001dpÍâµ$\u001cS3\u001e1ÌÇÔSÎ*cø3m¢Ý:\u001e«KîÅ]x/0ä<R¿»*ÒÅ\u0017¤\u0013°DéW°\tm²\u0007uõQ9ÝN}góhíEªÌªg\\\u0014ÂÉæ\u0018ey±·'×N9o§\"V\u0015ñrõ'\u0017-Òb8\rûJ=a®Û©C&Å4\u000f¯¸kqjNAB÷»Ï SGÃ \u000bfp¾à\u000ftÿEZ\u0018\u0006\u001f|ýõºë¸ú\u000fÒ\u0010/ã\u0018\f`\u0013\u001c3}\u0016\u000fÏ¤«W¶¯4s¦~õÆ;8Ò\u0000ðrhó\u0001OP{ÔÅ\u001bÈ<É#\u0017ï_\rÈK¬§\u000e,\u0000õC-ìx\u0000þþøUË·äCêýÔg¥±ë\u0015ßîK_[G}ð¾@\u0015,\t\u001fÉÆ#Ej\r\tÂSÜf²^tç!:¡ÃZ\u0007\u0004+C\u0007W\u0015+K¹1ø<¯¨Rü¼0j¼\b\u0013:dÄ`´MæB°U\u0019Üªx«RñVq\u0013è¢Ïw±ï¡0·Õãõ¦{uP¨\u001f\u0003\u0011\nø´à3êvyZê³³E\u00166ã8\u0013ñ$\ri!ð_{·¥3æáÝR-²Ó¶Ô)4<dpBW\t9ÌÀY\u0019Bèy@\u0011¾ ½º\r?n5Â¥ÎªNf|\u0014¦jÈfÞÏFX8qYK¤÷\u001f!¬:.|r[fÚ\\<[q\u0001^P\u000bã\rõCoîóAu\t8éº)WqË\u0007\u001a*58LÜ\n°\u0019ÌMÒ&uÎ+\u0015½ñ\fM>\u0000\u000bïeä8|/ìðÓêeè\u001dÚÎ§\u000fúªç4ý} YD²ñÂEl\u0012\\ÔëKznfêu_¬|\u0004Ãïâ&kÔ|A\u000f!·\u001b±\u0015nàWÏeÕÒ\u000b`DO¥Ì*ùð\u0001K+LSó%d.¤\u001dÐÿ&\u0017Ñ>\u0000BÃëÁj3;<rFn:\u001dìÀRÊ¬¶%MìDÉ\u0018Ì½$P%Ç4[Eý1ô%\u001ao!\t>'\u0019\n\u0014àÒ|rdÎá\nQîásíð\u0011§!\u001acþÌG7\u000bhâ!tÐ~¦¤%õzUµ³\u000by©[Êáµ\"_Ø\u0000Uµ\f_áå\u0005Úò<Bä´Dóå´â)Á\u0013¬þÇ$aj¦D\u000fÄ¡\u0001>Èä#ÞOFöGSW\u0002h×\u000f\u0003\u0019\u0013\u0000><ø.Øä·)t®¼jA[\b\u0010\rVd\"0=H\u0003Û¼¢×Á¼\u000e\u0004\"q[¼¢1?ÕÙ\u0012SèË#¥tQÎ£EáR&RÖsO@fõ\u0007\u0016x*ýÎò h½Õl¶\u001atFÕbµ\u0007å>\u0001úÌ 3\"ôâÊ\u001f \fõ.U\u0016ø\u000bÊJX\u0003\u001e±\u001a¯YLáA5¸Üÿ\u000b`¤\u0005ªT{Ú\u001d¯·Ò\u0003è£®>û{Ï·ê\f_\u001fhùúÀòâª¼R,Ëç{êqEzüOË|E¿è\u0005vÒYS\\æÄsjÝ«¨Â=åRJ%¸GP¾ß_^\u0019\u001d\u0015å,/|âÉõ;#\u0005Q@[Vã¯'¨tgeQRA¥?å×ò<þÊ\\ÇS\u001a¡-\u0001°ÍR¿¯&][\u0017£\b\u0010\u001e\u001døüéØJP´Õ\u0002ì¤ RÏ)(\u0002\u0012X­:»ügÒ\u0019ífARËé/ó©{y=þÜ|ÜÈí)ÆO\u001fWJß¼QVâ+óå\u0015Ë\u0017}R·Çw­¸,·¨ 4ï®ßé¯\u0012XÁÒ²Ò\bz\u0011W\tâx|x×'È->å.ðak¿%®\u0014ÃßÚ2ÔÛ§\u001b)+q\u0016&\u0015Uýä·¯|:·¬´ôW·¯ôäVù<×åË Å×wÔ¥'TGöíÂ*ËÁM¯¯x\u000b|þ¥~¯ $íwï\\¯Ý\u0010+7Ûu_i\u000e.ó9K+½ EÁ3õæ¹=îkeîÓ×Üß¿öÍ:4\u0012\u001btÚ¶|8#\u001c· sôÃlq;÷ééãÑÑ}\u0005\u001a·j|­·[t\u0006\u0005rõG\u001co±Ù\f\u0010ïÊÞøC\u0001ü\nó\u0015ù\u0016v\u000b\t\u0010Âg\u0010Â÷íë'QZU\\\\_\u000f\u0002^µ;hÐÓßOÞö¿k=VÝÿªõØ?¦Ï\u001f+LRXÊ\u001f*Ì\b£Ýú]i3ü31àsÚ{xøéíås#-ø\u0007\u001a\u0002Å¢·YÍ'ËøÍËß{°EgýkÄ·è \u0015¿&¾ÓWàp{ {\u000b\\\u001e·\u000bë\u0011\u0007!ï\u001d\u0015ørÌ-.«ô¸ 5ê\u0010uF+dý×wúãOüÉ\u0003µY«ù)âÂXÉ-}\\\u001fóêé­p\u000e:ß¿þ/²ý\u001fQ¬Ò_S\u000fã\u0010J\u000bJ4\u0013\u0016á-(.(r\u0014ªÌ÷Ôé\u0003¹êÿ<\u0019áXüÛ\u0017ìu\u0016WzþµZÿiâþêQðZ0×þX¾fùÕ6bEÿx\u0011?&Ø)³|«3þ\u0015Bmµý$âß<ø«\u0016+/+\u0010öZú2¸ßw\u001eeÿsÐ´çÏÜÙnþY3õû.õßvY|\u0013UÉj¼\u000enõñÃìPÚOåÄ×ÿT\u0017ÌïÍÝ*\u0014¥\u0000÷\u0017ÔÈV\u0010\u0011 5¨²3¨ûºé<Á÷üDh~\u0005¼Ü#`P­e\n_©K.GÈºâj\u0003-Û\u0011Ì\u0006ó´,hi)Rà\u001fdBÅHV6V\u0014P¦P\u0015ê@`¯D|íGePêD­g\u0016Éo\u0019e]Í§Í\u0017\bÁ7\u001cAå\u000e«¸DÖê%Í,WGZIä?Ñló/<ï´Óüî\tw\u001d(6÷Ò\\¼ãê%\u001b@\u0017?3TÊ\\ã¨¯­\u0001Ïut#\u0004\u0015Õ4\u0007rEØ<Õ\"î6m\u0004¢º+\u000b\u001b.DQ\u0019ÞG\u0012k\u0017É\r\u0001sÐ0H>ï\u0000 ²\nü{z+2®ó<'ÀSH´Ú3xG\u0016¸½\bKw2K\u00011EÈ½\u0003´\u000f0íêì¼ü\u0001ÀW|@.ÖÊ¯¢\u001d^y+\u0013*\u0001\u0007¸ô\u000bï<ÒBÑÆ\u001cðÈ\u0007ÔäwA\u0013Rxs\u0016\u0017ìxq¶\u000bOy´>£t¨¾û\u0016-¯Mþ»øØ{\\?(\u0001i\n¹ \u0000u  \u001c\u001b_\u001c¤EGÀ}çøc8uÜCÝ9>ûCôIc=R£\u000b\u0011wK\u001c¥ç\u001f9gÓbîE¤üÜ\u000bEv\u000bíÝ?ÉíÊR¾h-çîrOv^\u0005R\u0012sÙe*oEñx5\u0001\u0001{3ï\\¹K<©\u0001évYv!/ÜF}OêDë\u0006\tÖ¹$ÊÊK[5 \u0013zÝ®\u0002é\u0010d\u0003\u001aðçD\u0001/hëB\u0016sÐ¦jú2YÔY=ïmòb*ò\\\u0000GvÑÎÊÞ\u00051µ@ ;¼Hx¬I@µ$6üOy<³¶Ü_O[\u0012[o Q \u001a>SÓ\rÜµ\u0016\n¯Eî^ï½È»zì`î1²G18\u001fØjN\u0010oÈ\u000b½D\u0003I\u001cêþ\u001b×äÃ\\G¥©Ï°ãóé2Iâ4¨ÿ?Ññà¥d\u001a\u0002ä\u001eI=ôÐ+Ã<AÓñÀ,ác-<ì\nÃNGAÛ.%\u000f\u000fXø}\u001dv'ÓkNz\t\u001e(½uH§E\u001aæ-rh\u0013<}Rn4V\u0007à\u0018f\u0016zy5Çn¡J2'Ï\u0014\u0002{ÀÃ²Pçb\u0019¦Orhìeg.Q¯¡\u0004º\u001e$ðDj¿\u0015·\u001eQ½\u0003q_¡ í\u0012®Ø8ËW\u0001z\u0006!øÞ\u001eà³\u0012C¢çÁÇa\u001eZºÀÃ\tHæ°Ä» ¾þ\u000b\u0012Àè\u0006\u0003¬p{JáE.ë\u0003º4ÌÑ\u0007z\u0019\u0007Ä'RP´Å£i&$dj[´\r½\u0007\u0019\u0007¸õ\u001c^]ÄIÈ¶tEñg\u001c\u000e\u000fÍ]ÉUy.ÀâDvîËôÛ\u0016$Ç*hÊü\u0010\u0014F~­æ\u0015ÕÝð\n3!sÕh\u0003ÈB!fÎ\u0016zÛ?D&³¯=\u0005![°7è\u0016]òeèî<÷¦\u000fIË=´h§Í'è\u0011Ùuáá\u0014)Vz\u0000m\u0006ÓÎe\u0006*¬\u0016R¼~æKmë2ðD\u0019³Z¾] \u0013·f(m\u001a{x7\u0002»G\u001aq/Ë\u0014F\u000fIB¾ô\u0019\u0000öÑ&\u0018G,\u0006èÿ'µÐXÀV \"×Eö\bd\u0013HÄ#àêEâÿ¼m¢Äð\u0018ÍnJH¬\u0001ÄÌ\u000f~^»'÷\u000b«Ø\u0006ÒO-\u0005ê\u001a/xGd½eYÖi¤N:oB\u0001îÙ,Ñî¦Ç´ê<ï_,¹hªáµr$\u0018çè½\u000e\u00049Û\u0017´1 (Tkl½1CâFTÿ\u0016Ú|N³¯¢\u0015K)qÉ*Þ{H©¢Ú×EKY\u0000² Ýn\u0019Ù\u0013%µ²Ú\\Ú«3¯ó¨jR¢½GÐKi¨#ðÇe\u0012Îãm6Ñ8³\u0005`Xc¹L\tÚ©+\\¸<p\u0004v\u0014¦NO\ry§%g@#ÃGQÃáJ¼d{^(­(D¡éá\u0011`¥{sS9Ï\u0000÷G»²`\u000eH#£{TæZï­©¹¡ÊvTWÒÌüós\bíº\teÃ\u0011!ÀªIOü¼éR`©\u0010ÈâKà\u0013^»­\u0001³zý\u001ar¡\u0012¤EYqF]\u0007ª%AÍt Û\u0018`E§Ö:ää§Q+\u0001Ð:ô\u0017=\u001dÈµ[ãLþì\u00147\u0017åµ[a¼x\r¬¶ò\u000eu\u0017¢Àu\u000fm¶©õWqÒ(VóT\u0014uW:è\u001dÄR&íeO/9Ü-­Ñn\"õ-rÑj0}:\u0017\tM½åß6àè\u000f_Zì`Jd-° Þ®LC\u000ed'=\u000fx§Pö;ÀÐ´^ÝQÖ\u001a?Î¢Sv8Üé^ÔA\u0002ÞÝF-¡ÅF«\\ùP'óH§\u0017ÜÙ¬i(\u0007ã¢\fÅv¹´\u001e\u0012óWë¸'·ÒÑ~»{¿0\u0011Êm\u0016Zr?\u0017B5½\u0001òy¶J©3\u0003J¿²ï\u0016\u001eØ\t\u000f,ï\u0007é¤ÅÆùøqÂw»¡'y\u0001ÏåØLDEz\u0014`Ñá\u0017p\u0002\u001b£oð\r\u0016`Ö&:®TQt\u0019¾Â9Øx/@$×Í5\nO¡àÞÏ.É¶'\u0001£ødÊ>¢\tàe+_¼ ¾4x§ÆGûÂ\u0004õÔâ\u0016 µ\u0000þi\u00068õ\u0015øÞçäVx ì\u000f¨Ï\u00056yx\u0006\u001dV\tp× Ö\u0011ö|ü\u0018»i,pµâ)h\rTÉò\noÂ\u0015¶Ø\u000bvjÕñç(\u0005\u0004t«zM6êaK­g ¼;P\u0016G4m¾Ò#J\u0019_\u000f\u001aÈF\fáÔDk·èe¾,\u001cjå`\u0010\u0017å74¯|¤Ñ8h¥\u0005·'L\u000e¦æ*éõ/Îzà²ÓÖleÆ­lÄñ gá!·\\ªS®¸\u0007Ý\u0015Û´ö\u0000Å\u0001E×^\t§2Ò`\\2LÊ\u0018& ¨Ü¬1ý¥Ð20NË9x+<_Ý¯£Uxî¤uÇá\u0005òÌÝ\f-£6Ù\u001f+^Tµ@Ã[ì4zVÎÀì¦|h´\u0015À^ÞÝ»è¢'\u000e¸\u000ff\u0018¦?c´Wâ]À\u0006q\"»©ð;%ô×\u0005xY\týQD2èÝªíþ!·ÁÊ\u000e\u0014xÚt§\u0005Æ¹+ÚU$8µEbª\\EïK8Oß£K¡¡ÅÜ\"=J;µ£â\u000e»¸\u000f¯MålÊè¸ýNq8Xô\u0017³*iÈ\u0011Ý|ØÇëêóÔxé~U-p\u000b^DI\u001bPÀsÎLÞÉSøZ\u0013,RC®-ÊQ*@ÞûVúÀæÐ°A\u0011Iµý¥^ò4õÊ ÇR\u0004íðú\u001cÊpã¨»~Ó\"¦tµ¨£D$sG\u0015dLôV~R^æ\u0001M\\©i¯Õa«\u001ep\"J»4S\\Åïùù,\u001c©)D M\u001e\u0014Ã\u0016Òøe.ZM\u0000ò»\u0015Àw¹#&R#=anÛá7ðd%u&ÇW\bN\b»\u0000Ó\u0000q8j`æF\u001d¥â¯9êMVÎ¥!¬66Â\u0010¡ L°æ ·\u0016ÞFlhW¸týj\u001bB³l(<§5\bf/Þâ\u0018ée\u0019À\u0006¯h\r=1Eg«é¾¥\u0006úèÐ\u0004)\u0012í;²K×¤ºPT»¨M½ª\u0016\"Ó'»>¬ÏÓ¹ù!MSmÿ.%q\u0016nL6\u0002¨êp\u001fÄB\u0016Ô!¥¼VDk\u001e¬½×å%n\u001c÷ø¹\u001cØO\u0000yæ)\b<\"­-^\u000144Z\tÛ>][&\u0001ãV^(¦Ö\bâU«»cj\u001f@!Ü¤mÍnêF¿©GÚ\u0010£S¡]Ð§KH£pc!tMQÜUä¢i\u001cÔç[\u0005v-\u0015\u001bEuo\u0019UÙéoND;Åv\u0000íKb»«We:)1ªýT¢Um\u0019ü\u0019z(ÛnªÓ@£²:\u000bõ4uVÏ?Òõ\u001eÏ5Þ3A}ÀBM[\u0001;èò«UîJ£g\u0014í\u001cO.£|Ú\tGdû1/\u0001ä,5|¶`Ï\u0011êºÄíÑwÒá^ìA³Kì'Á\tî.O<\u0004ÜÓ\u001b\u0006\u001a0Ö\u0001L¼Jù2\u0012¶ðDxÀk´6°\u0001Ä¬XèAcã\u001dðâA,\u001fé\u0006Q\u0003ý@µéðVfÈ\bíü\\úÆ2ÚÓ×À¼·Wß¬¿®-ëÝSPs=Ïáu'çÐN\u00155Ô_Èå;\u0000hy£!.h`ÿÆ/S\u001b¼ç¸4H\u000bjÜ\u0016SOª Ïy&\u0001ZBb¼í4\u0016\u0016çsÈ°|Æ)u\\\u0003®èª@\u0007\u0000ï©µü%\u0006iâ¦<\u001aIÇ0BB\u0014-nÞ \u001d<}*Ã|(ä7ðZ¡äIeä¥SG%\"ë»H\u000eÌ\u0002mø2yËàp¤:¡©?\u0001e\u0014\u000b·G\tåJc©0¾ÀÅ·òÔÓÛ©Ðäè&V+uÑÚe2>\u0003/{å¸\u0013´=Fé>z\u000bkîÒK`\u001a/\u001bâE/\u00142\u0001o.À\u0015>«´¤jNIòâ\u0004¤i\u0001=¦P`ÒÖ\u0017ó¹Iºþfô,í\u0007HôÙ\u0002­»F/+@¥HÈ/<\u0003GQ©\u0000\u0005Ûï0az\b\u0004¡K$<ô\u0012\u0015>qÿ³\u0000â\u00118\u000bª}ú\u0006l³f\u0003Ãé¸\u001e±\u001bPv*´XÉ¤Ý¼g\u0005p.e×W¡qTËôøbï\u000e¯ß½.q\u00102Ì\u0013x/çàÞãÿ\u0003¸y;D|\u001bQp¶ë¸?7\rL8\u001c{/PÅp`üRxÒ8{z£¨3ø\u0019\u0018\u0000ßû°\u0010½ÜsI±r\u000bFc· K{\u001e\u0014^#öNö(`MÑH\u0002\u0016îÏFHR@\u000bËAHÄnté=\u00189i\u001a\u0015·½DûÌ¬÷ÏÐ\f»lÉ\n½èºFÁå\u0011\u0018M²K¿d>Uð\u000b\u000f5]r_\n|$üo\\\u000e\u001blú\nMÄpÏ\u000b\u001e5pS\u0014¶Ý«É¹ò«Í¢iÞÊ\u0019)6Ë£d­\u000by©Ö\u0012^yYC¸±Êë1ñ\u0017Iº²ÕÎp³ÆåvÝGµjyÎ!Ç¤²F\u0017-\"¸C\u0011OÍhé Éêzl4Èá\u000bÎV`<ã\u001f»cÑ\u000f\u0018R\u001cMk kðÇ\f\u0002­O\u000eo_!|\f*sgÑ\u0001>\u0006<NÃ¹ÜÂø\u0014^|\u0003K1\u0004á8\u0012¹>ÖQnðÂÝ2XêÖ\u0000k\u0001-gCÁ¶Ó`¢ù:ÂýyÈí\u0016,ýÆõ\u0000#2r\u0012­gAb¨4:Zkhö¢@\u000e¯JY0C\t-#í&s^¯¼,c/KEÂE\bÄ^z\u001d¾ìè\u001bf'l'µ\u000bf\r\u0011d\u0011¦\u0017¶¶©\nÉ\u0017\u000bw¹ÇÊiðè¤ý¬²!¹ÙÙñínè~\bÆ>òw,pr'ª¯(H$\u001c\flq2=:ú\n<ïn1fæÄ\u0007p½ÄJÅí\rUrg½¬\u0000 6|,PÌÜY)\u000fß|Ð'&àí'2I\u0003/Ç\u001b~\u001bÄÁ]½Â¹\u000e_²À¥X¼âåWõ×dêÓÃ-\u0001´U¡uf¾Í¤·åÉ´ó\u0018\u0001ø\u0014¬E£´\fø@xH`,Îl\u0001®%\u0001tS\u0017tÆd%\u000eú8@°\u0002JKËO0r{\f½tÖ»c`ÁÒ9?\u0007ë3©BNós´4Òþ©\u000f\bä¦Ìåy\u0004\u0017¢aï¦9¬NÄü\u001fÏ_B~¡Çáº5ª\u0006W½å<\u000f\u0019õ\t\u0012^¤÷äbQÈÞòx2:Õm(ã\u0012\u001b}Î\u0002T:\bú·\u001f>¹p\u0005\u0004eöÕ\\\u0017¯\u0011¶\tÃÝ>Â1À8\u001aú \u000f\u001f¹7õ\u0015RR¥¢s.\u001d¢)ý¤a\u000fQÁ\rnö^;Ã[ D\n\u0010æ¢Ë\u0011tIêsÐ$´+ae' ¼çpº^ÂI<(â\u001aÞ+FäpÍCy,´\u0000Æh ß^-¸-Åiªè¾°ÊÊÃÃx\u001a)g&|\n+\u000e?o\u0003Ña/üÉQ\u0018Å6DY\b\u001cÔ\u001b\u000b\u001dÖ\bÔç\u000e<éÞ³YÊkû\"¦\u0005@åµàH¨'\u000eÏX\u0000ÚI¦Ó=EÜY\u000eÑ<Ý6ókP!\u0002\u0010%ªØÅUBMÅaÒ¬ë¬nd´NÜ\b(§xZ\u0007ÔÈ°\u0011T£Z?Ý¹\u0019ÏYçMM{JÁ«zsÍWx;Ç\nÏ\u0004o\u0017\nrãÊ\u0011M/!°[¢åj¼t w\u0017ä¼\u0003½¥\u0010´Ì×ÌN'EÄsæ1¤vG¤Äë¸±\u0002F»WC I&l\u0019ú\u0015!]x!\u000eËAV®\u0016ãZ\u000e!¤GxóU\r6Ðx#W¥¾y\u001a³4Ô\u000e<\u0002>Ã\u000e5áç1\\m\u001eyq\tjãU6Rª\u0017R:*\u001bé B&\u0015Óº\u0011Á,B-/ðÌ3´\u001f^PÌdÀgÄ¥IKs¼õÞbXe)¬ÞtZ)Ìø\u0005OBQzKQÔ\u0019Ëx\fNU-@¶îBë¼Å\u001fCê\u00100 !÷\u000eÙ\u000b\u0018H±i°Â_©«\u0002ÛÏÈ¶_ÛUx]ë`Ç×b\u0000¾iÔUQw\u0002;ÖßFre>\u0016ÝØÉª\u0002ÐY*qÍQ\"9ÂsbDIMØÿ\u0010<\u000beç\u0004ó`;ýÂßá1=üªYs\u001eÂÚ\u0012útMfÕ`fÛJ2q¦K\b%\u001aµ2\r(:§æIx¡»º0ê<ôi;\fñA\b|¨\u0006ÜJ±]\bð ó1uf^ÍD1¬\u001dë\u0018H?§¢÷\u0011Fu÷>õ§q¿ì\u0017Óó(î x\u0013¹]:ôÓØU\u0003\\¡bd#VTs¢Ûá{,\u0003+l|»ä2'\u001f\u0004 `7]AûHîv\u0019Ú¯ÌN\u0012Ý¢*Sh,\u0016=q\u0013nX\u0002a\u0006[\rj&\rá«!·ÀP\u0012ÏizF\u0000*[j½§iQÕbá7~yá¥ôð³~\u0004\u001dmôñ2²Ä\u001d\nGë\nI)\u000bè5ÀV\u001aã£¤:\u001e¿\u0018\nëæ!ë\u0004\u001f2\u000f·¥r\"-çi('ì\bQ\u0006¼ê ½\u0000þ\u0016 \u0015!-`îy:öñd`\u001c¿qò6¦ìaCÐiÉxê¦pÊÕ¨+;w ì÷\u0005é\u0016~\tÌB^^6¶³gRÁÖ¯&êÆ«üºf\f\u000fC fà«¾æ9Ù\u0006 ä6^õ\\½Á&Õ\u0010å*JáÞ$',R³Ñ2ànõ*ÂxËøSL>MËBÎ?@;ÚìvT\u001eíø\u0013 \u0005«\u000e8\u0019È®3þ\u0018þâ¾X\u00116\u0010öÇÿPþ,¨¼ïÉ-\u0002úE\"\"N\b\u0000ù}ÿ±¦¿öØ¿òïGK6ÿ`É@4üÔ\u0001ÌüÕ\u0013ü¾ªÓ\u0007àø¾ÿ\u0000¼õ¢Éÿ\u000fÿ~tîß«àXþ2°\bð#=Åû~êº±\u000e@Ãþû\u000eÍ?\u0016­¿ÿ\u000e\ro`í\u0012\u0004í¿\u0005ô¯{Î\u000fP=¿{È\u001fÐ\u0015\u0014ã~LÐ¥ftN\u0016V!ÅÞ.D\u001a6£õ¢ºÅ<«u5SÝË2Êpª±ÿ,\u0000èwáµh¡GåQMá£\u000bX5©\b\u0002Åq1[PÖøáü\u001d\"\u0007\u000fK+\u0012Àsé0#ÿ\u001c\u0012GËs\u0011yÜI#é7óJ \u0012­hÒEaÄ\u001d2\u0011À5\rØÅ\u0004B­ØFx¯3K)z:à0b\u001ejR°±Ï¼§mDÆ.\tÏß\u00177\u0011xïÌ5\u0019i\u001cÙUFPÓJ\u001eÆ@É;66ó`ÜÞ®\u0006\u000fÇ\u0016ëÕ.eÄ!%(ÏUB\u0017ÒµÓðä©éæ5m\u001a\u0010Á)ú¬SC\tyJµ\u0004¡\u0004\rç}éÞÉíPÎ:\u0004Aþ¡C\nÉz>~4©ì[1Po\tÍßàÅ*ù\u0013H#üB\u0005Ô_\u0014\"úÌwÏR¿\u001cR©WW~\tÀ»³\b$åÝ4\u0016tí\u001a=\u001eBYTE>L\u001dÌØ%êÉGu\u0015¹Þ#z\u0017\u0010ò³ÊqWZ6\u001a\u0019ÁÏR68\u0000^t×\u000bîB\u0001\u0015±\u000eZê>ñí´!g\u000f\u0012MÔ}CèØTø¨\u0015éD1Öe\u0003è§a\u0019ªÐ!ó°rdGÖ²âòNfÀÕ^+AAÕxã(BÑ0rÏìÉ±\u0016± \u001a®¡õ\"ÞGTù#\u001aÊBÐ\tZF^g~èc!\u000eç3R}®\u0002ÍinÉ¯\u0005Ý\u001bsÕØQ\u0019³æò¼LJ~6\u0003·\u0003©HAÖ\r¥o²µ´P\u001d\r×]\u0012\u0003[ü\t\b=Ão¦i°\b,6Qr]A´Ñ\u0005FÝ|RÀo\u0010 å\u0004ä\u0005¸¢\nDÆ\u0003q\u0019ØÇ\u001bUC\u0010¡ ÊJË\u001a\u0015t®xÌVÃìÌ¦*5ÆÏKZ_ûA\u0006Ú\u000f¸aÈx¢Ìd¨\u0010©+É#\u0017#þìÇ¸QÐs·S¸QÃ©$¥J~çªÌ1³Wx#\"·ç$ÒÀ\u001d\u0014Àà,Ï^Ïå÷Ág0L\u0006á\"æ×ªfb£,«ãZ'1ópÔ}AÞpê</\u001d¡ßª\u0010\u0014Ù\u00045ÔpM%Iz-o¡\u0011¦P+@ß\u0016Æ3ð6$V§{&%H\"®t\u00122[gHÒ&\u0019ï`7õ\u001eðó\u0017¤\u001eßg$ÐJóÜÇkë7nTÏ©I\u0015\\¼\u0018AsÚ QÞLC4¾\u0007¿QCQN\u0010\u001fiúf\u0004Æ\u0019Vdý\u0007h:\u001bûÜHw¥Qì®³Iø\tjm[±9\u001a¯µ¹{qbZ³ª\u00145xâ\u001bß%ZÈvÅ  Ô\nzb\u0018@êGLúj¤uYKÖÇLú·\u0011³öÑOè¥Æz\u0011#\u0012láÅH8¼/Sð/Wô5¤\u001dÃeÎùÈø\u000b¨<¢f\u000b9\u00030¡Ùá¯ãfS\u001d*M­Å$ÍØY\u0014å¥jÉã3H\tU!ó&\u0007\u000e\u0019äH7:¥¨D@\u0003ÁË[Ðd¨Î\u0005¯ÏðB\u0000oDbJ«à\n}|\u0002 ¿§*x\u0010\u0013ó£b°\u0017\u0017Îbè!Æöéû«µÉfÇ:dqfpÞM)©¢÷CÖ\u001d,@*­\u001f\u001bîWÃö \u001cþkr\u000fy7c+âÕÜhÀ¸r\u0011ª·^ÚØVà\u001a\u0017jF¾|ªR\u001bm\u000e³ú³jÎç=UÕS\u0002ûá£pà[p\u0016r¬I`VÉuEcDM÷^É¹læ·µ<\u0019,¦°#ÓöTJ\u000bÀ$Ià¢\u0011àP|è]-;\u0019\u0011Èoô\u0016\u0019$É$×]b\nß\b»;\u0002bLÓ²î\t\u0010Ø7S¿L çZ¶©\u0018C³Úe\u0006\u0005E\bä¡\u001bUv¼TC\u0003oG>\u0012YdY-Óó\u0005ÃyZË¸I\u001c®,\u0018³\u0011#ûìI[ñ5ì\u0004Hôd¾á\u001fä\u0011LÒÂ@qÄz\u000e½ºj°\tJLH Ê\u0004KÄY\u0014òä}jÌ«CN[¯Î\u001b­\u0000( M\u0019\u0000Ç\u0015\fQ¿Ïý\u00050(Ý!¸ á±Rçö*¹°Pwò\r\u001c]G0ÖÖ\t|ß%\u001f¢Y\u0018\u0019Òå\u0018zs÷\u0011Øäý'¥<|\u0001&-\"\u0006¶{á\u0012£K;Ó#[5âDr6Í.d\u000e[\u00144GÍzÂ\u0006Tdµ\u000f£àÔ®>!\u0017Ê\u000bÈÈ\u0014$ÑÊY¤\u001e1çáÀ\u0017\f+¤æ^¸N\u001aäyÐmÂê.<oÌ\u0000~\u0011s2½UMBA¾ ÓÇnó\\(Åh^¥\u0012=%¸Ó;_Å$Ê)è\"=V£ \u0016@C]ZÊ ±Lê\u0016KZ\u0006`Ð&5Ëqý6¤íä'sÅàCd\u0002¿`\f¦\u0018b*ã\u0014\u00163Ì\"¡U£GtÜV.5\u0011Üªæ4ìÌM¯cÁ\u000e\u0018I@\u000b)| \u0007\u0019\u0003Ä§e<ãä÷!\tRðà\u0011yy\u0011½×\u0018»\u0010\bvBíç\fR[ ËR«\u0014\u0019©\u001fÄÚ¦ùûÔ}Fæþ·ùe5³ÜðdãÃR\u001bëï7zACäÝ¤ÆÍEâ\u0018@r\u0011¥6\u001e2 \u001bÄðZj¯©)ñFy$ÜÈ\u0011ÿ$iÎé*\u0004BS\u0015%MÉjÀ\bl4\u0019Vof2ue9y%Á©¦ÈJ(·\u001e\u0003\u00064+°& ­¨ê;`Õ>§^¤\u001e»tI YòóÜ¾\u0000 zù=¾%@NviC¬;i!@°)¿ÊOV\u001aÁú$\u0011t\u0019Q(\u000fz%fd\tk\u0012~]Ìâ.æ5´­_@N\u0015`¥\u0000úð\fN')á)\u0005i©»x+\u0004Ê\u001b\u0011§\u0003>|-\u0010Dë¿Z\u000bWz\u0007@Å/\u0006·+BÕ¾­¯#z1ÎIÍÍ°e®á\u0000\u0001\u0010!dÎ?A¡¼F\u0012ÖOý·A¶cøgíå4'Q./ÆÒÉÁu8XLÅsü©ª\u0004\u0014Â°Xd»¥sl¨¦¦,jÓklç«l6\u0001<B\u0011\b¸^ô/TË00_~ÞnBâ×\u000b/qw\u0019½°Eç9å.Xø@\r'\u0015xÊG\\e\u001b\u0000¦øp\u000eXmK\thðæ'\nmÊ\u0003×x%\u0002ü=¨V3ÿÉjEî\u001cÎ\u0007Ä\u00146\u0019\u000eYé\t©¢ù`\u001cä_à\u0001²qÓá\u000b\u0013é\u0005ºãµÌ#ü\u0002ü\b:ì ÑM»\u0016Dm@<3wOþ2GðØ\u000bêE(2\u0004Õ¾.\u0001N\"²sÞ¤É³Üa;\u001fýP¡ûÜñÜæðÉº·Dwº³åP1ÑÚ \u0006±NT\b61\u001fsöxåÙ\u000b<²_É±\u001e§½ñ\u0004CÍ8ïcFþ¼\u001aÝaÈÚ§§\u0006.Â\u0016Ìê'(\u001d¨\u0016 Ñô\u0012\u0005ÿoÅ§½Ê(ëåëçhåV¸üN\u0000ó\u0005\u0019û\u0019é8#ô\u0001x\u0012\u0018Ès~\u0010p¶oàS\u0000\u0016É\u0012¶7baR¤'b¢Ö4T\u000e\tT#a¤ó`®¨ \u0002nÎ|¬¢<'½K\u0012@×üZ°úvÊ5ls\\@°#1öYõ</G/r@ÇÒßD\u0003ôÅ0¯ÞWÙk3ÈÔ].>\u000b\u001dÖ¯ØG\u001f\u000f]´\u000e\u001dð!?\u0001\f-kpWï?P@r}\u001c¿ÍÑeñî½Z(«Á{ÊB»iB~Ý^Li ]¢W.È»\u0012Ï×Ï½ }1jd¹ §îfúW\rçwæ]8¸\u001a1+7`}·P\t\u00005»\u0011Ô°GCrl\u0012wP\u001bóÿ<æ\u0007%õ\u0018»\u0018YZ\u000feÜ\rU\u0003\u0006\u0007k`>É,.\u00177HD=j'ü¡°D\"BÌÚXI½» ]jº¥ä{\fµâÃ³'N'hNÞÂ\u0016\tm´\u0005£/ã#ø\u0002\u0013èeð\\ª\u0015%\u0016 [ ¼vx¥wSè\bc«¢Àé\u001fÒ²ÕseéÜU«|¨Ì@ÍbË_ \\Ò[0ÓrRÊV<m>Ã\u001aJ\u001aS@*<P@ø»à¥£|ÖS\"\u0007mÜ{ÜÎ+\"ÄùÑ\u00071\u0012ý\b\u0015È\u000fü1\u000fgº ÇCIÅN½j6¿Þz\u0006\u001e#\u001a| Ao\u0015*Í\u0003Î¼ÊÚ\u0013pÐé\u0006|3¼\u001e%ÀÛ\u00128«Í±gÑ¶ªTdÞ^³Rx2Ï \u001ch ¾\u0018\u001eà\u0016lÕÊuj7¨'\b0\u0004Møî¦íÖ=\u00060\bÇúÝI\u0019zâr9¶*U/ÊÐ¯hù\\\u0000¤r0ô\u000e\u001dñ=÷@\\P*ªAìárh\u0011|\u0003áÅ\u0017\tPsÄm¹FõBî\u001fá«ó\u0017#¾ÐA¤-\u001ch\u001eAÙ>ü<ZÓáö¢°ø\u001cª\u0017\"ôê\u0005\u0012*]!7Qî¼ê¶R°²üdàæ»EÐ\u000f}Ðú\u0007bé°\u000e\u000f£ß_¡ãPÁXi@\"\u0001aÍéíê\u0015e¬ö: ®Ú\"\u0002ÀËí\u0018vY|¡Õ\n.þ\u0014¥áß\u000e\u0014\u000eÔ\t\u0018+ÆF]\u00063´ñ0¾¯GÅ{­| »\u0002\f¼\u00034¨I+ÂòÅK*Â=øj\u0003Å÷Ádp\u0018g=¥\u001aâ.ã÷qZ.Ó#Ëô\u0016/\u0014q£\u000f\u000e¤\n\u0010.äTN<°Ìã\u001e¸Ò\u0007Ö$jËä·7y³¾\u001a÷\u001aÎn+~( 5±\u0017ziÝÇM\u0000¶GÑNÖ3éÅxÑ \u0003úb\u001aémÐí Ý(õ·!\u001b3øÝÕk\u00029yD÷\u0006¦Í<\u001c\u0000ëz7\b÷Æ´I\"ntº³\nK \u0007½4É0\u001eL2¸-xï¥\u0019>ÈJyBu¤?VNBQxë\nìx\u0007-Â©;H°b;ðpºü:_>Á÷õdÀ\u000e>Îç÷hì\u001a¦R%7h÷é}\u0002]·$Õ1M^SqÓ-=\u0006¥¬àÅCzd\u0000­\fð#\u00060ÂTÁÌ\u001eÚpÌ£2\bqá;kàxðè\"0¥p)ÔP0È/Úñ\u0014fÅz_ÇÂkyMSø(\u0015ÛòpÌÄ¹Îù±á\u000b²MÍÀS¦B`cNt6î©SY)7OI\rþ©&*Å7\u0005\\w\u0004É`ÏR®\u0006ÚH³é6ÈQ\rÝ æAÃX¬¬ª\u0002Ó)dd)¿©-Ebâ¸\u0018ÎÐ>hBÔÇ\u001f\u0011¾ôÂ´/\u000bR|$C¾\bpÌÖI\u001e3àÛqðøê*upÀ:óKÌ½CF¦Å-¾,iÎUh\u0000¢7%165ï\u0002°\u000e\u0019Ü(ü©\u0017jÔ\u0011ll­D®\u0001´XØMûw²®^»\u0016¢èôÉaø2\u0015@S/Ý¦Lõ%\u0019Ü\u001b\f»°´#^\u0007¸Í\u000fvn>>¦f)\u001eÞ*êx,ýV³\u001a\u0005ÙÑ<ê\u0016s\u001b¹ÏJ\u001c\u0000PH\u0018\b¨ÚKÜrMhÍ×.\tü-÷\b<]\u0010AØº\u001d\u001cÒ\u0001F\u000bÃõ;V£ðýl\u0018@/Ô\u0012ü{`´6%¶\u001e-\u001f\tø¶;Ñ%%¾ÈÞH I}\u0017ñ©èÄP[/\u001a\u0003á\u001eâ«òC-M\t¾ÛhÍL³þ(\u0003ÎP¶\u001bõ¨\u001aþ|ýù¯T{­¢NöU\u0018~\\BûOU{­¦ï\u0016c\u001fOeø¿bì_ü÷£c± ·þ;ÇbüqCÿO\u0016áí@\u001f|ï\u0001yî\u0005îþ¯¬ì\u0019\u0005þÅ\u0015\u0019­?W4ý°&ùõºñ\u000e­ÿÌH\u001b,U\u001b\u0006q:s\u0006¿üÜ\f0»éÛ\t\u0014ÿ®\u0019`\u001egÉ·ó¿¼U¥¹b\bXNIM\u001fïUþä\u00040YÃüf\u0002Þ\u0014©\u00176@\u0018F]'Èñw\u0018\u0000&ö\u0011iTc´lÛ¿ã,01\u001a)Rèß\f0<RL-ùs3Àìz«åû3Àì&¡\u000fÿ«UùÛÉHÿ\u0012_³È\u00156çgÅÙj\u0010¼*Î\u0006«ÆP\u000f\u0011ÆÚ¿÷·`»Ý\u0012iþLóÃ£!3V.þ$ãsB6+= cÎ7_\u001b®sEèsÝ¹øÚð\\kÍâ¶Eà#\u0006£Ýkµ=.°CðÓRwÙÓø\u0019Ý´¸MÖ\\1³2¸¸À«!;ê\u001cìW<\u0019/ê#\rf{¤ÇøË<âòüÜ\u001c\\ù\u0003ó­<óÓ\fs¦Åx¯Èy»¦âA?&6®\"ÏWí-5$ÅÝMK4[âø½\u0005y9n×YU¬Á°hs\u0004ÒÌ\u0006\u0007LÕ,(ÍõËE-N»]gòFx=f+¾\u0015Ý¤p\u001aÝº\bËkÑ[6×ã\u0014¡Rr\u0011\b¬ZøÝ×«»½Ø³ÇêÁs=\u0011^§Ëï,G,e°ýs_¯n¶è¡´¿ûíêÿ\nÉ\t>È+õx*£°ÄB¼\u001ce4å:=F\u0010Igp\u0004,\u0011Î\\.Â¦3ë\u001e·×Ñ?íðò«ò2ëÁµ\u000fÕÿÝU\u0015ø\u001f\u001aD*\u001eýO8!¶\u001f©.\r\u0019ý_íX¿\u0005½ÿO\u001dRÒ+JÔ£r¥\u0011ØÏWàöD\u0015°[: ±\u001a\u0010s|£\u0004,æ¿\u0007£\u0013ý[¿Á\u0006\u001eúw\n½|àõWlðH¾+ô¿\u001a£ø?(\u0012~Làþs&0*·¬\nfþge@ÿ« Ül5EZUPn°Ûtb¼äßC\u001eôÖH2)bGK¹\u0010=WÿV¹Ð\u001eø§åâG\u0011¹Ýòß\u001eÃQÿ'~¸ð×I¿ßÎ±6Éü­¸Ø\fÒÿê[\u0002Ä,è_\u000f½ÆÌàzuð÷WÂþo>(|]ý¯fÄÿ;èÿþ\u000e Éüc~øCÁ5n><.²¦¿\u0012\\»Ö&.¶AÍ_'ÿöbÓÉÅF3MÓù×â\u0019¿m¯Eù¸Ú¤¾9ÄdQ\u0003qõOszµlÃ\u0014WëÔÕ¢õë;÷FZ@]±ÖrÙVµì?¸ÚÉÜß¥«$À£+\u001a\u001fäCÅlìoØâ{¤E1I^oPS½Åõ¿)`S&®GfX»Þð\u0004\u001a{þbo®÷7|ÓÀ\u001f]\u001cçïî/Ú'×§×ëO×o²I¥nÐ\u001e÷ï¯×¾cÅwBæp½ö1ªAÏðÛõXÄ÷c|çTPø·àùiñÛ_ÿº\u0018N\u0007¾øöëbLph¾ú¥à³¿cX#M\u0016ÿÌÓÍf´é#1\u0012à´äõotRñì?í¤\"#ó²UïÁü',è{\u0015\u0012)ÄöD\"ñáßè`ÍÖÊëq\u001bqýW\r\\îo%^\u0016°¤ÖCo=Õ@¿¿¿^ötÿêzò)ÿèz|Î©Â:¹ý\u000fo\u0010Tû\u000eÑÌh¶þ¿\fýÏfè\u0011\bÕgÿ?Ò^f\u0001\u0000\u0000"
    }
  },
  "response": {
    "status": 200,
    "statusText": "",
    "httpVersion": "h3",
    "headers": [
      {
        "name": "Content-Security-Policy",
        "value": ""
      },
      {
        "name": "access-control-allow-credentials",
        "value": "true"
      },
      {
        "name": "access-control-allow-origin",
        "value": "https://www.vectal.ai"
      },
      {
        "name": "access-control-expose-headers",
        "value": "X-Accel-Buffering, Content-Type"
      },
      {
        "name": "alt-svc",
        "value": "h3=\":443\"; ma=86400"
      },
      {
        "name": "cf-cache-status",
        "value": "DYNAMIC"
      },
      {
        "name": "cf-ray",
        "value": "9724828d0d3e739a-JNB"
      },
      {
        "name": "content-encoding",
        "value": "br"
      },
      {
        "name": "content-type",
        "value": "application/json"
      },
      {
        "name": "date",
        "value": "Wed, 20 Aug 2025 20:06:14 GMT"
      },
      {
        "name": "priority",
        "value": "u=1,i"
      },
      {
        "name": "rndr-id",
        "value": "0d999bfe-f852-4d72"
      },
      {
        "name": "server",
        "value": "cloudflare"
      },
      {
        "name": "server-timing",
        "value": "cfExtPri"
      },
      {
        "name": "strict-transport-security",
        "value": "max-age=31536000; includeSubDomains"
      },
      {
        "name": "vary",
        "value": "origin, access-control-request-method, access-control-request-headers, Origin"
      },
      {
        "name": "vary",
        "value": "Accept-Encoding"
      },
      {
        "name": "x-envoy-upstream-service-time",
        "value": "493"
      },
      {
        "name": "x-render-origin-server",
        "value": "uvicorn"
      }
    ],
    "cookies": [],
    "content": {
      "size": 15,
      "mimeType": "application/json",
      "text": "{\"status\":\"Ok\"}"
    },
    "redirectURL": "",
    "headersSize": -1,
    "bodySize": -1,
    "_transferSize": 381,
    "_error": null
  },
  "serverIPAddress": "216.24.57.7",
  "startedDateTime": "2025-08-20T20:06:12.712Z",
  "time": 813.7240000069141,
  "timings": {
    "blocked": 3.6860000020847656,
    "dns": -1,
    "ssl": -1,
    "connect": -1,
    "send": 2.026,
    "wait": 805.2199999982361,
    "receive": 2.792000006593298,
    "_blocked_queueing": 1.8760000020847656
  }
}