{
  "_initiator": {
    "type": "script",
    "stack": {
      "callFrames": [
        {
          "functionName": "method",
          "scriptId": "126",
          "url": "https://www.vectal.ai/_next/static/chunks/9da6db1e-ad7decc175389864.js",
          "lineNumber": 0,
          "columnNumber": 80787
        },
        {
          "functionName": "",
          "scriptId": "126",
          "url": "https://www.vectal.ai/_next/static/chunks/9da6db1e-ad7decc175389864.js",
          "lineNumber": 0,
          "columnNumber": 148111
        },
        {
          "functionName": "Pe",
          "scriptId": "126",
          "url": "https://www.vectal.ai/_next/static/chunks/9da6db1e-ad7decc175389864.js",
          "lineNumber": 0,
          "columnNumber": 148117
        },
        {
          "functionName": "retriableRequest",
          "scriptId": "126",
          "url": "https://www.vectal.ai/_next/static/chunks/9da6db1e-ad7decc175389864.js",
          "lineNumber": 0,
          "columnNumber": 118977
        },
        {
          "functionName": "Rs",
          "scriptId": "126",
          "url": "https://www.vectal.ai/_next/static/chunks/9da6db1e-ad7decc175389864.js",
          "lineNumber": 0,
          "columnNumber": 148321
        },
        {
          "functionName": "",
          "scriptId": "126",
          "url": "https://www.vectal.ai/_next/static/chunks/9da6db1e-ad7decc175389864.js",
          "lineNumber": 0,
          "columnNumber": 141725
        },
        {
          "functionName": "",
          "scriptId": "126",
          "url": "https://www.vectal.ai/_next/static/chunks/9da6db1e-ad7decc175389864.js",
          "lineNumber": 0,
          "columnNumber": 118337
        },
        {
          "functionName": "",
          "scriptId": "126",
          "url": "https://www.vectal.ai/_next/static/chunks/9da6db1e-ad7decc175389864.js",
          "lineNumber": 0,
          "columnNumber": 118343
        }
      ],
      "parent": {
        "description": "setTimeout",
        "callFrames": [
          {
            "functionName": "Er",
            "scriptId": "126",
            "url": "https://www.vectal.ai/_next/static/chunks/9da6db1e-ad7decc175389864.js",
            "lineNumber": 0,
            "columnNumber": 118125
          },
          {
            "functionName": "enqueue",
            "scriptId": "126",
            "url": "https://www.vectal.ai/_next/static/chunks/9da6db1e-ad7decc175389864.js",
            "lineNumber": 0,
            "columnNumber": 117852
          },
          {
            "functionName": "capture",
            "scriptId": "126",
            "url": "https://www.vectal.ai/_next/static/chunks/9da6db1e-ad7decc175389864.js",
            "lineNumber": 0,
            "columnNumber": 151479
          },
          {
            "functionName": "Bi",
            "scriptId": "126",
            "url": "https://www.vectal.ai/_next/static/chunks/9da6db1e-ad7decc175389864.js",
            "lineNumber": 0,
            "columnNumber": 65378
          },
          {
            "functionName": "",
            "scriptId": "126",
            "url": "https://www.vectal.ai/_next/static/chunks/9da6db1e-ad7decc175389864.js",
            "lineNumber": 0,
            "columnNumber": 64921
          },
          {
            "functionName": "ai",
            "scriptId": "126",
            "url": "https://www.vectal.ai/_next/static/chunks/9da6db1e-ad7decc175389864.js",
            "lineNumber": 0,
            "columnNumber": 64904
          },
          {
            "functionName": "",
            "scriptId": "126",
            "url": "https://www.vectal.ai/_next/static/chunks/9da6db1e-ad7decc175389864.js",
            "lineNumber": 0,
            "columnNumber": 65345
          }
        ],
        "parent": {
          "description": "setTimeout",
          "callFrames": [
            {
              "functionName": "Ui",
              "scriptId": "126",
              "url": "https://www.vectal.ai/_next/static/chunks/9da6db1e-ad7decc175389864.js",
              "lineNumber": 0,
              "columnNumber": 65324
            },
            {
              "functionName": "onRRwebEmit",
              "scriptId": "126",
              "url": "https://www.vectal.ai/_next/static/chunks/9da6db1e-ad7decc175389864.js",
              "lineNumber": 0,
              "columnNumber": 63832
            },
            {
              "functionName": "emit",
              "scriptId": "126",
              "url": "https://www.vectal.ai/_next/static/chunks/9da6db1e-ad7decc175389864.js",
              "lineNumber": 0,
              "columnNumber": 59214
            },
            {
              "functionName": "At",
              "scriptId": "159",
              "url": "https://vectal-api.onrender.com/_events/static/recorder.js?v=1.259.0",
              "lineNumber": 0,
              "columnNumber": 72562
            },
            {
              "functionName": "mousemoveCb",
              "scriptId": "159",
              "url": "https://vectal-api.onrender.com/_events/static/recorder.js?v=1.259.0",
              "lineNumber": 0,
              "columnNumber": 76208
            },
            {
              "functionName": "e.mousemoveCb",
              "scriptId": "159",
              "url": "https://vectal-api.onrender.com/_events/static/recorder.js?v=1.259.0",
              "lineNumber": 0,
              "columnNumber": 41250
            },
            {
              "functionName": "",
              "scriptId": "159",
              "url": "https://vectal-api.onrender.com/_events/static/recorder.js?v=1.259.0",
              "lineNumber": 0,
              "columnNumber": 42525
            },
            {
              "functionName": "",
              "scriptId": "159",
              "url": "https://vectal-api.onrender.com/_events/static/recorder.js?v=1.259.0",
              "lineNumber": 0,
              "columnNumber": 22912
            }
          ],
          "parent": {
            "description": "setTimeout",
            "callFrames": [
              {
                "functionName": "",
                "scriptId": "159",
                "url": "https://vectal-api.onrender.com/_events/static/recorder.js?v=1.259.0",
                "lineNumber": 0,
                "columnNumber": 22856
              },
              {
                "functionName": "",
                "scriptId": "159",
                "url": "https://vectal-api.onrender.com/_events/static/recorder.js?v=1.259.0",
                "lineNumber": 0,
                "columnNumber": 42720
              },
              {
                "functionName": "",
                "scriptId": "159",
                "url": "https://vectal-api.onrender.com/_events/static/recorder.js?v=1.259.0",
                "lineNumber": 0,
                "columnNumber": 22821
              }
            ]
          }
        }
      }
    }
  },
  "_priority": "High",
  "_resourceType": "fetch",
  "cache": {},
  "request": {
    "method": "POST",
    "url": "https://vectal-api.onrender.com/_events/s/?ip=0&_=1755720377018&ver=1.259.0&compression=gzip-js",
    "httpVersion": "h3",
    "headers": [
      {
        "name": ":authority",
        "value": "vectal-api.onrender.com"
      },
      {
        "name": ":method",
        "value": "POST"
      },
      {
        "name": ":path",
        "value": "/_events/s/?ip=0&_=1755720377018&ver=1.259.0&compression=gzip-js"
      },
      {
        "name": ":scheme",
        "value": "https"
      },
      {
        "name": "accept",
        "value": "*/*"
      },
      {
        "name": "accept-encoding",
        "value": "gzip, deflate, br"
      },
      {
        "name": "accept-language",
        "value": "en-US"
      },
      {
        "name": "content-length",
        "value": "1618"
      },
      {
        "name": "content-type",
        "value": "text/plain"
      },
      {
        "name": "origin",
        "value": "https://www.vectal.ai"
      },
      {
        "name": "referer",
        "value": "https://www.vectal.ai/"
      },
      {
        "name": "sec-ch-ua",
        "value": "\"Not(A:Brand\";v=\"24\", \"Chromium\";v=\"122\""
      },
      {
        "name": "sec-ch-ua-mobile",
        "value": "?0"
      },
      {
        "name": "sec-ch-ua-platform",
        "value": "\"Windows\""
      },
      {
        "name": "sec-fetch-dest",
        "value": "empty"
      },
      {
        "name": "sec-fetch-mode",
        "value": "cors"
      },
      {
        "name": "sec-fetch-site",
        "value": "cross-site"
      },
      {
        "name": "user-agent",
        "value": "Mozilla/5.0 (Windows NT 10.0; Win64; x64) AppleWebKit/537.36 (KHTML, like Gecko) Noi/0.4.0 Chrome/122.0.6261.130 Electron/29.1.5 Safari/537.36"
      }
    ],
    "queryString": [
      {
        "name": "ip",
        "value": "0"
      },
      {
        "name": "_",
        "value": "1755720377018"
      },
      {
        "name": "ver",
        "value": "1.259.0"
      },
      {
        "name": "compression",
        "value": "gzip-js"
      }
    ],
    "cookies": [],
    "headersSize": -1,
    "bodySize": 2432,
    "postData": {
      "mimeType": "text/plain",
      "text": "\u001f\b\u0000\u0000\u0000\u0000\u0000\u0000\u0003íX[oÛ6\u0014þ+ÐGË!%R<mÝ­[]Úu@\"%*\u0011bKªD'õ\u0002ÿ÷}\u0014IY¶,ç2 èÃ\f\u0004I>sø+ý÷½³^\u0017sî\u0010\u001aGiL\u00037\u000bòÌ\r\u0017\u001ewãÆ.YðÌ\u000bÓ,]pâÌ\u001cq+J\tøË¶LêöºÕMUF\u0016¢uÎïwO.\u0017\u001b©D^\u0018±Ù@%2qÎaYnjáû3GKî¶Z7)D\u0014:«¶EUâ} ?CÆbhÙàÐ9Êe\u0004\u001eD²X_ó¼\u0015pËe>ÝÎ4\u0013¢ñA´Ã\u0007xÆ=Z<~Oá=Î·\u001f·ZØÊdU+8\u000f=âãDJÙä±à·~ó\r\f\u001c\u0018\u0007øÐêÅ^\u001cNÚâÁãl\u0005ÚV@pÐ)U°ò\u0018U|Àû´²Ðíü,\u000eT0\u001eek0c[*×RæökÒZð4ÆOÒä°sB\u0019¼â³TÙÿqæ$R6ÅbÝU\u0013ª¡ÓÎðÖP~ï¤Ë¤Å\u001fN²h«%/\u0012Ië\u0017æ|nW»­[V¥p¶Ê|§H1±¯¨LVp¡\\/Û-¬7bUÝ\u001aÓuÒ@Çkõ\u001eß¥\u0003\r\u0015.É²Îß©3û\u000fëhÕs\u0012\u001fT¥§\u001eÖd0(y<Û\u0003SØÙ\u0003(_>,_\u0004ÑúW/×WE\tbæN,ÎJ!ïªææ\u001bª:_²YV\t\fÝ¥OkèÔk\u0006k)ëöüì,©ù­He²'ÅÙºE,ÒkÞ¨~ZÊf£3\u000f*\f\u00153\u0007Î5ò\u001d¼tÎÃ \u000e9ZX¶n\u0012Å\rN\u0015\u0007óè\u000fÚ\"Qí¤\u0004o¬L\u0012;¹é5ôdbYÜÞ\u0002$%ÒêÇªþ­©dVK-DP3Ñ¼ZVéMQ^½\\«LB¦¸\u000b#\u0004J\u001d[4xÚI0Ü¬hp¬±ä¢\u0004'ø¿sÃ<ÖçÓXTúdÕ*)Ê7Uu³®wJR«(­ÊrÏR+Òu#¾Ób°²{b öM\u0013¡m\f\u0013;I^4­|­J¤Xý1zjñÂ0$³yh\u000e¡ÆCm\u000eZtÝ2­2½ª²M/ËÄX6ð£c\u001bãC\u001d«A¸\u0010xÅxWûÉ\u0003e\u001a¤uéÜ\u0014]JvÉKã 9¡N¦5óP(÷ãOC=08#»:3z~|X{¶.açp´ú\u0011Rz\u0014Çè\u001aO\t\u001ev£\u001eóÝàã\u0011u-\u0014øHuõ\u000eÞOzfê\u0007wÔ\r9 ý\u0000µÝ¡û\u00066Fû]«Rºµ'è×\u001aÌK{X\u001aY,Ó§ô÷\u001d6Vm|\u000fëùö¦U¡ë\u0018°ªñý¾ÖÍ\u001bõ\u0013ÄÐÁ\u0019xßWL&ûOè3Bìù¨¼R&Ù\u0016ôñ²ü«4ø$·QC¿\u001fcÍ^Ø\u0018Í\u0011üîNîáí}0íº6À±\u0014\u001e5¹Ç>KMI³K\"m§Øií.Rý\u0011Óiö9ÅÈQë¯h[0|9X¶ÉÂ¥X¬Ý0HC7\n²ÈÅ+p)\u000f#.\u0016h¸/ï2«î\u001e|Çg,ÈX&êe±\u0000\u001aÊüs¢,CHç\u001eçjÕPú:½\u0017õ\u0007þó\u0015¿[ýÉß\u0007þ_7Éû_6>ü ¿ýþâÓ\u0015¿úÞ·¿_üä)è¯yqu<Y/Õ¼sà4w\tw=¦&NÑÊ¢L¥v\u0007I\u001c\u0013»¹à¡Ë\"FÝÄÏ»XäØ\u001a(ÊEâºÊPé£Ç)ÚG\u001217Ì#á.RNÜ\u0004\u0011Â£{yöÌK\tãÈ¤ÿz)éSÃì|ãÔ`\b¿I#Ý3»}ëxzúý&c°Y½jÆïc­¾\u001ekSyõôb£ºI{Õt7;Ü¨¾\f(¬ÖëG\u0006\u001bÐqLoSÐÓëò1:­IÕ\u0011tk\u0018\rØV°Å\u0012KÑ¨Ù2fé4XÀ\u0011ê£\"C§\u001d=ããû¶[l\u001fþ1õA<M\u0011W÷çQ0Md±u/4ÍS5ÆãcõsÎ`Q\u0016Sì÷]Ù`}Ïè\rÈáüôõÉ\u0006XÛíÇXEÆª\u0015ætÆ!\u0016\u000b5À2µ4\u001dO]&\u0007ºJËG°Ä¦J Ç2S·\u0014NzÜ?Nß~\u001f¾Ö=á6öð\u000b³çt\u0011~ipeÒ7$\u001dû¨0>GõùH[t®\u0016Æ);§¿ùâç\u001eùÝÁ0qn ôÈØÎ#¿\r¥ÓüÒ\fã{¯Ë\u001fÝ-ÔÛm\u0014ü~3>ì=¼¿óô\u00113cjíÛª¹|1»x Ów\u0007üúºh\r|öÿ6ýèm:£íÇ\u0001~S×ã\u0017\u0000\u0000"
    }
  },
  "response": {
    "status": 200,
    "statusText": "",
    "httpVersion": "h3",
    "headers": [
      {
        "name": "Content-Security-Policy",
        "value": ""
      },
      {
        "name": "access-control-allow-credentials",
        "value": "true"
      },
      {
        "name": "access-control-allow-origin",
        "value": "https://www.vectal.ai"
      },
      {
        "name": "access-control-expose-headers",
        "value": "X-Accel-Buffering, Content-Type"
      },
      {
        "name": "alt-svc",
        "value": "h3=\":443\"; ma=86400"
      },
      {
        "name": "cf-cache-status",
        "value": "DYNAMIC"
      },
      {
        "name": "cf-ray",
        "value": "972482a7ec66739a-JNB"
      },
      {
        "name": "content-encoding",
        "value": "br"
      },
      {
        "name": "content-type",
        "value": "application/json"
      },
      {
        "name": "date",
        "value": "Wed, 20 Aug 2025 20:06:18 GMT"
      },
      {
        "name": "priority",
        "value": "u=1,i"
      },
      {
        "name": "rndr-id",
        "value": "98b83acd-77fe-4627"
      },
      {
        "name": "server",
        "value": "cloudflare"
      },
      {
        "name": "server-timing",
        "value": "cfExtPri"
      },
      {
        "name": "strict-transport-security",
        "value": "max-age=31536000; includeSubDomains"
      },
      {
        "name": "vary",
        "value": "origin, access-control-request-method, access-control-request-headers, Origin"
      },
      {
        "name": "vary",
        "value": "Accept-Encoding"
      },
      {
        "name": "x-envoy-upstream-service-time",
        "value": "457"
      },
      {
        "name": "x-render-origin-server",
        "value": "uvicorn"
      }
    ],
    "cookies": [],
    "content": {
      "size": 15,
      "mimeType": "application/json",
      "text": "{\"status\":\"Ok\"}"
    },
    "redirectURL": "",
    "headersSize": -1,
    "bodySize": -1,
    "_transferSize": 381,
    "_error": null
  },
  "serverIPAddress": "216.24.57.7",
  "startedDateTime": "2025-08-20T20:06:17.020Z",
  "time": 757.2500000023865,
  "timings": {
    "blocked": 2.02499999709148,
    "dns": -1,
    "ssl": -1,
    "connect": -1,
    "send": 0.653,
    "wait": 750.8210000014641,
    "receive": 3.7510000038309954,
    "_blocked_queueing": 1.1519999970914796
  }
}