{
  "_initiator": {
    "type": "script",
    "stack": {
      "callFrames": [
        {
          "functionName": "method",
          "scriptId": "126",
          "url": "https://www.vectal.ai/_next/static/chunks/9da6db1e-ad7decc175389864.js",
          "lineNumber": 0,
          "columnNumber": 80787
        },
        {
          "functionName": "",
          "scriptId": "126",
          "url": "https://www.vectal.ai/_next/static/chunks/9da6db1e-ad7decc175389864.js",
          "lineNumber": 0,
          "columnNumber": 148111
        },
        {
          "functionName": "Pe",
          "scriptId": "126",
          "url": "https://www.vectal.ai/_next/static/chunks/9da6db1e-ad7decc175389864.js",
          "lineNumber": 0,
          "columnNumber": 148117
        },
        {
          "functionName": "retriableRequest",
          "scriptId": "126",
          "url": "https://www.vectal.ai/_next/static/chunks/9da6db1e-ad7decc175389864.js",
          "lineNumber": 0,
          "columnNumber": 118977
        },
        {
          "functionName": "Rs",
          "scriptId": "126",
          "url": "https://www.vectal.ai/_next/static/chunks/9da6db1e-ad7decc175389864.js",
          "lineNumber": 0,
          "columnNumber": 148321
        },
        {
          "functionName": "",
          "scriptId": "126",
          "url": "https://www.vectal.ai/_next/static/chunks/9da6db1e-ad7decc175389864.js",
          "lineNumber": 0,
          "columnNumber": 141725
        },
        {
          "functionName": "",
          "scriptId": "126",
          "url": "https://www.vectal.ai/_next/static/chunks/9da6db1e-ad7decc175389864.js",
          "lineNumber": 0,
          "columnNumber": 118337
        },
        {
          "functionName": "",
          "scriptId": "126",
          "url": "https://www.vectal.ai/_next/static/chunks/9da6db1e-ad7decc175389864.js",
          "lineNumber": 0,
          "columnNumber": 118343
        }
      ],
      "parent": {
        "description": "setTimeout",
        "callFrames": [
          {
            "functionName": "Er",
            "scriptId": "126",
            "url": "https://www.vectal.ai/_next/static/chunks/9da6db1e-ad7decc175389864.js",
            "lineNumber": 0,
            "columnNumber": 118125
          },
          {
            "functionName": "enqueue",
            "scriptId": "126",
            "url": "https://www.vectal.ai/_next/static/chunks/9da6db1e-ad7decc175389864.js",
            "lineNumber": 0,
            "columnNumber": 117852
          },
          {
            "functionName": "capture",
            "scriptId": "126",
            "url": "https://www.vectal.ai/_next/static/chunks/9da6db1e-ad7decc175389864.js",
            "lineNumber": 0,
            "columnNumber": 151479
          },
          {
            "functionName": "Bi",
            "scriptId": "126",
            "url": "https://www.vectal.ai/_next/static/chunks/9da6db1e-ad7decc175389864.js",
            "lineNumber": 0,
            "columnNumber": 65378
          },
          {
            "functionName": "",
            "scriptId": "126",
            "url": "https://www.vectal.ai/_next/static/chunks/9da6db1e-ad7decc175389864.js",
            "lineNumber": 0,
            "columnNumber": 64921
          },
          {
            "functionName": "ai",
            "scriptId": "126",
            "url": "https://www.vectal.ai/_next/static/chunks/9da6db1e-ad7decc175389864.js",
            "lineNumber": 0,
            "columnNumber": 64904
          },
          {
            "functionName": "",
            "scriptId": "126",
            "url": "https://www.vectal.ai/_next/static/chunks/9da6db1e-ad7decc175389864.js",
            "lineNumber": 0,
            "columnNumber": 65345
          }
        ],
        "parent": {
          "description": "setTimeout",
          "callFrames": [
            {
              "functionName": "Ui",
              "scriptId": "126",
              "url": "https://www.vectal.ai/_next/static/chunks/9da6db1e-ad7decc175389864.js",
              "lineNumber": 0,
              "columnNumber": 65324
            },
            {
              "functionName": "onRRwebEmit",
              "scriptId": "126",
              "url": "https://www.vectal.ai/_next/static/chunks/9da6db1e-ad7decc175389864.js",
              "lineNumber": 0,
              "columnNumber": 63832
            },
            {
              "functionName": "emit",
              "scriptId": "126",
              "url": "https://www.vectal.ai/_next/static/chunks/9da6db1e-ad7decc175389864.js",
              "lineNumber": 0,
              "columnNumber": 59214
            },
            {
              "functionName": "At",
              "scriptId": "159",
              "url": "https://vectal-api.onrender.com/_events/static/recorder.js?v=1.259.0",
              "lineNumber": 0,
              "columnNumber": 72562
            },
            {
              "functionName": "mousemoveCb",
              "scriptId": "159",
              "url": "https://vectal-api.onrender.com/_events/static/recorder.js?v=1.259.0",
              "lineNumber": 0,
              "columnNumber": 76208
            },
            {
              "functionName": "e.mousemoveCb",
              "scriptId": "159",
              "url": "https://vectal-api.onrender.com/_events/static/recorder.js?v=1.259.0",
              "lineNumber": 0,
              "columnNumber": 41250
            },
            {
              "functionName": "",
              "scriptId": "159",
              "url": "https://vectal-api.onrender.com/_events/static/recorder.js?v=1.259.0",
              "lineNumber": 0,
              "columnNumber": 42525
            },
            {
              "functionName": "",
              "scriptId": "159",
              "url": "https://vectal-api.onrender.com/_events/static/recorder.js?v=1.259.0",
              "lineNumber": 0,
              "columnNumber": 22912
            }
          ],
          "parent": {
            "description": "setTimeout",
            "callFrames": [
              {
                "functionName": "",
                "scriptId": "159",
                "url": "https://vectal-api.onrender.com/_events/static/recorder.js?v=1.259.0",
                "lineNumber": 0,
                "columnNumber": 22856
              },
              {
                "functionName": "",
                "scriptId": "159",
                "url": "https://vectal-api.onrender.com/_events/static/recorder.js?v=1.259.0",
                "lineNumber": 0,
                "columnNumber": 42720
              },
              {
                "functionName": "",
                "scriptId": "159",
                "url": "https://vectal-api.onrender.com/_events/static/recorder.js?v=1.259.0",
                "lineNumber": 0,
                "columnNumber": 22821
              }
            ]
          }
        }
      }
    }
  },
  "_priority": "High",
  "_resourceType": "fetch",
  "cache": {},
  "request": {
    "method": "POST",
    "url": "https://vectal-api.onrender.com/_events/i/v0/e/?ip=0&_=1755720377021&ver=1.259.0&compression=gzip-js",
    "httpVersion": "h3",
    "headers": [
      {
        "name": ":authority",
        "value": "vectal-api.onrender.com"
      },
      {
        "name": ":method",
        "value": "POST"
      },
      {
        "name": ":path",
        "value": "/_events/i/v0/e/?ip=0&_=1755720377021&ver=1.259.0&compression=gzip-js"
      },
      {
        "name": ":scheme",
        "value": "https"
      },
      {
        "name": "accept",
        "value": "*/*"
      },
      {
        "name": "accept-encoding",
        "value": "gzip, deflate, br"
      },
      {
        "name": "accept-language",
        "value": "en-US"
      },
      {
        "name": "content-length",
        "value": "2379"
      },
      {
        "name": "content-type",
        "value": "text/plain"
      },
      {
        "name": "origin",
        "value": "https://www.vectal.ai"
      },
      {
        "name": "referer",
        "value": "https://www.vectal.ai/"
      },
      {
        "name": "sec-ch-ua",
        "value": "\"Not(A:Brand\";v=\"24\", \"Chromium\";v=\"122\""
      },
      {
        "name": "sec-ch-ua-mobile",
        "value": "?0"
      },
      {
        "name": "sec-ch-ua-platform",
        "value": "\"Windows\""
      },
      {
        "name": "sec-fetch-dest",
        "value": "empty"
      },
      {
        "name": "sec-fetch-mode",
        "value": "cors"
      },
      {
        "name": "sec-fetch-site",
        "value": "cross-site"
      },
      {
        "name": "user-agent",
        "value": "Mozilla/5.0 (Windows NT 10.0; Win64; x64) AppleWebKit/537.36 (KHTML, like Gecko) Noi/0.4.0 Chrome/122.0.6261.130 Electron/29.1.5 Safari/537.36"
      }
    ],
    "queryString": [
      {
        "name": "ip",
        "value": "0"
      },
      {
        "name": "_",
        "value": "1755720377021"
      },
      {
        "name": "ver",
        "value": "1.259.0"
      },
      {
        "name": "compression",
        "value": "gzip-js"
      }
    ],
    "cookies": [],
    "headersSize": -1,
    "bodySize": 3556,
    "postData": {
      "mimeType": "text/plain",
      "text": "\u001f\b\u0000\u0000\u0000\u0000\u0000\u0000\u0003í\u0018mÈù¯Ü\\H\u0019Ì»£û\u00105éµËµUr\u0017)\u001b\u000b\r0À!Ã`{sÊï3\u0003ØÀz³»­Ú\u000f§]keüÌóþ>\\ý¾h[,6\u000bÓ\nÖq`ù8I¼\b¯ãàõÊ_áµ\u001b¹Ä²ÀÅó\u0005ÝÓJ\u0002ú'9%²$5ÀjÁk*$£Íbóûâ\t¯Å\u0007V%üÐÀ)ü\u000e÷T4W\u0000·L\u0005\u0004Q\u0001¿ÿ\u000b^R\u0005KèÅ4×5\u0005ø+Úì$WÜHVÒ/¼RÐ©`1YþÈsRU´Z1B¦\r\u0005õ°e\u0000[!@Ý°\u0015\u0005\u0010çRÖÍf¹<\u001c\u000eÆÆ\u0014\u0006aKEóFÙ49PðÈ¼\" Þf¡ñ\u00049-è\u001d¬óÂ[þ\u0015\u0005Yzö&£ß#Ë4Ì\u0017\b\u0000¾û\u0002\u001d}÷\u0019zY×\u0005ý@£7L.=ge8>zúæoïßþô\u001c\u0015lGÑ\u000f4ÞñgègÎ¦á\u0002»Î1KË¶\rÓðmß2,ÇD¯\u000bÐOðji\u0007exè\u001dI`=ÇgÏ\u001e\u0007\u0006#pAª¬\u0005íAwZá_ÞI³°\u00164eG¢ÎXPZ9eY\u000eFko{è%2_llËq\u0001¸gôPs!ÏÈ¦µ\u001eÃ{tËóV\u0005Ûi¤ÄÀq\u0018¶\u0017\u0018:YX\u0005ÚÉPgé>\bZ&¼*Ë,I7\u0019¢\u000f,W·²Mgå\u0019¾\u000bº$¬¬{:Ï'A`º)N©·ÂîÚµ0q\u0012\u0013GQê[+²^§t²d¤`_\u0004=ÂõÂ6m\u000fklï­`ã9\u001bÛ3\\ßÿ¨(b^¥,k\u0005MÂ6J{MÅ[\u0019P\bÖÚTçü>\u0015gE)<âcÐÜÂCbìÄv\u0010 ^û¾Õ3oxAÃg¡ 1\u0017\t«²V$*´<\u0001\u000e\u000b\u001bR´T¥×á]Qyàb\u0017Öäºà$\tcRKPWjÿøO*R.JRÅ\u001a:\u0010\u0019@?p({\u0006µ\u0001FÍ!!)\n~\u0000J*¡@\u0001£jâë×ú¤Ùi¾\nç\"FLª=iÎ\u0000PJ±\u0012´.ÈuØ\u0012J)\u0014D¶=þ\bôee[I\u000b§:¦ç³¬a\u0017²Ó!i%ï=\u0011BÖ\\ðm\n6*ç,þV\fîr\f ÐcLkbä\f\u0007Á\tU+X¼»EòHbÉö4lÖLÓd ôj\u0001µ­<k¨o\\Ñ\u0003Vm¬Áà¡ä¶@Ý-ïÆÞ,âÈ®\u000fà­îÔc±C¾© ¢79\u0013ôsK¾6ÍÆ®­J J 6\u0000\u0013Ë£8YQ\u0012D\u0011ÍX÷\u0001Ýy\u001fTÍÐÇ(L\u00005g$\fòI¡*Ñ\u0012^\u0012¦\u00196É.LhÔ*%uÒ\bZr\tsI°,\u0003\u0005J\"ã\\gé4nÐéIy\"k$¯\u0006ã\u0000\u00182í¢L\u0018Xÿ!eÁª\u001d$öò½8ôc<L$ªúo\u001bØ\u0014`$X\u0005½ì\u001a\u001e|øDdT0,×ý\u0000×Ùºøúüd%0|O\u0007R5(Ðu½ÿ<UY=é\u0016ÒTò\u001d\f½Í¢ÎãP¾®?zo2ïPþâýê;\u001fvä×·×?þ _¾zý9ó²cZÙ?½~÷¯×?ÚçA\u0000ÑHI[HåînlxØvu¨ú>7Ú¶Ì\b[q\u0012ã\u001fÃ¢å'k\f\u0013Ìvtµöº¡xÐ;Å4ëú»uÖ\u000f ýJßK5p\tçÖàÞµKM±oÛ¬¦X7ö¬Ó(8¥n×Ø.¦<«$\u0015\u0015)Â¨MÁ° U¦\fç>Ø\rû\u0002rm×ó'ØÃê8(z\u001e)«iùSä\u0001\t´\u0015jéQ«\u0015ø¦çújû\u0019ë ÌÞ×Ò^°Ú\fÔæ\u0013·äeHj6ølpqç7\f'\u0006¯@§\n#æå²k0zÃV}Z­Xó<¡¾\u0003Ù¤ø\u0016YÅO]j©Þu\u001aÀ\u0007\u0016,eª.úá\u0005Ë|\fæ°Ñ7`\u0012üLYqmJW5z¡ÑLªæ\bù¢\"¥+\u0007\"\u0015\u0004PFÃ\u001en9«µ*Éù\u001dÚ«\u0014ôI)\u001c²Æ\u001e]G.%î:µUO:Ý1FùññxÍøÿ]3Øot½£\\þf­¸ï~Ö3»føFà\u0005×ÇkÆã5ãññxÍ¸C¯æxWW&Â*h©\u0010Â®=ÖÔ¤2\b\u001b!f1\u001côHÓHI¢P\u000fU\f\bÆ!g\u0002I\féÄ\u000fÔ\u001b\"¥\b!¥IÓ|ÿ\t\u0014ë\u0010Ñ\rDtz¶h,ëÓ¢ã¤nIX\u0019J]\\ð&ÃQ#¯\u000b\u0005-É\u0011ëù³A1)â§i~0rÌúøìÅ§E%s\f-\u0012@µ»<ÅÊ1\u0000°@Gzðô÷*\u0015¤\u0001cÎèÏè\u0015Ýÿ£n>-^D­¼2¢\f_ýÉþ«úlgn)èÑHy%1Ü¤XÄÄÈHm#kØL\bÁ\r%T\u001cø\u001c¶ÊZ`Ø(ê# Ö×\u0018æ¾\u0001\u0015\u0007ûfb(¥ðåÔÇm÷\\ÐTvOÚ\u0010\u0002R50Ó@\u0005èEÆ\u0001§®3ïw@¤ÔCc¹Hk\\ÔÉEZ\u0013ÔKG#éÝ³nZ¦ZL\u0002&\u0013ït<µ\u001dóXFüÀ¾µA\"Úÿ\u001c­ìçÈòg\b\u0014B\u0010Uý¯¶\u00079\u000b/DóááMØÞÐÎ\u0010´\u0000õ÷tæF}Ã»%*3\u0016S\"N\u0004\u0000­Fw'Á0ÎxQDD`\t\u001dI§\u0017\u0004\t Î±i¨(¤0}ð\u0011ç,ûÄ\u0019rÕÌÉ¢\u001bôè¢X6ØB½Øû=­\u000bJ\u001aU×\u0018v¦¾F:KôWÌ&õ\u0006MÓê6{zí¿#\rfötU1hr©¥t«î\u0006Up\u0001¹«\u0000@¶R_*Ê\u000e8\u0017/çN¹k\u001d53£«çÜ3±\nå\u001cúÞu\u0013%Ðáaí)¦u¤º\u001a´\"S½7 t-\t(\u001fàK¥qÑ\u0005³\u0004!?8\u00067óøÛò¾\u0011qw.\r\u0000Zî¡­>[#­\n\u00008úï\u0004\u0010¦Ñ9*W0\u000f}¾=µ·qy]éÁ¹ùqeÛÐV·3\u001b\u0006Yª¹vm¾W\u0011\r\u001a\r\u000f']ÇUÚËVêI{Æ¡ï\u0014E¶\n\u001eïæEÖå÷púØöi|rÖÅÉª½Ñçn?e\u001f6\u001f:Yz²,Õ¦¯º®Zà}\u0006_]éÅg\u000f/\u0001H%¿×Ãn»UÃ·Çîs®Ùç5¼ÈºârPý^\u0002ç-\u0012\u000f\u0007Ãîåxß½@3(f°MÃ\u0011ìÚ7ÏJ\u001eÁ®\r¼T1¿»OxrÝWÄKõÙ\u000e\u0001;eø©¤Õ »ì1ý8Ç»ÒÍÜîápÚ\u000b\u001bÈ¥\u0005Soã°÷Ã\"\u0002\u000bö-\b =¾\nÿ\u0003½\nW¯Áîù*Üu\u0002õí~¯Â-w=}Ëþø*üWá¾ýuûo±ÙÏn#\u0000\u0000"
    }
  },
  "response": {
    "status": 200,
    "statusText": "",
    "httpVersion": "h3",
    "headers": [
      {
        "name": "Content-Security-Policy",
        "value": ""
      },
      {
        "name": "access-control-allow-credentials",
        "value": "true"
      },
      {
        "name": "access-control-allow-origin",
        "value": "https://www.vectal.ai"
      },
      {
        "name": "access-control-expose-headers",
        "value": "X-Accel-Buffering, Content-Type"
      },
      {
        "name": "alt-svc",
        "value": "h3=\":443\"; ma=86400"
      },
      {
        "name": "cf-cache-status",
        "value": "DYNAMIC"
      },
      {
        "name": "cf-ray",
        "value": "972482a7fc6f739a-JNB"
      },
      {
        "name": "content-encoding",
        "value": "br"
      },
      {
        "name": "content-type",
        "value": "application/json"
      },
      {
        "name": "date",
        "value": "Wed, 20 Aug 2025 20:06:17 GMT"
      },
      {
        "name": "priority",
        "value": "u=1,i"
      },
      {
        "name": "rndr-id",
        "value": "4e29b781-51f1-4190"
      },
      {
        "name": "server",
        "value": "cloudflare"
      },
      {
        "name": "server-timing",
        "value": "cfExtPri"
      },
      {
        "name": "strict-transport-security",
        "value": "max-age=31536000; includeSubDomains"
      },
      {
        "name": "vary",
        "value": "origin, access-control-request-method, access-control-request-headers, Origin"
      },
      {
        "name": "vary",
        "value": "Accept-Encoding"
      },
      {
        "name": "x-envoy-upstream-service-time",
        "value": "24"
      },
      {
        "name": "x-render-origin-server",
        "value": "uvicorn"
      }
    ],
    "cookies": [],
    "content": {
      "size": 15,
      "mimeType": "application/json",
      "text": "{\"status\":\"Ok\"}"
    },
    "redirectURL": "",
    "headersSize": -1,
    "bodySize": -1,
    "_transferSize": 380,
    "_error": null
  },
  "serverIPAddress": "216.24.57.7",
  "startedDateTime": "2025-08-20T20:06:17.023Z",
  "time": 315.1789999974426,
  "timings": {
    "blocked": 2.032999998107087,
    "dns": -1,
    "ssl": -1,
    "connect": -1,
    "send": 0.632,
    "wait": 310.8329999977816,
    "receive": 1.6810000015539117,
    "_blocked_queueing": 1.1549999981070869
  }
}