{
  "_initiator": {
    "type": "script",
    "stack": {
      "callFrames": [
        {
          "functionName": "method",
          "scriptId": "126",
          "url": "https://www.vectal.ai/_next/static/chunks/9da6db1e-ad7decc175389864.js",
          "lineNumber": 0,
          "columnNumber": 80787
        },
        {
          "functionName": "",
          "scriptId": "126",
          "url": "https://www.vectal.ai/_next/static/chunks/9da6db1e-ad7decc175389864.js",
          "lineNumber": 0,
          "columnNumber": 148111
        },
        {
          "functionName": "Pe",
          "scriptId": "126",
          "url": "https://www.vectal.ai/_next/static/chunks/9da6db1e-ad7decc175389864.js",
          "lineNumber": 0,
          "columnNumber": 148117
        },
        {
          "functionName": "retriableRequest",
          "scriptId": "126",
          "url": "https://www.vectal.ai/_next/static/chunks/9da6db1e-ad7decc175389864.js",
          "lineNumber": 0,
          "columnNumber": 118977
        },
        {
          "functionName": "Rs",
          "scriptId": "126",
          "url": "https://www.vectal.ai/_next/static/chunks/9da6db1e-ad7decc175389864.js",
          "lineNumber": 0,
          "columnNumber": 148321
        },
        {
          "functionName": "",
          "scriptId": "126",
          "url": "https://www.vectal.ai/_next/static/chunks/9da6db1e-ad7decc175389864.js",
          "lineNumber": 0,
          "columnNumber": 141725
        },
        {
          "functionName": "",
          "scriptId": "126",
          "url": "https://www.vectal.ai/_next/static/chunks/9da6db1e-ad7decc175389864.js",
          "lineNumber": 0,
          "columnNumber": 118337
        },
        {
          "functionName": "",
          "scriptId": "126",
          "url": "https://www.vectal.ai/_next/static/chunks/9da6db1e-ad7decc175389864.js",
          "lineNumber": 0,
          "columnNumber": 118343
        }
      ],
      "parent": {
        "description": "setTimeout",
        "callFrames": [
          {
            "functionName": "Er",
            "scriptId": "126",
            "url": "https://www.vectal.ai/_next/static/chunks/9da6db1e-ad7decc175389864.js",
            "lineNumber": 0,
            "columnNumber": 118125
          },
          {
            "functionName": "enqueue",
            "scriptId": "126",
            "url": "https://www.vectal.ai/_next/static/chunks/9da6db1e-ad7decc175389864.js",
            "lineNumber": 0,
            "columnNumber": 117852
          },
          {
            "functionName": "capture",
            "scriptId": "126",
            "url": "https://www.vectal.ai/_next/static/chunks/9da6db1e-ad7decc175389864.js",
            "lineNumber": 0,
            "columnNumber": 151479
          },
          {
            "functionName": "Bi",
            "scriptId": "126",
            "url": "https://www.vectal.ai/_next/static/chunks/9da6db1e-ad7decc175389864.js",
            "lineNumber": 0,
            "columnNumber": 65378
          },
          {
            "functionName": "",
            "scriptId": "126",
            "url": "https://www.vectal.ai/_next/static/chunks/9da6db1e-ad7decc175389864.js",
            "lineNumber": 0,
            "columnNumber": 64921
          },
          {
            "functionName": "ai",
            "scriptId": "126",
            "url": "https://www.vectal.ai/_next/static/chunks/9da6db1e-ad7decc175389864.js",
            "lineNumber": 0,
            "columnNumber": 64904
          },
          {
            "functionName": "",
            "scriptId": "126",
            "url": "https://www.vectal.ai/_next/static/chunks/9da6db1e-ad7decc175389864.js",
            "lineNumber": 0,
            "columnNumber": 65345
          }
        ],
        "parent": {
          "description": "setTimeout",
          "callFrames": [
            {
              "functionName": "Ui",
              "scriptId": "126",
              "url": "https://www.vectal.ai/_next/static/chunks/9da6db1e-ad7decc175389864.js",
              "lineNumber": 0,
              "columnNumber": 65324
            },
            {
              "functionName": "onRRwebEmit",
              "scriptId": "126",
              "url": "https://www.vectal.ai/_next/static/chunks/9da6db1e-ad7decc175389864.js",
              "lineNumber": 0,
              "columnNumber": 63832
            },
            {
              "functionName": "emit",
              "scriptId": "126",
              "url": "https://www.vectal.ai/_next/static/chunks/9da6db1e-ad7decc175389864.js",
              "lineNumber": 0,
              "columnNumber": 59214
            },
            {
              "functionName": "At",
              "scriptId": "159",
              "url": "https://vectal-api.onrender.com/_events/static/recorder.js?v=1.259.0",
              "lineNumber": 0,
              "columnNumber": 72562
            },
            {
              "functionName": "mousemoveCb",
              "scriptId": "159",
              "url": "https://vectal-api.onrender.com/_events/static/recorder.js?v=1.259.0",
              "lineNumber": 0,
              "columnNumber": 76208
            },
            {
              "functionName": "e.mousemoveCb",
              "scriptId": "159",
              "url": "https://vectal-api.onrender.com/_events/static/recorder.js?v=1.259.0",
              "lineNumber": 0,
              "columnNumber": 41250
            },
            {
              "functionName": "",
              "scriptId": "159",
              "url": "https://vectal-api.onrender.com/_events/static/recorder.js?v=1.259.0",
              "lineNumber": 0,
              "columnNumber": 42525
            },
            {
              "functionName": "",
              "scriptId": "159",
              "url": "https://vectal-api.onrender.com/_events/static/recorder.js?v=1.259.0",
              "lineNumber": 0,
              "columnNumber": 22912
            }
          ],
          "parent": {
            "description": "setTimeout",
            "callFrames": [
              {
                "functionName": "",
                "scriptId": "159",
                "url": "https://vectal-api.onrender.com/_events/static/recorder.js?v=1.259.0",
                "lineNumber": 0,
                "columnNumber": 22856
              },
              {
                "functionName": "",
                "scriptId": "159",
                "url": "https://vectal-api.onrender.com/_events/static/recorder.js?v=1.259.0",
                "lineNumber": 0,
                "columnNumber": 42720
              },
              {
                "functionName": "",
                "scriptId": "159",
                "url": "https://vectal-api.onrender.com/_events/static/recorder.js?v=1.259.0",
                "lineNumber": 0,
                "columnNumber": 22821
              }
            ]
          }
        }
      }
    }
  },
  "_priority": "High",
  "_resourceType": "fetch",
  "cache": {},
  "request": {
    "method": "POST",
    "url": "https://vectal-api.onrender.com/_events/s/?ip=0&_=1755720381098&ver=1.259.0&compression=gzip-js",
    "httpVersion": "h3",
    "headers": [
      {
        "name": ":authority",
        "value": "vectal-api.onrender.com"
      },
      {
        "name": ":method",
        "value": "POST"
      },
      {
        "name": ":path",
        "value": "/_events/s/?ip=0&_=1755720381098&ver=1.259.0&compression=gzip-js"
      },
      {
        "name": ":scheme",
        "value": "https"
      },
      {
        "name": "accept",
        "value": "*/*"
      },
      {
        "name": "accept-encoding",
        "value": "gzip, deflate, br"
      },
      {
        "name": "accept-language",
        "value": "en-US"
      },
      {
        "name": "content-length",
        "value": "25847"
      },
      {
        "name": "content-type",
        "value": "text/plain"
      },
      {
        "name": "origin",
        "value": "https://www.vectal.ai"
      },
      {
        "name": "referer",
        "value": "https://www.vectal.ai/"
      },
      {
        "name": "sec-ch-ua",
        "value": "\"Not(A:Brand\";v=\"24\", \"Chromium\";v=\"122\""
      },
      {
        "name": "sec-ch-ua-mobile",
        "value": "?0"
      },
      {
        "name": "sec-ch-ua-platform",
        "value": "\"Windows\""
      },
      {
        "name": "sec-fetch-dest",
        "value": "empty"
      },
      {
        "name": "sec-fetch-mode",
        "value": "cors"
      },
      {
        "name": "sec-fetch-site",
        "value": "cross-site"
      },
      {
        "name": "user-agent",
        "value": "Mozilla/5.0 (Windows NT 10.0; Win64; x64) AppleWebKit/537.36 (KHTML, like Gecko) Noi/0.4.0 Chrome/122.0.6261.130 Electron/29.1.5 Safari/537.36"
      }
    ],
    "queryString": [
      {
        "name": "ip",
        "value": "0"
      },
      {
        "name": "_",
        "value": "1755720381098"
      },
      {
        "name": "ver",
        "value": "1.259.0"
      },
      {
        "name": "compression",
        "value": "gzip-js"
      }
    ],
    "cookies": [],
    "headersSize": -1,
    "bodySize": 38621,
    "postData": {
      "mimeType": "text/plain",
      "text": "\u001f\b\u0000\u0000\u0000\u0000\u0000\u0000\u0003í}\u0007WTÙ¶î_\u0001D\u0011$T\u000ef\t\u0012\u0014\u0015T\f\u0014hE(Á\u0002\"cFÉ\u0019A\u0004\f(((¨8Æì}kÏµÂÐ§»ïyw7Æ;}o·îÚ{í\u0015füfØ¥m\t\r\rA_ÂÁ\u0004Ñéð:¶4¿ÍïL³{þ4ßiOs\u0004ì\u0016£Çap8\u0003ÖÔ\u0004£?\u0014Áíõ!wm}eM\u0004×jÃ5µþp$è¯O8Ø¶óË5OKD^r\u001aÌæÔË>wÄp\u0010o´Ôú\u0013\u000eâ7¾ÒP_Ó\u0010öâ\u0011cÖÔ\u0007#Á\u0010ÇÍ\t\u0007\u001dÔ\u0016Üm³¥&È\tÛ¸\u0010\tÞô\r\u0004êýRÅb¹ªÝëÄ=¸×dÇ-ò^«ÝòÓ½f§ñ§{åpÚ½\u0016ÓÏ÷­ú½Ví^£M¿×\u000b»î59¢ãâò^»áO÷\u001am?ÏÁàüÓ\u001cFý^\u0007î÷:õ9È\u000b»îµ:ô[yX³YÝj3àÂî[oÝâKõ\u0011÷ÍZ9]«Õn2í6\u0003¯ägeEüÍ\u0011O«Á`0\u0006D¯Ë#ÿd0\u0014±PÉÖþmÖþmÔþmâëô~%o§]áØë±ÿ\u0006i¹#pÐÓ ÑÑßyOºO¸Bânv/_µÒøF[\r7]®fñ6:ÅÌ\u0015§ÈxF\f®&\u001a¤å¶¶\\·öEü M~Ô'\u0016öïû´'¬â¥x >!¯Xl\u0011Oko¸<çhÖÄWñ¦zµ{x\u001eñDô¹\\V¤Îp±ö¹¾ìÑþd§GÛâ\u001d­]¡çW~»ê°ÿfMãß]ò¿ÞZïï½A,_¤©\u0010M\u0019\\\u0001úÎ;q\u001eGÚ¯~Ñ¥ý×tSlRÿIñ\\l\t±\u001dáqcÁÂ;êM\u0016ë<º¶v£)Ñ)&´?Ùè+})\u0012k4c\u0013b¢ñ¸7NSËÂ\u001ewøø³4&îó\u001e¤é:ñ\u0006Åû}\u0017DoÙUz[LÓ|¸é´M\u000fè\u0019Í¶ÙÄKÞ$±ÔVY[(¾Ò4\r¹\"â!ONL»\\âó\tÚpyhN]ºë¤\u0017aê\u0014ïÄj£D»¨Ñ\u0007j¹É¤#\u0018ÿÁ©£ôî¢\u0017\u001fè\u0011õÆ~\u001a î«´ÂkÎàí1è-\u001c¥>ü\u0010â+ \u0010m\u0018mxìã§kÚß=4Aó4S|bgëöJ1ÉµQ/6hP»Õà¡<ê\u0017ëbDt\u001eL\u0002í¿ã£\u0010Ïy«ÝXÁêaÞ,#ÍùöÒðÍ\u0013b½8¹ÆÅ\u00034L£¹Çù=~PêËEïÂ&ê§\u000fçi\b'Ü!ÆÅç\u000b´Åw(^ºwA\u0011q/¶ð±xC#©ôM\f\u0017j?\u0007D'uW1Ð(MæbO\u0017ýb+«\b7\u0012¯y.ç°æ\u000bbööwøx>ïÐ1\u0018­;;î×\u0006À%C|µ9QÌÁj1,F.«\u001düÈ<\u0017\u0012ËÔ\u0007Ry,FêÁ£Ýæ´}Ô}\u0005§ßM=tí\u001e¯X=ÔOïÄ³B0w>ÝUþ¤Ft÷â:zÊpù\u0018wÅfføüÜÍíâ£èãÍtci\u001dô\u0006ù4Zì°W¦rúà?JÓF¦\røäJ°¸\u0012hT<qÕ\\Ò¦jð\u001c\u0011KañÑ\u0014/\u0004Ädx\bÁôæ\u0016-+²ë,\u0010«4Yu\u0019t÷ú<_£múÔà\u0010Ä+1w\u001eºÕæ\ndÑæùs|\nÚ¨vºÏ4j-m\u0007C<£G\u00154,¾eíÐ0ðw±R)¦hFþòU,Ñ&Îi\tìüH¼£åzñ¶ÊÄ\u0002Ó_-\\Cc¦FºÝÚ¸Îr î\u0015nñ2÷$½9c ÷\u001eñ6GaòØ(¦a\u000bÝÇÀË/º<Gø¨Åhz\u0015òó4\u0010e8\u0016sÞf1\u0003{K\u000f-µâ\u0005Æy\u0004zù îûÄ³Ó¢ûäÞ\u0013ôò¢ôÙ«b\u0019{°B#´PMs4x2+\u0003è\u001bÍõÞ§QÇÑ#´B[ygÄ·T&\\°;ÄvûqÑa\u0016×iúryÛöc·¨«>)\u001e\u0018(§ ËÅôwö+Ê\u001f0R·\u001aq\\Ü=%\u001ebûFÔyój´H\u000bÙ'\nöÖñä\u000e\u0015G!úÀ\u000fÝÂJ?E\u001ag\tE\u000bçié\u001ek\nÆà§o¼÷â©\u0005\u000b«Ãîn`/ÄÄ\u001eq¿¶E§xQ$î±b\u001b¼é ÆUú\fÑ£ñ<\u0004¹&&ìX§·LÎô©I¼&MÊ\u001aüíµ<gçÕ$EÜvZ;U}»T\f\u0016¹\u0002å´@¯Oùòè·X½Á_×\bò2ùÖ1ÅJãwªø!¶ùu6]}(õò'«ÂêÝàmÞ1\u0019L4£¼óo\u0019\u0019¥e»\u0001\u0018Ò¤1\u0019\u001c\u0006X±¿àéHK5\u001enKHK\u000b»}Áæ´ÚZ\u0018¨iîFw°Úí©ö§5\u0005}JLÂhµj¡\fÿxg¥?XQ)\r^³ÉnÃÿ\u001cvH\u001c»Ña·þöÁ·²&¼3¾Énÿ³:ì6Íâ°üÅCÑWA}ývðHØ\u001dª\u000fÔo¦Õ\u0015ÁPÂÁ»ºÞëÖ-lNÔfÐvJÓí¥4î¬\u000eóÿ|ßa£þaßÝ¡àM·´ÞÓ|\raí\u000fjªx\"ú\u0013&\u0016\fU¤\u0005\u001aBÞ?ÜáóW»a¿þr=\u0018ñó¨iÞ\u0006éüúd0ìÿÓ¨`uuÚÍ\u001a\u001ffúËoµxa\u001av+ò»\u001fCî¿»,7¸:\u0018úÝO8¯\n¿\u001c/ü»Iò¯þ\u0010¶S?GÉ¦ê(\u0019T´?Wc¾ûm\u001auÚkSãLN\u000bþ?&ÿ\u001d\u001aJ°\u001aöÆÍ\u001aêþ\r5±3õÏÜ9åØt÷Èø³{d±ýìÇìÜû;gÓèYºR Jy¯\u0015ÿeççqÍ\u0006§º×hÀòfîSþì \u0019þì\u001fY¶¿\\´ôà´ß°úèØrNm§-f«Áê°:¥oÆ>ÚOÒåOïµó¶ü{ÖÕ&²´Üá \u001bÜVïÅ5¿Ïù\u001aª«yl\u001d\u0012¼Õ5õ~\u001fè#H\u0011\u0001¿â\u0012Ýþ×kî-ÎV\u001dòÒNûÿ¾¤\u0011+\tà¯&w\u0018kü\u0017Ìä4ýïOøßª\u0011'##ÿf®»^ÕPë\u000e\u0003WÊ×°\u000f>SM\u0006Ê\u0019ýÇIX\fXôøo1¢Óú×R/úÞ¨$Òß»ÊÔÖ\u0004CPf\u0017x~|\u0013\u0003EÿH¾Æ¾å÷Ø\u000fÌ?J7»ÑhÚy%Ô_Y[ÝÀJ#\u001cnò{2BþHSM¸ê¸Q¢îê\u001a7^Õ­kÀ<\u0019V\tHmýÁ\fwm0½\u0011ÊÙ]î\u000ef@%Õ×JUÝèÏ8\u0017®¹?Ö¹Vá¤A,ùýÐér\n\u0000 Cp\u000bo\u0018Þ£¶ \u0015\u0004\u000e%{\u0001KI8h·V\u001cöí\u0013N7;ù\u000e«AîM0ýrGjÔÞ'\u0004ü\u0011o%ÆÍ÷Fß+!Pp^M-f\u0017©ñÖTóEP«Ï\u001fÎ¬®ñVÁ9\u000f× Á\u0010øÊ£.â.¹7þ0~ú\u001f3\nûÙ0ùõJ´\u0002ðwm\u001aêg¹\u000e3Ý\u00118fWsÓ\u001d\f®©©j¨Ý\u0019$öª>·&\u0014Úõ¦z¿·!ìÏâËØ_Ô­úêðbçX_\u000bÊòï\\\t\u0004Ãõ|I¹ÁÅ¿üªß¯\rh·[,VkºI-Â\u000ezÓ,\u0010lK°Ò\u001fòB\nù2k|-Ñk>ÿ¯×bæ¡í¶Iªïz\u0018Ç;®\u0015N\u0007òÕê±£Q¸Ñi3l\u0012ý-»ÙN0Æ\u001f9Qæfì`Ù\u0011+v\u001b%\u000e\u001d»3Öîµ\u001bvßk²ë÷*cGÂÅ¿¿×dÖøXÞ«(º÷WÜØ\u0018Å®í<®)sÿ\u001b£s\u000e+¹ý+vm\u0018ÿÓnÚWü\nT~ý_B}Ï_¢Ì97ÅV\u0001°³>êOÅÞ0@\u0007$ó\u001b½¦u1Ë®\u0004#m\u0001/Õ @ #]§Ï·\u0017Úy  `£N`z!À)«t7Kt\u0003pz-îGA\u0017#ª\u000eºë£y±&ó\u0001¤\u001b\u0015=\u0016\u0018<\b\u0000ß\u001c¢§¤9æ\u0000o\u0007\fø\u0011P÷?Äÿû\u0007ù7\u0000k,¬¢i<1ú\u0001ñàT¼xxQ¬Ú]D\u0013hÈPV\u0006÷Il¤ºi\u001cPÐS~ï\u0015\u0018¡õ\u0003núÑMa¬ØL\u0013Á¸2zpF\u000ecÓ'[Ä3 \u000f½4\"\u0018x±b~Ðlþí\u0016ã)ñ`×?Ó³ý9èA\u00189¶\u000fØÛ\u0010´\u001d=u¸¤\t¿\u000e\u001d¤a hÛè\u0013¶\u001eÀ\fsTÁ®aeFï\u0011\u0013Vê¢+Uô´ä²Bi\u0019ðÙ\f-§GG\u0000WÍRXàxQ)úÅh9ß{0iF­\u0019ÇñÐg\u001a¿I_øJ³\u0002Ôü\u0007D/=\u0005,ÖÖB@D¯\u0019Ðj¸\u000b\fw\u0014ó{+ø\u0011í`0î\"M\t_\u0003\u0011\u000eÑÛôA\u0011Å!\u0000g¯ð\u0012\u0006\u0007\u000eäk\b5@·'ùâÕå+]W²Ïîàùê¼¬\rb\u0011§ñ\u0004¤9$^Ñ§\u00038¹Ôä*¼fC©L±\u000e\u0002ý-F\nè#}J\u0011ß\u000f2¨TqQôUçñÎGéåÌ\u00021t\u0004'ô\u0002ÿX,à¥#;Å\u0013ú\u0001?ù<æ6\u0013ãçï±\u0011¡B\u0000Úâå\u001e¬{^ÜKãS02º\u0001æõÐ»ËiÎ\u001d¤\u0014[ð&Ïá\rÓV>§\u0012z\u0014v8õL\u0001ÀÙ·V?ã®\u000b>\u0007ã¥=âõ!Ó2Ó\u0018)\rç\u00045 ÙèniVh´\u0016æ\u0000Þ\u0017¤û\u0004¤ñX@\u000fÌ¹\u0003Ø6¦!s;ãú@\u0013\"\u0003Ä =å\u0010\u0011ãàNÑ\u001dTÔæ¥Iñ\u0000Ðí¤xvA|åÈÞ\u00178î\u00191[\u0006Øt\u001b=8'´µ7ÆhxÃ-`OÅsÌg«°«\u001bm®Ð\u001e\\\u0010/4x\u001cÑûb9\u0005á\u0006ÎpFèøñ[ñJ\u0001\u0000} ýçò§¯b\u0001dPØ£ý\u00194%^´Rñ©Þ\u00036n {ô6jEo1½BÆån\u0000Ý}Z\u001c\u0007q&zs\u0010\u0018>²ÀÅ¶¼ô+a_\u0019\u0010V\r6ØOó\u001aN\u0003n\u001d6\u001e¦ ÝÇü×!6hC\u001e|0\u001ai!Î³(\u001e¸\u0002d¼­§ü*¸a¦2­9Þ\u000eYÙç\bÎmñPc ²&<ô\u0006\f3Êüh\bÐ|¾ Xõw ­#m\u001cp`\u0019è\u0011\u000b4Ø\u001eÁ°³ÔÃ\u0007ÃóÉ¹V\u0007ø\u000eÿ<\u0006\u0003Þoå§®4§±±ïÜÐ\u001cO/W¦â4\u001e\u0019Åp=É\u0015Ú\u000fj\u000fVçÐ\"ÔÃ½6ZËÅ9=ºZ!ÆÎæ¿ ¦\f\bZ<\u000fâ]\u001cÜ\tPç\tM>ÿ\u0004ÖqEE*'Ä\u0003KÒ3XWÏÉv?â\u000eÛ2\u0010¥o²F|;\u0013wçør¢FxÝ\u001cu0\u0018o7¢ç*A\u0013ÝÖQG\u0006\u0013t.ÝC`\u0000pð¨xlBHê«\u0013Ô7#\u0006}'Á/?@N}éb:I%\u0003¢XØô­ì¿\u0006ÃÀQò_Fa²ü/ Á&ñ6,Æ\u0004\u001d`Ûÿ«`°t3þçÛ\u000ecòÿÁÿ×Àà?\u0013õïÁ`¦ò¿\t\u0003ÃÝúkDô?Òæ:üÉ_èñ¿LÚ\u001dÿá\u001aÿ.¯üàDÁò¯!º=á)0×-þ\u0016èø\u001bp¢Ã`5ËÛ\u0012ëýõõX×µä8'ÍèõyÓì6/òâl>G\u001a\u001e1\u0001»Ãê÷É\u0012!_MÓ|Æl±Ø|\u0016»WâYÕA\u000fî\u0006¦þr\rx|³ýé&«3]:Q*¿¼R[é½\u0016É©½j=UamºyÑZb3_ªr\u0014¶Ô]ÍÈÎ©«°V4\u0007B¦Ó9çr\nLrHÀ;`Å5?àn¨Ö<iLÚf°¦,\u0012ð\nÖGº<i«Íít\u001a,´ßjO2¦¹Í>CÇ\u0013°\u0019ín#àwKu^£{³£)?'\u0011\u0006>SÝá·¦9­^gÅç5[\u0001ÿm>¹ÌDhÂ³@QþÇY\n­@ÉïÑ\n\u000bà\n¨L»¿¸×¨I\u0003y/#<&C\u0014\u0005ÁÛBmôpº×(A\u0018\u000eÛÛØÿ\u001czr\u0018\u0001PýÐU\u0006\u0013ñbM\u001fÄBÛ<\u000f«i·)ó§×â\u0000ÿÞk£Ñ´?aç\u000eá¯1ûß\u001d>]¾ÅrU»Ã¡Göl\u00183ö^ÌÜ}o4©ÓÊÀ¿Ñ¦\u0003c¿k²ëÑÅè½z$ò{\u001cos`ÀÍ¨K ßÜk2ýùmæ¿Æ\u0019\u000ekü\u000eÙñ\u001f\u0000¹£\u001a;¯Õßó7£\u001a\u000e\u0007Vÿo¡¿o¿`G½b¥zN#}Ðd1ÑxQÊ)êK.¼(Ö\u000bàZw\u0017íÏO¥ô\u0012ä>=\u0016÷òÅJÓò²×ÉÃ¨á¯´ÓÒâþ!Pøë¬¾á\u0013!z pÂ\u001c$Ý§7¶ónñåÌù&z~*ûÊõ61Í¹\\Æã\u0006ä6®\u0003ü{\u000e·³#ß'ÞÞPy3Ò¡ \u0015¶ÛÖ¶N\u001d\u0017ñÞL±\u0005\u0017p#\u0011éK\u0000ù:µ6TÎN¿\u0013(×½CÔLÔ/4l¡'\u0006BÒ\u001d»É9ÊouÃó[\u0016ëG\rÀ\u0019\u0001¼\u001cÚÙ,Æçð{µ7\u001b\u0002m3\u0004³.¤ªmíÓ{á$Oty\"qëm)¼ÂM\u001a\u0006HóÞ©61¬r$?\u0015UÑø\rzwÚ]sb.\u001ePÁ;-Ï`+V'ã|ÖbÑYIOÊ÷\u0001\r}M³\u0000<û]!`7ïü¼¯\b\u0001º\n<h½>!ÑÇÆ¢X¿ßOwOz\u001að{­µ%nêö!ûiìxF\u0013!¤dM^Í:w\u0005Éo¥!?¥ò4\u0010ÙÇ´\u001cÏÎ»Ï+¾2±T\u000eÜn:\u001a8íÐ,\u0006è³ø¼\u001fèÅòíÂr»øHË}\u001eàZ[¢/\u001e»­bÝ\u0002(±\u001b®û<m3\u0004dË4Wc[»q\u001f8YÍ^ôç\u00174\u0007ÜB\u0003k\rÆ}¢»Bô\tÎ~Üþ5<û\u000b©ý×áÙ_Þ@Ë\u0000õôÈ<`\u0005ÐêYÑÈ¼Ç¤ê;EÏ°}ô\u0004ðÃ;ê%Nõ5gº< ÐåBW\u0000\u0003¼Â®ÏÓ\u001b\u0014ý©6\u0000øF$h &@Òq1|\u0003\t~3k°ØÎÕb \u0002HÄZ\u001a\u0000\u000f¨cXÉ\tÕ?,z3\u000fï®Hm:¸{Î=\u001cl\u0001âÙ\u0011\u000fòÔè\u001dý\u0007zEo\u000f\u0001({X!¶R×¬a\u0006¿A|)©\u0010L\u001e&±pÛ,4È)¢fÜ>!@k-ÍRðoW\u00058Î\u001bµC\u0000c\u001e#ñr^Ì\u0002ÿxz7Ú\u000f\u0016\u001d´d_\u0015[R/\\ðaR=G\\cÀºªUf\u0015\u0014ôXBÊ$«@\u0001ã~º¿\u0010S}\f\fé9 ¿>Ã1Í;¨÷fÙYW\u0002RØ5\u0016HÎ\u0006É\u0003?*fê\u0000¾\u0014\u000bçr®\u0017ÄÓ:hÜ`$xºBåâµx\nû7\"ºö$ßÐô½È¶ENkO*}6¥jwyj1F·O­ÀòCtV´ÑH/\u0000?yè9\u0003ëLß\nñáüaO1\u000e%\fLlìx2ýP\u00011º)ó\rçÓ\u0019\u001f5XÊÍ\u0019bPô\u001fÀ\u0014?\u0001bZDúâRVv\rÓ¨E0\u0006?ôà§Î2\u0000Ï\u000bhÙy\u000bÛò\n\u001c¶~),m*Ða\u0011Ý5ô±\rKî§Ç~Ï©4\u001aj£O\u0000Ï8C3em\u0005U\u000f\u00001M\u0005\u0002Ë\\a¤ùÂp5¤C·X\u0005³¾¦\u0017ûýÉ¿,\"gr\u0016«êS]¡21PH÷\u000f B°éÜ'¾q¾§\rïFI@/³·]>µ\u001fÂx\f\u0013ý,¶L¸û\u0018ÝË¼HïjÄWa×3,t¼8\u0007^ù>#¶d9÷\b^ù\u0003L2\u0002\rx©S[.ÒÍßÒKðÕ\u0018õ\"ÁUCØ\u0001u®Éæ!*;Á7Âì/åôL\u001buº\\¹b içù\u0005z¢xù­Ê=u4à.RWY¢°\u001c)('£àFÎÙv0~ê\u0013_\u001bÄûjZÉÎÈÎ\u0016KL\u0007IØ®;\u001bD\u001b2Q9_Üç­jxÌê·4\u001fËîQÜkøÎiÑF{+HsµÊ/KÏ&û\\,zÅ`\u001bI+\rà²Uz{\u0011ªj\u0012\"ÙÐ\u000e\u0011=&óª×1WH/ø×R½¦û\f¦jè\ts\u0003\u000eÿkP\u000ebÇ³£ØÔÉ\u0003Õb¹EÌ#ev>F¨ïðU înÐd\u0010K_\t#Î2-Vh]>[NëôÊÄdè=VZ\u0017i\u0007\u0006\u001dp=Ã88\tq²ûm9\u0003\u0003²Ñ]Ý ¡4íqý\u0007\f\u001dóÃïýw#\u001cÔ_`\u0015oµ»^Jý@µ¿9îF\u0003<À@K\u0017N?\u001c\u0007@íf½þJø-?Ã$±îµ\u001aÝ\u00183#üU³,ÿø«æ\u0011ìü\u001aulFÍ\u0010þí/]þ_ÌÈoÝñõóRÔ!ÿÊhRH-ôc&®»â\f§­Ô7ÊDÝ»×|³Zº%ZJ\u000b2ZÒÌé5á\f¤$\u00182ø\u0011\u001dõÕì\u001dÜXþ­1èoÊ¬Ñ`3Ä,ø?\\\u0000\n§p>K\u0018.¿ª\u001aÂrîY5Õ5áèõ(¦,=|uIÂ^7/!\f Ô·û\u001b0Éc~ÑÏ¿ºÁ\u001bôùãø?i2}\u0007Ø 7\u0018öVûã\u0018Ú\u0001bY\u001b\fÅI¢L+ÝãÌÿÉ\u001dÀ\\eÐçÓ`H\u0018D\b\u0016ðV\u0006«}g°\n\tÖ/ÉM8(úº\u0000¤vví\u001f\u001cI­\u001bKÿ\u0005ÞÃ\u000f&cÑävÆ9±­øc-Ýdt¦9Ò­¶¿=9\u001býO¼ld\u0017þy­J¡ùEð\u0002Íö¿xå¿HýUª²#u~mzò-kfýR¤øçä\r'2eþµ\u0007\u0007óë¯<8ØWÃ1>É~Izn'¤?\u0013ïs\u0005\nÓÄã\u001b¬KIjLë\tö\u0006þÏö\u001fæ!íú¢Ôäd\\JIËO+ý°TR@\u0003ùZuÁfê>%\u0002¯B(¥A«2ZÂçQ»Ááa¯f4bðWH9xªE\u0013ÿcAâA'½äÈå?ÈÏøý¼SòR\u000b¨ÿ\u0000­î>»{\u0006üµß\u0015H=}ºJí\u001c-(-Ïáf.\u0016\rñÿg/ái ÇaÞ¥!\u0000\u001bv­:ë¡R1U N«p·6hË\u000f ¤\u0001°æ@ºÅ\u0000\u001c\u001e1Øº¿8\u001e\u0006ØdQ1J~ÒT³ø¡Ùáëhí(Í¸Âùð­rãÄè ¡4\u0004¤ç\u0012Ua\u0017ÎÚ]UiæI£\u0017ÊYy­.\u0005`3oÒ \u001dVõ\u001c½òÁMÙ55xí\u0005µu¤ì\u001alÎ(MhýÌNº\u0002w®º\\§éØÝò\u001aFûgú\u0006g¤¿F¼Ï½D?¬ð`ïÑDMº*¤\nÐóvZ\rOå\u0019°ê^7Á\u000eê.`£\u0013E~'\u000fàWZ\b£êQLÓVX|¹z6Þz1þ]\u001f\u0012U¦ÅJép\u001b=+K¾I?Ä;Që\u0013i¤Õk\u000eÇI,ä3½Î g§iUô\\iÁ¾¨-Ns-\u0010ôÊGLùIV1uù\u0000D<9Ç9äºÀà­réÊ®ÔxÆèKâÂiu§0_7i¹1\f bÃq\u0005;ÿM\u001f\u0018\u001dÃÃv+\u001c\u0011¶Ã>Òx³±4õ\u0012\u001e}åi\u0017_Za£m¢*s>æWáÑ'g©'`Sé\u0011nx8)²´>Ð²F\u001eFÛelðW=GE\fòÈò0¡Ö0ðw¹\u001d¦À\u0001¬\u0016vð\u001bt-¹&uäãUñ¶x^H\u001da±¸æJqºáC.5°omô®¡Ì4â\u0017)b2 ¾¤ád&o\u001e:U<?vV2ÄD\u001e|/Áf²¶Ï­Û\u0000N\u0006ñè\u000fz\u000f³qÛÞ^wçzGl\\M\u0007õðyÃÈüÐi¬¡ÇMrûîÐ·\u0014úzÑ\u0015>ES¤-Ê\u0000{\u0018|2\u0004¼ÈC\u0002Fñ¦ò(ÜW9\u0013«Ét\fî|¶.À\u0012\u001fÇÉÌÝ>T}í4ÿí<1~\tä÷£°¾gÀq~\u0007×å!ýhK\u0010h\u0003¹K´pStH§8ÁBïâe*\böã)ð\rÜÉà\u0003´Âo5iþ\u0002¼\u001f*5ÀÄÏ´\u0012¼\u0005J¾\u0003\bi¥\u0019\u0002åg*Ì8·`§·*ábÊ$\u000eâRZÿù;`Èù\nñý¢\u0018\u000ec¯\u001eÁæ~~í\f*Z¢Ì\u0010ãvå¥8iÛ*'åpôí\u00071µ§W©2¡©\fõ_ZkÄV\u0019ØaßYzí ÔYz\t\u0019RH;p8EÁ/AbÌ\u0002õ6î£±w\u000e§Ây¢%ØÕiñ®\u0014ÂhÍ\u0015\bÃ­]?÷¾°³\u0005n©#(±Û¤®­Æ Í$©%Øï¹'ÎJ×Ä\fæ~äá[¸s¡Õ\u0004&Ú,ÇÆ¬üP\u0012ül£\u0005\u000eÜ\n½¯Ã­?R°¯YáFñ5¤\u001c$@¼»íRõ¾æ[)pcJ\u0004\u0012cP­ZÅ\u001e_|ôk\\®4\u0014°n\\(Xª\u0007\u0007Mc\u000f¥ÇÎØ2Ø7G©p\bÁUKe\u0018±XôV&a¬ûà-}?³ÛÒ¤A\u001c@\"¬\u0012Á\n/íb¡\u0015z³û4XäK\u001bB>u³L\u0011êëâõÕÛ¼5­GÎï\u0005A\u0001e¼p1­Î\u0015:\u000f.ZñQ×\u0005lþk#1öàÇ©?ä^Ä]´\u0018ÑîâB['îTP\u000eÞ@KÆL±pµ\u001c+ÞÂV-JíYQI,¹<\u0007á\u001d.ÒÊ~,\u001cEõ;ÐÊ\rW¤æÚ\u0019/nû&s@lÝ\u0017NA\u0016Í¨×på\u0007ÎøÑ¦K¸®\u001e]\u0014ãRøD\u001fÀ\u0019âbú\u0001O\u0015× çoÅ;ÀW\u001f\u0017ßi\u0002\u001d\u0003Ò§~oWÁÏóä5z^FÏy\\\u0002\u0006¹Ém&\u0015ã\u0012Þ¤øE{\u0013ä%¿\n9Mõ*\u001a¹wY\u001cxUPæh^Ubn\u001ao\u0003*[æ\nÁË\\~'_¨êéñ¼©6(qÊ\\p=è\u000eÉ=1ßÀ°2\"lu`°¥}§è1\u001cÜWG\u0014Òb¸\u0004Ê*\u00010¥yäÐÍo²P;\u001fá\"fÖ×¨%î\u0013KyGÇ÷Ò\fÆË`¡õ+`®Ø'7Z]áÒàTË\u0000jeÅ{;2Ç\u0016]c²3ÀÓ´*N§4øóAb\u001aY\u001aü 9 +ÐðsW¹\u0004ùø\u0004t\u0002'ÜÍÕÞ8F#ýï\u0015¸¿C,Ôdö\"tÇYo\u001bæðÆFß¯IÉ¶Ñë4Øz¾Ê\u0017¸\u0000io¦\u0000#~\u0015\u0001\bðTÜ'áÕo`¾Ï¨\u0006\u001e\u0012oíí.­\u0007\u00010b\u0017rqÇ÷ÏY4q\u0003¨\u0012ØÉc\u0015_÷æ\u0014W7Å{Ox\\B?RÊO§ç6\r4b*û\"6n_\u0006rÂµ\u0015m\u001bÄàòxú\u001adÏ\u0018\u0005Y+Æûºèc\nãß\u0006SM\u001bCt\u0006ª\u000evñJK¹t7\u0006\u001fÒ`Å\u0015ä\u0002Ï\u0007 \u001b\u0006 º¶ðëô\"©<\tà\u0005#h6¿½ {¶I\u0002ge\fE4'¡w×\u0003R\\qØi´Ei}sèI\n»¸§`È8q)tÈ\róköÌ&þ<\u0011©Lû\nÁ<\u000fÊy Îç-ä\u001a¶)Ëx\fwã´Òý\u000bL2%\u00100\u001fÄûÚ*Än?ØcÓ\u0012ðÎöËÅ2·\u0012j¹_Òhâ6 ÁçÀ\u000eÞTâ\u0005\u0006É+Ü$^\\¢CZfâ<ûn8½H\u0011m Þ\u0012ORxû,lÚ×À·^\u0002¸ZH©ö\u0016¯{yôêPWp,w0í\u0017bÆ\u0012BàÔÕ\u001fîH=Çx´>²âr[i3\r\b\u0015p/ðû\u00034u=«8\u001b5ðQÃ1 §\u000b^\u000e$ï,Õ}µçî³WÅóÒ+W\u0002ä\u0002ªOKG\u0004Z¶h°Ö'\u0012ßnÐÄ1¤roq_.õ\u0000þå^\u0013\u001e-:ö6C:¼Æj5\u001eU0d¸\nz\u000bn $%7(h:#\"]>KO\u0014T)îU\u0001Ñ}\u00013è2¤ÓëB°É66\u00189¶ô,Äyà\u0006û1ÈÐ\t\u0019\u0015I;*>\u001fMËÍt\u0017Ò\u0002¨÷¹XIÂæu_\u0013\u001fJ¤-ÅZ>ûM\u0004\"È^þ\nÃ/ñÐ\u0017¤çÖÀè},ú0f\u001e\u0016h`\u0003M.\u0018½Í\\Ôï\u0013³Ð¦«àEñ\fáÓPt¯ ùYì[À\u000bLQÜLÁ\nTün\nö®\u001b´ð\u0001Y½ìC¼\u0016£gó\u000fÀø\u001dÔ\nØgÁð\u000f/\u0002<K±BgQñòÌ?xÄ¼+TïAêsÈ©\u0011Pð\fþÔ\tÉÑC*\u0001ÒÀmVÐlB$»3ëH½¼KÝáÃW\u000b¹\u001f\u0000·\f`\u0004×N¯¥uò\u001a\u0016Â»<8\u000e\u001fÄLYü/Í5(û¤2Ý\u0007\u0013l«îM«~Ç\u0011\rÖdòø'1í)ZÎ\u0010_jöbõÛéíIúî¦··D\u0019\"Oük­âÇéK­ô¥\u001c&Éb\u0017{µÎþVÀJ[­ Í2\u0004\u001bA,*\u0006+¡7ZÁ]h^¶L\b\"î\u0005á¥~\bó%´jD¦îbØH£Mº\u001fö\u0006Tz§T¨`O-Á\u001aèÇÙhË\u0000\\G¨§\u0012ìÞéÉ\u0003í½cvöðü í5\u001aÊ\u0005ô«á´\u0006\u0013(aúhûmñ¨Ù\u000bKJ©f1\u0014îpî­£pj;Â%é£\u0014X«o±\u000b\bI.k·ñ§OðBÞ¿-Ö/ß\u0002þEJ¡\fê¿F_-âûåkÞsb)])\fó\u0016Ød\u0014ä»Ò.=\rüÞ|\u0013~Ì\u0000mdjzJOæA'¬bcÖPÝàj§¡\nZE¦;Vôãd²ì\u0003§-\u001aæÄÔ\u0001¡5rÀ\u0016\u000f\u0010¼Êyìå0¶¶Öí·Ïª¢©ØÜ\u0001\bª\u0011ü{\u0005Bý^.ðQ¼W¸þ\n\u0014Ù([X ß.Z\u0006#=¤w|ðv(ÆÁ¶\u000b×\u001aé1Ç\f4u&¤\u0002»\u001fCúõ\u001b\fõ![\u0002ÁèàãkQµìòÔ+.8Ù\u000eVþ\u0006\u0002ò¯;\u0011\u001aãX\u0013&?(QÌçÃÀî\u0011+N\u001cH_±\u0018m\u0000\u0007 ÎÄÇ\u0011¾\u001e­%ü#âCSXÛ¯ºk,\n\u00186ßZÇ©Ò_9­í¼x\u0003\u0012à\u0003<ÉF;rw§yÅ\u0001¸\u0005¯ýÔ\u0011:\rúk¡ïÇÚ*`sk1èo ÔO+ñÒ88q\u0019Ø·ÞÓÊ@Ðà0ºî&³pi±ëb×Á-'döð\"¨gµöB£b»\u0019ø¬½Gi­\u0018fÇ\u000fëGÌêY:Tú\u0003\u001b\bx[¼Ít#¼·A<IÆb´,]OHA¨\u0002\bMHòmu¢bpì8\u0006YÅ`+Ípàªñ/ÐiÕ´á\u0016³\u0001ñê6õfÃá¢§mxMwi\u0007JÚUM/&âÝOÄÀÁ|\u00190©*\u0005u,ÑT»¤ðâ\u0016Åóë&\u001ae\bÇ\n¾\u0000¹0u\u001cæß\u001c­µÐBSùeô\u0000\u0002­}\u0012Ïò#\u0010Y8\u001a$Ýß®¾`$½;H3Çì× N{@Nw±Á#_\u000f3¯¶ÂÌZ\u0011Ð)¶¼là\"ìÒ\u0002^×­\u0010\u001a;èu^Õ\u001ebäÐ­vÔIl_D+\u0019ÄÃ¾\u0007Pêñ²Þä4uß46Ð¦\u0010Uz\u000f¼§¾6ûéñ\u001d\u0004Õ?SO+WCxÊHÓSFç\u0015Ãí°ø*¶ÓU6½\u001f\u0011¨\u001fe­\u0017°­b¤5NSçÝåßölt.Z?_#éõÐjÖm\u00193\u0002*\u0003^û,FÊiµ\u0002ÝX\u000f²1à½&^\u0016\u0014Òf\u0005p@íÏ/\"Yá1¤øç¶[V)3Ä{$¤cÓ>\u001aor\u0011x×\u0000ûc\u0015.äÃýø­_¬hKiìðq¦°\u0005¹9\u000b¤¾T°ÏL·Ë!+¾WAþÏ\\®Ûò<¹\u001cÅs\u001b¨Ä&tê[©5a\u000etÂ\u001d\u0005!vÒ÷\u001aH­M©Â`VDÄJ>Szuù\u0015ä\u0007ÀLZÁ¿Í\u0010%\u001c¹7)£ÚÔ\u00042øÖ\tÙÕ]\\#K_Z\u001bi Þ\u0006ZÏO\u0013\u0013%ç53¦\u0003Â\u0010&ØYzïò§éZ4ôñA\bmfYNËÿ ø\u0011Óû&^ÛÅ2%Ë< 5\u001a8\u001b\u0004?¬Ê`oF>ê¸ÑY\t\t¼@+KU%Ú»\u0015Ge\u0015äâ\u001bØÎ\u000eñ®\u0000êõ5øå\u0011Ë\u0017\u000b\u0004Ñã6ÍÀ\u001aå²vë\u0010=i¾\u0004Ü­\u0017\u001d\u0006[>ØbÞ_¦Ï&új¹N\u001d\u0001\u001f\u000fÙUEó¶è;\nùùÝ^\u0005ñw«\u0016h¾`®\u0011>\u0010[º\u0016-O\u0003º\u00188\u0002UêPjðô6ôÆê\u00110:\u0014xs-õ(õÈ\b,õÏWl`°Y°C\u0007×-±0±»{Íñbð\t¦\u0003Ú\u0003=H¯\u0016\u001b{a*x 5A\u0000\f´»\u0002ç8n&\u0000;ëôð(³¬½å»¹¸¨Tkª@\u000f\"6vÓóÁYÏàêáy ÌÉ\u0019R°×áþÓ×[²\u000e*\u0005LÄJÂKkÓëËðÔs'¼¾¡bzèÀÑ\u0005&\r\u0010GèU+z7LÛ§\u0006Æ\\­ ÜG\u0007éM<Èø\u0012ðÂÕ*pvxy´T¼mV§³T\u000ffÏ$Ñ]øXâ~ãþs·oBH}\u0014ku\u00074Ùü\u001a´ÿ^ôê=Ã4 ©d\u001a¾Þ\"ì\u0007Ò\u001c`ÖLGÎäRÈÖ\u001a\u0014/Áþzï\n×\u0017cU@\u00186ÛÎóó\u0014@\u001d}+A>¾=^iÆ\u0018¤à=ä\u001eüÀIï¼\u0015\u00041|\rDðÞ\u0014¾àÿ'ýE°åÂÀ¦ÞÐ\u001b\u001cÏdºd sàH³\u0019ö\u0014Ð#¬ìk*Øë\u0000(Ð\u001b¨\u000e¾SO\u000bø§\u0002XQLnþL4r¸\u0018\u000641\u0002`ULÂþwÏgÁÌÌx>ZË®>¢\u0016\u0015¬m\u0011[G\u001ae\u001a\u0013¤¿øuPæ1U¼Ðº÷0À\u000fYXA7\fIØnf5gð'².3ÓH+!Lk¦Ãå Ê±#bFË-ÁYú°¼¹<YC\u0006y©Ô³fJk&âsh 1^\u0019Äg\u0006Mý¸º!^ä@ê¿\u0012\u001f\u001a.²Cî¯sÄhVúp\u00013\u001c\u0019\u001cà\u001cZ`ýgÁ²S¿ªtÊ\u0016W\u0018\rÀ\\|X\u0001\u0005÷0\u0007²b\u0011@I³xîOëÝ+.°ék¤q#dß\"ü\u0016x~þÎ1úê\u0010i¡\u001a½\u001e\u0015çÓ)&Ü5õe¡ë \u001ca ù\u001fÍ³d4uaÛ¹8*à!SeyÌUªF\b3èGöÜb*^U¹ÙÊê\u0017Ore*O)¬ØC+\u0012ù¢¯{ÀøO¦¢\n\n\u0007ú!:JoÊ¾_»öôN6 ò\u0011\u0018\u0002K´±\u0007rLvÁÓ(\u0003C4ò,Tå\u001d\"aïþtR\u001dÆÂ.BÝRç­\u0018WÇ¡½c\u0012\u001f\\$ìø\u0013 U,ÒÀÎLb\u0001#$ògZÐ¹Ù\f\u0001¿{\u001aD²1\bÓác\u001e\u001b%!\u00127\f½u%rðØ=Zo¤u\u001drÄ~üÚ=\u001c«*\bå\u001f³ËMÞ36\u001eÕ¾æ0­¹Ù4tÓõv6CÆ\u000f.ö\u000f<\u0010×\\Ã\u0019¸¨Ú)¦h4|E<m\u0017gi0&¼Ês\nqP#÷+è+o\u0016Ë!X)ï \u001e\u0006h¢\t´ÓÏÞ\f\u000eð\u00064\u001f²Mn\u0002äÅd¹×wÌ@kÐR<=KD`Fº6pu;Ã2óÚ`%\r¯m²\u0019¢\u0002¡ïCÎLÖÁ°\u0005#g§Þ«,;;F¬¦ÉÌÖ<ìÎV\u001ek°eb3¶C ¶ûðuñX1M\u0015èí\u00075@Ó`Ç-å7Äp`ÍÏ(Vsàa½ÃÛïÉçèÛ\u0015\u001f\u0007ï+ü\u0004Ý<ïÈNÅÒà¬±A'/\u0000VÝF\n~\u0005ð\u0012±~:R@uröë4qVµh\u0018²È:Ä§Fñ>\u0011×õ\"¼U'\u001eö\u0013\u000eÇ @e\u0016\u001eM\u0006¿\r\u001a\u0012äC\\\"Æ\u001d\u0000îÁ+Û!µ\u0017\u0014Âil:£3µº|®\u0016µÅ'6É\u0004Ñ[iÅI!ø.»Ø\u0005{\b©:\u0011\u000fQó*\u0004\u000bu[¶jÇß¡!\u0016.Hèõ\u001c-ð½¦øøÂ\"0íÒe;\u001fT\u00025^6µfK,÷ÕÛËK!¨e¤¦!÷í×RT5\u0011o4ËL×\u001eéØgyz\\ÌpK.3\u0018ëtýD¶Óaô\f¡ce¶x\u000b.¢Hÿ9ç°È«b½\u0004\u0014Í\u0010µ¡r\u0017V·ô5ÁSâ¥[\u0015DÛãã9§Ó\u0016Ó}45~\u0000¹· R¨\r6\"<*Çá×¬\r4Â\u0011\u001dõr\u0002{\u0000.´æ¶hgÄæU,¦ØQvuøD^s°\u0018åÑ|2*\u0017ÊñA\u001co5IM<\u001dx=\u000fZó9:\n&è\u001e¡ò£6¤#\u0019 Íct#§¹ü0\u001fç5l)\n/e\u001diBsíPÇ\t\u0005bÍ#¾p¹©\t¦ÊWèÞ¡HtÍ\u0006#­Á\u0004CKòâ#Êã=#Z\u0017¯â`g/¸Èkôçù#y\u0010¹OÖ`ú==«jÙ©å\r3A\u000bÏå\u00142@¦Ø\u0012lÖ-ø\r(`e«¦/\u0000\u001eM\u0014Ãåâ¾J\u000fÃ<Øf6\u0016Ýð6Ä0ã\u000e&\u001aáh´L\bÜhÍc©£~ÓTì!\u0018÷°\u0005\n\\\tñÖâÜê\nnwj¯\u0015\u0013ñ\rô°qU\få±½d\rÛ5·çf\u0017ßòpâ¸DÛ*ývhJ®ÊÇb¨Ó\u0007å¨Á«FC~¢/ TXÜ}ÒÆVSP\u0010m7Fý`\u0013}ÙW\u000fÝ¡!(MP\u000b\u001bö1Oâú¹®\u00047üâî44\u00135·õ!êÃû»õ)\u000f\u001b¯NNÐ\"Èc-À!\u0007zI\u000fó­ø÷§ x_HO\u000eç]®.6:|\u0018{pªhx Æ\u0002«þI\u0015îÄÔ\u0003·â3v`8O¦µUÕèÃ\u0010pEüéâU¢BÜ,à0ÅÖ']\t¨o,\u0000îAtuþ8Ü¢'´VÇM$\r\u0016í\u0006iéá\u0006\b£aÑÑ\u0006Lì-lÿ3b8[Ê½\u0010§û¤üP\u0006CZ \u0002Î,d[\u0003\u000e8ÿ½=CÏË¥\u0010ÚP»?I|VôÈ1¤Á°;q\u001e°<Þ$u\u001fZ\u0007àp6=¹-Ir®ð]fh j¦jS\u0002\u001eÐ£¸B,2\u0010hÊÇt.ª²iÅÙÉ§ Á¿Á×Áº\u0013û7Å»eU8LVe©\u0000G³õö\u0002x\u0019º\u0018&øè\u0011\u001fù\u0015\u0012b²;K3)8hþ\u0004(eAé¼ãA\u0015ð³Ã#]6Z³Q£\u0001y¼caðì³£\bÏFZ\u0002búx¢XÌÈÕ2\u0015\f\u001e,åOøPüDq?SðÍrA\u0007,[Xà\u0019q\u0011Êy\u0003ã'³³+\u0011Í-Lâqí\t\f\u000fËt\u001ca0F\u000e\u00043ù3à@vöØÊ5äc\u000fç \u0006z©¯(ND>Sÿ\u001e,êxº4-éÃñDZD\u0019Å*õh#ÿH\u0013ÏZ-®H¶ØÔ´\u001dÊÄ/Á®I\u0010]\u0017ö`\u0012\t;Sh¼ZM\u000f<Þ\\Ðáj[Ìûm¸\u001b*©/EEÓØ\u0007Øó°é¤i?LìÂAÐ±RÉ\u001coá\fcÔÓïïÒÓòSGÔÊT÷[6YÝ øÞ\u0000ü\"N$@7&û\u00166Þ3ÞRu·\tÚÊUp\"\u0011Í\u0003°Êfn\bîq1£ÌVÕË×.O¤;­x\u0005+l\u001bÑ¦$Õ\u00016ô»¬Ê<6V@oÝÈ~vÛ :Y\u0018\u001bKA\\/_dA°yåª\u001c[YÐ3bã2vÀ£_½\u001cÖS´h\u0010;\u0014\u0012S¼)óÝ)V\"Fô\u001d\u0016¯Rx>9¥\u0015\u0000¸£rì¡ò39\u0019Â~z\u000ea÷Ñ6·1Ð*ºøA}×¥\bqf÷ÁP+lýØÅÝ<ö·Ádc¤½4hx-¬\u000e1»W¼m\u0003(=lä\u0015·Ãìû\u0017/ å\u001e!\u0002°Zº7IÈV\u000eS.WTYÙÉt\\­ºÄ\b!Ãó¦d1ïm\u0002ÊÙ'¾6®kXöó[\u0001k\"¢Çü\u001cò$X\u001b\u000f\u0017åÑF!L|4\u000bR\t/ü\u000e\u000e£ÂYþä\u0003Í?À^\u000fÉ.)©g£ö¢x¨\u0019\f\u0006Ó)±vH<¾\u0018q4*Ã\u000fëùÑßdÜ÷\u0001\u0014ü^1\u0018N¿eÁ0PI×¹°Éz\u0018¶»\u0013ñóXA\u000bñCú¦°(\f´ W=óªØä¼lS6\u0000¼ÞË Ý!\u0000 s\u0012Gu\u0004tÇÅ4bXâ}øÿMúZU­\tk\u001c²\u0003ÈP\u001fòz\\¡d?\u0004 \u0016®Câu\u0018\u0017ö\u001e¬Àþ$\u001c\u0003\u0018RºÇ\u0004«ì\u0013\u0004Éxk\u001es¸|A5È&ÌMZÚ\u0001¤³\u0003eÑÝ)´\\IÞ+îWâ³âaAþ5]F¥·ò\u0014ð'¦x¸\u0000})än\u0019\u0016T^\u0001Ä\u0010]-\u0018\b«Z¤Þ.3¨piÖ\u0010â¸¸În\u0014­é^QX¼\u0000¸­÷bõa¹ÍLp7\u000e]þ\u001eä\u000eï°,^aÐä äï$÷;è{J\fh×Zz\u0000Ú\u0011cÍ\nìÐ@¤Ã±©Ùùès \u0017Û± íy­ø\"AÞv,Iæþ+Ë\u001a¤h\u0003Á\u0005dÅX/\u001f°ùóè}­xS\u0004jCü£\u000eÞ\u0013§ô[µ4OÀó\u0011\u0006ø¤\u0012Þ°\\\u0006!ø?äî\u00059\u000e\u001e\u001f\u0017Kýöl8&/\u0000OCi@6>È¥JûC/s\u0001«ÇÏ_¡½\u000fÃ©ÊTÞ\u001dÐ[§¸\u0001\u0003\u000bÙ°\u001fþõÆ*à@{v\u0004GÇ÷ºêõ\u000f?BD#\u000bJ`Fc¢Ü¤Ð_g\u0011G\u0019«E´Çó±ù16ò:È°­Ô\"`õat\u0005Ñ#ôbOðR$ø3-\u001eÐ4\u001c~¶¬g¹5ú\b\"§\u00069àxè[N*ÝÏµâÿ³«Dße\tîq%·A\u0004Õ:SSåúÁï 9¤ñp5\u000f/\u0013§2%ÖOÒ´\u0013\u0016õ\u0003¸Ï/å\u00008\u0011\u0015-º'èZøø;ªC\u001b­ñBÔáÀ¾¢{À#h¹ºp}¥¿H\fg*É¨Þ4îUû\u000f¤ã\u001cNÆ²ú·\fHÑ.ñJÊëº75×vÞ¦#Áf\u0006¶ßÝ\\\u0018\"CÒôã ªRS<7Pñ\u000fí2Ê\tÖ=í\r´\u0018\u0007ú%ö¬X¶kùx,Y\u001eÑdB\t7ì¨O\u0012ìGjGUo-ÏQPÀýV\u0005=,;ð-\bÆ\u001e O±m\\ÿãÞ­Â\u001eý£c@ß\u001eIø\u0012{è\u0001\u0005\rì\u0015k§K$P¸·Ä\u0015FÇ§äÛpY¹Ç:\\\u001aDkò²ëC¥ð&\nÄf\u00166JV)Ñ|@­ó7ÓUÒ_¢>0\u001b[e\u001e!½k\u0004·Ý­,Óicå\\c/\u0011¶rZª¤rjn\u000b\u0004F7jªtýÑ\u000eû9ûHh/¸½S\u0019ïøvA^¢ª1ç¦ª\u0015â1 \u000fBI>ß\u0003C\u001bt[NI\u000b\u000b©ªà\u000bN7SG\u000f\u000eZñïð\u001dÊc\u001bÕQ&\u001d³\u0001ÍÄ¿.S¼Øx@Q\u0015X®+Ú/:àhä»5=r&j\u0014 «\u0005â\"êO-B3£.Nl\u0002ÀhÝ0¾º%õHtô±K6?h,`Ã¤d\u0011fÒ«jM'*¢ö8nVêLã\u0015âÙ°mú.ã,xSãð¤dë\u001eÐMM¨Ðl8|]~2Bà§\u0011a¸1\b\u0003,u6\"Ký\u0017Â\u0004/¯QG¼d\u0011åo&\u0003«\u0004o+\næ¿\u001cU¥Çx6±xß\u0011Ä\râO¡ëjò2\u0012åoÍ»\fñZÜª,±9Å\u0013<\b*èNÀHÚ¨\u0007o\\ÏO¼P\u0002ññ\u0018F¤øC~&\u0002\n\u0004.2Â\u0011\u001b\n\u0006IòH,>\t6zc\u00186ÑlH©\r\u0010\"¸UñF\t\u0002\f¢\r¢°.¥@\u000e»rQ#5B½Yy\u0018&è»\u0012|J¦óBû\u0000\u0015¾¥ávXã-\u0012\u00163y\n»HËÌÛ+úãÛi¤º[XK\u0017H¼ÛK³ÚOìLàAM\u0005ä-[L|~`u\u0012ÿÎÍ°,#\u000e0ªF\u0018z\u0003Fc\u0012³©ö\\d\u0006K<ä°Î\u0007ø~GPúÀ_,ÐÔ'nXdÊÓ¹BÓ?\u0001pVíúÁR%MM²\u0011âX>\bj)\u0000C%ÃíZ«\u0012ljrLÚP¼ï\u0016v\u0002ð5û\u0001\u000eí¶Û Y@q\u000e\u001eç-8#æ2vÌxäxç¹¥ö \b\u0000ðSfr¡ÜÅÐ\u0012ÉD¢¾WÊÈrï¡ñJ¼h\tlB\u001bVqðÜ|W/\u0015Ëwó\u000e\u0004ÅÇ`\rìóp\u0003£NýYÉÎLÎæ·H r-XäAH¸DO©,\u0018\u001cW\u001aÔ®`@Ä$?2eZáîA\beæ±ü1(^Q@M=!&,\u001eÚÖ`Â![)bp°¿ïÆI!4¡Ï\u0015 _â-(ë72åPl©\u001exFGÊ ¤&7 ¢¸\u000f*\u0000YI´mþ\u0006ÒÔV\u0000Ê?\u001fD¢i±\u001d'¿úV+,P\u001e¢f_Æãb1\u0017ûÙv\"/»¤¦Q\u0001\"uZ~E}SÃÀ\u0019DÊÿ±¬@\u0005ñÌÜ¨îI]ã, û·#ây»>ñÓ÷¡)äy\u0004¤\u001eG\u000eC§\u0003\u0012¬¿Qôî/ÎoÃÏÏÅ·-vkê©_2\u0002vì%m*kl\u001b®>\u001bÍþKÍÙ\\ëô$¾Jé\u0004+¡\bv®4«`e*é\nÐì)6\u0013Ew3¢FÊ¤I Í)à\u00150õ£\u0006\fE\u000fóWC\nw\u0003ÈÐ\f©¢Äd43\nê\u001c2\u001eå?9â\u0016yDº#¾\u001fzOAYlAû­»âç\u0012\u0019ýT\u0004Rà=´Ñ çh¹åzná\u0014$Ù2¶sRÅl\u001eR±ò²ÃñT\u0004<¦\u000bf\u0002n/ýHåä(¬\u0017DÃ¹o0KäùÏU ù°FòG°v0H\u0017£!\u0016\u001d¡>ÿ\u0004[º,si³héÔ4!XjàÝ@faT/ÀýVïÈ\u0002]¯ªB\u0003Þ\f7îöÉ²eú%G:AO«a±o¨baí\u001ac{\u001eã5l\u0016Ï!\u0000C\u000bÆ6PÍA-à\u0007ØÇÍ\u0010ã\r\n²hÜÎ(: ª\"\\ãô3W\u0016ÕpÕ.G\u0018ouù=_×\b}NGÙ+å\nÆ\f£Æ~8Ù\u001c¬\u0003½]X¥\"ÜÊÿÍQË55\u001d0GÍ¬3\u0002÷OßS\u001dÄ#¿:\u001e²µ gz\u001eÚ\u001dæ8´jd)óA\u000eeÒø)ÖöB`Rh=yV5]ô{\u000eÛÛÒÂÐ\"ß¡E EÄb\"v\n|\u0013Zâ\u0000Ç}eh§e\u0001ûpÆµO<Òd\u0012pÑE\u000eäcA#MÜ¤\u0014¶Ø\u0002â'éÒ\u001fU3@\\í\u0017ó-XzøY$ÛÂ\u0007\u0000mó2è>Þ&\u0006.+ÓÊ[|&æJ\u0000\n3Ñãï(²¬sÝ\t.q!\t²H|®Íã<c£å\u001a!fÌ\u00181\u0014ñ8ªkùk,~E\u000f´ÕAÃÿÏ×ð\u0005L\bî#\u0003\u001a\u0010\u0015oÅÓ,¨­IÚ¾t>éqÎ\b½Ô£ô\u0011YCÃY\b{\u000eÊ;Q\u0000 \\Õõy,cÍHÅIà\u00166Òyzg?fÈn\u0007\u0014ê4vªAtrè³\u00073\u0014ÓûU]¸î­¢Um³ÍP\tec4ôôx¹\u000fNs:½-\u0007ô\u00162\f{\\ÿg\u0018û\u0017H\u000b_ÂoÈSèllPô®ö\u000bìl\u0016C`{z$ÏÅpS¬·Ó´Ý]ç¬«Þ\u00030®[.û\u0015û\u001bBÈR~\u0007ÖÄ½zìº¥\u0011\u001el\f¤uRO\u0003¡NXlO¿\u0004à$\"oqºÌö\u001eÊ\u0007êKÓz h\u0007\"f56K®ÃxÀ|\u001f\u001a³é,º¿go\u000bòhö`3Y·Øw¶Õ-³¤Ä¶¶Í»5\u0010\u000b\u001eì\u001e\u0018Åd w\u0000QÚ\"\nK\u0002\u001d<P£P\u001dæý0 Ò2G³\u0005ÈZæ-\u0019bxæè\u0011¬vX÷\fÊOiÍ§ÜfÐ,1¢®¤öCª=3>m\u0005¿¸\u000b_Ý\u0012«YÉòa²ÅT\u0010¹A\u0018e\u001e|¸ S\u0012x\u0019P·qÜÏWFP$åO&ýÍú©*íÊ»Q\u0014\u001di<u$êÀ\fWÞ\u000bt?GªúHiá.tÔMØ0Q®G0$\u00065ÊÐß'\u0010Ñ4¼íãò! Y\u001b,ãðÍ/¹Äyñ\u00158eJ®\u0016XÝÐ÷:\u0007Ý· e\u001cPVº2\u0010*×ÿ\u0018ÿRôvOFBOÊ'K\u0010\bm\u0017ý·d\u001cTM\u0001¹{Z,ô~6tp?\u001cOf|\u000eªõ\u00149c]W¡.i\"=\u0003G}\u00156½à^\u0005ôH\rÜº¥\u000fQw¸ô<\rg¡ÍÇ©dÞ|¹\u00106¼<¥0\u000eõ\u0010r\u001eøGÃ(´\u0016ã«¸äÐMêh×ö\u000b¹i´Ýz\u0011Îéà%Ñ\u0011/­\u0017-«y(ôát3Îv\u0004\u0014Þ\u0007 \u000bçÎY\u0010½\u0017A¥ÀjóO \u0015²\u000f¬j\u0000¼½E}*Ñ\u001c:¸s¶u¶\u00049V ô\u0011vk\u0000ðÔÚæ;°Û\u001e+Õ\u000eçÙ\u0015Æl÷5hþâý\u000brÍ© {Æ<|@Q'óoC(àôsô|/½OÂB{UmZ\u0000;²ÞXü¡®\u0004\"³^6)\u0007~7y§ùÎx8ã¯h­\u0000d$\u0005j6\u0000\u001cbN¬\u0017Il\u0011=\u0015¨Û\u0004c\txJ##?z\u0010Dgö\u0018lüåá\u0016Àö\n¸³ÝÒ¦~\u0016ÖÁÂ­\"lðé\u0006Kaì,\u0002+ËdÄÛ\t\u000e=ª\u0002\bJ5ÝÇ\u0010­u\u0007¬;Q\u0002Ü\u0004é÷1'^\u0016ËCö\u0018REg¦ÌnþBJÁócªÕÞWWÌíOL¾\u001e\u0012S¹çòo)%*`zYWÒ\u0017È·ó°Fé\u001bÇËü\u0000;3qÀÏÓ\u0002q¿ª½ÓáÉb\u0015VkâïÈyàTËY*m#»\u000bD\u0018ó\tû\u0019\u001e(4WBI\u0000^[1üõj\u0005B{êèõ³ºÓ0lêB£»@°á\u0000JÊ&Ú\rÄ ÑØ¼C|¬>(m\n1Ù\u0019\u0010dÛåºÇ7(Ê`Ì\u0016x\u001e\u0019\u0011}\u001cqi]ÓI¼\u001c,C¶>Ù»ÐAE,¢Ô(\n\u0007\u001fÄ6éy$ ¤ÞC ×QÏã\u0017\u001aý\u0003ÜÅ¡ª\u001a\u0001&ðü\u0018d\u001d\\¦\u001e \bèB~°X<M/IFÕÉ8VwDñÏ\u0004µ\u0007ð>hº\u0004?2f¡9Ðp&f%Ï/\u0015*M\u0002ÔW)Uñ¥\u0014\u001a\ttµ¢Øñò\u0015DÌ×ë\u0004`M´Y\u0001û¨rl'ÓeH¾z\u0018ÀÂ·cô£\t\\¸u-\u000eyÓ_Qï\u0010jTß!µà@'ìbð\u0016GáµWLË\\F¤È<°N+ÞN+~äq¶[ãÁl-Û(êáW¸\u0019©E`äõ\u0006\u0004\u0005¿©/²ðR%\u000f\u0010zÑÍv¸,_¤\u0016\u0012¯³l&sm0F9mô\u0016\u0016vO|­Ö\u0000\u001d<zk´]\u0007îq^6zìiÅÀjÆå#yÇ4F9ù\u0018u\u000f¢6ÃÐ)\u0007µ8%=(\u000byõë1'­Ì6\u0019¨\u0015\u0003l²(Qæ-\u001aô\\Ùú°Î©ÝÐ\u0007\u0003b\u001aáú±Ã×èñ±fÔ\rÂøÝ<à÷P¿Á.ü®¾/j£\u0014\u000blÊ7W°}÷Ï\u001fjÚD\u0013\u0007^\u0003Ö`ÈWz\u0014M\r¯Ü2³í½\u0018qÓFÏ\u000f¹u\u0010òÂ÷*\b×\u0011\túærsz|3\u0017\u001cÖ\u0003ühÀ`\u0012\u0010\r\u0010i;5à]w«µªÔFÏ)\u0015Ð7!UQÞ©u\u0014\u0002vXH6tQ$uABc@¤\")\u001eNú\u0014NpU|½fv^f;3j1r·\u0014?)+ÐX\u0005ó\u0010B@\u001eêÁtÌv\r³\u0004\u0001çohQ$Àr\u0016>+\u0016XyÚ `ynr¬<.±L§Tß4e\u0000®æ¢ñ?èr\fC°´3D\u0007\u0017¡\u0005~Èvqýp\f'°E\u0019èy\t\u0012y%Æ¼{h\rrK\u000b+¡óè¯T4Ò\bÅÇkùÏW°1é\trù1mÛ\u000e\u0016UíÏì°N^\u0016Ãå\u0001xÕ¹\u000ftôJ.ñCée]u1ÊP.\u0011Ú5ÍÓëD\r4Ô\u0012ñö\u0002çÏc¾ób²,p\r\"d\u000bâòq]5¤Öô¤ö\u000bu\u0014ÆÄ\u001aÝ\u00021«D\u0013©\u0013ß1èl\u0016\\¥ÎÓ«\u0012-º*WyY±ÇÎ©)2Ð\u001a¾#¥H\u000fN\u0019H==:C\u001fðQÒ=\u0000ÍßãK²Pt1¥»ÈÐ@\u0006WF\u001dj%U¾_s\u00071ÊãîHÀäXf`¤®Y÷7ÓÅÚ\u0001Ù\u0010Ê¿\u0013¼¦ sgJnfCÊt^l8Ì`v4¾V«,ø)A¯3W\u0016WJ©]Xðî\u0003\u0016{(i¶\u0007¥+8sóPÖÕÞÔ\u000f±èGr,K\u001a!ëP\u0018sH=\u000494|±®\u0019\u0019©æä;â\u0003§:\u001aEg\u0016T8!CH­ß\\æÅÊ+ôäV¡J\u0003Ågg·Y\u0011ìZfé\u0002\u001fí\u001bZà¿\f'\"JÑ%ë¾ÅÝCÙF{/Cð\u000eÜÿ\u0002XÎv\u0017<½@}nvªlì\n­ÀËêÓÆºTé\u001f\r\u001fr%Ü\u0007\u0006.Hl+ì\u0017ä¡ò³8l©áxý\tãÉ\u001d\u0001@a§iÀ'Û\u0012Ùëa2þ\u0013Óà\u001db3Ê5ò&ü£@jÉ6±\u001dùuv½Jr@Jì\"}×¿ª1-æôn\u000fù acÖÓÒ·\u001aâEH\u0018­ò/¸ÜÅ_p`\u0013ÄH:c$uZµk\b6¿hð÷\u0000¥pê¯«ZÅ>#ö4\u001c4É(Æ3\u0018¸\u0018æ\rrµ\\ïU\u0005­+Aò\bÇ]|P\u0003¯¨»\tzÃÌÝW<{i³\u0004öÙ»}o_àX-@ý\u000e\u0001Z\u0007þ'ËÔ}ß&ýbø¸´PC(B\u0019>:\u0018Ñ[ªÊ%Êª©\u0007à:ðÄ²D-/öY¼\u0019m GW JÙ­\u001f÷hl¯xZ£T\u0005A\u0015Ã\fx,}\u0005%æÅiÙ\t¸\u0015Ì¼Æ\u00113Yî\u001d§¥\u0002 ë?çõ¨ûoÉ\u0002\u0015B±\u0014_¬âSh6kJc^\u0019\"k²wìD\\ËøJ\u0010öfáìVù\u0004.\u001d\u001f|¶Ì\u000ezW¥¡/´(BÉ{B\t\u0000N\u001aóãÃÈâõY1Ë\u001fAá¹ v¿ÃX¾+¾IÕÑ@\u0011²\u0018öÈ¡²\u000b$Î\bÃ\u0005ÃO¤·\u0015ØëU¶GtPDÛ§uVÀeò¾|-O¶ßCÍs§Lyeò\u0014N²á`Ò°{hÈ+\u0003\u001bÈ2\u001d\u001fO<Äþ±h68%\u000e¸Í2ÃàÃô;§tgO\u001d«\nÍ\"§Ae8¨»ùg\u000bÒ\u0011»Z°ªs\u00111Ü©°ðÓ¿ô\"Ý\u0007lÓø± !·MXoR7§\faÁ2È\u0004wEäXö Ä¿\u0007äI#m\u00035íHaÞ4cIåQ<ÒÊ.\u0016\u0018\u0016Ñ_þ\u0002QgÐ¡Í¡ Usæî©Â!Ôkàb¹\u0016ºå6\u0018YÌV©>+á\f\"¼±\nì3åe·À¹^*Èw¼]<\b¦À9£¹\\YwY¼ª\u0011;}\u001aÉq\u0013°õ¿F\u001aðoi³\u0004²ï¥þLX@®H%¦8\t|î]É¿Ãb¹L¥\u001bÈ?ºX:Ùez9\u001a¹ðhH\u0004À\u001fa­\fÆ¢$2I[$2\u001e¢°] \t¸mWÊ±QtíÆH:0Ï2<²+Rá× \u0012ä\u0000Ü(+õáT)\u001eÜÂÛ;^¡\u0001)iª¦aÇ)Dæûâ\u0005Í+<W\u001cõ\nOä\u0015\u0017i^aô\n\u0011ýzÖlqy2\u000bP\u001d\bñ°Á;·H%U-¢Õ.áZ°\u0011í\u000f´\u001cûnH>T\u000e½ 'iÇø¸v\u0015òÇcOªlZí\u001cÂ\u0012U \u0006\u0019âz*:×iôÔ¢ ôÓ¤©2\u000f\u000b±\u001a\u0014»ü&wN¾T<:ZNO2ùV6(ÝFv\u000ec¬¹±yCäGõoèH\u0007;.UGÐ.\u0003â\u001b]:K\u0000~ä\u000fN\"ç÷¨\bÄÁ~\n\u0002#«>\u0011\"w1©Ó\u0015Óe;\f¸ËÓTn\"o\r<ëÛÌWHè\u0016%h!`\u00144iyÿøô<éøùîP]ïA=&¨\f[\u0019\u0014ä[¢ £¬b@E\u0017²\u0011\u000f­Lºb\fìÿ*6W¦M,Óê-xÌÏ«o\u001c\u0011öÒ³\u001fEP°U 2\u0011ûË\u0004è)rQûU§MgLB*o\u001e!R4J\u0018ÁîE¶PSD/lãÍ¼$6\u001dæ3*ü\u0001®\u0019\u0017S{hÃ#W\f\u001b 0*ë QÖ\u0000jÞ'q|>Aõ¾\t¥»ñôYÞV\u0005ÒW83E¢aè\u000fõ|ÌCÕ²$\f*I\u0002å{2IB¾y¾<&G\u0002\u001b\u0006WZ\u0004uÆåi9\u0012¤£]pPaÖ½P9\u0012ÚBUÄ\u001açH<@Ä\u0003\u0014²ª\u001c\taé2øûÉ\n\u001fQÜÇÛpêpA´\u0004;m\u0004Ä:Ñå\r\u0000\u001d\u0003U\u0012|å\n\u0014Ë\u001c\u0018½)5Ìnì\u0012ò§Êh(ì\u0006\u0002\u000f\u0018\u00110\u000b2¤Pç.\u0006NÐñ'\u001eÅI4ïOH\u000bÐßH:YÝ.ÚÅJyfOv2¨C=Ïú\u0003\t­\u0012¼'ÙI÷ÌÈL\u0003\u0001®íDÅ\\¸ïÅM\n²\u000f\u0014-]ûJsðTR&s\nôã¾M5HVS¦\u001bB.FßQÐ1\u0019Ôü¯.DßíY*ç\t3dj7b¯Fl¥¥DðWW\u001c\n¢[£Ï|²m\u0000ÿ\u000f?èYAg±\u0010\u0003¬nz »¢ÈÄ»ZêCÂ¾W0Z\u0001­pY¨MZ(2I_}´R\"øHOÒ\u0011|6\u0001[Uø\u000b\u0013;W°¥Ghøâ84¦ Â¿*­\"^;îË!Ø\r¥\u001c¤\f\u0010«\nÑ\u0012\u000b5\b?¤ñ\u0011»0P» ¯\\£«;k0V@?\t$£â\u0011\u0019$F§+Á¯³\u001ddÖ¬Q±²;¿\u0002#\u0005ú¨RôtÝ./!)\u001bðÍ\n\u001aâZ\u0001^\u001dÁ\u0016JBÝE\nÛ{èÑ5øI\u001bb1\u0013lXnÛ{ÂÇzK= \tbù\\ËF÷\u0001æ\r*\u0003¹ÙM¨\fTæÎság»ñ§5ª>\u0010ôÔEÍ@e\u0019H¡âüµJPÜî½Ád Ë@BÓî\"Aý\u0015Í¿+\u0014Ô\u001eÍ\u0019Mþ¸'=á_+\u0005å\u000f²Ò\u001f!jÍUç¬#tî\u0001½.A=\u0007³w\u001d\u0007ì\u000e@CÝO\"åÆ\u0001\u001e(\u001aÆ2§w\fÀtq/\u0011*æ\t\u0000à(¿^\u0001©q8#Ó¨nÙH{!34Þp~÷=Í¹Ì\u0010¾ð<.Ò×\u0017.©MÛC}Dõã=\u0006ú'Y¡ö%Â\u0012Z¤÷²Föõû]¨\u0004=;\u000f4\u0002Ã\u0000õ\u001fâ°8ÿ¥ññ\"ë_4ç7ïdjÈ\u0003w§¤\u001e\u0019\u0013³LÏb)R\u0007_4ª¼´ô$z¨\u000b÷÷¿á\"6jæQ·*u\u0014Ç\f¼b\u001fqèi|VñEâ´¤Ýåf(¡\u000e-1\u0007è\u0006:_Ü>\f\u000be,K©-æÓpQÏ\tÈ\u0017ßÂu4uXÜ\u0012ÃJçÄ,\u0002Å Tië;Ñäi\u0019 º\u000fFA©óÜ\t)èÆÅ7ô\r:ÿ\fwÉ'nàÿA<|\u0012\u0012_0çeW\u0012`@½>=º\u0002I®¯Q\u0018dðj\u0005­;\u0000mj\u0018ÒN°Çwi¡xý¹º3;8¾Ý\u001aÆð\u0011\u0018þ4 ãp\u0006¼¨\\ÏùæD+Ü§\u0010pF\u001aÔp5`Ý úA,Ûôð¥CVt\u0004ê\bÇH±\u0001ü<(ù?\u001arl~êÜDè¬\u001d#îA\"¬\u001d6âü\r7¥Ùp88\u000eóÏ`\u0001­l»=Ún\u000f¢Q3\u0018p\u0015ývB1öÛÎä»\u000f\"8p\u0002<<r\"óPVª\tAZ´×ê5rp\u0014½\u0000ØN8Ä³Æ80\u0006*A¿¯65cfÃ^Dû^½@¯Q8\u0010Mê@\u000e\u0007>\u0005[mæ¢f@£Éù£çEG\rw\f³\u0017Iß§\t©\u001e0xîÑ$z\u0004~p¹ä]P!Ò\u0016kÎí´},6a\u0015¹89ò:Ñ\u0013ëãd)cRlÌK÷À\u0017ÏÂÐr¼¯Ë7nÓ§ZìèU\f#¶-åZvÅqù&6ÆÜl!­\u0007W rdHw.W»\u0014\u001b\u0001»D[Éè»*0úQPÌ6\u0010DnÍâ/ÄüÓi\u001aéI2÷[KO\u0002Aà\tµiå\u000fûU^¿\u0013ÞmOHYb\u001eW(Gé\u0011ó\u0001N!,FmôvL[`ËÉ\\R© á\u0017y·°J@*?Ç­\u0018Ê\fë\u0003\u001fÐý¢`\u0002¹/4x\u0018ÎÏ(ÜÆØ:\b}\u0013±\rÈQjA:\u0012N$NÏàÅì$åµÒ\t±]'e\u0005\u0010h£ÚÖpÆÿÀ\u0003|®zÄ_R\u0011/Þq1~)YU\\ l/-CO×\u0003}q$\u0004ÇÕ\u0016r£±b£µ\u000eË\bùª8©M¨^r7mh#Áp]Uü¹\u001csÅ­õdÖ·x£­ÁÁnÉJ¸\u0003C iv%dwX=¿ê+lç÷b¤\u0014z|37\u0015Òg¦²ð_\u0019\u0004Ð¬,¬ÛÅ ô\f©Z³;uÑÜ3Ý}\tK½â4Ö\u001bç 2\fReÀ=VÉeêÔ¿þ¬7$ÝÃ\u0019bÒ:C{\u0019¹R\u0017Ú\u001dy1ê¢'Q+`¾\b\u001dAæÙ\u0005tCÞ%Ä¨\u000b9|Òô\u00053#2É\u0014.ÑbrÙ´uGw¨ïÉ*§Ít\u001dû8\rc\u000beø¯ôbh½\u001ex1=0t:a^±ÝnÈdoÍ4²ÁÊGÂ7Î\u0010rNU÷\"ß[e§Õ¡G°Æ2²dB^KìpÆêÃ\u001eÚC\u000fvUEèIiyb¢\u0010v¹,:}ój\"Ôø´\u001dS\u0012!ïLÖ!¢0d¢\u0005\u0011úEô?f\u001fÊ½»i\u0003ù½K¬åëfm¡q¦8Tc?hÀgM\u0018|³èUkø,m\nÕ\u001e¹\u0012ÀÛ\u0005ÁUuÊ¹·F`QóÊÄJ\u0019ì»RelÀ®{ \u0003¾\rÍ+mvÊZT6¥\u000b²¡ÜõÃ1õM\u001bôýÚEÂpcÞ«>ßºÉ´Å\u0001cöÑ\f½bö*l\u0006Sê\ri*Èß¤X»ªÅ\u0011­wÊã\u0006x/Û·\u0011'x0ªq&æ\u0012j$¦\u0003séGâ=\u0017èK\u0013À\u000048\u000eË\u00162ºô\u0006i\u000eê¦Ä|]\u0014\u0012X\u0000\u0017ÍÑ|<\u001eÓ¹(n¯â\u0007\u0016)òvH¬EjØ4A\u001aJÿ_ñ\nü8Lðÿ\u0014eË/Èì \u0000Ð}@\u0000\u0017P\u0007Â|\n\u0001ÐÓ\u000ft\u0004@Þ\u0005g\u0005\b\u0000¿¿X\u0004B± @ôÿW¥ÿ¼ 8µöR\u0019Ùqþù\u0018óóÃÒÿgBHÎ\u0007kH\u0010@åu©¤Rñ\u0001\u0006\rÇå%£`\u0017êFGBN¦f\u0016X\u0001¼É>\u00122#6\u001e\u0000p¹Rf\u001eoEaHëù¶LüÆh·ªQio>Ù,t8ê5¼vE\u0010¢QTA¦!7\u0000âtÁ\f\\^Ù¦âûUÚ®GîÞE²g\\)¾Ü]áé í§fDO*OÖ¢RÃ\u00109ß+\u001eåA#n¹Âw\u001b ­½ç¯a?û\u0010D÷¥Q?ôB\u0017½;wrß1z«¾s}³ÆÑ!ú}±ËÅ\u0005X(\u0000\u0005/p\u00152Rdaþ}\u0002\u000fÿ¦îAí&Í_\u0001-Ü\u000fH\u0002Õ,´v\u00063þD\u0003\u0007a;\r\nú*{7ªµ\rÞ\b×ÒÁ×\\£ñ[b£\u0019Ê\u001cv¯ê²ÍÒÌ ¾Ãr\u001a\u0016ã({ØýC)Ì~.D\u00047Ë&(@Q¼ÿ*U+YT§\u001d¨9\u0013#_ðiy;À\r\u001enW.cô)Z='ÍeÈØwªsÓb¢#\u0007¶b\u0018Ìâ\u001e\u0015&rðãØ\u0011n'`Äª`\u000fÍÉÜ\u0014¶[±ðÃ¡µõ~eÖX]4»\u0018ò4H\u0015V¿ò¨PÞÌ¸\u0011¾&æ©¨nz\u0018í\u0013\u000eï!æÏ×»ÐdE¿úøX±~èC­uR*Íaä^d \u0003B:§tiÝ_@°@Xø:8Ó\f±ÀH\u0013w÷#ýk\u0017Ä¢]ÍS|'÷\u0010ÿ-ñ´£x£÷\u001c©¯66¢¸\u0011f{*ò;¾P÷t¼h\r\u0011½7 õy|ó¨©\u0019ëD¿ø\u0003U%hè\nçý»é\u0014á'ÜÑDC¼³Õ\fz\u000eÐâ\u00055#\u0012]{[Ä\n(ú9£^\u0004¬¾Ò\u001ew´Z\fµ°\"í\rÙ¬b\u0002:q$.P[\u0017È¦ÉKjý¨ùÞ\u0015æ]Ã§ÞU³Ý*YH_\\Á÷Ï;JÑt\u000f§©zPÒÈÉ@é¤­3¦î µ+b!ÌéÜ\t\u000b\u0013\u0010÷.\u001cJBÉÖåôEZv\u0016r\u0005Ä8\u001bÚ.\u0002i_ÖQI±*¿æ¥ÌÕÆÝxÎHçÙ¼!¯Ï\u0005v\n¿!}J}âIqÄ¦\fÄéÛS »zÁCÈ¿Óú\nä¥\u001dU\u000f]9)båhJè8øü»\u0006·ìI\u0015$¡r\n=*O`ª\"eó\u0005s6`A\u0011]RÔk\u000b«\u0012.£\u001d\u0013\nÀ;é®Do'ð\u0005¥>\u0019ÞK\tµ\\ítéW¤\u0005¾­\u0004s~eÙ¡ë\u001e1»\u0003´ôÉDÏ±ß\u0000-}°sPáLûÒ\u0004a?/Ò$$\t¤\u0010sxèÀ_8\u0007áô=Ý§ìKD=èRÔ§ì\u0003\u0002°¤Ç\u0005¤ñ@2d1b\u0002\u000e©\u0019\r\f t-¤¹XW¿ÌÞîË>Ló\u001c\u0018¶\u0013l_\u0002\u0003l\u0010\u0019A\u0004ë4\u0014Ç\u0001NGÐgó%ò\u001b`$·â£\r§C²³\u001aÒõUþ\u001fj<á³Þ[\nØ\t-\"Óq©ì=åg|\u0011SgeëS\u001d\u0002à\u0017ñy$1V4uæ,\u0014P\u0000Á~\u0003=\"0\bD\u0000)G6÷\u0018àóYêsh ë¦döJÄcíä(\u0013ò÷\u001fÄå{e\u0010\u0005\n\u0003ÇÂ>ÿÚ\u0002Þú2\rÈ~\u0014l&\u0006\u001b¸\nF\u0000 cmw\u0011\u0004\u001a\u001cð¢û£Ù\u001d\u0012¡èº\u001dÝ+­Ñä\u000e\u001d$@\u0019¤ý8@\u0015>ø\u0015\u0013\u0006\bÒB4&]ù÷\u0012Ri-çöeê±di5p\u0016C\n·¶\u000fL½QRè£Â&\u001d äÕÑìÙ©\u0012 4`s;Ã1\u000f²!ö;µo\u0004HpR\u0001$³òÐ~\u0006(ñ\u0006È]@B(ulL<Ýa\u0007(ÍùM;³\u001dØ\u0003¹\u0014ôU¥ÀæúVV&{¯2ý\u001bóÓþÀ5?#1È©ZAbÄ\u00021\u001eg$\u0010\u0003³S%\\P\t%ÖRè$^\tî¨ü²\u0016\u0000¼>ËÌTy\fa1éi7G3AÜX\u0012ñ]C\u0015»Ù«ýu \u001aC\u000bÀ\bÝ6Ñ\u000fC.8zFm©Y·î34Ø~$\u0016NÕ'iE19'áp Ùc<­gP>¬èlW´ff*×^·kÀ0\u0011ê©hQ-ÍÄ6ú4Èç\u001d\u0004M zñ\tK\u0015ÄûÚ@+\u001añàÏÝG¢Æ1jÍ\u0016äªC´ÖBÖÏä`E°UÒr\u000e'-³ÀÇÍ\u0010ª(12¸\u000b5,ºoÄYì\u00023uZÄzÞ^6¾mÁýØ)À\u0000We[â\u0013\u0017É\\PzT\u001cÇ6µ[û\u000btÌ\u000eSÁ ôb Õ¼¬dô}\u0007\rç\u0016Ã¡[\u0000\u0013GxAÍ3ó\u00030Îqð\u0014Í:5\u0018'U\u001e/L»Ç\b\u001dÍÀÀôC}IÏ\u001c«R\u001cì4ÞÑî¼\"b&TQ|%­êÉýø\u001b\u001fÜ7±z6\nk\"MK¨&\u000eáJ7ÿÞ´Ô§´æí¯OöÊ)BÒ*È(gÁp±ÛX£MB¬Åä/Ç\u001c d´Ì\u0007F-¶ë@éÀÌ[L\u0013@søÈt4§\u0017Î¤XQ`¶ùx÷\u000ecLc0G{Óî3)\u0015bJÎ0ër\u0015\u0016Ù]r&f~_nÖ\u001b[nÐ&«hMÖì)?Éi\u0005ý\f^E®¨Ú:4\u000fØ\u0016ï®\u0003G\u0017Òáö2oí@\u0010Y\u0000çNWÃG·#\f\u0006ØQ\u00050\u0014ÖÞÞ\u0016È/XîüN\u0019í÷s¸é1û`«4*·åQ5xHWF{!Ùò/õ¿ÓéfyG=­'ýë#oìÎüg·[\u001a;Ow¥ÿ«ÛÅ'Y\u0001À}n¾i%\u0000¼6ÙhAKø@ë\u001c1Æ*;&Ùãxbr©ë\u0001ã©X\u001añ;Ù\u001eøXAq¹î!`tÐ\u000fä{ ]G~y Ê5²6ó>j3ñâ:Í\u0015=è)A¥Íu/}Qu\u0017EÛEDû\u00015 .\u0013BQ«ËìBêÞNa¦aWa&\u0006Ø¯5RàºLåYÁJ©§IK´6³\u000bí\u0016ck3\u0001¸©÷\u0014þ¦6\u0013ïëãâÌhK¥®»+4w~à}F¦ÜÄO²D³VeOÂ®DÄ®§éÆ[xç\u001céT\u0015ÖÂÓÎdKv|P\u001atYûLV--I\u0000P6\u001cÅ\u001eÜ±fYO#S\u0013£&\u001b*ÿY@·iZäY4(ð\f%©ë°Û GµÌØxÄUh·¯'sÕ9ä×xÇwªÇ\u001e¡RýXü\u0002-\u0016÷<IüÈGbF,\u0010\u0004\u001fnE5­Xa\u0017®Ê\u000f!À\u001fF\u001a=Ø]!\u0015q;M÷+ê@,Ó9´v½¦\u001eõÁ*GU5°Íªêy\u0012£zjkô\u00163\u001aj£îÆðO5ÔF\u0001VX\u001bô]\frs]\u00027ân~¶#\nÜ¨GëPK£ \u001bù»XÙlN\u0011SHLÞ:r]n°[Â°õE±Ø'Õ>\u0011ëw P\fQ¾\u000býÄì)êà§ãtñ¥\u001aøãâM\u0010ÓÌ\u0000Â¸\u0019ÚV\u0015Ê>|²-ìv/gn¬;u^¬î\u0013hÛv+h¡\r¯ÙÁp\u0014|ÇE\u0019:Ãâ\u0010½\u0011\u001bgâ¥;ü:x\u0018\u001fý­ã²\u001d#ÀÂÏÔUN}mòÓXè÷\u0000>\u0002Ö±^S\u000e{m\u001eÍñ>Êt3íÑ3§\f0g>,6÷îCr\u0004¾Ê¥>ÖX\u0005v\u001cÞ\r\u001aÊ¥·]\f-õª­b\u0002,øë$\u0014¢ë4\u001aªÓÛ\u0014\u0010ô;@6ø\u001c\u000fì¶Wb£\u0004!Ç,úzgìdE°Iõ2T]qÓ Lé\b\r\u0016AgÜùãø8\nàö\u0019\r\u0019â/¦\u001b}ÀæøÆÏxV\u0011ÂµÏd6oÓ\\&·#\u0017(­\u001cO/íÃ1­)DÖÎk\u0010ÏÓ®SadpWl/\u0010$|\u0001,xOSg\u0015nV_y/¡an\u0000g\nß\u001a9\u001eã\u000eí_¼\bÁ\u001aÞÑÇÙÒ=`\\\tyØ^½õ©!Ü|³\u0018\u001açÍNË9gâÕ¾¡9çÅD\u0013Ë2Þ\u0010S¸ÙR~PC%%á\u000b,H8ÇÐ\u0001>\\Ë\u0007mÉæ£b­Lw'ÂWJQD2\u000084z©\u0001\u001f,Ïv÷ïÆn:QÃl-²Á¬\u0001´Fs^¤\u000eÑKõ¥ã\"Yv«Ø\u0006mq\\b5\u0014Û[az5$aÚõW\u001cz\tþâ^e\u0006÷ap¾«øb( 5ÝÁè0¢F4c\u0015Iq ô.º\u0011D~ß}º÷Ð½ê\\z\u000f\u0010Kµ1n\u0006®\f*\"z\u000f¡]uË\u000f½\u001cAµ\u001cbÈøB;UË¯Ó²GêEWàá£__P@3ÏÞÁ¿}\u0006ëí9ÈD³å9Ä¥%Q¦(µ°Æµà6Ùb\u0004HÀ÷;|·tëÐ÷=×¨¨ÆÈëOþ©(Ô Ê\u0019EI¯ÖJ\u0014E×Ð\r\u001d %tJ»~Õ`ÈÊ\u001eN\b92kt\u0006¹\n\u0003N\u0012¼\u0019S*ÐÇ-«MtfàÝè\u001fz´ºâNe®f´Ë;zer²çüâdÒa\u0019\fR.©ìÖ.I^Gv\fn-¢î²\bMTäÂL\u001b­uHjEóÈ[!,p5\u0011§ù\bñÄ5\u001cLør\u0005HnÛ~ù¹¨F¸\u00066~r-=\u0017EàÜ~ôP\u0016oÎÝ\u0011sbãü*!urúD\u0000ÝÂîË W\tmp\u0007·²:\füÄ\u0005:¡Ã¡EÿY|\u0018/ÚÅ\u000f/ï,sÐ«÷ã\t\u0006v\u001bìéPj²ëÏÂ<ñ(\u001dDqC,Þ\u0012o­¨b\u0007LfýÈ¼Ñ?Á×*Æ.F»mãÃrÕ¿´\u0018½N]9 \u0016Ù\u0001k\u0015÷ÌýÔ`\u0014hÓð\u0005)\u001a¸UÞ\u001d;\u001f|¬u\u0018ÕZTÏË/\"Æ¶\u0018Þ\u0006Ïåvì³Í\u0006¾ji@ýð\u0004n!ßZ{\u0003LJË\u0007ôæ|r\u0007b\u0013õÇR«`\u0014|4\u001e¦Å\u0006?>rZÑczhG\u0003Q\u0001¶£'ÖK\u0001ªW-¶52[EQÙM&\u0014È/sÅ¤\u0005èËÂ~Ðl\u0014¤ð\u0006E)ØÀ-ô\u0018e­)?6¨µ\u0012åÎZVPë\u0016äå\u0017ü\u0003hú#b«\u0000Õÿ¼ûixÒÌ{éìòk4Æ?R\f¿\\~N$æ»õÒB\"6ûÓÁzúo\u0002ao»\u0000 ix!þsÅà\u0015ht.I½ßaCëMK \u0015¶ Æ-g¥q.Ó3 ñÃ-\u001ao)Ð¨\u0019»P@½\\rÇZR¯Jø~XÞ\bd\u0005.\t\u0010ï¥=5G¶:G¼¦fÁã,îXÇ\u0018É\ng¶pTÆ\u000e¶xfÅ#sÈ\u0002½Òé\u000bÓ±Ñ\u000e3ï4åÎË\u0011\u001dÙ¾íìn¦+WÚu´3Æ\u001f¡a´\rÅ\u0016á\u001e$eâj-¨©ýÎÞ\u0016ø£et¤È\u001eB¸¹-ØÆÝy4HvQ GÚf&X@fN\"íocÿqï>lîÌ\u00150\u000btmñþ¢>\u000bùþ¡h\u001bl$+ß\u0010«úvc<°\u0012äu«ï!Æ\u0005+î\u001añ\u0012\u001e£+Ì[|¹qå\u001d\u0014÷¾\u001f)¸\u0002Ó.t\u0012ô!?ÈúÐ«>Û\t¨vÊ\u0001d!Br\u0003ÈAÔ[ê\u001däìh?Á£eUh>$NñÎ,³f¦°;xó'Å\u0018A2ªh°],];YÐýWðÉs\u001dFññ\u00064\"\u0005B\u0019`\"¶ymÎÀwe²@±Ã¶\"6éðq\u0018q÷\"´\u0006è?ÂïÇbî¡\u0017\u0010T\r\u0017ëYPñã6¡©ÛV1$6>xu\u0005Gê¥7òK~ÛÑ.m£m´%¿¸Òï»(ûôÿ@0bBÆC'\u0001|9æ8¸ô(ãè­l8B÷Ï6B°¦\u0000B½\u0001,5DØ\u0018\u001cÈµ°.kqûvÁíwàw~Ã\u0003Ä\u0017\\cGO«w¤b\u0003¶V¼tà-åwY/ó7\u001e¼~\u000bLttPÈ\u0007\u0018á×\nÂ§3'éS\u000bÖà\u000b-3Úg\f¿gÏªw6°µ»jÍq¢ëì\u001eÙK­\u0014ãôC¿Ñb0§ö\u001cfý½Þ#H7 ¿!\u0004©2¢âÅ¬(á¨ÿÎO·8\rÓz-\u0011I­+WQvÇÉÕ|8c]¼\rÁíB5¼ÄR·Ð!|î\u0000½?sú>`1\u000fÄ\u0003\u001bM`s\\SF´æ\u001a(\u0005Þ9-ËìAr×©\u000bà·%äÁ\u000eê]a ðQOO\u0003þó¡\u0014U¤r\u0011.WY\u0019xÿ3fË\u0000\u0011\f°9îDÕÄghþqY\u0012ÂÄ!¶!Þp4ø>¯\u0012ØW\u000f`Ý8Ìé\n8K\u00034Ø\n+«?ßs\u0006M\nÛo£Ñé¸\u000bÁ×=ÀKèÅð~\u001cï|\u001a\u0012í\u0013[²f_vÿÍ×É\u001døº\u0018>jîm\u001fÉ7,iFyç?üºÑOËï£;lú§Ôåèw\u001fÝ`U\u001fS7Zøn|ê\u000fw\u001b¬úÝ&Ç¶ª»M\u0006ù\u0015ü]·;6ýn\u001bmÒ¿#ÿ»»-&ýn9¦öÕù?ípè\u001f·béòfý#ð\u0016'f\u0016{¯áOw\u0018°Í;»MÒwµ¶º¡\"\u0018ÂÞÃM~OFÈ\u001fiª\tW\u001d7âSâµîê\u001a7ÞÓï×5`LÞï\u0010Ý¿2\u0012©­?á®\r¦7ú½\u0011wuº;Që\u000f××âoÁFÆ\u0005w}Õé`}ä\\Ìµ\n$­Þ\u001böûCiÚ\u0014R\u0013ü¡H¸å6/¼Grj\u0002V\u0010\\ÀRð|»ÍjÐ\u0010vËcÇ\u0002öt»ÿg\u001b\u0012\u0002I¸#5a5TÀ\u001fñVb\u001c¿\u001aï¾\u0001WBøÔ}^Mí¹pM¤Æ[SÍ\u0017ÃþÏ\u001fÎ¬®ñV\u0005C\u0015ç#îHüz¨&æQ\u0017qÜ\u001b\u0018¿ånË§|Á0Vöë\u00106\u000e×¦¡~ÖÖaJÇ\u0001ûjnº¡Ó55U\rµ;ÏÆ^Õ÷ÖB»^Pï÷6ýY|\u0019±óºURYìÔêkÁ3þ+`¸>\u001føÃÁÅ¿üªß¯\rh·ÛA¬é&}ÓAfaw¨>Ý\b¶bcq¿?ä­ñù}5¾è5ÿ×k1óÐ6Ù$Ù°Þ\u001fÆ)á¼åF\u001f,-Ãùôã¯V\u001e\u000ejäª\u0011¶Ñi3l6çoIÞî4à?2\r¿¦&$Öûëë±×$C%HRò:\r4£×çM³Û¼ö4ÍçHÃ#&³3`wXý\u001eAbS0ä«iúÏ-\u0016Ïb÷J2O¬\u000ezp7Lýå\u001aÖ+ßÆtÕ.?ß\u001f©©òË+µÞkÚ«ÖS\u0015Ö¦\u0017­%6ó¥*wIaKÝÕÜÈìº\nkEs d:s¾(§À$Äñ\u0007\u0015×|þ»¡Z²ª\u0014§Ö45Íd|\u0000F\f¼\u0011´Õæv:\r@ZÀoµ§Y\u001c\u0016cÛì3¤y<\u0001Ñîv8\u0002~·\u0014Ø5J²¶[eÿ\u0007¼8R¼\u0000\u0000"
    }
  },
  "response": {
    "status": 200,
    "statusText": "",
    "httpVersion": "h3",
    "headers": [
      {
        "name": "Content-Security-Policy",
        "value": ""
      },
      {
        "name": "access-control-allow-credentials",
        "value": "true"
      },
      {
        "name": "access-control-allow-origin",
        "value": "https://www.vectal.ai"
      },
      {
        "name": "access-control-expose-headers",
        "value": "X-Accel-Buffering, Content-Type"
      },
      {
        "name": "alt-svc",
        "value": "h3=\":443\"; ma=86400"
      },
      {
        "name": "cf-cache-status",
        "value": "DYNAMIC"
      },
      {
        "name": "cf-ray",
        "value": "972482c19bf2739a-JNB"
      },
      {
        "name": "content-encoding",
        "value": "br"
      },
      {
        "name": "content-type",
        "value": "application/json"
      },
      {
        "name": "date",
        "value": "Wed, 20 Aug 2025 20:06:22 GMT"
      },
      {
        "name": "priority",
        "value": "u=1,i"
      },
      {
        "name": "rndr-id",
        "value": "2f8345c5-3be8-4536"
      },
      {
        "name": "server",
        "value": "cloudflare"
      },
      {
        "name": "server-timing",
        "value": "cfExtPri"
      },
      {
        "name": "strict-transport-security",
        "value": "max-age=31536000; includeSubDomains"
      },
      {
        "name": "vary",
        "value": "origin, access-control-request-method, access-control-request-headers, Origin"
      },
      {
        "name": "vary",
        "value": "Accept-Encoding"
      },
      {
        "name": "x-envoy-upstream-service-time",
        "value": "522"
      },
      {
        "name": "x-render-origin-server",
        "value": "uvicorn"
      }
    ],
    "cookies": [],
    "content": {
      "size": 15,
      "mimeType": "application/json",
      "text": "{\"status\":\"Ok\"}"
    },
    "redirectURL": "",
    "headersSize": -1,
    "bodySize": -1,
    "_transferSize": 381,
    "_error": null
  },
  "serverIPAddress": "216.24.57.7",
  "startedDateTime": "2025-08-20T20:06:21.122Z",
  "time": 1185.6299999999464,
  "timings": {
    "blocked": 2.877000000664033,
    "dns": -1,
    "ssl": -1,
    "connect": -1,
    "send": 2.031,
    "wait": 1178.819000002609,
    "receive": 1.9029999966733158,
    "_blocked_queueing": 1.313000000664033
  }
}