{
  "_initiator": {
    "type": "script",
    "stack": {
      "callFrames": [
        {
          "functionName": "method",
          "scriptId": "126",
          "url": "https://www.vectal.ai/_next/static/chunks/9da6db1e-ad7decc175389864.js",
          "lineNumber": 0,
          "columnNumber": 80787
        },
        {
          "functionName": "",
          "scriptId": "126",
          "url": "https://www.vectal.ai/_next/static/chunks/9da6db1e-ad7decc175389864.js",
          "lineNumber": 0,
          "columnNumber": 148111
        },
        {
          "functionName": "Pe",
          "scriptId": "126",
          "url": "https://www.vectal.ai/_next/static/chunks/9da6db1e-ad7decc175389864.js",
          "lineNumber": 0,
          "columnNumber": 148117
        },
        {
          "functionName": "retriableRequest",
          "scriptId": "126",
          "url": "https://www.vectal.ai/_next/static/chunks/9da6db1e-ad7decc175389864.js",
          "lineNumber": 0,
          "columnNumber": 118977
        },
        {
          "functionName": "Rs",
          "scriptId": "126",
          "url": "https://www.vectal.ai/_next/static/chunks/9da6db1e-ad7decc175389864.js",
          "lineNumber": 0,
          "columnNumber": 148321
        },
        {
          "functionName": "",
          "scriptId": "126",
          "url": "https://www.vectal.ai/_next/static/chunks/9da6db1e-ad7decc175389864.js",
          "lineNumber": 0,
          "columnNumber": 141725
        },
        {
          "functionName": "",
          "scriptId": "126",
          "url": "https://www.vectal.ai/_next/static/chunks/9da6db1e-ad7decc175389864.js",
          "lineNumber": 0,
          "columnNumber": 118337
        },
        {
          "functionName": "",
          "scriptId": "126",
          "url": "https://www.vectal.ai/_next/static/chunks/9da6db1e-ad7decc175389864.js",
          "lineNumber": 0,
          "columnNumber": 118343
        }
      ],
      "parent": {
        "description": "setTimeout",
        "callFrames": [
          {
            "functionName": "Er",
            "scriptId": "126",
            "url": "https://www.vectal.ai/_next/static/chunks/9da6db1e-ad7decc175389864.js",
            "lineNumber": 0,
            "columnNumber": 118125
          },
          {
            "functionName": "enqueue",
            "scriptId": "126",
            "url": "https://www.vectal.ai/_next/static/chunks/9da6db1e-ad7decc175389864.js",
            "lineNumber": 0,
            "columnNumber": 117852
          },
          {
            "functionName": "capture",
            "scriptId": "126",
            "url": "https://www.vectal.ai/_next/static/chunks/9da6db1e-ad7decc175389864.js",
            "lineNumber": 0,
            "columnNumber": 151479
          },
          {
            "functionName": "Bi",
            "scriptId": "126",
            "url": "https://www.vectal.ai/_next/static/chunks/9da6db1e-ad7decc175389864.js",
            "lineNumber": 0,
            "columnNumber": 65378
          },
          {
            "functionName": "",
            "scriptId": "126",
            "url": "https://www.vectal.ai/_next/static/chunks/9da6db1e-ad7decc175389864.js",
            "lineNumber": 0,
            "columnNumber": 64921
          },
          {
            "functionName": "ai",
            "scriptId": "126",
            "url": "https://www.vectal.ai/_next/static/chunks/9da6db1e-ad7decc175389864.js",
            "lineNumber": 0,
            "columnNumber": 64904
          },
          {
            "functionName": "",
            "scriptId": "126",
            "url": "https://www.vectal.ai/_next/static/chunks/9da6db1e-ad7decc175389864.js",
            "lineNumber": 0,
            "columnNumber": 65345
          }
        ],
        "parent": {
          "description": "setTimeout",
          "callFrames": [
            {
              "functionName": "Ui",
              "scriptId": "126",
              "url": "https://www.vectal.ai/_next/static/chunks/9da6db1e-ad7decc175389864.js",
              "lineNumber": 0,
              "columnNumber": 65324
            },
            {
              "functionName": "onRRwebEmit",
              "scriptId": "126",
              "url": "https://www.vectal.ai/_next/static/chunks/9da6db1e-ad7decc175389864.js",
              "lineNumber": 0,
              "columnNumber": 63832
            },
            {
              "functionName": "emit",
              "scriptId": "126",
              "url": "https://www.vectal.ai/_next/static/chunks/9da6db1e-ad7decc175389864.js",
              "lineNumber": 0,
              "columnNumber": 59214
            },
            {
              "functionName": "At",
              "scriptId": "159",
              "url": "https://vectal-api.onrender.com/_events/static/recorder.js?v=1.259.0",
              "lineNumber": 0,
              "columnNumber": 72562
            },
            {
              "functionName": "mousemoveCb",
              "scriptId": "159",
              "url": "https://vectal-api.onrender.com/_events/static/recorder.js?v=1.259.0",
              "lineNumber": 0,
              "columnNumber": 76208
            },
            {
              "functionName": "e.mousemoveCb",
              "scriptId": "159",
              "url": "https://vectal-api.onrender.com/_events/static/recorder.js?v=1.259.0",
              "lineNumber": 0,
              "columnNumber": 41250
            },
            {
              "functionName": "",
              "scriptId": "159",
              "url": "https://vectal-api.onrender.com/_events/static/recorder.js?v=1.259.0",
              "lineNumber": 0,
              "columnNumber": 42525
            },
            {
              "functionName": "",
              "scriptId": "159",
              "url": "https://vectal-api.onrender.com/_events/static/recorder.js?v=1.259.0",
              "lineNumber": 0,
              "columnNumber": 22912
            }
          ],
          "parent": {
            "description": "setTimeout",
            "callFrames": [
              {
                "functionName": "",
                "scriptId": "159",
                "url": "https://vectal-api.onrender.com/_events/static/recorder.js?v=1.259.0",
                "lineNumber": 0,
                "columnNumber": 22856
              },
              {
                "functionName": "",
                "scriptId": "159",
                "url": "https://vectal-api.onrender.com/_events/static/recorder.js?v=1.259.0",
                "lineNumber": 0,
                "columnNumber": 42720
              },
              {
                "functionName": "",
                "scriptId": "159",
                "url": "https://vectal-api.onrender.com/_events/static/recorder.js?v=1.259.0",
                "lineNumber": 0,
                "columnNumber": 22821
              }
            ]
          }
        }
      }
    }
  },
  "_priority": "High",
  "_resourceType": "fetch",
  "cache": {},
  "request": {
    "method": "POST",
    "url": "https://vectal-api.onrender.com/_events/i/v0/e/?ip=0&_=1755720381123&ver=1.259.0&compression=gzip-js",
    "httpVersion": "h3",
    "headers": [
      {
        "name": ":authority",
        "value": "vectal-api.onrender.com"
      },
      {
        "name": ":method",
        "value": "POST"
      },
      {
        "name": ":path",
        "value": "/_events/i/v0/e/?ip=0&_=1755720381123&ver=1.259.0&compression=gzip-js"
      },
      {
        "name": ":scheme",
        "value": "https"
      },
      {
        "name": "accept",
        "value": "*/*"
      },
      {
        "name": "accept-encoding",
        "value": "gzip, deflate, br"
      },
      {
        "name": "accept-language",
        "value": "en-US"
      },
      {
        "name": "content-length",
        "value": "2289"
      },
      {
        "name": "content-type",
        "value": "text/plain"
      },
      {
        "name": "origin",
        "value": "https://www.vectal.ai"
      },
      {
        "name": "referer",
        "value": "https://www.vectal.ai/"
      },
      {
        "name": "sec-ch-ua",
        "value": "\"Not(A:Brand\";v=\"24\", \"Chromium\";v=\"122\""
      },
      {
        "name": "sec-ch-ua-mobile",
        "value": "?0"
      },
      {
        "name": "sec-ch-ua-platform",
        "value": "\"Windows\""
      },
      {
        "name": "sec-fetch-dest",
        "value": "empty"
      },
      {
        "name": "sec-fetch-mode",
        "value": "cors"
      },
      {
        "name": "sec-fetch-site",
        "value": "cross-site"
      },
      {
        "name": "user-agent",
        "value": "Mozilla/5.0 (Windows NT 10.0; Win64; x64) AppleWebKit/537.36 (KHTML, like Gecko) Noi/0.4.0 Chrome/122.0.6261.130 Electron/29.1.5 Safari/537.36"
      }
    ],
    "queryString": [
      {
        "name": "ip",
        "value": "0"
      },
      {
        "name": "_",
        "value": "1755720381123"
      },
      {
        "name": "ver",
        "value": "1.259.0"
      },
      {
        "name": "compression",
        "value": "gzip-js"
      }
    ],
    "cookies": [],
    "headersSize": -1,
    "bodySize": 3433,
    "postData": {
      "mimeType": "text/plain",
      "text": "\u001f\b\u0000\u0000\u0000\u0000\u0000\u0000\u0003íZYÛF\u0012þ+\u0004×\u0001\u0012ÀMñ\u0016)#\u000fÆÆE\u001c\u0007»°\u0013\u0003\u001e\u000bDlJ\u001dñ\u001a²©c\u0002ÿ÷|ÍC\"5ñL\u001eò\u0010È\u0003Ø£êºº®®*ùæ\u000fµix¬.TÝð½È7\\ÂüÈ&óÄ1oÐ$4¦¶mD®ï8êKmY.þ6¢h)\u0001\\VEÉ*ÁY­.þP_\u0014øGýÈó¸ØÕ8Åç`Ëª\u00179à.Aa3Váó¿×UI&/b¶å\u0011\u000bÄ¡dÿÀê(Jy xÆî\\B_'\u0015èì§bMóÕaS­Æ\u0018A$5Ä0uÀ£¦ª qÐT)×Bõb6ÛívÚE¦\u001aå3I¿.jy­ÉT¬s\nõ\u0016jWÑ]Ð@ï®:C¼+îxÒ£éÊ·ý_>(®é¯\u0014\u0000\\û²wíï×e²,|ËÅÌ±æå*ß¾ýïw?¿TR¾aÊ,Ú\u0014ß)¿\u0014|¦k6Øu\u0019¦©ékºfXºò&~UÏL_34GyO\u0013ZñãÈ²'Á\bÒ|Õ@{èÎròëû1Ép\u0016\u0015Kø¾EçuT1\u0007kÆWk\\\u001a¦¶í¡;\u001eµº0\rË\u0006pËÙ®,*qBÖ\ro\fïÑ\rÇZ¥<fg¡\u0014\u000fã8ÑLÇ×Ú`á9´\u0013A\u001b¨þaÃ\u000eëmäòjóûÝ¡\u0019¼\u000fsÇº5÷4Ï4^ª1¯\u0005Ï£Îq©ïë6\"9sb{¶A¨\u0015ë$\f\u0013×SÏK\u0018ídqÁiÊï¨\u001eAÇZ5uÓ!ºGLýá/\u001cka:íº$ETä\t_!\u0011â fµÔ¾¥*\u001a\u0011dH\u0004ÃÓåS|\u001fóÍ1Â\u000eu\t4G¾Y4\"Vdú\u0011õ#Ïuy]¤,HUP±¨¨b¯\u0002Ó0måU0XPó\u0018JªaÒ-½\u000e'ì]Qm\u001eÒÆÁ·HÕþ×ÿ±*)ªæQ\u000b\u001d\bp\rÐ\u000fá¥`Ë\u001b¸Ô9$ iZì QÆ\u0004\u0012\u0014\u0018y¦_¾\\Ô'£õ¦å+q.bD4ßÒú\u0004RUÅÊ\u001efH¥ ¢\u0002Úö<ú#èË³&\u000bâ\u0006§m\u001cMÏ\u0011³¼\u0014Aç²ãá¨\u0005\u000b¶MpGiÜÑ\u001fóÁ×\f\u0003\u0014¶XÙØ ù\"ÃApÌ¤ãR\u001em\u001e< ÒHð-\u000b\u0010Í-Ó$¥+\b½QÛÒ¤D~í,c5%[º'}\u001d{¡Fk*º:\u0018¬ª¢i+õXì\u0010oòMÞUì¶auúÜI\"Û)\u0010ÆÈÍØ'Ôp\u0018çúaÈ\"=jë@[yÍ¨c\f/|g^Ä\u001cñ$NP\u0019hqQ./3:­ãM\u0010³°J¶AS±¬\u0010x*¾ZAhÝFé4îÑµå¬\u0016¸¾|\u0018\u0007À\u0010i\u0017eâÁú)Ï7\bÖÊOâÐ«Ù½ºmµ^\u0010²\fxu\u0000··\u0016«K/r±&0F\u001aÿY5?«òc\u0010É\u000b\u0000ã³*Ø^à7ÔºÈiúY}\u0015ó­¤l¯­hIði\\°\f\u0005Þ¬ZP!ª\u0000qNë\u001ad\u0012O\u0019+=Q'i\u0010\f9÷\u0004·rÂ\u0015¹ùñZþ,5´\u0002uQ²à6T\bt]c´fç\u00045{ªÜº\u0011\u0016-\u001fó?òg9ÑWû½Á\u001b\u001cHÇP+÷ÄÔÊ\u0003h\u0011yÌbMZÜ\u0018N¹_v¿ïÖà æ5^\u001a(\n¡íH :»~\u0007Tî[áLê`\u0015e$K(R\u0013¥×DTÆ\u0006PF\u0006P¦RÆFì$´7Pîæ^i\r,ÿB9Iµõ¥wÀîæ\u0003æ_âÑ=éiY\b\u001bI\u0013\u0014d²æqÌò3±\u0012E9C*¡\u0018Nõ¹\u0017ü\u0000<x[\rÏ\u0014¸èZ\u0019Êp§.\u0005þQfo¨÷,(a\u0011\\}ù¸\t:ä£¬3ägûÀ\u0018¹¢cù¸¼G<nK\u0003`å¦üYj!\u001a\u0006V\u0001`µ³?÷Ê¡ëñv½Ô*\u0002k;IÐ¶g]\"IoLSGrÝa 9\u000b\u0013×>:\u0015A£á£®ã\fíeN³ô¨À\u0013ýÐ9MKW0-¢Íyuñ=>Ç·}\u0018\u001fu±|µÖèc·/e\u0003Ásdµ½ÅL69!­È®¢%FMmMkrs\u0013SAÉ\u0016ó\u000fÍÅ÷rJ\u0010Ë¥,I=v\u001fsõv}YÃ¬;/\u001e)\u0007Õ$ð³Ú\t¨Å!\u0017!Ã\u0001iÝ¹P,çWÊ\u0019p4\u00128Bqÿ,+B²\u0005æIýWO(9a\u0011\u001f¦ï^ï°c\u001fSZv½í2)ù£0\u001e?H\u00136ç÷\u001e\u000e\u0017J#mô5Åáï¶\u0011AË÷\u0005½ÅÐ/\u0000*\rÐZ®£@¼)?9oWÎ.ûÕùÍµ>nèoï\u000e·~\u0014¯xs»rVû$7~óþÿo~2O\u0019º£6©íO7Æ9Ä´ÛÖ©;F\u000b\u0010\u001d/@\u0014GdîFsâ¹±G0QÌ=§\u001bRwíÿU\u001aË¶ÝØGm\u0017:\bÂë]ÉvòROz\tçÁ\u000euûµÝÆ\u0014û¡MÇ\u0014ëÞÞã8\u001d[ÉnÐ¸Ø¶\u0003Ü\u0017M{\u0004)ËWrèw\\ó;õl¹58!\u000fAÍÓ7[= \u000fHÐµ+\b¹\u00180|WwlwÊµÂPv\b04¬+çt¹Ðb\u0015Y@K>Xl0pg5\u0013­È¡\u0013J¸\u0016\u0015Ù¬k÷Û}äÂã<Jk!6âP× yä»Ìfº´\u001aø`Á\u0013Æ|\u0018%±Zp\u0000\t)ÍL  \u001c¥®r\u0010FÛq!G\u0015DôS7ðïcö\u001a¶b¦¥[_^^\\ú!ji\u0012\u0013ÏÖ\u0019Ö\u0011qB}Ëµ\u001d×\u001f-ý:\u0015à)h\u0000ÁÌr\u0017Õ\u000e\u0011×\u0005àu\u0001ø7-\u0000k;\fó;×n¼ÛÛÇ\u001fZ\u0000Bë\u0002ðº\u0000¼.\u0000¯\u000bÀë\u0002ðQ\u000e×\u000eûÓa»Oï°}ÇzFíÈ·ýÚa_ì°=MvÕ§&Û=÷ý&;1b|³îÙ²¶!a-Ûµ\u0012ê®Ìã7ë/Ö(\u0019ÕôÚU_»ê¿©«¾½ócã®éÆ½s\u001bg¿«ötÍó0Á_»êkW}íª¯]õµ«~Cÿ\u0007ò+\u0003ý\u000f¼\u000bü\u001f<<\t¾ÿR=¨\u000bËBUGOµb\u0002[¶½ìRú\b|?/Û\u000b\u0010É^\u000bDÿd¢9B\u0015\f|õË\u0012qv\u0012þ9SBÛf<mJ¢><#ÜKÖëðà\u000eÞÿ²ü\u0013ùðñùy+\u0000\u0000"
    }
  },
  "response": {
    "status": 200,
    "statusText": "",
    "httpVersion": "h3",
    "headers": [
      {
        "name": "Content-Security-Policy",
        "value": ""
      },
      {
        "name": "access-control-allow-credentials",
        "value": "true"
      },
      {
        "name": "access-control-allow-origin",
        "value": "https://www.vectal.ai"
      },
      {
        "name": "access-control-expose-headers",
        "value": "X-Accel-Buffering, Content-Type"
      },
      {
        "name": "alt-svc",
        "value": "h3=\":443\"; ma=86400"
      },
      {
        "name": "cf-cache-status",
        "value": "DYNAMIC"
      },
      {
        "name": "cf-ray",
        "value": "972482c19bfc739a-JNB"
      },
      {
        "name": "content-encoding",
        "value": "br"
      },
      {
        "name": "content-type",
        "value": "application/json"
      },
      {
        "name": "date",
        "value": "Wed, 20 Aug 2025 20:06:21 GMT"
      },
      {
        "name": "priority",
        "value": "u=1,i"
      },
      {
        "name": "rndr-id",
        "value": "e735f4df-54ca-477e"
      },
      {
        "name": "server",
        "value": "cloudflare"
      },
      {
        "name": "server-timing",
        "value": "cfExtPri"
      },
      {
        "name": "strict-transport-security",
        "value": "max-age=31536000; includeSubDomains"
      },
      {
        "name": "vary",
        "value": "origin, access-control-request-method, access-control-request-headers, Origin"
      },
      {
        "name": "vary",
        "value": "Accept-Encoding"
      },
      {
        "name": "x-envoy-upstream-service-time",
        "value": "28"
      },
      {
        "name": "x-render-origin-server",
        "value": "uvicorn"
      }
    ],
    "cookies": [],
    "content": {
      "size": 15,
      "mimeType": "application/json",
      "text": "{\"status\":\"Ok\"}"
    },
    "redirectURL": "",
    "headersSize": -1,
    "bodySize": -1,
    "_transferSize": 378,
    "_error": null
  },
  "serverIPAddress": "216.24.57.7",
  "startedDateTime": "2025-08-20T20:06:21.128Z",
  "time": 274.5419999992009,
  "timings": {
    "blocked": 2.685999993075151,
    "dns": -1,
    "ssl": -1,
    "connect": -1,
    "send": 0.7709999999999999,
    "wait": 269.33500000304076,
    "receive": 1.750000003085006,
    "_blocked_queueing": 1.526999993075151
  }
}