{
  "_initiator": {
    "type": "script",
    "stack": {
      "callFrames": [
        {
          "functionName": "method",
          "scriptId": "126",
          "url": "https://www.vectal.ai/_next/static/chunks/9da6db1e-ad7decc175389864.js",
          "lineNumber": 0,
          "columnNumber": 80787
        },
        {
          "functionName": "",
          "scriptId": "126",
          "url": "https://www.vectal.ai/_next/static/chunks/9da6db1e-ad7decc175389864.js",
          "lineNumber": 0,
          "columnNumber": 148111
        },
        {
          "functionName": "Pe",
          "scriptId": "126",
          "url": "https://www.vectal.ai/_next/static/chunks/9da6db1e-ad7decc175389864.js",
          "lineNumber": 0,
          "columnNumber": 148117
        },
        {
          "functionName": "retriableRequest",
          "scriptId": "126",
          "url": "https://www.vectal.ai/_next/static/chunks/9da6db1e-ad7decc175389864.js",
          "lineNumber": 0,
          "columnNumber": 118977
        },
        {
          "functionName": "Rs",
          "scriptId": "126",
          "url": "https://www.vectal.ai/_next/static/chunks/9da6db1e-ad7decc175389864.js",
          "lineNumber": 0,
          "columnNumber": 148321
        },
        {
          "functionName": "",
          "scriptId": "126",
          "url": "https://www.vectal.ai/_next/static/chunks/9da6db1e-ad7decc175389864.js",
          "lineNumber": 0,
          "columnNumber": 141725
        },
        {
          "functionName": "",
          "scriptId": "126",
          "url": "https://www.vectal.ai/_next/static/chunks/9da6db1e-ad7decc175389864.js",
          "lineNumber": 0,
          "columnNumber": 118337
        },
        {
          "functionName": "",
          "scriptId": "126",
          "url": "https://www.vectal.ai/_next/static/chunks/9da6db1e-ad7decc175389864.js",
          "lineNumber": 0,
          "columnNumber": 118343
        }
      ],
      "parent": {
        "description": "setTimeout",
        "callFrames": [
          {
            "functionName": "Er",
            "scriptId": "126",
            "url": "https://www.vectal.ai/_next/static/chunks/9da6db1e-ad7decc175389864.js",
            "lineNumber": 0,
            "columnNumber": 118125
          },
          {
            "functionName": "enqueue",
            "scriptId": "126",
            "url": "https://www.vectal.ai/_next/static/chunks/9da6db1e-ad7decc175389864.js",
            "lineNumber": 0,
            "columnNumber": 117852
          },
          {
            "functionName": "capture",
            "scriptId": "126",
            "url": "https://www.vectal.ai/_next/static/chunks/9da6db1e-ad7decc175389864.js",
            "lineNumber": 0,
            "columnNumber": 151479
          },
          {
            "functionName": "k",
            "scriptId": "126",
            "url": "https://www.vectal.ai/_next/static/chunks/9da6db1e-ad7decc175389864.js",
            "lineNumber": 0,
            "columnNumber": 17669
          },
          {
            "functionName": "e",
            "scriptId": "126",
            "url": "https://www.vectal.ai/_next/static/chunks/9da6db1e-ad7decc175389864.js",
            "lineNumber": 0,
            "columnNumber": 11366
          }
        ]
      }
    }
  },
  "_priority": "High",
  "_resourceType": "fetch",
  "cache": {},
  "request": {
    "method": "POST",
    "url": "https://vectal-api.onrender.com/_events/s/?ip=0&_=1755720101020&ver=1.259.0&compression=gzip-js",
    "httpVersion": "h3",
    "headers": [
      {
        "name": ":authority",
        "value": "vectal-api.onrender.com"
      },
      {
        "name": ":method",
        "value": "POST"
      },
      {
        "name": ":path",
        "value": "/_events/s/?ip=0&_=1755720101020&ver=1.259.0&compression=gzip-js"
      },
      {
        "name": ":scheme",
        "value": "https"
      },
      {
        "name": "accept",
        "value": "*/*"
      },
      {
        "name": "accept-encoding",
        "value": "gzip, deflate, br"
      },
      {
        "name": "accept-language",
        "value": "en-US"
      },
      {
        "name": "content-length",
        "value": "9322"
      },
      {
        "name": "content-type",
        "value": "text/plain"
      },
      {
        "name": "origin",
        "value": "https://www.vectal.ai"
      },
      {
        "name": "referer",
        "value": "https://www.vectal.ai/"
      },
      {
        "name": "sec-ch-ua",
        "value": "\"Not(A:Brand\";v=\"24\", \"Chromium\";v=\"122\""
      },
      {
        "name": "sec-ch-ua-mobile",
        "value": "?0"
      },
      {
        "name": "sec-ch-ua-platform",
        "value": "\"Windows\""
      },
      {
        "name": "sec-fetch-dest",
        "value": "empty"
      },
      {
        "name": "sec-fetch-mode",
        "value": "cors"
      },
      {
        "name": "sec-fetch-site",
        "value": "cross-site"
      },
      {
        "name": "user-agent",
        "value": "Mozilla/5.0 (Windows NT 10.0; Win64; x64) AppleWebKit/537.36 (KHTML, like Gecko) Noi/0.4.0 Chrome/122.0.6261.130 Electron/29.1.5 Safari/537.36"
      }
    ],
    "queryString": [
      {
        "name": "ip",
        "value": "0"
      },
      {
        "name": "_",
        "value": "1755720101020"
      },
      {
        "name": "ver",
        "value": "1.259.0"
      },
      {
        "name": "compression",
        "value": "gzip-js"
      }
    ],
    "cookies": [],
    "headersSize": -1,
    "bodySize": 14059,
    "postData": {
      "mimeType": "text/plain",
      "text": "\u001f\b\u0000\u0000\u0000\u0000\u0000\u0000\u0003í|\tS\u0013kóïWA\u0004\u0015$É\u001e# ¨(¸¢\u00065Ë\u0004Â@\bÈ\"\n(  «²Ê\"((¢²cU÷\u0017»¿\u001eP_Å×sþ÷Þº·êP\u0016$3Ï<Kïýë\u001e¯×ÇWU\u0002ñâÍÛåw+\u0016×ê\b.§ÕäUU»ÉevY\u0015Û¥*\u0001k|J¼Z­c\u0018P\u0019öW\u0016Eb¸V\u001e«ÑXH­?TÿíÎM_mL»ä¶X\u001d)ß]\u000excÞøCX9V[®Æ\u001f²¦ÄËúøÊHUÔK\næTb¡H\u0018Ïcd\r®YmîøÚøC.sJ¼¶c«Ó\u0012\u001f\u000b©çÁJ\u0015{2YÖ\u0014c°Õ&ñç×-6Ç\u000ev¸¶\u0006ãÃ\u000f\u0015·òm0\u000e£\rÞù§ÁVûö`\u001bnb°öG\u001fìþÏm8\r\u0005\rr­2æ-+ÇCN»Ýi1Ý\u000eÃ¢M´#@Z\u0013\u0003â=Uf³\u0012¤\u000eOûd6Óx\u0012Í\u0014Égý·Uÿ­è¿-r7øëõ$ZËöD¿¿þýop×\u001bEC¾*²N\u001f¥{ÂÔ\u0018§«vî¡5^§Ïô=>z¯ß³ìòË¶|éÉÜêÉEþÀïh¥!Âïù!=¦Rz#3Ó`è,½ÏÊä×qÜÉ/¯ò;Çe×ïÙöUðæ\u001dîÏ÷È\u000eýô\u001eß±[h[.ÒkO×xze1¿\f9zJHÂ\u000fæÿòàQµ,Rý§§þÇÔ\r\u0004þl\u0005ÏÍ)á)ýÙ÷gpGþÅIo¹%Kÿè¥/ôgi^Ñ\u0006Â·WÆøv~p±Rô¯î¬,\u001a¡\u0001^ç%ý{\u001fUó0èWF\u0013ú\u0005\u0017MRwm\u0017-Vê(ä!jÔ¯Ûy¿ò´oîÍ¥\u000e\u0007¿ãÏ'È¤\u0007øK6oÐ&7UÑÐy}ÛAís?-c3p(ê÷_Ñ\u001fñ\u001dôx¨±\u0017¸1¥\u0007é#·Ú¨\u0016è­v\u001fæá«\u001e_á\u001dj£n\u001aá\u0017ô&u\u0016*®½´a;´»\u0007!hcú%k\"\u000füµ;ÄOx\u001fÐp_åpY)V]\u0017\u0011¼µ&\u0012wÒ\u0010Í\u001c½ÇÓô\u0006hç\u0013x)ïD±ÐÚI/Ü^n£\u000f´.tSüj\u0012÷­¾t9ÆÏp/?igis?fý$ç§AzåNM Oô^ò¤\u001fÂ§ýuð\f­äïÉ¥ÉãNìq^ðý]µôæ\u0016-óª>BõDiÔ\u0013ì£vjä/5B¶Ó4`0ö½'\f>8Ä_h»hÊàSÓ©}ü\\ä»²wÛxÈ\u0013óÊ¬üõ\u001d(V\u001a¦Wü Z\nöÓ¢òK§ÈÇ²¿K<\u00051\t¨\"!N\u001a°ðDo»÷ÐWÆ~~Ëù)?ÈãFþÝ6§q±¹\r\u001a\u000bx¢GèmJâ9nå~ïíÃ{\u0015êÉ¤ÇüÞ×´\u001brñZA:\bæê\u000fê\nÇ{!²}nú(åÅý©p,<FÃu4è¦\u0016l}¼¡L\u001e¢6O<}àÙëù ôä%CÀ7y\u001e¥Vn¡7<zOð\u0018¯^ÒÅPq\u001a37_N¼\u000e3ôG¨-ÂI´Doè¥qâ\rzWDÃX\u0013·Vh\u0006\u001ck||âÖ}\u0007AgB'÷Aî2ñsÃ&\u0005\r%ü5õ/\\mÎ¥>~M%±½ôü\u001c}ÈóÄóCþ\"F¢À´UnÄ\u0002-7Àa]é\u0000=\u0012-v9³2X§Ùæ÷Æ<ÁJ>ËzÜæ\tÒú.1,4\u0012G³BQ+M^È:OËEéüöD\tÍr.Hxâ\r/ãpÔ\u0005n®d@Æ×ä@\u0019t_\u001f¡ÒÒ\u001d\u001a§\u0019ÙJÝüåB*öÝHCù¦\u0006¾³Â=ôF.\u0002Ëx\u00070¬ã\u0006\u000fe\u00192\u0018Læc½\u001añSk*½UDÝAìÇ<lÞmá>\bÐ#\u001aÑ¯ÛN\u001bÚbÁ5\u0018¥·©¼ç§\tk6XßÈM4\u0003¶½§÷¶\nyüÆñí9y_\u0015óØÝtîõR?¿¯£Õ³Ü}¤\u0000NÑX\u0010\u001a\u0010ÇX£ùpÊ¥{rÊBõ\bélQTÃ\u0010.Áz<á^jÞR\u001b^5TÐ\u0006x\u0014ÇOôÒ|Øp3\u0003üõ;Ó¯ðg\u000eÁ\u0019VÜ°ò;ùw§\u0016ø«aþ-fÍ¤h#ÿÈÝ_/øÑ-#BÒ¢\u000bÅ\t¿¿cµ¥x¶>Þdz\u0003¡\u001aSy¤\u001cÁÉ[í\rz}¥ªév(\u0010+Â\u001e\u0014»ÃR^\u0003´ãÈ\"5TX¤\u0005Vë\u0001\u0004'\u000eÓmÅ\u0016Û¯\u000bû\"Ñíé-¿\u001b´=ó¯GÅ¢Þpe0\u0012-3E¢¡ÂP8þPÐ[Z©644\u0010ÛnZ§îN¯ï\u0018R9]zø?¢1b¹\u001dhì\rÊ¼ZÔj\nTEõ\u000fÆNñÄö-ì+\u0014.4\u0005«Âþ\u001dF\u0004ÔR/Æ®bªÌjòGª´(üç'CQu§Y¡ÒRSY$þt¯\u001c\u000b@¬Ø¯n½e¿º¬Ñ·4\u0014þÕ-°«PÕæþjrW\r[l\u0004Kþ«\u0000o\u000b\u0001ÄDÿ\\íîS,nsyMJÙÈò¤?x»91\u000eblÅ\u000f$îHû÷´C\u000ecä\u0003[ÉÃOùý[\ncDcÇ±æ\u001d3\u0007§âÐ¿¹9«$Xß\u0015|ÿas6ëÎÙÓápÿvM\u000bÓïañíéeÝ­$Iç¡\u0013SZÜ\u0016·6Ý¯Wr)¿?ÝUb«\u000b¤ýQÌ¼Ñ\u0017WéÇ55àÃvÂU¥¥2÷fÄûK#j\u0000ÒòM^2\u0006¿~àoJÓeùý\u0011·i7éÂø¦ú=_þw¼ïìK<tí¶7#þ}Årº]æ?;ú\u0016\u000eðåÈ­\u0011íOVÂ\u001dVÒô(\u0014]Î-í°\u000bñø?Nå'ÿ/¥ò?­C\u001dôî2·g_ \u0016Â\u0003\u0017N§$%á{²)Ët>ÒÜåÓÜ¥'\ffú%§'ÔÎÔL?Lµ\bÈg\u0013I\u001cÇVr\u0000{°6f3ifU­MÄ°UDÓ¼r\u001a8Ágú`l«\téÐdÜé¿¢ÿú4É§RNsç~þ \u001f¾ùÉ\u0005n [IáÎâ*êQ³s\u0004»Ð¨8N ¡ù¶¡\bÏï:*ÙÕ&ó?íç=\bOI\\ì@6O\u000f$8M©¦&3õ\u001e?P}\u001a\u0011oç-\u001e\u0016ñÒ1Z»¢eÉi4\u0010:#ñéU\tN\u001b.Ðh\u00126ú\u0015qñ\u0006õ¡MúX\nB?åÇ6JõÂ\u0015d4\u0013\bÇ¸ã\u0018µR÷=úqúÒù#?¡åªH\u0015wÒðå8zÆ«{N5ÈQæ÷çÓ\u0017üùZÈÝ»î\\sÒ<\u0002å1Þ,æn\u001eGÔ<ìgÂ×ª©ï8íË\tÐã ÿ0ò´lê,#dï\b8nÑÓã$éÍ<dÉO\u000bEÈ§òyå\u0016\u0016_CÀ\u001dsjÉ\u001d>JÂ¯Ð³ÊoôSÊÃ9rlÉ+rx\u0005XÑ\u0012\u0002öXÃ®Nðºr=¾¤\u0010?`ÉÝH\u0001NÑúqîòá,û->äá}.þ°»é\r\u000fã÷º\u001fùû&7^4\u001dåM\u0003öXàû¼ô$\rkße\f6\u0000r\u0019¾lÆÈ2:³öÒ@]\u000bÙË\u0006r¯Q¤Î-%ü0\u0004¾O\u0003Ã*\rÒ.)\u000e³¸¸Cá%zU\nxbRAóø/¤`e<n\u000fì\u0002g%G¶cß ú\u001bÁQ<rW¯zë¹åmê¿yÉ@\u001eTS.¿Ê¦\u0016d\\z¢|9ï\bõñ£\f\u0006Ì@-HÞw<{ÑÅ£Â r¡ô1`@Í éCnNÐ\"/Ðàun)Æ\u0015ào\u0013V71¦Ä'°·E]@\u000f\u00121´ó<·ðÌaZ§Ö\u0014zÄoã\u0000¼.\u0002\fà±C²z\u001b%<\u0007Å^\"§ê\u0005KÆj ú:TlvÓAsI7ù\fÐû+7è\nðûÈz\u0005S\u00110J\u00072x\u001d\u0010Eb}9Ïßòké½\u0015}F_ü7¨S\u0013®ÝôâD1ÒÇ\u0005Ö3QÅzÓÄË\u000e\u001ea\rÔKwv<wý{/ÒæQØ¶)Hés'óÏq\u0017 \u0005a:Ï]ãgùÔZKÏh\u001e\u0012ÕuªqûEé'*i¡ÏlÐ\u001bÍ°\u001c\u001bs\\à\"Ìõ¢\"¿;ÌÜÌÓÀ+ì¨_\u0001\u0005ïëÙy\u0007õÝDVÛÉsÂ,n\u0003©îÓ¼¿Ì\u001f/åÑÊC{øQ\u000e}½G3»\fX\"\bÀ©©^£64a\u0001éë#^Iãa!`yn2µp{\u0019?õÄgb¡'<\u0014àé\u0003<\büJÒý\u0015Ý­ÇÏÇÇ±_Ub\u000fÓÀ\u001aoI\n¯xÍÔ\u000f´ßâ\u001e\u001eÇ}4\u001a\u0003<Òu^\b;ÌÜA² ØO3\u000b\\J®q¯B\u0010\u0007ÅLKÉx\u0010Zº\u000fø!}\u0014\u0011vð«ø¡\u0005æ¤\u00156kû\u0019àÈ;Èç\f0>\u000f¯_2Áp\rÜ\u0012²@ \f\u0004/îÎ¿?vÆ\rß\u0017´ðdÂÅs\u001e\u001f7fí¦\u0007¼I\u0005\u0015ÐÀ.HÆJúî\u001c¤\u001eê?\u0003Ã\u0017\u0001S\u0002ÿ³%\u001d¹\u0007Còâ\u0010åÃØ¾\u0005½Ö¸ýðÿ6­¹\u001f\u0012iQè\u0015\tî:µ\u0019¸©\u0006Å>ß+»²åï¦ÞÂJÖ9\u0004ì£ÛI½\u0017òä\u000blç×\u0006\u0018*y7D3\u0000}æçqEçy8îa\u0013V\u00016Ì¦Õ\u0013³Ñ5\u0002F¯WPk\u0001§¡pF\býD\\/@F\u001dP¬Çn\u0003n]â\u0000Oñã}@äEÄ©\u001a+È±\u000fÀî =\u0012.°N;X\u0000Íè¦\rØ­:fA(±­Ãh¬ÁÎ\u000e¸Á¤\r\u001e>\u000bÙ\u0002j\u0006+Ò¾¯.`Å`\u0019\u000eÕa9BÇîÃð}IÝ[òK\rFÎ\u001dL\u0005-Û\tµò\u0007XÛþ<Ä\rËt\u0015A\u0001±ÀL\u0019ð±\u0015^åWDÇ«\u0000Éiý/àÃ¼\u0019Ç\u000b\u001aø¼jç¦ÛÐÄ@}ZAPu~wÚqz\u0003gy \u0004ª³xz\u0017=¸ »\u000fà¥Î«©yW\u0018Ã\tð;§â\u001a7o<|\u000bâöé6\u000b`\u0017¿ÃQ\u0015û.^\fvÃCè\u0006qàMÜ´^OówavÚ\u0001Ï]=wÐ\u0004¨*¦ÔZÇ\u0003ª:Á®÷È_Ï'P!uÒyù¶@A­`\"\u001f\u0002vz\t0\u0017déå×PÑfê®\ræê¡¢îßSlì-XT^ë\tÊ\u0016\u0011xÍJÜça\u0015ðùáFß¦§\n:\b¶4YÎ\u0000ó÷ðÆ.8¡M\u001a­1C§ú]Å>Aà\u0002NS7(>KÊ$.ZM­G$\u0017\u00135àÐ\u00031Û¸Äi.u3!\u0006\u000f÷éá\u0015H7\u0001<\u0014Ë fÝ\u0003z? cÂ\u0000\u001bôPþ^½\u0003J´@\u0013Æ+cî©a!½bì\u0005\"¶ò$o\u001cË<\u0007eÜ¼®H8\tiÌäÐT*Ï]áD\fÁMj\bCL#97.ýýgÂ\u0011¸ªK¿¸gIø²¯\n¡Ó\u0010m\u001cgoÑB\u0001à\u0003Ïag0£OÁ§ô\u0010º¹à\tÒ|Z¹@\u0003åqùÜ®d\"n)Oá©j\u001aTï\u0014I\u0006¥]\u0004¾Ø\tª\nA\u001d\u0004rß8}\u0005DôCï\u0003´O2eÀ¼wªyº^\u0002¨\u001eLÍ!NP¹§áln>\u0019º³×ìfq¶*â7ù<àáóp¿8\u001f\u001dê\u0006êJh¢®¤T;\u0017Bû×¹Õ\bía\u001c`}\t\u001dm{h\u0012gj\rÁÂÇãÐS`C3\u0007°Á50Æ\u0010@Xæ\u0013k«¹C4æ\u0004Õú\nÿt\rÂ\u0014}JâQl\u0014îðdÚ©Lã´*}¸W©\u0007¨cÙöjb\u001b7W úÑ\fSûæC\u0001¬ã\u0019xG\u000f\u000f\u001b1«Â¹\u0000?ÎÛÏ/y&Ó\u0006%j6'ÜàÉÝôò&b\u001aE¿ø\u0019ëR`aÃ\u0013v¤xbõø ¨xá-`Ì´\u0016|Ô\u0003C~F=eWÀãý\u001eØ3èÝ]Ùá~\u0003òUvó'\f7êâñ\u0002\u001c±\u0011æ­Ô|°R\u001d8>â\u001d#,Û\u0004A?2\u001cÜ\u0018¢«/<Ï\u001d·h¨^|µ\u0017°\r\u001b4\u00148zw/\bøU*g.x\u0014Á×m ½(®\u0015¾öÙ\u001enÏâ©zzºç8\u000eÑI·ùÜµëÕ\u0000Ðáï\u0003µqÔ§Ð§zcíô¦ ×\n\u0011è\u001dF\u0005·è4Ûà+\u0011ó/ÜÝWp>êöÚlËÃê´¬&\\0â\u0015QMNe³¹¨Êï8­Y.\u0017\fÆ\u0006Ê\u001b7A\u0003ÃÑ]£øÖbd=üBª\u001ff)\u0018ìrÂØ×ßáåÝ þú*ëÇZóiÒuÇ|f÷òLý9ek\b@Þð' \u0018°\u0002Ç=q\u0017±Ñ\u001exÎ>ÖËÇfG\u001a*\fðí(Ã!I\\ì¬ûyF(tñÆÁ \u001c\u0004Æp\u001däwý²V\u0003è´y\u001dyQom\u001cBÏ÷`T\u0017\u001cÈëê£WèI5Î8)TSlwÎ¡80\"×l¨ê8é±Ý9:\"@Ýa(|W:õ;Q%L»\u00059\u000eSûAî4JüÙ\n\u000b*\t¹­P.=vP,\u0007´b¹\u000fUÔ%\u000ea©N³\u0014\u001aÑëÓTÁKGc¨ÜçIº_¡s\trüóÎáÊZ\u0005\u0014o\u0010ª+±¿}d¥÷/ä¡\u0012Õ\u0003ÛNE»µ}¡Î&Z,y¨Å\u0013½-Ú-d;ÏïÿB©È\b±z éCÐFî,EñVÕNJ¤²@\u001a=*ä\u001a'Üõ\u001bPï\u0001o\u001cð´_Íhy\u0011yN#<¯TÚjP@å¹\r)\u001e6ÉÚ~£´¸\u001dÕ¨=)\b4çaðûnPîøÌö3P+¡¸U\u00007Â*ÄBÃÓq°%\u0012Åøsá$ÄF:\u0010=<¨B\u001e5¶\u000br×~\u001d:0ç¦×»Rh±Î\u0013\u0003Ó\u0011¥\u001e±¿+üÔK\u000fÒ]F0Ø\u0007ñ~Ã÷µ F¢05¡¡þ\u0010=6{|\réÜÇ³ÚçäSô:7\u001a¨Sÿ\u0006N¼¥åïJ°fOð\u0011¦«»aJÂÔ²ÞíåGubÞö\b#Ïôå\u0017\u001a*õ\u0019üúÀ½^Í¬ó¬\u0019v­\u001fõ?Bå¥2'?G¬<4Z#À\u0003x³g\u0019¨\bò\u001cËÊ6u»B¯\u000f\\£¶\nä\u001bO´ÁÔ?JºD\tpüÑÈºÿ>\u0003±ñÓÀahÅ\u0010ì¦dÀNZCÎô7â\u0010Rußºt\n\u0011ôr¶\u0016}Íñ¨:ÍÒM\u0001è\u0002â¸\u0001îÃ¼'\u0018±%Fã .>D(=wÙàj¯¼X}7\u0000'³|Du\u0015=\u0001Bô\bÉÁ#¯0¨\u0013Ù*n1½^îL5Ò§\u0006ÏÐ\u000fÉÆM6j\u0015æ\u001f4ý¦\u001aa %]\u0005´~$kkÉ=X`¹\f>TÊ«~\te\u0014\u001a<\u0001ÓÒò3rQ$P8\u0016á¼D#\u0015ÐÇ¦3ú9Añh1}<PXàD¾©\bä45^Å\u000fe\u0014jèó\u0017ø\u0013Âå\u000f¨B¿«æd£\u0000\u000fÙ\u0005¬µ? b7`Å\u0013t_\u001cºÛC8ÉÔþì£\u0010Ù\u0014¨xGq¦\u000e-æ[uHæIhÒnê³`¢\u0010®sg\u001d¾n\u001c·\u001cãwÂî2¸å2ø49 /CÔ#\u0002 ø2`R6yÅJº_2+!#Fö!;ç\u0019Ä\u00124xUó8üê\u0018u GÙðoùM±ÔÃ\u001d4mñ¥ÓÈ±K0L¾,h\u0013>d6?\f\u001ap¯(|ûrÃ\u0007\u0004\u0011u>±YÍ+N¦IEG\u001eõÎLÍ¹qS\"O±: \t\u0002!\u0018Uæz]\u0011\t9!PÐ'è\u0010zÈí¥ä7AZOJæg¹¨Êó¦5]EÆÐ\"\b#¬çMË°5<~C¤\u0014\u0011ý3\u001a¾v\u0005go4ÚJ5Å¼&©=\u00116WÊÙ\u0016\bÄ\u001c8G\b\u000fÌ×`fÐ\t±&\u000eC¢[-YôÄ\u0006\u001b²Rr<79®\u0014ø\u0010,Ýr¹Xk\u000eí\u001dð8Áý.ßpÑÛZîÈmOHüð`\u001d¿ÁÅ4xWÒ]\u0005¤\u0013e:õÓ\u0003Ô,ÉªE#-x?\u000e¥óÄïCOÕ4Jß´¨gFh\u001d i/RÉ¯<\u000bd¦\u0003\u0006CÛ»QÞÌâ\u0015\n?Íä\u001ec[\u0013\u00005p\u001b\u0019Uèµ1òù)0ð\r \u001dØ«Q~i\u001cF<\u0004U\u0007°ÈZ¥\u0015\t¶¦sèÙ\u0019Ø\u0017e\u0005yU¡+$jLÛJ\u000e.\u0015Àoõ\"GG0I»úRá©§ú°8N<AÝQhÂK\u0000y9âñÅIô§\u0004%þñÕÑÃÓI¶ÝºËyp÷óÊ%èÐC\u001aÓÍ£Ù%&×éñÔKcÜ§MF\u000ecW\u0001lÄ'Û\\F0(ìq¦QGe\u0007¡:ÜZ¬ab-$4³ñû«õwa'Ål\u0006êrÏ8Òèý~è\\Ïî\u001bq<\u000bôÄù\u001a\u0001#²°t¤¿ÀR\rä~kSæsüZ9(VO¹\u000bÄF{ì,Íä\u0016ÙjTýKD\u0010H_\u0005î#\u0012\u001dÌ\u0004©6R\nrÇ\u0013Üí\u0006fc\bS\u001b\u0001tAý~Ú\"Çv5\u0013~¶\u000f¹ÿÄ1Ü]ãAÓðuº Ñl*=¥å«P³'\u0015\u001a\u0004i4AÈÞ.\"hê£ê¼ÇbâíG\n\u0012à\rdL²\u001eÖû\u0012§Yï\u001dëGö\u001e\bç~W¼0z÷ åïx¶Øæ\t\u0016Ç@ÕNX~±:ÎTñvpÄg¹÷/£#\u0003@îô¶XIGRû\tIr;ÒVÝè.ÑT\u0003]d\u0001¬·H3\r\u001eÏ\t\u0004ãü6ûJ¸\u0007óÐ -ñV\u0001\u001fY¶W£qÉ¤}0\u0006\n}\u001aÁ\u001c°âSÅô¥bKÓ·y\u001enT$Ô\f;:`9\f-Zä×5Å{iö2¦]¼õñØÑ@¡Dz7\u0005R=\u000e¯2vñ×o\u001dCðÚH«i4X\u0003£:±ÕSÃÍçyB\u0007Èþ[3Ë¬5¤þy3É\u000e\u0015`Q×²\u001b¥5E+>ÿYÍ\u0019UB»VëK¨T++1ëÍïºÍ>â\u000føMNßir9\u0002.\u0013\u001e±XÝA§Ë®úP8I¸\u001d\n\u0007\"·ÿë3VÍ\u0011°9ý^íÒ\u000f£oË\u0004ør³Zj+k½,\u0007,v÷\u0001­$\u0013¨Úò\"ÿÍXfù5ûBûí²<ûeõJ÷rNmÅµ±ôã\u0015öÂ`ØyéBæi6¥?\u0012\u000e\no\u0006Ô ·ªT/ÍaÓvÙÞaÜ\u000f*c!ôpÈ¦í\u000e¯Ûm¶\u0005MAÕî4Ù\\6\u0005Ô\u0001³Éç\u000b:\u0014§×å\nª^w\u0011 ÞRüS÷µÏ:\u0001Ëm±Ìª?`¶Ú\u001dfOýgÝ×N\u00055âÿy÷õVÛ³QphàÓ}ÏÎï:ªe´V0ÑHý8Úò­¥Ú\"b§8V\u0007ÅMü0\\\u000bd4Ê±\u0018mqooEëòþqrÇÎrêD\u0013Ãß×\f\u000böEõÅwX\u0014lú¶G)\u0010[ÍF/Å¯õ}ü8\u001cdÛa8ZcþÎpÅö`FÓÕúwÿÙÙáÚ¹±\u0003íû®o\u0004Ã[\u0004+/­^h\u0014Jx0¬ÆnG¢%i&ÞÚÒ\u0017KÕ£D[Q9ÒJ\u0014_\u0014W\u001e:xÐ[\u001e:P%oé\u0001oè`yT\rªQ5ìW+\u000fþ:A\u001fÂ±h­Þ±ÁÁ\u0014t' ó(\u0017gAÞm·95.o7d)CÊ08ìEÂ}|Pù4­FO\u0013ìÈÖ¤¸\u0012F]þT¤ü|4\u0012ø#¥r\u0011Û\f¨ÑÒ¿\u0004Í\\ÐîQ¥\u00190ú |ÆEÒè¡FqWë\u0000EUiÐúùJ¦Ö\rïú6ÛúÖ-\u0007nù\u0004\"eÞP8;\u0012)©*ÿ6Ç÷W·æí\nÿ°P¥ê¯ªÇä2èðí1tëI_ßo±²\u001cª ~»\u0012\fE+cYZ×C¨ìâOw·Æë\u0013Úð\u0016Mùþ\fÒ\u0005ªê¤ï\u0001\fGÓH #\u0012¨Ý¾\u0016P¾öÝ>tbC6µcEÁ-°Z#¸Þ^\u0002Ælq\u001eKk-\u001c\u001bm_ºP+nÙn¥\u001dìbS \u000b;)U±ýãF©ß4XÐG3þqÿä3ü8)'>^D¨ø0»Ï\u0002üÕ½?æ÷]@²ýöÓ´}\bðN\u0018\u0011¯\u000eW 5,@á¾ÒÒ\"¼9ñ\u0012aÑc\r¼jE&ÑàÆ_)]\u0006F\u0015Æª¬fk\u0004fY\u0011ýk¹`Ï`Ñ­\"z§Çk\u0002\u000f\tH`6§,O1\u0017¯Ëä'\"pçeî\bó°ä,6\u0004³\u0002èøL¼Æ-¹ô¡\u0018~ïÙ*\u001a9¤_/Ô\u0001}\u001a¸\u0000ðµQSt¡ï÷\u0019 â~#uûÐx\u0012e\u000b}\u001dLÙÆ^úJ/\u000bÇS\rdÞÅu\u0017ñÐ\b·¹\u0012¡!âèQi\u0002\nhé¡\u0002PQ\u0004+À\u0016l\f0JTþ\u0014_¶Ñ\u000e\u0010\u0015DÊ¯\u0017í7Íï9L¨\t\fSç\rÔÊØiô\u0000`îÜ~6\tpË:RÿAp¤\u0017!{{2ò­·\bÌ\u0017õJO\u001bu\\àÕ{\u0005gPdê¿m@èZ×ÂSz{?^.Òßz\u0010.¹\nbµ÷\u001cðp/=,¦Eßa\u0005 ÙCÔl_\u0004#@\rÎ¡ ÜªÕ-ï\"U^|=Nø\u0000òÉ\u0000\u0002Ö}ê5\u0015ÈB-EÈK=JNa\u001eq\u0003ºè\u0003E61ûÛSèðÈ;4`\tQúGà\u0004=\u0002Q}¹Õ|ÿn\u0019Ò>é¯ð!5\u001d¡áDÅ«\bâGx 6\fdü¤Hu6£|)­Àòóü¨\u00160Ìt¹ñ\"Dï>ÓÒ½ÇÈÎÖÒ`\u0016bëuî©ES÷\u0006u¤ðl\t7×î­ ÷©v£ÕÂjdgE­ÊýÉ(/uåÐ´tÁ«\nbü§Õ 'ÍÇx¬\u0002|pçbÖ\t~K½òÙ»P\u0003K¸+)¶óÀ\u0019¿\u001f%\u0013=\u0001Üªñ\\0\u0007Èæ²'\u0016ÙÊ·h &{<FY¤é8ÃÒno§æ<ÈÎ\u001c$\u0006m\f(tÁÏPÝJa\fk\n\u0005\u0001\u0016ÌÃÎm5ÏgÜèq¯Hª´7\u001aåc¿@*h²|i'ÒÔ<\u0000Kzxãb\u0016k\u0003ù³£GFöO+vîÊ\u0004Rï\u0001cT+ùHå©\u000b\u001d.ÜÃ\u000fÍÔmA£Ñgý\u0017µ\u000bá$ÚBóÙÔ¹ý¶É(\u0003Ò\u0018Å\u0004{°S·Öî¾M-£ÄìO\u000e\\E§$´v°fÆô?U\u001bð< Ã\rÙà\u0011Ú\u001ds­xÂ\u0002=¹µ×\"ÐàóÄîð`1jXI¨\\¡Ò\u0002aªúæ\u0014¥È[ªÕ}.é@@¸\u0000©\u001d1vk\u0014×\u0014¯s\u0017`8©&ZÂ·Ðu2\u0006Yî¼F+Ëw¹Q\u0000s;OËK`èCØ\"\u0005\fdüábßþ½uîz´1´kïþtÔ\u0000·\u001bAW\u0002½çWW½Þ]F!2\rNõ×ÃEú;\u0019hghÔKD\u0010\u0019' >!ùÊ\tévp#àáÓ|­6ª,üV\f°\u0018sEë]ÙÒ\u001bz\u0007`e>X5Ø\u0007RÔÍ«^äò\u0010Êûg£Ê¡y/²éZNs\u000epqÇÓ-ü\u001eíGÜS,ø¢\u0006\u0010\u001a\u0012/7áq´çyä\u0012»­\u001aðñ\béñd\u0014\n^\u0019¾EÊ¦Ny1ÅZ/Ýfê>äé/õ&\u000f\tôF\n³íðe5Xn4\u001d)x¾\u0017MÒdà|Í\u0010 MR\u0001\u001aÜ?\u0002zÃmIvð@e¬Z2´nAêñó¯¸«j/}*2Q\u0007º³î9ê®¦ `ÓîôÌ­®«8¼\u0006$Íi¶:>9\u001f*ì\u0019ÉÔ\u000f¶d\u0017÷Â|\b\u0016cW\u001bE\u001e\f$¡8ö\u001d á\u0000¢4®u\u0011¸\u0001ï]\b¾Ê\r¦& 2½)lD\nÔ¨/ú,¼F\u000fÑXæ;\u0010àç~Zº\fº\u001aÍ\u00010+\u0002²\u001dUÀ\u0019cE)Åi\u0004XûËÐz§\u0014@Ä\u0011Ê;J@8ÄXs\u001d©(\u0018öTàñ'Üìº&ï6`H[\u0004W\u001dÀ\u000bð²c\u001d÷÷\u001d\u0001j\u000eÓ8\u000eÈM\u0004÷\u0019\nÒè½N-yô$\u001b»oC{,\u001b¾¨éîÁ\u000b&0ÿ]vz\u0000*=ù\rZµu¾<ö¡t ±ºSpS«!^¸jT7\u0006 ÒÖ(\rÔüÐI yw%Î\u0014áPÏ\u001a\u0006VìuàÔùëiÔÌæ}µÜò\u0001\t}å¦/ûw!äY\u00004ò\nÎñ¡¾l\u000f-6Z#-F¦À?ÀÒ ÿg\u001eDü\u0011:J»Äe9áAPÓ3â\r¸/\f±æb@0üöðùX©ì\u001d\u000eç£\u0003 O\u000b½4ÕeÐR:ºÖjÑ3ñ\\ú\u001d½ö2\u001a\rå\u0003mEen\u0006%hÏÏ¤5ã}¯\u0004ü=¬ÀH\r/k\u001dt°Ñ÷Ç ®ÇÅZÐ\u0004\u0007\u0006è\u001cB3AÏd«\n/Ç\u0000Ïf!Åy§è¾Éw\u001edñ\u0018jû+\u0014êóÄWÓW\u0013Öoõø¤Ó\b³îHý\u000bqÉ\u0006\nAÍðjÔ\u0017N©É¯\u0007=\"ý!êyx£ØöNS£¸\u0000¨°BM\u0007\u000f' Sëçu\u001b\u0000B\u0001´\u0002î:E\u001az\u0001Lqã\u001eãí(Û\u001dÔ>Ñmrñ\u0014¼8BI,{\u0000|´ÕÜ$<Ý_CóùP7¨\u0017T{ÄýzYÍhFv q\"Îë&1.\u000ekxþ{ÿ\u000eeµssÖóÓ}>\n·úòNÑ\u0013ðãU¿í\u0000þu¸ýC\u00070Bn¢\u0005\u0018¾t\u001f\u0017KH¬Ð\"b-£¯FÊäÚêûÓ¢ÿ°Y{§üÃfEJóç0Ñ \u001dÁðäþOü@\u0014BÇT\tÞóØz×i\u000bÙv³}ýËµÿ~vf¤Õ¼Ó\u001b$`äïÑ\u0019ùÿçÏoÁ\u0017ôþ\u0015þýù÷çoÿüÆ®ØQÞÙÉ®üþÝÁ\u001dêuR%³j(ùN%%ûvÈâ0j®\u000bV\u0016óv}Ëbeë¿Lú}\u0005j{vûÎ\u0005+»eç\n\u0013üß¦Å¨\u0013Z-ÛEHç\u0016!QbÙÞãVoë?vÂ{³ÿYá´ºu\u000b¯\u000f·\u001aÃÍÛÃ®ðÙô7Yeø\u0016;~S´4ëu6¡¯üTúÿLµCÉNÙ`\n2\nÛï_NÇ¥oÀr\u0016E\u001d\u001e?NT\u0016ñB·\u0015ÿýÔ¯ç·)¿gÈ¯ç×ÈñëùìÊ?Ù¯Ó-\u001b¶»\u000e\u0003EÂ¦wXPÞü·5áO[\u0013PÇ/ø_ÒùË\u0019N\u0000\u0000"
    }
  },
  "response": {
    "status": 200,
    "statusText": "",
    "httpVersion": "h3",
    "headers": [
      {
        "name": "Content-Security-Policy",
        "value": ""
      },
      {
        "name": "access-control-allow-credentials",
        "value": "true"
      },
      {
        "name": "access-control-allow-origin",
        "value": "https://www.vectal.ai"
      },
      {
        "name": "access-control-expose-headers",
        "value": "X-Accel-Buffering, Content-Type"
      },
      {
        "name": "alt-svc",
        "value": "h3=\":443\"; ma=86400"
      },
      {
        "name": "cf-cache-status",
        "value": "DYNAMIC"
      },
      {
        "name": "cf-ray",
        "value": "97247beb0a06739a-JNB"
      },
      {
        "name": "content-encoding",
        "value": "br"
      },
      {
        "name": "content-type",
        "value": "application/json"
      },
      {
        "name": "date",
        "value": "Wed, 20 Aug 2025 20:01:43 GMT"
      },
      {
        "name": "priority",
        "value": "u=1,i"
      },
      {
        "name": "rndr-id",
        "value": "587a1707-ce6a-49d0"
      },
      {
        "name": "server",
        "value": "cloudflare"
      },
      {
        "name": "server-timing",
        "value": "cfExtPri"
      },
      {
        "name": "strict-transport-security",
        "value": "max-age=31536000; includeSubDomains"
      },
      {
        "name": "vary",
        "value": "origin, access-control-request-method, access-control-request-headers, Origin"
      },
      {
        "name": "vary",
        "value": "Accept-Encoding"
      },
      {
        "name": "x-envoy-upstream-service-time",
        "value": "1475"
      },
      {
        "name": "x-render-origin-server",
        "value": "uvicorn"
      }
    ],
    "cookies": [],
    "content": {
      "size": 15,
      "mimeType": "application/json",
      "text": "{\"status\":\"Ok\"}"
    },
    "redirectURL": "",
    "headersSize": -1,
    "bodySize": -1,
    "_transferSize": 381,
    "_error": null
  },
  "serverIPAddress": "216.24.57.7",
  "startedDateTime": "2025-08-20T20:01:41.032Z",
  "time": 1744.0170000045327,
  "timings": {
    "blocked": 2.598999998986721,
    "dns": -1,
    "ssl": -1,
    "connect": -1,
    "send": 1.52,
    "wait": 1733.802000000928,
    "receive": 6.096000004617963,
    "_blocked_queueing": 1.436999998986721
  }
}