{
  "_initiator": {
    "type": "script",
    "stack": {
      "callFrames": [
        {
          "functionName": "method",
          "scriptId": "126",
          "url": "https://www.vectal.ai/_next/static/chunks/9da6db1e-ad7decc175389864.js",
          "lineNumber": 0,
          "columnNumber": 80787
        },
        {
          "functionName": "",
          "scriptId": "126",
          "url": "https://www.vectal.ai/_next/static/chunks/9da6db1e-ad7decc175389864.js",
          "lineNumber": 0,
          "columnNumber": 148111
        },
        {
          "functionName": "Pe",
          "scriptId": "126",
          "url": "https://www.vectal.ai/_next/static/chunks/9da6db1e-ad7decc175389864.js",
          "lineNumber": 0,
          "columnNumber": 148117
        },
        {
          "functionName": "retriableRequest",
          "scriptId": "126",
          "url": "https://www.vectal.ai/_next/static/chunks/9da6db1e-ad7decc175389864.js",
          "lineNumber": 0,
          "columnNumber": 118977
        },
        {
          "functionName": "Rs",
          "scriptId": "126",
          "url": "https://www.vectal.ai/_next/static/chunks/9da6db1e-ad7decc175389864.js",
          "lineNumber": 0,
          "columnNumber": 148321
        },
        {
          "functionName": "",
          "scriptId": "126",
          "url": "https://www.vectal.ai/_next/static/chunks/9da6db1e-ad7decc175389864.js",
          "lineNumber": 0,
          "columnNumber": 141725
        },
        {
          "functionName": "",
          "scriptId": "126",
          "url": "https://www.vectal.ai/_next/static/chunks/9da6db1e-ad7decc175389864.js",
          "lineNumber": 0,
          "columnNumber": 118337
        },
        {
          "functionName": "",
          "scriptId": "126",
          "url": "https://www.vectal.ai/_next/static/chunks/9da6db1e-ad7decc175389864.js",
          "lineNumber": 0,
          "columnNumber": 118343
        }
      ],
      "parent": {
        "description": "setTimeout",
        "callFrames": [
          {
            "functionName": "Er",
            "scriptId": "126",
            "url": "https://www.vectal.ai/_next/static/chunks/9da6db1e-ad7decc175389864.js",
            "lineNumber": 0,
            "columnNumber": 118125
          },
          {
            "functionName": "enqueue",
            "scriptId": "126",
            "url": "https://www.vectal.ai/_next/static/chunks/9da6db1e-ad7decc175389864.js",
            "lineNumber": 0,
            "columnNumber": 117852
          },
          {
            "functionName": "capture",
            "scriptId": "126",
            "url": "https://www.vectal.ai/_next/static/chunks/9da6db1e-ad7decc175389864.js",
            "lineNumber": 0,
            "columnNumber": 151479
          },
          {
            "functionName": "Bi",
            "scriptId": "126",
            "url": "https://www.vectal.ai/_next/static/chunks/9da6db1e-ad7decc175389864.js",
            "lineNumber": 0,
            "columnNumber": 65378
          },
          {
            "functionName": "",
            "scriptId": "126",
            "url": "https://www.vectal.ai/_next/static/chunks/9da6db1e-ad7decc175389864.js",
            "lineNumber": 0,
            "columnNumber": 64921
          },
          {
            "functionName": "ai",
            "scriptId": "126",
            "url": "https://www.vectal.ai/_next/static/chunks/9da6db1e-ad7decc175389864.js",
            "lineNumber": 0,
            "columnNumber": 64904
          },
          {
            "functionName": "",
            "scriptId": "126",
            "url": "https://www.vectal.ai/_next/static/chunks/9da6db1e-ad7decc175389864.js",
            "lineNumber": 0,
            "columnNumber": 65345
          }
        ],
        "parent": {
          "description": "setTimeout",
          "callFrames": [
            {
              "functionName": "Ui",
              "scriptId": "126",
              "url": "https://www.vectal.ai/_next/static/chunks/9da6db1e-ad7decc175389864.js",
              "lineNumber": 0,
              "columnNumber": 65324
            },
            {
              "functionName": "onRRwebEmit",
              "scriptId": "126",
              "url": "https://www.vectal.ai/_next/static/chunks/9da6db1e-ad7decc175389864.js",
              "lineNumber": 0,
              "columnNumber": 63832
            },
            {
              "functionName": "emit",
              "scriptId": "126",
              "url": "https://www.vectal.ai/_next/static/chunks/9da6db1e-ad7decc175389864.js",
              "lineNumber": 0,
              "columnNumber": 59214
            },
            {
              "functionName": "At",
              "scriptId": "159",
              "url": "https://vectal-api.onrender.com/_events/static/recorder.js?v=1.259.0",
              "lineNumber": 0,
              "columnNumber": 72562
            },
            {
              "functionName": "mousemoveCb",
              "scriptId": "159",
              "url": "https://vectal-api.onrender.com/_events/static/recorder.js?v=1.259.0",
              "lineNumber": 0,
              "columnNumber": 76208
            },
            {
              "functionName": "e.mousemoveCb",
              "scriptId": "159",
              "url": "https://vectal-api.onrender.com/_events/static/recorder.js?v=1.259.0",
              "lineNumber": 0,
              "columnNumber": 41250
            },
            {
              "functionName": "",
              "scriptId": "159",
              "url": "https://vectal-api.onrender.com/_events/static/recorder.js?v=1.259.0",
              "lineNumber": 0,
              "columnNumber": 42525
            },
            {
              "functionName": "",
              "scriptId": "159",
              "url": "https://vectal-api.onrender.com/_events/static/recorder.js?v=1.259.0",
              "lineNumber": 0,
              "columnNumber": 22912
            }
          ],
          "parent": {
            "description": "setTimeout",
            "callFrames": [
              {
                "functionName": "",
                "scriptId": "159",
                "url": "https://vectal-api.onrender.com/_events/static/recorder.js?v=1.259.0",
                "lineNumber": 0,
                "columnNumber": 22856
              },
              {
                "functionName": "",
                "scriptId": "159",
                "url": "https://vectal-api.onrender.com/_events/static/recorder.js?v=1.259.0",
                "lineNumber": 0,
                "columnNumber": 42720
              },
              {
                "functionName": "",
                "scriptId": "159",
                "url": "https://vectal-api.onrender.com/_events/static/recorder.js?v=1.259.0",
                "lineNumber": 0,
                "columnNumber": 22821
              }
            ]
          }
        }
      }
    }
  },
  "_priority": "High",
  "_resourceType": "fetch",
  "cache": {},
  "request": {
    "method": "POST",
    "url": "https://vectal-api.onrender.com/_events/s/?ip=0&_=1755720397271&ver=1.259.0&compression=gzip-js",
    "httpVersion": "h3",
    "headers": [
      {
        "name": ":authority",
        "value": "vectal-api.onrender.com"
      },
      {
        "name": ":method",
        "value": "POST"
      },
      {
        "name": ":path",
        "value": "/_events/s/?ip=0&_=1755720397271&ver=1.259.0&compression=gzip-js"
      },
      {
        "name": ":scheme",
        "value": "https"
      },
      {
        "name": "accept",
        "value": "*/*"
      },
      {
        "name": "accept-encoding",
        "value": "gzip, deflate, br"
      },
      {
        "name": "accept-language",
        "value": "en-US"
      },
      {
        "name": "content-length",
        "value": "3669"
      },
      {
        "name": "content-type",
        "value": "text/plain"
      },
      {
        "name": "origin",
        "value": "https://www.vectal.ai"
      },
      {
        "name": "referer",
        "value": "https://www.vectal.ai/"
      },
      {
        "name": "sec-ch-ua",
        "value": "\"Not(A:Brand\";v=\"24\", \"Chromium\";v=\"122\""
      },
      {
        "name": "sec-ch-ua-mobile",
        "value": "?0"
      },
      {
        "name": "sec-ch-ua-platform",
        "value": "\"Windows\""
      },
      {
        "name": "sec-fetch-dest",
        "value": "empty"
      },
      {
        "name": "sec-fetch-mode",
        "value": "cors"
      },
      {
        "name": "sec-fetch-site",
        "value": "cross-site"
      },
      {
        "name": "user-agent",
        "value": "Mozilla/5.0 (Windows NT 10.0; Win64; x64) AppleWebKit/537.36 (KHTML, like Gecko) Noi/0.4.0 Chrome/122.0.6261.130 Electron/29.1.5 Safari/537.36"
      }
    ],
    "queryString": [
      {
        "name": "ip",
        "value": "0"
      },
      {
        "name": "_",
        "value": "1755720397271"
      },
      {
        "name": "ver",
        "value": "1.259.0"
      },
      {
        "name": "compression",
        "value": "gzip-js"
      }
    ],
    "cookies": [],
    "headersSize": -1,
    "bodySize": 5546,
    "postData": {
      "mimeType": "text/plain",
      "text": "\u001f\b\u0000\u0000\u0000\u0000\u0000\u0000\u0003íYyW\u0013É\u0016ÿ*\u0019\u0005ÂôNt\\\u0007\\Xt@\u0011G¥³\b$1é°â ,Ê(¨¨+\b(;¢ sï\u0017{·»:\u000bK\u0010÷þ{zNè®úUÕ­»ÕýUW_·ÄãA¯e¿ã\u001dvW¬,\tVÅ-«Vjw[\u0015Ù«ØeÁç²¹\\|Ú 4gÇB®H,\u0010Ö¨-\u0012\rGÔ¨\u0016Tcý×S=ÝÍÞÄ-?­ÙëÒ\\ý´²Ö\u001cQ-ûÅ|\u000bk¹nãQ\u000f5ñ4g8\u0016Ôá\u0010'de¿Ã!å[©\u0017ò-ºÄ¼ 4V\u000bÖ«g|¾JRY%YlÉgp»lÂiX\u0002Nëà¢KÂiÍ³o\u000bö\u0004\\1áhgà\"lo3»äh©iam1ÍU\u001f!\"ËÀ\u000eHa<ÇÙ7\u000bI\u0002lX5±'\u0012n'x)¡a¸ïãEemÉ²´mI[è$Y/¦Ý\u0014Óp\u001cZ!#^ä\u0013x\u001a`â·_Tä$^¢=ëx<ÎÄ\u000bÊF<ïHâm4¯§u\u0018^tÐÐuxGjú\u0004<m»ú\u001b\u001c9£En7Jæmæ¦¶[U\u0012iÇ:ÞFÒñ@#6JiO\u0004\u0004ÏóLÉàHà)º6Å[Ò¼À|m[¼7D\u0010M%<üF£ðöDøó¼lâuNÈOYOÇè4¼$o4¢\u000b¦OÐI¸H]/>Ùô·¥FO¢j,Fº²9·÷x=´G±Úm^»Kù(m«nJÏÙÁ7ÜøÝ1¢$Ù¼âÑÓ|v]ÐMèF6\u0001½\\nP£úÊÔÈ\u0017\b²££\u000e-\\«ê-ç²V\u0014¹(øåÆúJù¼M¬ªu/k¾vñv´°è_ö7ùBBiÑÙò¢bAÒ\u0013\u000eùþË^Õç×iäx\u0016\u0012Z¶r²U¨ß\u001biÁGcBË6ÃÁI>«O\u0015m·ºD/gu»}6^qÙí>Õe!ÕMUd=]õ6¯À[\u0015ÕË[í,Zm¢ä\u001c\u000e\u0017§Øm»;Úd\fûo6^Ð\u000fHÝ=ø7I\u001b½OJ\u001e'\u0014Yfr¤Üi3O¹éÝ¼cù\u0005'\f¼È¢YàÍ¶%NÒ½Ùé)èQ\tÏÛóó²)¿Îm£M\"Mêx=\u0005eæzøz\u0012Ñ¶U%íd6³\u0019Ü¦Ló8ÔiUÑ:gçÀ6xaãSÝdve\u0007bJÉÂ\u0012uâ8L\u0015RzÒÛp\u0012¤l8\t¶ÃÓ\tÊ¤&\r¿ñ¤áíiç¡9Z-µ\tOEM&­ÉÝðÛZÓeUäs\u001cïn§[â8ìÎ÷\u0001ölüÆ/oü\n&æ\u001b®U×ìåRg4½=ý\u0012KÓ¢AwÜÈ\";Y']G!hÍ2°¬UÆ>XÆxTu)ç\u0018vú>Û±s8fôKÐÕñ9¬Âç¸÷8LcïuXÖs%§aª¸\bÇ`\u0004ú±Ú\u001fy`(rÕéÞíøE\u0019l\u0005ø\nwÙ2¥Åð>\u0017>`×\u0001\u001f\u001a<Ãex`t¹=8y\u0018§°]¬s:·ÜgT­\u000f7ìt»V¦×»³\u0015àc%>»oW¦£0\rÓl38¯í¤ég8óAxÉÔ\t¸zÄ©\u0015Áñ.Ug\u001c¯0\u001e\u0005\u0018ÍÁ5Xý\tH)p\u0002\u0016±ÏèRpB8á7\fÂ©\"¾Áå_°_Èy\\Ã¶Sd¯ÅL»¼­\u0006ÓÀ\u0017\u0015MÓ\t}¸\u0002]¸äîZ\u00184¼\u000fã\u0007H´\u0011\u0018À_\u000b«á\u000b>mÆWL'Ð#\u0012hLu:\u001b`^®ÏË·Â=\\Ä»§n\u001f\fB\b«Øv\u0002{*a$\u0000÷àá%ãÕ\u0005/°í|\u0003ÜfÃ\b9Á B\u001f,Ö0à0\tþ\u0006{\u0005üH;ì´5ÃZ%ö@7N\u0005NA«/_ñã\t\u0006¥\u001fá|\u0016|©Xà_ó¡\u0015ñ\u000eÎ\u0016Ò\u00030P\b[\u0019Ëyàm\u0005ÌÃ$<OØ~Éf2ù·\nø@»\u001d^w¬Å\u0003oiÀ;|Ý\bÌÑmøD:\rw\u000b¡\u000bfU\u0012g\u0002ßkÅJéì8\u0005«Ç~Á6ãÕ\r·\u0005\u00189Ã\\N\u001eÜ«Ê¯ÇràN5Cïlfã\u0003ÎÐé²<\t±Ã\u0014³\u001f\u001e «á-\u000e|\u001b£àYÀ·Ng\u0000¦}p\u0007»®áP\u0004+vC\u0007t\u0019/r¡3d\u000f\u001c pjÇÅLÇ«p'O\u001b¡F7µe^JSP\toYW\b½d»Ø\u0006óu¦ÿsFa\u0011zà\u000eéõ=N\u0007Jf±AÉ»\u0014Ä¤ö+á\u0012\u0015ã\bNÜ¸ái¸ý\u0006B%\u001fë»¥gñ=2/T±çW1|\u001f±³)\fCqüÄ¤a¸ác\u0011S\u00049|\fÓ\\ÇYdp\b^b\u001b¾Æ\u0002X9\bwöà·\u001c\u0018ûÐæ)\u001coÉ\u0013aèÁYm\tÑ&>n¾øÉA\u000fà\u0000tÇqíð!XôWÀ\fÜcöTb_ÍCØ~\u001eºÉ\u001f;\u000fh\u0007\u0003Ì?9_\t¬À8Ûÿ~¶_xXPË\u0007çsºiO·Y\u0002ä\u001d0ìÁ±|`~o'çc\u000eÃòcÅ\u0011Íb&>\u0018Ë>\u000bK,oð\r0Jf~Tù\u001böÄq9_ig´«g4X®ý3½8×À\u0004Ã·ð\u0016ï\u001en\u001dÊ¯ÁEheBÖºÉ|ðá\föÂâµã{Nñ\u0012Îp\u0005lÑfæ\u0010®Ã¹ÌYØTV|cº!/ï¹B#ö\u0007(XD§\u0005îÜ,dFú#\u0017ºXÃ'd~2Ø\u001cix\u0012Úð\u001ffà«\u0014\u001a\u001f)7j0`·ÃSÃ9J\u001d?C/.G\u000f©+5\u001e^á\u0018¾65k\fælAÚæ[ò£\u0019\u0018(Ã¥c0ë¸\\BîÒAº~ÙG°\u0006kØßOJ®\u001dµp*\n«¹Ø\t`õgZwÂ©ùéXÅÃð²Ë¸v\u0011×¸ep\u000b:®Qv7s¶Ó3\u001dÞ\u0002G¥§Ñ\u0005ÉÊëÈ\u001dåÕÄÒÏ\\ªBRä\u0014bé=4Zk®£Á×-VkÔå\r6Y#á\b±\u0000««Á\u0015¬s¹ëTkcÐ«\u0005t*$ÛH\u0013@\u0019\u00015è\u000fè¬Ân/°Ñ?ö\"8\u0004Í±å¸'\u0010&§\u0017Åm@É·FiQW(æ\u000bGë­áhÐ\u001f$æsÕÅÔ\u0016G&OeC-ÆéY±`\u0012¸\u0016Ll'P\u0006%»BÁz^£Z½ñ¨ñ`J#]$X0ä·úâÄ\t·FxÕ:\u0017ÚÊfµzÂqßm\u001e\u0019ªfõ\u0005ëê¬õa/Iº©/B\u000bZI[ÚV!WýVÍºë¡­ºÈ^~U/º¬W\r:\u0013v$|ßn@b<×¼{é>ÅV`S\"MùY²\\ Ò¿HÓ¾øEær²DÑ\u001cbÙ7±°Þ¤òF\u001f±´òþLVE¢û\rº|2ox9nCde\\Z0XÇî\u001dYÄZ¯jW4è\"ïy¨MõºI¢P¼®Íp\u000f§.\u001cS½¤¯Ñ6ÄÖ#~XÁ¢Á¾¯à´=b{&3Hø÷'KÝ}JÄp3MfÜÏ}2óâ¿hzQÞ¡×­'æÒÅt>\u001d\fQB9ÇÄÌ¸mûëú\u001f¢T\u0001}:ÿÃ,Ñf^À\u0007å¹%Ø³¯¬\u0012f+°¿\u0012ÆqàèIx\u0002¯Nb{:Ib¥­\u0014\u001fÅÑ¿£ Ä\b\u001f £b¦\u0013¦X¥¦R)´@gzÿéZøBÅòï8dVÀ&»þ}<Õ{ã8/à1q¯LÄ³ð\u000e¾\u0012·jE³°\\¦ÿ\u001f©¼\u001d¨Å\u000eS¡õÂW@åÃ\nÐ\u000e·p´Ê,VÇÜ\u0011\rVp¹8ì<¼!\u001cýíz\u000b¾Ïø¬\u001e\u0017àë¥C\u0007Y\th\u0016¯iâµ,\u000f1ó`ò¦³<Î²³áÐv\u0007¾¹qÅ-\u0018\u000eâí±Õ©Yáé¦>«æ\u0012~ÂWT¦ÞO¬¤ädª¾§!\u0006ý\u0004;llºcÐN5Ö-\\¥Ðä\u001aÎüc\"¾6+8\u000e&\u001bü8_FU&Ôµ\u0017gpZçå^ì8\u0003>b\u0013Ù°äÂE7>'å¿Î²ýø\u0001\u0017pþ8U³ø\b9ý[Ñó.°ÂR­uúj\u0019­ð5Vá;\u000f>bôÇ\u0007ãDW^\u0012I«\u001e\tìqÓ®Æ`¥\u0018FY\u0019xêÌóÙy\u0017pèxÐ¤õ\n©Í\u0019\"ú·¯pþT\u001e\u0015÷ýÐyôw§³¸ÀÌñj\u0018;ÊÁýãÐÈÃ*Ò\u001bÌm¬7p\u0005ß1Z¼¾ÿàí\u0011\u0007¹'óñ^\u001eÎá\u0000\u0012ö³\u001a£×{Ðãô\u0011±ºw5\u000e}j\u0019\bÌ.:E%µ¶ÖÍ\u001c4Í;Ü\u0017ï2X¼|{\u0010WêÿåÃ@yÙ\u0019Ô£\u0006¿åÃî4î^IÃ=Ùz\u0014Ó¯±µà$ñÿ÷låc¬ü¾ø;\f#ú»l`Õ2\u001a:eg&atVÜ\u000b\u000fp®yVöàr3qQxAê$GmÃ÷{üð®\u0014Ds\u000eQ6\nävX±Qü\fÅÈ6cx]gØ+aî\u001cS\bÎ\u0012®oBv% »)n\u001f3>Ä8­\u000f\u001f\u001a¤\u0013DI_YÝU*>µ\u0013ø`/i\t\bð\u0014G\u001bòzJN\u0011ùë?R\u000b#A4nQ8w=\u0005Yró\u0004çwÀCxLd¢«ET-tEq\r=Æ´dclÁ\f.¸å\u001d\u0016@~¢\u001d\u000b8h¾¿¦$³¶Ï$r½ø\bÆ\u0012p¢ð\u0003¼[áùðS~E5\u000eà\u001dòÉ? Í\u0001âæ\u000bÅð,îÀ`A.uà½\u0012å)lå³áNY(Ë¬@w8ÅÖ«i0bð/Î}î\u0018÷W°í\n.\u0015¶TÃô_§®V\u0010Ë\u001aØO1Ówø ÅÜ\\.tÒ¨>\u001cÂà¯Ä\u001e\u0012EzNôù-¶qßdÃ\u000bZuào|IÙ#DáMþ=ØULÑ6àtògÔrø§è/rÂ\\\u0004\u001fÓðy\\e¾o²¿Ûõg×Ý }O)úMÿÎùÔöß\nõÏñ\u0019n3Ú\u0015Ù¸kþßÓ´ZÞBEm£+J!¼\njÝ\n¼n©ë+JNÑ\u001eô\u000f4Éb^èûB\u0018°ÿ\u0010ÜÑ\u0007AúBE{þ\u0003¦m#\u0018í\"\u0000\u0000"
    }
  },
  "response": {
    "status": 200,
    "statusText": "",
    "httpVersion": "h3",
    "headers": [
      {
        "name": "Content-Security-Policy",
        "value": ""
      },
      {
        "name": "access-control-allow-credentials",
        "value": "true"
      },
      {
        "name": "access-control-allow-origin",
        "value": "https://www.vectal.ai"
      },
      {
        "name": "access-control-expose-headers",
        "value": "X-Accel-Buffering, Content-Type"
      },
      {
        "name": "alt-svc",
        "value": "h3=\":443\"; ma=86400"
      },
      {
        "name": "cf-cache-status",
        "value": "DYNAMIC"
      },
      {
        "name": "cf-ray",
        "value": "97248326890d739a-JNB"
      },
      {
        "name": "content-encoding",
        "value": "br"
      },
      {
        "name": "content-type",
        "value": "application/json"
      },
      {
        "name": "date",
        "value": "Wed, 20 Aug 2025 20:06:38 GMT"
      },
      {
        "name": "priority",
        "value": "u=1,i"
      },
      {
        "name": "rndr-id",
        "value": "fed3db19-b1ea-4ce0"
      },
      {
        "name": "server",
        "value": "cloudflare"
      },
      {
        "name": "server-timing",
        "value": "cfExtPri"
      },
      {
        "name": "strict-transport-security",
        "value": "max-age=31536000; includeSubDomains"
      },
      {
        "name": "vary",
        "value": "origin, access-control-request-method, access-control-request-headers, Origin"
      },
      {
        "name": "vary",
        "value": "Accept-Encoding"
      },
      {
        "name": "x-envoy-upstream-service-time",
        "value": "609"
      },
      {
        "name": "x-render-origin-server",
        "value": "uvicorn"
      }
    ],
    "cookies": [],
    "content": {
      "size": 15,
      "mimeType": "application/json",
      "text": "{\"status\":\"Ok\"}"
    },
    "redirectURL": "",
    "headersSize": -1,
    "bodySize": -1,
    "_transferSize": 379,
    "_error": null
  },
  "serverIPAddress": "216.24.57.7",
  "startedDateTime": "2025-08-20T20:06:37.276Z",
  "time": 915.1810000039404,
  "timings": {
    "blocked": 2.775000003695488,
    "dns": -1,
    "ssl": -1,
    "connect": -1,
    "send": 0.958,
    "wait": 908.5809999973653,
    "receive": 2.8670000028796494,
    "_blocked_queueing": 1.193000003695488
  }
}