{
  "_initiator": {
    "type": "script",
    "stack": {
      "callFrames": [
        {
          "functionName": "method",
          "scriptId": "126",
          "url": "https://www.vectal.ai/_next/static/chunks/9da6db1e-ad7decc175389864.js",
          "lineNumber": 0,
          "columnNumber": 80787
        },
        {
          "functionName": "",
          "scriptId": "126",
          "url": "https://www.vectal.ai/_next/static/chunks/9da6db1e-ad7decc175389864.js",
          "lineNumber": 0,
          "columnNumber": 148111
        },
        {
          "functionName": "Pe",
          "scriptId": "126",
          "url": "https://www.vectal.ai/_next/static/chunks/9da6db1e-ad7decc175389864.js",
          "lineNumber": 0,
          "columnNumber": 148117
        },
        {
          "functionName": "retriableRequest",
          "scriptId": "126",
          "url": "https://www.vectal.ai/_next/static/chunks/9da6db1e-ad7decc175389864.js",
          "lineNumber": 0,
          "columnNumber": 118977
        },
        {
          "functionName": "Rs",
          "scriptId": "126",
          "url": "https://www.vectal.ai/_next/static/chunks/9da6db1e-ad7decc175389864.js",
          "lineNumber": 0,
          "columnNumber": 148321
        },
        {
          "functionName": "",
          "scriptId": "126",
          "url": "https://www.vectal.ai/_next/static/chunks/9da6db1e-ad7decc175389864.js",
          "lineNumber": 0,
          "columnNumber": 141725
        },
        {
          "functionName": "",
          "scriptId": "126",
          "url": "https://www.vectal.ai/_next/static/chunks/9da6db1e-ad7decc175389864.js",
          "lineNumber": 0,
          "columnNumber": 118337
        },
        {
          "functionName": "",
          "scriptId": "126",
          "url": "https://www.vectal.ai/_next/static/chunks/9da6db1e-ad7decc175389864.js",
          "lineNumber": 0,
          "columnNumber": 118343
        }
      ],
      "parent": {
        "description": "setTimeout",
        "callFrames": [
          {
            "functionName": "Er",
            "scriptId": "126",
            "url": "https://www.vectal.ai/_next/static/chunks/9da6db1e-ad7decc175389864.js",
            "lineNumber": 0,
            "columnNumber": 118125
          },
          {
            "functionName": "enqueue",
            "scriptId": "126",
            "url": "https://www.vectal.ai/_next/static/chunks/9da6db1e-ad7decc175389864.js",
            "lineNumber": 0,
            "columnNumber": 117852
          },
          {
            "functionName": "capture",
            "scriptId": "126",
            "url": "https://www.vectal.ai/_next/static/chunks/9da6db1e-ad7decc175389864.js",
            "lineNumber": 0,
            "columnNumber": 151479
          },
          {
            "functionName": "Bi",
            "scriptId": "126",
            "url": "https://www.vectal.ai/_next/static/chunks/9da6db1e-ad7decc175389864.js",
            "lineNumber": 0,
            "columnNumber": 65378
          },
          {
            "functionName": "",
            "scriptId": "126",
            "url": "https://www.vectal.ai/_next/static/chunks/9da6db1e-ad7decc175389864.js",
            "lineNumber": 0,
            "columnNumber": 64921
          },
          {
            "functionName": "ai",
            "scriptId": "126",
            "url": "https://www.vectal.ai/_next/static/chunks/9da6db1e-ad7decc175389864.js",
            "lineNumber": 0,
            "columnNumber": 64904
          },
          {
            "functionName": "",
            "scriptId": "126",
            "url": "https://www.vectal.ai/_next/static/chunks/9da6db1e-ad7decc175389864.js",
            "lineNumber": 0,
            "columnNumber": 65345
          }
        ],
        "parent": {
          "description": "setTimeout",
          "callFrames": [
            {
              "functionName": "Ui",
              "scriptId": "126",
              "url": "https://www.vectal.ai/_next/static/chunks/9da6db1e-ad7decc175389864.js",
              "lineNumber": 0,
              "columnNumber": 65324
            },
            {
              "functionName": "onRRwebEmit",
              "scriptId": "126",
              "url": "https://www.vectal.ai/_next/static/chunks/9da6db1e-ad7decc175389864.js",
              "lineNumber": 0,
              "columnNumber": 63832
            },
            {
              "functionName": "emit",
              "scriptId": "126",
              "url": "https://www.vectal.ai/_next/static/chunks/9da6db1e-ad7decc175389864.js",
              "lineNumber": 0,
              "columnNumber": 59214
            },
            {
              "functionName": "At",
              "scriptId": "159",
              "url": "https://vectal-api.onrender.com/_events/static/recorder.js?v=1.259.0",
              "lineNumber": 0,
              "columnNumber": 72562
            },
            {
              "functionName": "callback",
              "scriptId": "159",
              "url": "https://vectal-api.onrender.com/_events/static/recorder.js?v=1.259.0",
              "lineNumber": 0,
              "columnNumber": 77650
            },
            {
              "functionName": "o",
              "scriptId": "159",
              "url": "https://vectal-api.onrender.com/_events/static/recorder.js?v=1.259.0",
              "lineNumber": 0,
              "columnNumber": 111291
            },
            {
              "functionName": "",
              "scriptId": "159",
              "url": "https://vectal-api.onrender.com/_events/static/recorder.js?v=1.259.0",
              "lineNumber": 0,
              "columnNumber": 106521
            }
          ]
        }
      }
    }
  },
  "_priority": "High",
  "_resourceType": "fetch",
  "cache": {},
  "request": {
    "method": "POST",
    "url": "https://vectal-api.onrender.com/_events/s/?ip=0&_=1755720401241&ver=1.259.0&compression=gzip-js",
    "httpVersion": "h3",
    "headers": [
      {
        "name": ":authority",
        "value": "vectal-api.onrender.com"
      },
      {
        "name": ":method",
        "value": "POST"
      },
      {
        "name": ":path",
        "value": "/_events/s/?ip=0&_=1755720401241&ver=1.259.0&compression=gzip-js"
      },
      {
        "name": ":scheme",
        "value": "https"
      },
      {
        "name": "accept",
        "value": "*/*"
      },
      {
        "name": "accept-encoding",
        "value": "gzip, deflate, br"
      },
      {
        "name": "accept-language",
        "value": "en-US"
      },
      {
        "name": "content-length",
        "value": "22246"
      },
      {
        "name": "content-type",
        "value": "text/plain"
      },
      {
        "name": "origin",
        "value": "https://www.vectal.ai"
      },
      {
        "name": "referer",
        "value": "https://www.vectal.ai/"
      },
      {
        "name": "sec-ch-ua",
        "value": "\"Not(A:Brand\";v=\"24\", \"Chromium\";v=\"122\""
      },
      {
        "name": "sec-ch-ua-mobile",
        "value": "?0"
      },
      {
        "name": "sec-ch-ua-platform",
        "value": "\"Windows\""
      },
      {
        "name": "sec-fetch-dest",
        "value": "empty"
      },
      {
        "name": "sec-fetch-mode",
        "value": "cors"
      },
      {
        "name": "sec-fetch-site",
        "value": "cross-site"
      },
      {
        "name": "user-agent",
        "value": "Mozilla/5.0 (Windows NT 10.0; Win64; x64) AppleWebKit/537.36 (KHTML, like Gecko) Noi/0.4.0 Chrome/122.0.6261.130 Electron/29.1.5 Safari/537.36"
      }
    ],
    "queryString": [
      {
        "name": "ip",
        "value": "0"
      },
      {
        "name": "_",
        "value": "1755720401241"
      },
      {
        "name": "ver",
        "value": "1.259.0"
      },
      {
        "name": "compression",
        "value": "gzip-js"
      }
    ],
    "cookies": [],
    "headersSize": -1,
    "bodySize": 33209,
    "postData": {
      "mimeType": "text/plain",
      "text": "\u001f\b\u0000\u0000\u0000\u0000\u0000\u0000\u0003í}\u0007WTË\u0016æ_\u0011Ä\u0000tî\u0006\t\u0006\u0010P\f`VoG@¡¦AA1\u0001\u0004$©H¨(J\u0012E\u0005]k×\u001f¯j×én\fwÞY³fÍZóÞº÷ÒçÔ©SaÇoïÚ§ìnbCC¥?13ÑdÎpù2ÌÎ4«ÝcJs\u0006m¾4¯ÓoN³Y-65`µù-¾ÄÔÄ@c \u0014Aó¤ú§¶¾¢&kµáÚ@8R\u0019¨OÌ¼\u001b»sÃÛ\u0014,.«Ý\u001awÝïx\u00123ñêHSm 1\u0013÷øÊÝÄÚªòÊ\u0010º\u000fo\u0007¼é¡@ävMøÖa³|§©ªÆÞM\f\u0007ê\u001a\u0002õ\u0011t>BjôX\u0011ÔÖg¦§{j+\u000f6\u0006|\u0011OÕAOezC} ¦:ÇÈCpÓyõFôP_Ó\u0010ö\u0005p¹>â\tGÎWÊN\u0019V³ÕÑ4=Ê\u001aÃfu\u001c4øf[ÉX\u0019ªTz\"5aÝU0\u0010ñU \u001f ª²1\u0010}\u0003®\u0002w\"5µgÃ5\u001a_M\u0015_\f\u0007Bþ@øhUïVe¨ü\\Ä\u0013iÀ<\u0012C5¡4¯¾VrÖ0î±Ö&ù¿2Yý~%?%Áo5\f}[ÍÃ|ÐÁÿ³ap5ÕÊPqMÍ­ÚX\u001fñW~|5¡Ð\u0017Õ\u0007|\ráÀ1¾EÝÑM'õ®Ä\u000f±¾¶&T\u001f]\tVë#E¡H \\Y]úÛ]£½ê\u0010s°;\u0007\u001dz\u000ev{jb$ì\tÕ\u0007±,ÍXa<\u0010\bùjü\u0001ÿÑ\u001aSô?ðûµ¸¨Õ¶Ô¼ÂØ.l¼\\ñÌ²k²;\u000eì\u000e\u0017^_gÂ\"ÍN»ÝiÎp,\u000eG\u0006ß\u0002åT×ê;\u00165Ãî2Z®µ´üù®Ãbuµ¤\u001a4oÑ¼¦ÄLÐVmM=\u000bCU}\u0007×Ì\u000eÐc\u0013þ°b\u0001$-x\u001eZ0X\u001fÀÒ¥Ymªç\u001dímø¯Ñ\u001eîhoqÙ~o\u000f*ùk{KF´½\u0013Ü*Û;þ¥½Ùi5Ú[,h'ÛK*ük{³#ÚÞÎí-f¬ÐßÚÛ±Ê[d»%¶Èÿ\u0007\u0005§\u001câ$­\nÔÖÿ©l±`c²Åa;èÔäíÒ÷ÿ\u0019Ùb1\u001f´ê»@ÿO\n\u0017§\u0019ýÿpÁ»ÿ{áâÌø7ábuý»pÁ\" \u0019I\u000eî\u0006è² õ¸½ò/Iô¦ÐB\u0005ÿ­þm¥\u001eúxQt\u0017Ð\u001at¿Ù\"\u0006JRN§É§.ÐZ©ÅyÞ#¢^&øÝÁSi4rÓ§\u001e4ïÓ}Ú8âúÓÿ\u0006éy\"p¥·AY\u0005ÿõ8è³M\fHMNÆ¥´¢´´Fï.\u0010}E©ª½ÃBÃîPJDôª®mø»á\u0014ÿ\u0019>GKôPýí;¦;\u0017¯Ä«Ë±÷môItéÌ?\u000e=\u001c¨®iüoÆRzBô\u001e\u0010«;/ºU\u0013üì¥§îpªxj¬]\u00054×Üù\u0017ÏïÿÏ^/>Ðø\u0010\u0016³â\tÒç3¼%ÊDû\u0005Z(ÖmñjbVi[ýòÒ÷\u00141IsYÔ÷¶®_¢îcGÔ\rËm±@CbX<\u0015ÉÄJÚz ¦±ÝM5sn\u001eWô§Ñ³]»\"ê\u0015^ñÖE]vêo\u0016\u000féîÿx\"ZÅÇê§óø!ÞÐ{1&º2¯è'}¿'62é©©\u0013ÄWz\u001f\u0010kEb»®ÉISbö\fZö91\"Þ? \u001fØ½I1%fðÏ¦øÜ\u0018\u0016Û4EC<Wúq¿!C|\u0017+âX¿qhÌ¾{¾rTÒºX¼Gkâ\u0011é£X\u0010]ôF¼¦bÙ±rR\u001bev\u0016çâ\u0011Vô³úiÕý\u0011Ëb\u001aãÊ}`§m\u001a\u0015½éâg¬ÙY ÞÓÔ\u0003ñUl\u0011wÕUh\u0017\u0013b@¼\u0015_ðdnñ\tÑî\u000e%Q{1}F_ó4ÔT]½ë£7§Lbì´X õJz-~Ðf±øHÅ{\ftK\fåFj¥11B\u001d~±-^¹½âêß$ðÛ±N½UÊÒ\u000e¡ñÈ=Ú\u0010LvðE\faAlw¡C4Åé\u000bÓF±Xk¶ïÕdà\u0011oÄã´\u0005ü@Ëxìô]Ì«¿\u001c´xæ\u0012õ±&Z;uZÅ\u0007¿X¿O­\u00071Æ9âc\u0010K:yÀt\u001d#ü ¶³Ô3fÑJ#×Õ\u0019b^Ua©1Ó÷\u0018Ç\\\u001c¸}^\f:í\u0014\u001d4-Ä+U¼\u0014½\u000fîbÛÇoÐ\u0007\u001a\u0010ã{Å3wDl5aé¾G¹xíÏ«ÌöGxö¦ \baFLøqÿG36å[ÙõÆÐ%üzB[§±¹X7ÐÛ4ÖæµøB®-ôÍ³ï\u0004n}\u0015ÏÄg\\ì©*Øû£^\u001atØ\u000fÌÂ\u001a±!×ø¥øx\u0006\fõ1\u0000:k¢\u0015\u0010\u0018Z¿©\u0005\u001beQ'}k\u0011[7rÅbÈohÖO­&ñÑ(5_,\u001d\u0015³ÌæG5@~\u0017£å`MÁäá\u0014XÖMz!º]êzÒ1Ñ>t;]C{\u0010Ê,voZTå\u0017 æ´AÔÑ|~ºÅ\u0019+úâÈ\u001d3F¼TªÞ\u0015 oôR¬\u001eìýh>¢Çbþ&Öç%y\u0003Ìá´$é¹¼XË´A½éÏ#Õ\u0010\tïè«Xm¦ïôã¤\\(è\u0016ãèSÌb\u0015T²~\u0015Ü°V\u0007^\\\u0014ó§èØ¬8ê+¦5f\u0006ëUPí{Ñ&\u001eyÁ^b! í\u0016CàáNÑÍ\u0000t\u0017\u0005!Ì§æêYÄ%4Ø\u0014_oÜEO4uC¬8ñß~ñQ¼¿äÄ\u0003Kâ[P|ÏÄ<Æ«/Ý`Z`a\u0012Á2mcÑ¶ÅOKºx\u0003¶ùzc\u0017¨ú+\u001eê¢q¡ä\u0004¤è\u000b1vXLÀ<¾\u0015U\u000fZvuøiûXVÂÙl+\u0006é<\u001cÇüK=Ö\u001añBt±\u0010Å¸7iS<\u0004ÏuLi-D\u001fuâ\u001b\r\fÁcS×°oëb\u0000}È©4&\r\u001fºÝhÿ¢)w\u001büå¼½²ð\u0012u\u0011¾gV\u0015^*¢\tz&>Ü\u0014?,âS¾ nê¨º$®Ôço«çìgÄCßµ|¼êIFÄÈ\tHý´@óçxõ±ÿ¯Òõ\nñ¤ ³1îÞq\\^Ò\u001aÀz\f]¸\b×´zG\u0003Þ\"5°þ'+Ä =£êv\u0000¼ù\\<£¹kÙWÓhºè\u0018}k¦OWÒP0bÏºFíî0-¢ÍcPËH©xIÏn&ÿ¾y=-/Ó\f_\u001eþ.»\u0013¯¤%\\dyEíæ&úrEÛ\u0012fw0S,_\u0014\u000fµ¦ìºO+§E¿;tHL\u001fÖâç¡f;4\u0003\\©Ø¾\u00052ú\u0019)¥cr\u0019\u000f=½\u000eÑªÌ\u0014\fåÒ47¨Z¸+\u0006\u001e¸®%Ö¢V;±L÷\u000bz©c?ÔÀ~_G¥\u0016\u001bÔ\u0001\fßç\u000eï¾rBÙYzM¯h8!·Jt@½\u001füI\u0011úxÉåf;\u00033{wRßÔ¤ü\t\"å§Ø8¡$òô«`&lA\u001fÌÖÁ\u0007÷3<ô2\u0013Ô<wSñ»@m_éc¹T&÷ÄÚA\u001aÝ-ÚÑËD5\u0013¨\u0018£G´Þñ¿:{$æýÊÅ[\u0007ôÃLDªò$zÑD³ûé½ÍLÝâë«Ðæ³w$\u0002»/àù×4\u000b\u001d½ ^×-S©\u0018åmi¶â=ý»¯'ÍdPýc\u0018P\u0011è:7>+\u0014Ó%zí¤ô\u001fÄÙ¼X×#~âN<\u0016¡\u0015wH|¨\u0000¿Mþòëâ3­©E1[!\u0006ß\u0017U¢\u0003vV\u0010ò©\r¥\rö\u000f&PLOhi/Äq+³Çj\u0013Ýàþ.êirÎB²|±Ë\u001asè1Í.ï¼ûhÕ\u001d:\\A}Ì.\u001a>E]°qðøSz]LEî³Ô. /4uß\u001dÉÉ¹\u0007ûìë\u0015(çB«b½JÓ\"l\u0005w\"uåÛû@ë\u000f¡\u0011µæf)-Íì\u0010¨#\u0001kô2;Ë\u0005¡°\">\u001f\u0010l\u000bÜJ\u0017OÌ5¥Ù;A¿Äì¤ÞÓb\u0011²ê\u0007¶j\u0000\u0006Èw[ß,W°úSô=\u001d²¿\u0007Êg\u001aj´\u0005\u00140{Ê\u001dÇàÆ©µ\u0012=}/;$&ÄôÅ\u0016ñZ±\u0012èô'tö(úë¨~í\u001e\u0011sgþ¡åFÜØN½]ër'¢·¢»°Ð\u0007Á¶$>î§ô¡R\fBd\u000fSX³Ð\u001dC\u0018 Ñ¥â[\u0011ó!\u00064t\u0005ý¬Ú_A\u0002N¤êµ7\u001dP/·h]2y&1§E(¢vñ\u0014Óä\u0012iÂ×ß\u0016ïýb\rãbÒ0õã»kðÝîH\u001d\u0004ã´<\u0003M÷ÜýÁG±q¤^¬»>ßcï| Ùæ0ï2½½ÙQ­î½²ï\u0006æ÷\u0010Æê¸èÛw4/¾¥­ÛôþÌÝó5âg\nÐVeÁÇ¡ únÒÄÑ\u00066\u0019MV·ûÎ!¶ èíÅ\u001dýþqñô`:\r\u00050¹$&qï=SÈl;\u001b%qàºX\u0013­©â+ÓY\u001e?55\t?èÇõk,r¥Èé\u0017ïD;àuzzÞs\u0013D;\"Új¨'¦|¥¬\u001bÍ¾ McÇsAÃj\u001aÜõ? Çþl¨ÒD+Ë>X63\u0018é{\u0010÷ ½Ð\u0006Í¢Ö\u001bk`°yeY\u0005|­àØRþ\u0018ÖgMtò\u0018©ß\u000b5¾\rÞÜ\u000bá\nÃ\u0007D<&¶Auß÷gjç\u000fÁfúÄ\u001dÁ\u000eÿb\u000f^£±4ìæð=\u001a­\u0006Ç.ÁÔÙ:YN½X¬±#\u000f@R\u000bN\bª^\bw \u0017Órð\u0013;\bÓMaØk]ûÄ8³p\u0012\r5ÖYÄÔ~ñÎE½gÌ§@Áïék3O·è0F8\u001e`üi»¢\u0015Öaë\u0003íUÂ^ñ*SÌ\u0011õÞÂÃi\u0013ý'0u \u0001Ñ}ì\u001aV\u000b+\bàÅ&°ÊP\u000bi\u000eÜ\u0015O¹ß$£Wb®\\|:\"&xÊ»iú\f\u0016à«\u0005z:\bûl»\u0005áíròC¹÷AôçÍ®\u001bX°çâÅ\rX(ÛÕÚlÆú^Ê\u0011}\u0007éÐ\u0006²è¡·ÇOkÞùAÃôñ\u0000Ìð\u001cZlÔáØ>È\u0010?ómð\\3ëVÜñ·\u0004í\u0002Q5r¶Ê »\u001eÀù(^ÎVaË¶{6Ü°BÐtgâÞ\u0018*<åÕìç\u0015?©7¹Y¬àFG\u0002|©SGØÎ\u0002E}Sf\u001eÈh\t>\r¤\u0002ï\u0002\u0016ó³\u0018¹y\u001f¬Ø\rC¾#\u0003æêsi4jZ{XM\u000b\u000fÛM`¡!:%>e`\u0003\u0016¾$æx©ööa#fü<0{1V%Í¦|^LÚf©ccµè\u0012CÜGW²\u000fs\u0016ãÖxzØ\u001d¼[¤Å½å¬¯a3´\u0016Ã\u001c\u0014ì£7GaÆ=®J\u0011_ï:ÏhßØBíG\\b«R¬¸NèÍ\r\u001c±<&}\u0016H¾Vñö\u0018ñ6\u0006Ãr²¾AÙÁ\rª\u000fcús\u001c½9R\u0014¦7{5?<\u0003ÿ-B\fgáë`¹\u001aêÌÂ¢vÑÛ³`!<Å\u0012É\u0001]«L\u001b_'v|T¬Ö^\u0010lÊØ²!\u001d{r`\"a(SxÃ×\u0007P,=ö2ü9tT)yú\u000f*Í¤¯§ö°\u0012ì¢ÿ\u0012(· H[\t§ðèZ.ørJÛ\u0004Ëâû{b6\bÐ&T\tëbPLYÀ9OÓDC\u000bdÀ[ñ·§é\fôÚOìn¦ÉÇEé¸»\bçç3\\áeú\u0001Þßü4K\u000b õÜ)Ñw²Ú,Ú|09Nõ&1sûúå\u001c\bU\u001a\u0016½ûà¯{nó\u001bLÁ\\6·\u0002ô$åXÚí\u0004u¹áæ,ÀD¯gC\u000bøÅ\nL_¦u\u000fLß!±Àï£+\u0017aÞkG.è ' µÇ\u001aõØpðY©;}.\f_á1$âè\u0001ñ¾\u0004üÐMß\u0014@\u00032íRMSæ/]¤9PÚÐÌgð\u001fü\u00013]tÙ±ÛÞ*ØêíÍ-×Ø¯¦R\u0014y\u001f\u0012àÓy¡£ûÄÆá\\e\u0000ëéN'%Nan|\u0005¿1à\u0000(ó\u0019H\u000eØv3kZUh\u0014 Ûð&hª$½ØwÚSìÜäºh«cma`¿xO\fèÁ\u00041y(,¶~Í\u0006t\u0002'\u0015«K\u0001ùÌ»Ý,G.uÑK¯t8&r°\u0018_ÀD¯²îV{x§\u0003\u0018ÛVÞ>îUK£\u0018/Áö}¡vÑ+V´1­Ìc5\u0017:\u0004U<\u0014n¦¡b`\fSâ\u0007ü)w\u001d`ç4ç\u000eíM\u0007\u0019\u0016ßòCç!h\u000bË>jªúÎö\u0002ãb&Ø\u0005o\u001e\næ\u000e\u0013Ôäd)vk\u001eFÚx\u0019}J®×ÂÓ\tÌôà=NÙFOn§cï¿ß¦6E\u001aØ×Mþ\u0003,w±Qî½É©Ø\u0014ö{+0¡vøº½`°Þ4wðªr\u0012(7µ\u0010\u0010Â{Äâ^ ^µÀf\u0001Ø\\=.?@\u0006ö@ÃÃ½FêÁÌ[Ùn·ãÁöOkøË\u0002Z\u0010wáOì\u0001[¬µ\u001cÊ¼\u0003Ô/ßR\rJ{æey¨)µHl4\u0001\b\u0001\u00047ºæìn\r\u001dºZ\\âkyÅawèLÃñ\u001b%f\u001a¡\u0019\b½\u0019\u0006|<ZP¯¸#^Ì®\u001b¿¡µPàA\u0019äÙÛ\u001b\u0000\u000eÖÃ·TFÉLÊ_ÔúN30365\u0006ÁjÌF\u000f3²y!¥|\roj´X\u0013ÃÁï´ä\u0012ð\u0019 yDÛuÔ*HmÒS&\u001eW@¯\nSnRgB\n\u000byÓaC¼'KË!)èËÁÓ\u0010$\u001dÐy/ný¿7a%>ÑVÑ%\u0018DßÊyÑyzAZôÂF£öóWé©\u000fÓ¸;ì«´]rºÃXhe÷À\u000f\\¢×<H½õPmf¸îìûÕ¢ó,wÇÈ\ro?KSÇÅÊ­cáX\u0005ÉÚtÀCë\t_ýúRtå<£µ\u0006X½uì¢\u001b~*¼w´©l1~:\u0002\"WðªÂcÀT7\u0012$\u0001À\fYÃ<ÑOÑ\u0005\u0018\u001b0«½ÔËÚ\u0015à×Ù\u0016°B\u001b¬ß*PÏ%k^èPúÐ\u0014l\u0006Ý¾®¶àõïîÑöÕ}\f\u0015{hb\u0017üµûÊD29jj±\n]zuMw\nÝ!l`G\nÌ\u0011ÈÒ!ê£µKæô#g\u0000\u0010~¼\u0001\nß*?*ºrÃ!h½Îó\u0001ê8é¼º\f}õ8\u0018õs7 \u001bîp¶\u0016õB%íþM\u0017è\b\\9Ì®óD:\u000ef\t/\r8qM\u0013¾úîÄèñ\u001cEï]\u0005ð\u000e$æb4¤µòó\u001aÛq\\eÙ\u001f¨É\u0003©NbÊÃçi¨ù\u000e1\u0013ÃB,B\u0005â£)\u000bìÅFC9­âù\u0005±z\u0007\u0006Êtª\u0005«0\u0005Ú\\¤Ný& / Ð|\u0016 Ø÷þ\u0002èë^ F«Wà5\u0018>â¡£0}\u0007Å|3})\u0014Ë\u0007`ÍÀÄ¼BOèq\u0006-³ÃÏÂÁi?\u0000<`:`ð\rwË\u0015CK~»&Þ\u0002ìÂø§¦z²\u0000Î¿\u0002®Á2§º\u0019íµä]\u0002¼ÄðúoBäöS'\u001bé\u0019´Ú(Ö\u000bòhn_Ç\u001b¦i´L\u000b\u0004³\u0018Èß\u001d¤\\xså- ¯éòÓúffz\f_3{ÍN&ô\u0004óE[Y5^:iÞ«íg~\u001c:þS¯\u0005ÞI\u001eìÙãÎóò\u0000à¥A½VÁ|eÁÿê¥7ÄK\u001dâ\u0005\u0011¬ØÅ\\\u000e6\u0005?`é$b+C\u0004á\u0005þ·\t\u001f·ó\u000ei'\u0010jZÛ\u001aùyÕôÁ^!±\nù(þ½\r×æ½\u000ec\u001d¯£¾\\0{gé¡CÔ]\u0000»âU\u001av\u000bÍ¼Z1;àKÏ¥î\n|rhpúQ$çb\u0003¯Ì\u0000H+-;\u0017o¤q·^\u0000)½ÂKn6ß\u0017ïµû@cêm\u0010c¢³Ø\u000e\u0001Ç¦¾\\<\u0010\u0016f-û¤ÆÉ1¬\u001f§¥ý\u000fi\u0003\fmè)ðãµN¼3ïiùô¬\u0016î)OÚý\u000eå`\u0012S4³&B\u0012ôT&ó'¹0\u001bb#O7\u0004\u0000Ó\u0007\u0018çY\nË2iÍvB\f°wì*²MOÿkL|^N\\ô\u001d+¤ùr¬À\f¼º\u0001O\u001e¬iL¼O3Á#z¦\u0016bZ<¿\u0004õ¡\u00049¿çÕÊÿ¹\u0003(mñÊ.üÙ=SjÛlV\u0013èºÚ\u000b1VxÊÎ¦ÉÎ{q\u0015^ÆLêÎñÜ(Å>h\u0003Á×\u0002Ã\u001a`#-*\fZî­$)\u0016â¯A£¼cû^\".P\u001f<Ò p°\u0005Æz°JyU\u0012l»à\u000e'äçaßßÎb·\t\u0013ªr\u001aC\u001bTõK°ä3\u0018ô%§¿\u000f;§áfÙèjÆN@o³]fG\u001aäÁ®g«ÑÓ\u000f\u000bxC²ÝFüHëv\u0004\u0000ë»°æ@½¥Æò8Y+Zà5}\u0013k»ÐÇ\u0003Së_xín·º\\ôÖF4Ý\u0001­VïÖ`\"ú\u0013}ÕÙà{xÝunù»4,Úª\u0014\u0016\u0007¯W4!ý p+å4såìÑL\u0010I?hr\u0018¤<Z¢¸Ü\u0014¨¦\u0017Çiõ¾\u001cL%À´uÉU\u0007I®Ü\u001c\u0018sTÛi:ú HÝl½Z«åº\u0002Ke\u000e0\u0017\u0004áXêàå\u0003$,\u0011Ï\u0013¼!§åÜ)Z:RÎ§¡ÔÆ¤P»ìEÇø|`¼øy\bÕà\u0001¦\fRa\\Ø/\u0010Å\u001c¨$\u0014O\u001d\u0015\u0016D^ò-2ZZ\u000eg­\u001dnÖ\nú\u0006C*±\u0004ù>DoõýÔçNÌ¬÷\u0015^àÜR\u0018^.3\\ÄR\u0016uo\u000f±GÅÀ¥å\u0006¶oÓJíIÞ4ñ\u0002\u001c¯1k3ø&øÙM1Se{\u001f%<!ó¾Bl>DÎRøNïÔÝì2É6\u0007©\u000b\u00148&!æÂ$\b@f:\u0018´b\u0018ûË½\u0007èÓuÿ\t\u001a(Ì!ÉÛ\u0011¤±=²Û\u001cÞíôø®\u0005¿Ò±ûb\u0006úaô³\u0019¼1ù\u001b@m>AÑË}4pSò_§Æ}]ÐB4$7è\r¸äË?p4W¡tÿu\u0016©°b0Ø\u0002Ë^ñ¾'\u00062À\u000b~½\u001c\u0018Mi^ \u000e4§Ï\u0016\u0000u`\u00049É¦_ù)½\u000b$È[\u001fÏ\fÆðf¹w¼ÿ\u0006\u001bÐS\\×Võ\u000bñ¢E,9\u0001\u0003½*t'ËNÃöRÙ\u0006Óv \u0010ñê\f«<àöìCp!i°°\u0018£þQ¢ßy¶Ë\u000fq1¾;â1<¬hn\u0005\tasCL\u0018C\fÜÞP¤Ö\u001eµÍï¨Í*\u000b-2jN¡Wq¯¨5O\u0017:dé /õb©PÌì\u0006WÂ\u0005ÅsEÁL_ö;\u001aéUý\u001e\u001cAÖ\u001b\u0001o\u0016\u001c9`oÔZ\u0001Ë\u000e.Ï0}Ø'\u0003X-Ïlì±â6aÐÞ ðùþ xs\u0004t8hõâMÓ^D\rê\u0010¡§°9àâ¼?Ày\u001cò\to\u0002\u0013¥ô\u0014B³âSê®ÒbÈ\u0019\u0000åß\"K\"\u0011¼×f\tA,àe*F\u000b \u0018Wóh6­\u001d[eWc\u0003^í@³æ°Ü6 :9Ê>Ù¼W|¬@Ø±\u0013\u0006;4\u0003^1s\u0015´ß\u000fnýH\u0012f8±G¼`mlQýkN\u0002=Ó;L\u0011Ë¼ø\u0000Rþc\u0001\u001dÆßcØJ\u0007lfD± ×áÛá¤{§ÿótì\u001aÁp`WJ®Â\u0012ícÐZ\bó÷Q¡Øtµ4¥ÑcüõÃR¯WDóÂ\u0005^\u0001\u0007ò¥V4M¹Phs§ÙYñÄhØèfÃÍä4\nc$?ÜGöCd­ÅÜ5zÁO¡¶úlb²)\u0017vÙB³Ï8ò\u0007 (§b8«»hð®\u001eà®azSi\\Þ+ºïÒ@ù]ëá¤óXÏ¯\u001cÜrÁÓ~¦\u001d*w¢ç.0Ü·û½ÒØýP¢e?O<Æ\b_à\u0001i\nÚ\u00146+Fî\bn> ¾Û\u0018ü<È\u0004xÏAý&ÐrlÃåæ>nÎ¦Ù*¬¬\u0019»Ï¬\u0017.=\\ñÏØ+bcÓ¥u6¸oW) Ó*\u0000.ZûÌô\u001e1\u0004öôóî\u001evqµ¸óeIOº\u001feò:Ä\u0017øÚ\u001f\u001a\nÍ%àø÷\u0010¶\u000bÉxÏ8\r%ÜCä¹\u0018rÂüè\u00043õ&\\Â*)dÀ~\u0010\nùÍVªg¡â\u001bb4Á\fÙsè\u001cuJEý#ÜÂ4T\u00167WÈH ¬N#rzG4\u0002\u0000m»°Tlrëé1ú Wu»íQ\"QMîÐ§ü\u0014ñ±TÊçïipá¾Hâ½\u0005Û#fúM44ûÓç\u0007ÂÞÔ+!ÿµý´Y Ut\u0013{ä\u001c:\u0005@ü¾ÀÊK\u0010ÛH- Á]âÝ\rÑ\u00057|7:ÑV?4+àÁ1t\u0014\f-á¥pú\u0010«³\u00072Ì\u001aCÈ\u0001®[\u0007\"Y\u000fIôFé|6L3Ìg`4\u001cÓ.ýdH\u0011S°ñøj\u001avj\b<ÿÂ\u00186âZûkà\u0002¢\u0016nï\u000f1Wª7Ëdx*nx\u001fx\u0019'FyÌl\fé^¹£Bñ>\u0019\u0016ù\u001bêÕI\tz·VoAéôÈ­ø!L©\u001a\u00147U@QµCO'¬\\ÄªU|\u0004\u0018ÊÅ\u000få2ÍSÌ¼\u0006_fP\u000b£èJÀìÁoÌf\u0004\u0011Á·µb,YÚ\u0001\u0005âé¹Â}èô\"-ÓpÜ~\u0017¸W<Õî\u0019ÛÑå¡E¨_ñä$ïÑ\u0002Z2Q{dÿ±fj=\tãHBÀqâÂu\r9'\fÌ»ÅX3µçXÁ÷½ÒoÐ\u0002\n6ü\u0006Ì¬íÝ\u0007ãì%¶Æa*­ÂÆÒ½óÐë@\u0017>Â¢\u0018¶Í¼d\u0003·7\u0007Ù\u001de\u0003ã93Ü§\u0018\u00070içh.@\u0007ÀYgjÇÃn;\u0018A¶_ \u001eÃaÞPÀìÖ´¦¸Áx¡XÍã{y8w+Nv/û$7ÄÉ\u000b^%ó\rÉ\u0017¢\u0015¶\u0012\u0012ængrR\u0014/x0­Y´\u001f\bÜ÷|x­\u0005v9[ôô2vqz·;ñ\u001cÄÈ\u0018Öä\u0007¸êi\u001c3¨FÇÖ¡³=m¼§ÖaÈ\u0015+½\tÃLóÖÀihÿ\u0007Û\t fÖ\n¯\u001d^Öf\u000e\u001ey}°­b*A\u0006ÈX\u0017\fDdR¹ðÚ·PZ\bRÇµSÂÌ\u0006{ÔfM°äfÝÓa\u001aÏ=1¼[ü¨\u0000\u0017-G\u0005ÙXÆÞ_Ýøè8ênÂ'ä\u0018æPAãåÂ\u0010ìGdÑÛ\u0002ü'Ê\u0018\u001e«ôf\u000b²µ]ç\u0004ÇöyÅËfÕ0\"\u0016½À\u0002ÇaÀö7ç!ìJk5O8¼»ù6°Íi\u0004Z\u000b²Á\u000f\u000bà\u0007ü\tßý¡\u001aÜ[ñÂ*º\u001djÔq¦ºÄj»\u0001ëÞù=ªÍçzÌ¬\u001b=ð@\u0012¨\u000f\u001aô,@+EbA§áÙ¾´×¬Ô\u0013\u0007Gì\u0000\u0010\"\u001fÞM¯ê³Å\u0018\u001c\u0003\u001a®Ïë\u0017¯#¥yo¾¡?\u0000w±\f}W\u0000ÆyíN<tFBf4\u0000\u0015ùX\"RÙ^ y\u001b\u0014\tK­Ï`I¥\u0018°c\u0010]mËÑ°dã:ÌÓ½\u0006óÒ¢fT\u0001ØúCÊ¥Hå\u0001¬¦4Ù!ÌÇù{\u001bèY¡\\¸§ =Ü+wW\r6\u001a³\u0000_4åð¨^)\\\u0005Ü3\u0005lLÁÂ×T\u0000Ú~WMý0\nÄê\tX®o9¬'\räÒ\u0016ùî;¤³|nÙU¯\u000eè\u000bÒ¾ÇÈÛ ýâfðH§\u0004ÅXâË\u0011ù\u0015X-mÄ»\"¸×uo¤k\u0002¹Z\u0019g\u0005a^§ªÑK5/=6±\\\u0015É\u00074N_wøxÇÀW¼\u0005\u000eñBù\\ÏÐ±\u000e(tåáIG¡ÓLíÈ´°Ø+å\"a°Ô¹ïPj\u0004ËÎqwÃOïº\f§¦·î,§Eû|\u0015b|·lìÍ\u0002|Õ]4|9\u000ed»öÜ\u0003¨PoðÅ¨º¥ÔÍTÿY¹`g@\fÒA;Í¯¥¹ë¢?\u0012\n´GDÂx\u000e¯´\u0004L'ApÒBx\bÍÄ¶SF\u0012û\u001b¶{Ô\u001bBÎä^1$3J8B\u001c\né6Ôû\u000f\r\u0014×ìYAe§Lbê\u0001ò2É uà¨èf²Av_u¶\"\\\b.<Çaý8ÊCmy0§$\u001b\u0018Ðbu1S\u0000·#­µ8ArÁ~<Î¸\u001dp\u0006Ø\u0016©»\u0006\u001eÕ$¡\u0015æ\u0005LÏ\u001díaÍ·ËH°Ä\u0015òÂ\u0004Ògµ\u0018÷Æª\u0002\u0004µü<Ô)¹6\u000eã5:QYGBi\u0017É\u0000¡V\u0011G\u0014\u001d\u0010tò±ËÔß\u0000³È\u0003Ø=\u0000øòRÍCÍNUïCL|J¹Î\u0017rÓYä\u0007\u0000sspíU\u001fÈí\u0015@,­\u0017F% q_lì+\u000f\u001d)ÌcÈ¯/\u0004ª±\u0001ãø\tMec¸÷FÞSÀ\u0016¼\u0011iiÜÓy\u0003®cÁ\u0013~\t!ºq\u0004sé\b\u0018Èø\rP·Ô\r°âÄptÖ;Á\u0001éUôQ®ý\u001ez)|\u000eÜ?\f/z\u001d\tMª³Mâ}:\u0011!­*\u001b/··õ>0XdÑ·Êè\u000bCC\u0001)!}èâ)Û`z¡K¨·¼ N,%`#Y·95\u0006\u0004\u000f\fÐÈq¹\u0018\u001b\u00073¥/AÄùázq\u0007õ*ÿÁ#gLc)¿zåmWî\u001e9\u0013ást\b\u0018'Ón\u000eõVç2÷âWTb´\u0015Â\u0003Ò\u0001\rÑ\u001e\u0019á¹âCè¾©\u0001Ãð\f\"&¹ªµ¾ëaNí/õ\u0015Ôº\u0018e÷ÈÇ'(Q¶\u0015l9µ¡hmPðSþYËÑ[ðRºçG1Ýo¢íÁ2ê)À¸²\u001dÄF\u0016w0èºÅð>·¥ØóÄ\u001bÏäzXDÙËK¢o@XºuD¾!¯%\rr\u0017%_oõ®D¦\u0010|]Øâ-3ÜqùxÝ.ñþ¨xÄ¢Bö\u000f9 ù\u0005ê@*\u0014\u0016<¦Ëâ\u0003zp{ó¯\u001eWÆ\u0014 é\u001f°¦h¶\u0010m¦\u000b[Ü\u0019\n«U´(\u0013p÷ÒRnn½;\u0014\u001dA¶Õ+>«©®#C\u000f \u0004rëS\nxUMä¾Ã|%gG D®I9}\u000b4ÀFú&f¢kkeM\u0014ld\u0015Ò$G µÁo\u0010OÞ4 \u000bÉ\u00182\u0001\u0012\u0013è:rõLSn\u0018W;\u0007\fµG\u001bí\u0011ÑQnG\u0006'·µ¨qþ¸@&øõIl\u0019aÁÁ½.\u0011m!\u001a,CR\rt\u000b6U|qXf°\rFâªôÁ£«\u0004hHù\u0016=±­\u0015# \fü<§\u0016oõWñFPJ\u000ed®»1©EZ¾\u0016iè=¦$¾o²iÔù.àTä\u0018¼ÏÉÀ}uÂþ X>\r9¶q57Zw\u0010bFP\u0013\u0016>G\\`\rÌy\u001d\u0019s}5L9\r\u0010jeE\u0012ßB®Ý3z\u00075èJò\"qR¯â(È\u001dÅQq6-7\u001b\u001fH;TWp9-ÿC=Ç\u0014äðî\u0004¹öõxu«!7\\ÞÓµ1t+v¯>\u0017vÎý\u0011QA_ò\u0011%Ý¨-Ì»'¹ÚÑu\u0014Â\u0016\u0007uÞºë8)ûV\fnÒ#\u0000\u0018ÛA\u0010>g<¢?ñö\u0001èc\u0001Ðæ*©E/9ðeÈ@_©¶´ØÕH°o·x®\u0016Cö\u0002\u000bB¦ñ¯¥Ü,(1¬pP´¥!_Çié\f²¤À~4\u001b'Ê¥ßßa$ï\u0000Æe#qX<¹,W\u001a³Ãà\u0011¬\u0014ýW9º­\u001a¹Eÿ/\u0001Ä\u001e½JE6ï}O=õ¢ïJ°æ\u0012\u001eºç\u0003\u001cå-rR_ì\u0010ùaô³k0f\u0017äb«\f±3©øÅ$Ø/Ñ(áë:êGö®¥ýüT6\u0001ë[:\u0017àêy\u0005I¼½æG¢al=Åd>¢ÒH\bÕc»íÅ¤3©Kn£h\tÛß&fC~¹Ù\bË~xUý@\u001e\u0012.ný,óK¦·¼¾ð.t¸:\u0012 ÀÀ+ývqJ@0\u0005Ó:¹C-ÍUú¬Ùt\u000fT\u000b¨é6\r\\\"M\tUbe¨É\u001bÂ×°7¯éY\u0005\u0017Ûi\"Ú\u0018ÊC.ýWD\u001fóÙ$HLã¨û@ý»Ø}\bÒciÛ\u0002¬Í GúQ8\u001a2lñ*jF?Æê\u0001>\u0002a}ÀIs*ðþZ?ÄZV$òí°IfAdçÜ¡#Ø\u0017GÁ\tÔØ\u001bÒêA­¢Æ©­1R£°\u0015{áOð\u001f£\u0013þê£\u001a3s\u0018:b\u001b:bw¡ÝXW«\u001cný\u001cÍ\\GI`ýi¼Ñ\u0015(:ÞÔ©Gâ>÷8ûÜÜ°ò0ò4H\t:G\u001e¸q\u001dë6ÄTO\u001b»\n\u0014½±~K\u001c{\u000fè\f\r\u00136Ý³þ©c\u0017Ò\u0002\u0018ãfæô\u0001É® O^Ý`Ôc¾\u0005cw\u001ebI±Ñ¥ç!K\u000fä^\u000bÄvÅ\u0005S\u0003ßâbøÂ¤GÃ?Îýb­ÐÓz~W\u0005¤&â}z\u0003XD\u001b3ág«£î\n{*ps5ÜÊ¿\u0014%\u00071b*báZD\u0002¾Ü»+ÎLÃd¾Vï0?äÈP¯zH\u001efà;µ«\u000b:H\f h×\u0005ê.Î×òÓªõt£Îÿ\u000b\u0002\u0010l\u0018\u0012\u001b×Ä\n¢f7\u001aî\u0017B.sÌ&\b\\g\u0015¼Åî)\u0000Éð\u000349{\u0004åCøÚ\u0010\u0016Ç0Ý>mÊrBR·0k\u0017Á3\u0014\f}Þo,A\u0011-lÑB±u\u0015(ðRía8­q1÷éØ±éâ#\u0004zåù\u0004\u001d:\u0004xW\u001eß>YHcª\u0001,#éãmÔõ¹\u001a\u001dX-§óR í¢ôñ\u0001âö¯Ý\u0011^\tUÊ`È@3\r$\u0003ÅJû¡°2ð±¹¼_´ÓèK¡WD\u001bíÔnÛ%&o@¿Í\u0003>\u0004¼\\)FÒ¢®Ï|:«Ì\u0006êß1\u0014%N­BºÆüVÆ\u001co`{`oð\u0011+5çË1þ\u0005ö+iæã\u0015ª'1z.\u001bPl\u001eómHoOb¥\u0015C/­G¼U®)uã\u0011Ðë,yWü$|HÕGñi\u000f½p\u0013\b\u0018\u0004íc\u0011xÐ{*\u0000ßQäLeÓéPµºÂx×¼\u0003èº\u0010c%NjøñdYß§%\u0003Ä\u0004Ç92\u0010Ë3ÂÃ\u0019\fMC ÷ÕÁã¢ë\u001c*6|\u0014Ö\u0004Fªì\u00061§x}Vãm\u0012¯Q!¡ý0w$8±Ãìþp<(ùÞ®â\u0007úØ¤a5ØJ\u000fêêèõîbÅ¿Ï\u001d|DÏ<´r\bÄü!¶Æß.ùíkª<ZáD\u0006\u001bÞºIÛWð¦þ&é\\ºÝg°Ì¼\u001cò\u0010Ñ¤>ìd2Aâ\u0003ti#RIÊü0Î¿\"IiÞTr=0®Ia\u0002!ê¸#Ó\u001a5$Pw(O¼Ð)*!ñ¦IÇü2!Qb7\u0011´G»i@\u0002±ûúX\u0002\u00061ðªr\u0015\u000fhP\u0000Ï\u001a½Ä\u0005j\u000fåmØå!74µ[4&§@­\t\u0015S×1ù\u001e¦\u0003<ºXmA\"Ò\u000fdà}lÂ,\u0010ìÀâ\u0001[¯uð\\]iA°\u0001YcHs\u0019uÖ\u001eV]9\u0006;ésJK\fecÙXØút·\u0003w\u0011Ã]f\\¥ZXÌ­\u001eÉ\u0001&Û<\\ñd_ùq,ó#ðVÇÈÐ\u0016ãJS\u0001/1\u0003O^D¢í×Èi¹Ip:æqÈu¾ÕA°áô\u0015È­4ÍÙnV(ÔÈ\u0019Ðbo\u0016ÒpÖÔ\u001e}u»¯ê\f\u001fW*öaþ8Öaîxy\b\u0016Áçº*ãçÎa¤\u001dl\u001b!»>\u001cÇ¿z/ëóÞæ[8|Ü&Z9{Ñ©³Õ2uN\u0006ã5aÎZXØ92\u001c-<âù>ÿ}±p\u001eCÒ­Ü\u0011+Dï\u0010uÀÂýQáK½]w9¼\u0000ÝËÅ\u00062\u0013qùsf\u000fHÊ?Ð\u0002b\u001e0H§Î,Dd\nú\u0017^÷\u0013£¿Svx.¼\u0010YÎñ ·è@§HõÒÞ¾\u0003\u0013H\u0015¯=4}cO%ÔYL(Ã1\u001f\u0006»¹«Ëâc]U\u001e½\u0001ÏÛ\u0010z\u001d\u0002¶¥p!\nÙ¾\u001fO¼ \u001fBðÚO\u0001$³|~d£;â\u0019lSFíH\bã0ö¸]iB[NHkY¯\u0012¡C\\³4dS-y\u0019u\u0005\u0013ÄB\u0006}NÁ?\t8\u0001¹û\"\rûàÓÉ\u0018Þ\u0004ÒL%Î÷\u000fJE28+mxe\u0006f¦,Cy,¡\r\u0016ß\u0007ð,Ò\u000fÊaV3_ØOÕ­+ÇtÎËIOÎ«Ü9$ÿAÝY4v1aä\bfèõ·B/Cë¬T\u0002éD®±\u0004?n\u001f?]3\u001f¸â\u0019X+Êý©uwyé\u0013C\u00152õà¦XSU)¸)VV§AÖÃqä\fQ¦ \u000b4Àç8óÖK\u001dN8\u000fïªR\näyCMe8?Á\u001fÊ\u001c\u000eß\u0006yX ö\u0002u*¯>ìå=$FjïÀI\bü\u0002£\u000256dÄ0\u00175Þ\u0000|}eJbg\u0011\u0013éÞ\u000b2g\u0003öÂS1V\u0006Ù>\u0004Áed²-g\u0017?³Äë\u0004\u001ca]ìì,zE\ne\u0002.¨^àÔÝ7\tã¦M<¾\tUÂ`#«Ew\u0014¥§ý.lG\u0018\u0018Ò\r¥þU·ÊO\u0017áñBå=`T\u0004ÑÞÂ[\u0017\u0002|ÖfnmÁ1±pæb9½O§>=8«%Öv\u001a·:;T½O\u001f\\fîÊÐõ\u0012ø\u000e£Ð°qy(òb+ß\r;\u0001]\nÝµi3ÿ8J\u0006©U\u000f¯ìwX¶m°lù\r\u0015í8ÐK;\u001eÐt ³ì÷ËÅM¨\u0003/)+V»^jÈRâ)[V/^\u0014\u0017Äq%YO\u0004YâlÌêÓÌ<Ý\u0005Üå\u001cRc\u0011t¢­\u0013Rë\u0010Æ:|Hº52$U¯#R\u001eD^'ÄL#\u0001&=B­\bÛ÷÷ úYy î·õ¡\u0018\u0019½}\u0005FJDæ-£i>H\u0015 G2¾9\u0013ECp\u000e\u0007¬\u00193ìÛ\u0000xHÓ\r4\u001d§gaíH2ÏðÑzÑD=JD6 ~â#RQ\u0012/Cñ\u0004xGô£°°â9N¶\u0000£\u000fÑóÔWH|fÙ¢\u0003ô\u000eÀpX&eÊäPíìÄ\u0007k ncI\fø9ÍfÈdÀA°\u0019\u0012\u0019¡ÀÔdn°Jï}T¦3\u001cB:\u0003ß\u0007gA|C\u0006\"6\fÖ§©#\u0002\u001blÄ\u001auî¢\u0006Q\u0010¥Ú¾ô *zÎì\u0011\u0000cb®$IS,\t\u0016eµ6Bylp\u001ba+êUZ£z\u0019ÁÃËI wG®bÁ>¢r{T\u0013xÏ;MRµ8\u0012-·I£\u000b1&\rÓÝ²¯²]ª.h\u001b×Çv©1#`ÆÒ0Í\u0001l0)Åò\u0007}]­ò°È}q\u000b\u000b&ÿqéK,õóò)w\u000eeÉQÓ¡,½\u001byE\u001cÍz&£Yr|/8\u0015?\b,-\u000b}#¦\u0005òu'a\u001fîDï-(¨9\u0016Ûâ\u001eâ\u0002\\à¿×\\\u001f\u0003~.ºl§ÄlÎå$$¢|\u0005t\\\u0001EBg\u0003Vêüú@Ûì\u0018Ó\u001dA'1qjíÐ\u0012\rñÚ94\"\u001eå³\u00198Ò\u0012¹s\t\u001bô\u0016\u0002aS7\u00023ñ ôÃ'\rFÅ°ö1fÒ1£ÚdÊ¶ÄhÔos,.´\u0013§qQÉUÃYbìòl(ÌQÆµj¢P½]:\u001fÝ\u001ax\u0004j/ÀãáÂ¼È¯°£\f¤íW°£w!\nE}\u0005Ôlpàd¬ÞUYIôXå\u0003µ!\u001f¨-¯\u0018s\u0019ÁdyT<N8(¾Ö\u0019X/\r2(!AßN\u001cEÛ\u00117B\u0004¾\u0017.él\u0005öå2¨Íf\u0018}\n}lcô\u0011Éî¸.\u0006+¡w\u0015C2rPRÁ 8\t\u00123¸ãÐT_i%jþÉÀ×q,íÃ\u000bê¢hSí±©¿~ù½×á¤\u001e)Ü\r±ÊeÙ&ò\"Ö1\u001b<\\¸\u001bäÂx$úâÐi ÞÑ5 ô!aØEÏ\u0015î¦\u0019¶\u001cT\u000bóxI¸\u0011áz\u001aN­D\u001eÓºã¼¾\u001d}æf\u001báD.ª»[¤r®aî\u0019Ýí\f\u0016Óç¸%¤·Â\u0012ml\u0017¨h[.|Ì=49o@Cñ);{£V*\u0016ês8°§aú­CûA\bü>ðà\fG\u0001\u0002×ÙwøiE£#YºF\u000e\f¼Å\u0011¦\u0014\u000e×.Ë¤2\r%Ü¢}3c¸\u0003:ëZ%è\u0002Ã5¤\u00033>\u0018\u000e\u0007®A¡Éã¶AIszÍ£¡åTs!\u0012sø\rq¬­ÈÛä\u0007 ÎÜ#z\u0014Éeç@/µJ\\\u0010KU)'d|º@\u000b*é;Ã\u00032íÂ$·\u001bCþÅ\\tÜ>q\"\u0012ìEÕÛ L¸\u0010\u001d»\u0014c°0V\t\u0017:óÝØ\u001cuåîw¬ÎhÖ;XÚÂo¿\u001cM¼p\"­X\u001e·mµe\u0018ãp~\u0000¶©\u0006|Éª½..@3·0b]Z}/CÅ\u000fH×ëH&u\u0000ß\u0015¯%9KÆ-®@ä\"s\u001c.Çù`\u0001¥óbÊ0¨tÃ®{lpÃtWX´¾_|1}Ç+G\u001d2Ì­XzààÐ*0w#rÏÀ*;\u000ewi\u0013\u000b«W\tX«²è¤*ãT±\u0000ñ©\u0019r.ZIÃâ¬Ôe8ÙxÚ«TÙVe\u0006K¬þ\u0011]\u001d !µEF:\u001eQßeøì¨¬!a%æË³ðûèB$Î\brr¬\u0000LÖ,½ÃÔß¢gP®\u0010­Ù¢'\u000b]\f×§0í^!\u0012ûºµ\tÿz¹6´·CÓGYèÂ-\"HÍ,¤Ý¦Kú\u0003¯7Ï9\u0018KÇ\\ ±Ji;És\u000e¾Îx%\n\r$Ëa\u001ctÀí\fÔØÐ\u0010¥¾\u0017\u0019}\ríÈÌÙH*;\u00156\u0014ÍÐ\u000bÑ\f\rýxáÎ,Gy\b³\"ê|Úxç¬JÐøh$h<OÐ\u0018(åa\u0010ë\u0000\u0016ø¢JÌ8e\u0010&`\u00101y\u0017\u0019\u0018\u001dA-\"e´\rè¿JÏ\rý<\u001e®s4bFèl\u0006Ã\u0007Á&¹\u001eõÊÓ\u001f©\u001aÉ2UCÙp\u0018k\\¦\u0006,ôÕ®S5ô0òúbóA\u001eQ\u000f\u001e°o«\u0015±¤\rc+O!_£\u0013>\u0007\u0015\u001bÀ$¦rÄxDûf0\tê4Çe´\u001a;Q'OG\u0013ZÕnÕ\t­\u00188¸ùMÌÛ\u0017]Ã\u0012Üj¬á[´±\f×\u001d¦«QßQ\u0003q~½[\\E\nSfÄâôjÀNoÁbó Üúöv\u001c±y\u001fÖ÷8æö^,sÀ?j]OaMÍÊ8¦\u0015ò!\ntxÅt=}\u000evcK´\u0017Xtì8^«-\u0018\u0012+U)ÙÇ\u001cÔÎÅ!Q\u001b*F$¨\u0019R°²\u0018!yÔ4\té#îPp»ô\u0019N\u000e?ÂbckxFâREt]\u0002À'Ïâ¡¸Eü\nÔ5²\f·K(¾\u0006wÜ\u001dcºh¿çÊHCÊP#!#e\u0016åVl{\u001bU\f/¦vvõ&\u001aÉ£q\u001f¨\u001b^ûEDãdMF( î<nñ\u0004\u0016¤Ñí\rÐfôÐEª3Ã\u000e\rt.ï¢^Îûë(\u001e!\bB\tâô\u0017\u000eµ\bzÅ\u0000rð[!ÿ^aS\u0016\u0015\u0013ÒµÐçiÖÂr,DãÆ©$cÑ¬P\u0007kå-0ÞäóxRWùíìÚµ-\u001cïiÙ.z£[\u0019St^Ñë`TäÔí¹Ð\u001cµ\u0011Ck¡m/Æ¹À6j^Ô²ÄsÿMsi K± ×HÒ@[³¬%S\u0012¦ç;¶Å\t\u0007`õ&°\u0005$Ýe¢WSÔ\u0003À\u0010q\u0010U<æ³JéEÜÉ·¢zm@ÙÆ\bt14ÈüÃ\u0005bé^\u000e;l\\=x\u0003¬=\fGM\b\u001fCÑÖ$Àzà¡­\u0006!¦Ã×}´&ó¥èÝ|)xncJù\u000fÄë1\u0015Á\u0019c:òÖ-5\u0018¨ÕKP\u001fnñi\u0005v\u0016ò\u000fêA\u0019'õbá6$¿ÈÓOpçÙ@\u0006;k¤\u001aêzên®R`ð>@\u0012(§\u0015uQ_à\u0003#¬´,U\u0018¢X}¡IT}é\tÐ\u0000\u001c¨æO\u0002ñÜ¡ºº%p¢2¦ú¢¯\\VÚë¡½ºm;Bl;SqÌ8\u0018RJL¦\\ié?+Õ\u0018$ÏxS\u001eB\u0015nwGu\u001cJ3L1\"5\u0018Ò°t¡ÊRkñÇ$Cý0'\u001aÖIíuL(ÜgCu±<Cõnhh,Ý/ÉF§q\t±]¼ÑxG,]Çü`Qêk¿¤\u0019\u001ag@îFi¦\u0017ì\">Eâ°NüX+\u001aT\u000eØ¬¤\u0000\u0016»\u001akG)×î¼¬Øé%$\u0006p\u0002®\u001c\\,\u001dÝ%,.\u0015F¿*\t\u001dt^ù¼Ü\u0010\u0002ÈÆe'P«wê°.¡\füâçUxO ­j~¬H6#çzäyq#¢Ã~@{±E\u0019B\u001dö\u001b´\u0019u'9W\u0006\u0001HÄË\\4#F°)Oã\u0011uD¼Ñd5/u)SÒyÕÌhÖÒQ%'Å\u001fþë\u0016²¢¤\u001cK1´©¥=~S\u001eÞÑ÷µ]~®äzµS\u0012\u0001WÈ1I¢Ä½ñk6&)#DîÑg#ÄxJ\u0017YK)Ò\\eG¥È7rðQ\u001e¸çåCF\u000e]ÿuhG\u0006]^X¦é3 6x[Kçr`Õ$ÕÒf\tÔÂSèç -\u0017\u0004å¼XÁa½z°;¿µ\nõZæå)\u0017F\u0003æ1°Æ6Ñ\u0011=\u001b\fÊÇªtÈ\u0007`ò/$\rÓô\u0001ÐÿV\u0016f\u0018ô?\"Æ±\t:]¾`\u001f8ËÚZ\u0002\u00026é5¾^&kªÐw}é\u001c\u0012\u0012\u000f 4$\u0014§¦nj»\u0014ÄeóÛù²\u0015«0Ä\u001b}®\t^Ð\u00179Xà$ùJ.ÌÜ§\u0010[÷ë|:P>ÐîU»k\n\u001cÖV·c.¨\n>Ø¯¯îÐþ\u0004ªarìG1:Æ$MPgmbÒt8\u0019d;Íà\u0015\b';¢îÁS]3pVC\u001agÅc$m\"Ø¼®­Êº/ú\u0004è~F/½¥|\n*,«k¨UÞ|\u0016¯a\u0019\u00108«E¢\tý!åc\u0010<òAýrlÕw\u0018Óúîg\u0000Â\n}½}ã4\u001c¤ôá\u0018»\u0000Mò\ri¥¨\n\n¾ }#²¸0t,*\u001dÄö\u001d×'º\u0000\u0005vÇ«èn*\u0004º\u00019®Ñ\rLk¤¾@tíÕ!\u0018Óx¾k\u000fmÙÄ¨Côàüm\u0002\u0016nÐ\n ý\u0005!-^[K%àé.¢âµ9z«\u0004¹²ôQ\u0015029K1\u001e\u001aJ\u0011\u000b&¨xì\u0004;É&s²ÇÏ*Á~zQ±@ÆÌÛlL\u0019\u0011¨v\u0003Á@u%À4ïOH7¬0\u001fúçË5(UTmeu`¯Eò§îTL\u0007\n¯Vzuê£\u0010ë°|\u0014îÃ\u0013ÑÁù¤>£ü|!Pw\u0004õéms\u0015¬0\u001e§W¨ôb?\u0003É\rGNÀ\u0001Îº\u0002ï~kþx Í¤»hcÂJ1\u0001­VÁU\"=0ÇVëQY°ÖcY8È\u0016jb\u001dèEm\u0006T5Cb5E@é¨@\\I_¯Ê4\u0005\u0015j0y\t¶aäÅ,?91*\u0016{\u0016úRYvÆHÖ7ÓûP&Äã6b(ÿíE©\u0011ä\u0014\\!ôJ\u0016\r\u001c\u0000X<cJ\u00156\u0011&l;Bë6Ñ.sÆufÀn\u001a»¬£¦^Ö&myêH\u0015Û)¢75'ÃZJ\u000b~ë!YÿºtÑ\u0016¼rØ!\u001d%(Vg\u0002æb'ûµeápBj\u0003¤æ\u0012Mq½SÔ(\u0002Ú1ú\u0000ÿ\u001a@T¶ý\u001a mÎ|wÁkùt<\u001b~øo;ÌÙ^<½·\u0005ûòøB7à¼Á\u0010PÁ½2\u0016/ö!\ræ9Bé8s\tbð×+@§\"£²@Kj²f@:²EcÖc¸ê<ü£9tÓË6±ýêéfXCÐëWO#ñáíí\u001d\u0000N\u0005Þ'6ñÂÏ\u0015\u0019Z,3h\u000bk;_,Ô\u001d«ÈÐf\fjÉ\u0004Ïa±\u001e\u0003ÛímPÕkù:Øæ¼í\u0001\u000e?'\u000fR7Êÿë#æê0ÎH\u001dFþd:®[\u00062ô±ZÚ¾#ËVP+ªnêê^´éª\u0014Õ\u0012ô\u001cÂV«´fXC`K\u0015r\u0012íE`ä¨:NÑ\u00168ã\rÉ\f\u0013uó\u0004}ua^_Ns¤\u0007eùõÖ}Gä¹B\u0016ÏÞhÑ'\u00128%)¾ÁÿD2\u001e+ùëM²<\f»7(0Äð_¼º.Þ'h\u001fÌ: ¾Äã¦Ø@Ö8¥i@\u0014õ¹¢+\\Ôw\u0006¨|-æÖ`*é¤ø©\tg&NbðÀ}z\u0006\u0018\u001bEµe\u0006\u0015V\f{Ü­ëéÊL\u0017Îû´WÔAOõ^\u001eè­+Yôö>\u001bÇQ\u0003\u0013¢a­@\u0010ëÅ2l\u0003w\u0018æ\u001b9\f±v%ø\u0000qæE¯9å´¬\u001e@<¾³íg/©+EÍ§2ÿ\tù\u0016mGlÝ­\u0002±½V\u000f·Þ¾$C|è¦Yx `Æå@OÀM@Q$FÃ\u0016ÜpèQñí¤?ùâò8\u001cÆüÓ}Ãyeù\u0004¬\u0000TEGÑ°Ü#õ'Q4`x\f-\tþíä\tê¼­AF<u\u0015Ð\"ñÍD\b#22\u0010×¹±øóÖÝE¹òÀ¿ªS=/P\u001d`«ôá\u0001úG\"iÐ×w2ßïf9mUØÌFeÚÞ]úåÐ\"ñçÏ&í\u0011SZJäøµ'!ùÖ±dt7aà\nÍr\u0004\"x\u001c¹liø6~¹\u0013\u001bpH\u0000'faz\u001fµ\u0004·UÖBt¶¢ú8+z\u0017l¢Y]bï&d>üWiTÆ³ÉÜM¼K\u001dz3xê«\u000e/ütp,¡KÖ$´Ç;¹\f·´o!i}Ïµ\u001añ¦×\u0015ñxÆ4\u0002y>6\u0000]BúîÐ)`+ÑEÓ@\u000e¥ü\u0003ú\u001a\u0006Ñ¶#l>]êÚt *¼ÔsDåøyeY\u0014a\u0018´&%ßã7ò'\u0000,{à\nâ@MTo!Ê/ù©\u0012Á\u0002$«\r_B\u001cðOhL2dÓ\u0013%\u0002´:áÌ\u0013Û\tx½8ß\u0012\u001f)Ð7@³`v>v,GrÅ¨\f\u0016îo\u0010=(Â\u001cÅ_è\u0019êá*³¨À×YòQà\bp½Pó¥\u001eO\u0016\r¶á$Þ]X§WPb\r|]´\u001eõ\u000e'\u000eJÈ^&`ªî4\u0004à¤ÕÖB|{$ZRç»,Õ\u000e¾\u001dÃ×yô¼`\u0005@Á¢\u0001\u0019z\fæ\u001dX\u000b\u0012TöÅá\u0003QXC%|<ãÐ÷MÄBn\u000eÒ\u001a\u0006DÈR¸¿\u0004Jþw°%9)%°#ìíÚ9\u00161`A\u0014<W~ÉF':7\u0007\u0011<µ\u001e\u0000Yy5Ã×K\u0010\u0015x!Z±p¥8IÛG­\u0012ÕVÝekÎCPï]½\u000fød\u0000\u000f\u0000þ4L9¦QèKæ½¨\u000eh/p\u0014!Í¯\u0015ËÝjlX4éLÖe¶\u000f=´©r¶¢\u0001\u0007~9H\u0002°kÙ¿è!EÅMÔfü¬ë½`}égºJ/i¸\u0006Ýbú:füadëíÂnÜ×5\u001d52Ù\u0001o[\u000b\u0006`¨yÎ\u0005DÂq¶v=AC70\u001eú\u0010ÉºÛd\u0014\u0006ôIgê Û\r.As\u0014A©K\u0003E¬\u000f\"\u0000î¹¾±£\b \u001d\tçÆEõk@wÊSAt\u00005ê\f\u0017pä(w[Å#\\I\u0002éÃT)D8Äð\u0019îð\u0019\u001dEØ¹ÛµqIEõûÅmy0É&U¦RîB\u001d>\u0016°÷å¤d\u0013\f\u0011Z×g/Ù¼äÌA4\u0005\u001334 á\u001c8÷2ßÈ\n{ ü(ô úaÝ|@e$ê¼v\u0005âé1Ã&«Ð½·B\u0002\u000e¤¬<ÕC|ª\u00193©§ñê7´÷ï8&W ¢5o©cÍ«Àc>ÅN5s\u0012Å\u0017 ù²Yb\u0007±Ú~9ÐìÞ«ü\u0011YqÎtè ²\u0007Æ²Ýaü\u0019=Æ6>Ö-°Îv\u0014!góß¯e¢ü9\u0000§{°1'aÏ>E\u001d%,v\u0004¼¦ãØ\u0007ÄÆ]\u001a»\"\u0007øN\u001eT^/DÅ~ÌÙ(p¡¦pg\u000b=KP­¬o\u0001:<ä£@\u001c¹&º\u0003\u0002h\u0000¥\bíGÅkØ,ÓÛË¹\r61%\u001c\u000fÝ\u0012#ÿ<@\u0000\u001e\u001bð¦Ö¢Õhð$¿ºÃ9\u0007Äëp]z±à­ê<\u000e*äÄ~Ù\u0015=\u0013\u0007nØssÄ:L&ë\u0002µñq2~¿®\u0006eöè#e²z\u0010»jÖ(×|ÁÁ2Ô[Ê³î,\u0014kÐ\u001f;]f6\u0015¡Ne@&zà\u00111x/Íjdzä²e]ç\t\u0005à\u0017\u0006</&ð\u0005\u0015Í²\fi \n5>VaÍ\u0005ÞÓ;ö\u0010%^¤%\u0001âÖÅzäù^z[Ë\u0007\u0017õ¹\u000fäØjC\u001d®L«²èRgÂV/b¦ÜÖzÞ§]~Ð¬\u0014ã/\u0014xHßE~:¡{¯ÀHI\"UJ´\u000f\u001aÈÄæcdVÕt?¬=Ö&_qæ\u0000Ý»/â¹\u000fú@\u001cÏK\u0014°O\u0003Ñ6?ZCÝt1\u0016)k9ñKÌ'PÕ\"¬æq\\Ü4J_É£1ø^Ï èã4â}= §×,_È¡,Ê\u0013j\u001dlMë\u0010Ùï\\-@|\u001cÓ¼µ+\u001eW\u0014hà*fGV2\r^mÈh,F-9v-m*y]³Ù¯ËÖ¦g:ÄJ\u001aÀ©!U;sEÈ-ßÛbÅolÖè/G;Ï¨­\u001d»Ù'k@~ú\u00061Í!èÆ6Ù¥·H2Y\u0016ø\u000b\u001fî\nB=ÿ\u0010[ðaàT½9§x1L.éÅÈO]ç(\u00043\\0=\u0019q·-ñÉ&ÖÿÁ¡\u001aDC=`°Á¶\u0015¡\u0002\u001eªÌkgLÿ¥ÄôúÃA\u000e\u0015ZªÃÏâa\u0012\rF\rN>ÿã\u0010*Òõa\u0006«D&_\"ãÒ<M(9j%ÛùeÿRlo~\u001e}$+»COËFM2\u000eØôY$¸ZÏ\u0002&l¬\u001e¯øL)N~øü~ÖK.Ó\u0015Ttué½è¢ÔEÚ<\u001e\f×b\u0014qü\u0007«1%\u0006ö*/ªK9ÿ`íf\n`Ôä}$+ý©ìD®`\ribH¢÷Ò\u0003zµ\u0017û=Sl\u0003¥E~ÙÞìª4å\u0002£¸öV9BbH~´i\u0012H\u0002hó¢ÀXú^\tè`\u00192[WÅj½7ò¸hã\u001cV4qh÷\\©Aâ]´xï|\u0010µµ+mÙ½ç¸\u0003ðê\u0013\t\tH9\u0000\u000e0¤Ð<Sðøv^]¹\u0017\u000eÒ\\1<ÒFÆf\u0019<¶Þ6úìiÔEø³æ¨>p!ü×gï¡´<þà&v\u0015=³p¦\u0000'ÁnÑ!¥¦ýb<_³(¬läãÕa+Ìº¥ë¬ÞØþ´ÁF@Ö½x+\u000b¡w\u0014bÚ2F?v\u0003\u0010Ú»} $] \u001a5¨ \u0017'ñÇ1_Ekº\bv}b5á\u0016°È×úSmfÞD\tµ¨66Õ\u001dWÇno\u0006Lï¨:N0*­\fïÔÈ\t\u0005²\\a\u0004c/~\u001aû\u0000eqz*\u0001¸Úx\u0004¬3fdhv7ÒW\f¸\bû\u001d3O·\u0000^\u001a\u001f{ëÉ§\u0001öÌÒ0S¶U\u0000_\u0002s\u0007oãûå)Úv\u001a:Z\u000711\u001d\u0003F.KäiMÙ&µPÓµ¢íü\nQTM#\u0017\u0002¿ªi\u0018¸®´ôæ+(\u0016\r0\nDË!-$_ð×h3Ê'sY \u000feÕBf¤c4Ç\u0015ûu\rpñÕe¯\u001f\u0003:\u000e·g\u0002ÐØ¬o\u0002oï\rþÚL¹s\u0013ð:ø(´­ÖÝ²º5\u000eû5èa\nè¢1äÖöß¿\nL&?r\bà£Tâ\u001em(òsÓ¨VDã¶\u000bQ×Út\u0005UîH\"[«\u0012d0ãÓà8ùE\n¨ågµ¥b)õ\u001c\u000ev\u0001'\\\u0011_\\ÉÒh¥©»4sYºÛ\u0018ü\u0013'ÒÉnXp>«f,æøXÖ3¾jNx\\¸~m¿\u0018>\u000eú¯õÒCPdËE\u0018:¶dO\u001e«ùøÆÙC^õ}:>ømÅRFîâÐ\u0013\u000eMR2Ðð/\u0012z5\u0002ÏKbZ~ðj\f\u0015zpRÌæÓÃZ\u001c\u0012O4é\u000e¨ÏïA\u0019s\u0016ç\b\u000eNÅ|)ØµÛ Ií=M\\zP\u0001oý9\\¯\u001el\u0017Kmò*$¦I\u001f=F-ëh¡ëÕý²î\u0015òòëÅ&2çò£eDQû_èGQJTÝ/ù¥(|!\u0007ÑJÑ2¢FÿüïÓ²(:\u0014qDñû \u001cÅ*±Z q(ä]ÁT#\u000eÊ8®·UÂ¤n^à?H¶^- U\u001b<ªl]ú$*Æòì)SÂÑ\nì¼ø,?\u0015ï°)\tèL(#¾5â×ò´@.NñÉÂÔ]!\u0010=\u0006P\flyOõ¥\u001fû·ÜBñÁù=\u000f@[ó\bE\u0006Ã%²×2¶úù\nìég¹Ì\u0017ü\u001d|ö1}ü2\u0003o¸Ulí\u0001\\±D/.#\u001dêñ\u001b×õy`\u001cGµ*\u0014\u0001\u0007aGÅçª]\u0006 o|TC½¯T\u0016§ª£\u0006½¨,\u0016ú'\u0019m¯É$âq)ªs\u0002¹Å\u000bãÈÎå\u0013F¦Äs©áÏK¼<\u001e¼q¥49í\\Æ¥T@\\KO¤^\u0010}\u0016ñ½\u001e7y\u0014?!ß:ÔÃZt'âÆI\u0011såt\u0015ö¦-'eÅNX'\u001f®ì\n_}YïF\u0001ðâÇå¢Ôl×¸º½¢íê©bÑÄéSè¸-|[î\u001c.\u0014gÉ\\$ØïÅ|ÎçwQ&\u0019¸ài4\u0016m{eôzß^dUìE_²¸¡N,\u00017âÃSð\u0007¶]ê%ñgÑÐ÷¶6>ãÒ\n3ö:è\u0012Ý\u001aÙû&§a&î=ì`¤H£B<»^éy°\n6aÇ% \u001fÜ§¦ï\u001a9®áÃæ/À»ùvÅ\u000f ïËýº¦&ç\u0019VÊÁ3 }äúèx)ÜÁíô^>ËX]\u0015uÃ\u0019ªG$D}sÛÓ\u0013$DCzà\u0003Â[\u0001»xtß\u0003nìAðdQ~°àg6õ_¾¬ Óo\u0012ã\u0005÷¯ð§ÿ\u0000_`¯0w>\u001d`Yó¡j(ú;Á*|,\u0015êêC\u00064f\u00180\fYw\\ÌBØ÷\u001b0¢Y,ü{@/\u000fÅ\u001b®sãÚ\u001cÇjõ\u0000ýßÀÑÆ\u000f-HEj\u0006<kÈ,õ=XfY/ÿ·ÏJD\u0002i¬b¼\u0018çâhû\u0010Ð;ÁdÅaÁç#ðê¾3ÍÌ,\u0019\u001a>æèG|g¿v*>¥c]±\u0002ì/;K\u001e<Ð\u001f#D¦._ÊU_gÕß\u0010ö¿\"ã'ô\u001a\n\u00153)Ð\u0007óUlªÖõ¨fa\tû]Ó®\u001f`\u001fÅ\tã3\fYÒ»\u0007b£yºv¹\u0019éÀ®\"ìõx~ûd\u0003\tý Minü¾â\u0018ø\u00178y\u001fTp\u0017¾¯\u0003§[Êõ÷krIZ´Ý¯Ãé×ÎÞçÐl@æ¿ê\fñ'\u001e\u001a\t\u0003!-Þ_\u0015\u0014³µâk-­øiöt\u0016°È/\u0018ÿöQì\nâ.Ò bÿ\u0010Ñ1Äcî:i¬QLî\u0001ÝôÂ}Ý@\f\u0005¦V8 ³ù\u0002òÎQ=à\u0018&\u001c6Âþ£ð4ú},­Ëo°â»Xâ\t'1p°V-\u000eÍ\u001fé¨\"ò)µæÐ\u0010hAálË6\u0006¶\u0011r´@\"×§\u0010\rÎ\u0011üùxÂ1e.'Ü\u0017÷Àæx\u0003½Ã[ËÎ¯Klß\u0003\u0002Hs\u0007Åæ\rñÃønNÀ\u001d4Ñ'ÎiäÄySâ_>.î4ÛðQr_#>>m1YlifÙò_¾5¯Ü×ÖÔãKöø,ºú¾ú°?ÀjõaüÎý_>ìaÎ=Ëöf\u0007zí\u001døVºÑ^~Å<¾½Ëa¶·ØT{«\tcýk{#ÚÞqÈö6\fâoívs¬½Û;ÿ¥½#Ã\u0016moE;Ù^}×ÿoí­±ùZtÿÆúX¬\u0016Ë/íå\u0007àÿ²E\u0016%¶'X1cOj«\u001aÔ\u0017æ\u0013ÃáÛ\u0001oz(\u0010ÿ?lÆ÷Äk=MU5\u001e¼é®ñu}Þ­G~¦>±\"\u0012©­ÏLO÷ÔV\u001elÄø=U\u0007=éµp}­üVc ý¼§þVqe}älÜµò@$­Þ\u0017\u000e\u0004Bij\bòÃ÷pÓy5.ù­|¦\u0011|!_~?úE|5{CØ#&1Óe6\u001d´êó»ì¦\f¹¥!\u0010'R\u0013Ö]\u0005\u0003\u0011_\u0005úñ\u0007ªðÞè\u001bp%ïÜ\u0017ÖÔ\r×Dj|5U|1ïï\u0007ÂG«j|·ðI~ã[ý¡PW_D+¹60îåjË§üaÌì÷+ù!,\u001c~«aèÛ<¸ct5ÕÊPqMÍ­ÚX'ñW|5¡Ð7Õ\u0007|\ráÀ1¾UÝÑM'õæÅ±¾\u0016¬\u0017]\tVë#E¡H \\Y]úÛ]£½ê\u0010È°:\u000f:õ$°-°'T\u001fÄ²T6cÑ>\u0010òÕø\u0003þ£5þ¦è5à÷kqãP«m1©i±]Øx¹âe×dwþ(\u001ddXAýäÃn\u00153\u001c&È\u0001PÁhßîÌp1þÊ\u00198ÎøO¥UTü\u000b7¦ÙlQé`r\u001aÒ\u0001ÏéöN¼lG{«Ë\u0019mocéc³kie\u0001éüÚ¿Õ\u001a×Çc7¡Snov´·¸ÔLU{\u0007:ííø¯nï4ÖhovFÛC¼q{«¶lÏ2×¥]JQÝÞþë|¦_Û2¢Ëó{sÈþ¿7§E-Å¹f^4¡Bþ´È6gL% ð¢ÚÇmºÞ;Ûã»g¿´·fÄõÿ«J³Æ©(£½#F$ö_û·býëUª¨?õo±ÇVÙÊø¯íÁKÑö\b­Î(X$Ýìl\u001f§¢\u001cz}bD\bµþ«µþu\u0017]\u0016+\u0018551©>P_º!ûHÁêòe¼ifßætøPë~\u0017\nD 1N=àhNº]\u0019ò×Üþ>\u0003¶pømNT=IU^´âÓ?n@ôÈ7ã¢ù ÅqÐ\u001b[\u0001y¥¶Âw#_{Õ~²Ü~»úý¢Ãzéçâ©¦º«\u0005#yùuåöò;Á¥8ÿ\\Iþ\tì\u00128XY~Ã\u001f\bz\u001aª¤ú\u0006=ÍdO³Ø¤nr¬\fù\"<h»Ãa²\u0005Ó\u0001»3Íæ²Ó<V¿)Íë\r:p²Þå\n\u0006<Ò\u0004«ÑKiñ&¾¡!nÎfg5èÈHszMÎ4ÅåM\u000bX½èØæpù\u0019RÝ6Bá¢yR}ÈS[_Q\u0013>\\\u0003½\u001d©\f`wcwnx\"òÕiÇÆÆ.3sþKvsà²\"(yÿN\u001e6=FNÜÞ\u001a9¿«Í\u001a³ÀìÌÎ\u0016iFirE_ØÇ\u0019c\u001f9+Ù>FÞJ¬ÿÂn1ò¶\u001bÿo2Ö\u001ec\u001fÝ^I²¿±36-6_Í\u0005ù'\u001dá\u0019Fs9\u0006ÝÜúKó¿\u001b.'xí¿R\u001dÉ%óÐKñë\u0010mqF±4hovÅ¶ð×1¦A©Çh´Síc\u0012Ê\n3é\u0017µ\u0017]bÕªYê¢¿µ·¸bí¥ºSýÇ¶ü÷öÚúH¶à¿\u001fåW~8\u0012ÿ½½96_¹Õª}Ü|mo±ÿu\u00173,6%ÝÿË]\u0004,gåøU³9cf´w~cÄ8½§ge6\u0018W¶ÿmM±U°3£[Løï_W-NÏè]ÿW*týÝZÈpÚþö¥ åµNéêáDhäß÷§ÐB¥4\u0012¢\u000fëÅ>`6øHÙµdú^ìæ¢úzü¿!u=H¸ÒÛ Dìð\u001e`ÀªºKhÍbÁG>MâYÉÔäd\\JI+J»t¶w\u0017\u0001.vãkF§Ò\u0014\u0000`£[f\r']H¹Â©$ö=HÞ½\u0000;g©;ü2\u0016\u0000&Ðv\u0000ýçú[¹z¼G\rHMÅü³\b\u0007ªk\u001aÿÃ)ü¯/ßÿ\u001f.Ò\u000bb,$ÆLÐñàñE\u000b6\u000fU½½'\bÔà#yÇe½l (§\u0015_Ã\u001b\u0007?ä%Ä¬4\\\u0006@n\u000b\u001f\u0017£!\u0019²Aö\u0014MsCÓI\u0019Lh*¶`S°vg\u0001¬\u0000\u000bëC¦\bãÅþ$ °Ëböj5°½6\bf\u0015é\u001cWË\u0003ñÛXðÐlÁ7Úï^\u0015Ó\u001eÀüÑ\u0013àïô\u0019\u0010;\u0010^Äu%Ì\u0010»Ð[ÎsU\u00034þ\u0000H÷îCb«QxÄg\u0005/\"ñ\u0000óy$\u001eWìGÿä§ê6ÄËz`>ÄÜ-@QYmÉ\n¬ù\u0015}:pFÊna!6JKE.½æqüúO\b ÿ¤Gt\thÄú\"tèoä¤Ð·àaÑçkÚ+\u0001Iê>*?Eé\u000e6\"\u001d\r³Ù\u0011\u001fVÈ\rz¨'z¶gQ¹iù\u001c\u00109ù\tì9W¡X+-lÄçEÿiÍøþ\u0012#cûÅÀL`ý}jt º¼\b \u0013UsÓÎGðÂñ\"®S+¿«¿\u000fLre\u0001ÎYùñ1á,£>«*mÀá\u0004§!q¦ÓK7p\u0005\u001fx\u000b\u001e\u0013ÏÊBâE©X.dÎq!ô\u0017\u0002¶>ù\u000fÎÖw\u0007/W\u0010¾Õt}ñ=Eìái\u000e£\u001eúdrý\u0005ñú\u00046IÃi\u000bð7\u0012uºMó¢N]¹5eÝ¼´Ç\u0011\u001c5\fzw\u0019G'P6ñ v\tß\u001a¥Ï·\u0011Gxr[¼âô9\u0006ÚeÓ¢^wü Ì]£+;}-«\u0014Ë\r´Q,óõPX\u0014Im©SÁw1y¿tú\u0001¾¥\u0013\u0014ä·¯ñ ó¸îD4|ï½-ú=\u000fÔ¡ÙÃ\u0000Cßa·i¶é\u000e(h#LßKï =\u001eGä¸¯fe\u0017|Q`Ýà­4äôþ4±VÞ\u0014Âh·k!P®\u000e8óOCµ_ÎËø«üªß\u0007.ôeâ3/\u0016ó½xÉgk\u0002~¤ú\\¢ÖLÄ\bäYSÎÄÂ×ù³ñMh<ïÃ#ÜA¯Ó\u0011|%¦Ñ©\u0001X\n2sÒ®\u00171ÚGçDG¼å´&\u001b¶Ó8þ¯\"vË\u000fïßÃ$\nèv;;W\u0016\u0015kBmýK\b¨l!\rî\u0013~òé5ÐÌ\u001a8\u001bÙ-â,À»¥SFpþo5ó\"òwqz\u0006!ð\u0003ôf\u000f\rúOá«ìÇpôo\u000b3ÈàÑÒ:ß~\u001fÈµàz¯² f\u0000Zs¾5\u0019á$¤\bâ\u001f·Î²ñAÉÒ\u0014?À\u0013(äÿ¶*UVyN¼7\u0005Î!zØÎ\u001føÇI3>âÃ\u0003/D\u0010\\èç)3ßÙ\u00109\u001dDà\u0015ù\u0011bö\u0016B\bÓMtëÏXâc÷¼:Wï^çb\u0010H°ýÅ'bÃ®ÏÕØ±S2[|Fj87\u0000\u0016J\u0017éã§`d|\u0007®\u0012\u001fÚ\u001c£ñP&Þ3A[-§!r¾\t|\u0019âB.¾ÈáÊòcÃBÎc\u0015\u001cøC'uËxj:V\u0018©\u0002uFå:,û ÆÁ\u001aJàß±i\u0018º0*þsl:¦ú%ô\u0014¯¢a<)[Ãfµ¡Çø;x:ÒTï&¦¥=þÊ;iµ5µð¨Ò<Ê*·*v»Ò\u001f©n¥Ýa©½\u0003ö×\u0015Êò\né¡Yl¶?¶\fù*jÂq\u001dZ\u000eÊNíÿÒ6Ö¥éO­\u0018À«\tW§ÕhT-è©ª\u000f´´Hg<ªßÕz(=\\öWÃÊÅ`ÉÿÞêÂxüËêzBÕ\n\u0001NAÁj¨x\"z\u000b\u0003\u0003t\u0016lcýç\u0016=0\u001f»^\tüÿòÕ4H'ù÷'\u0015¶ûç^UUiÕ\u00009ÿp¯\u0016/LÃjEþtñô?Í\u0003ÐuèO·°_å\u0001Ù\u0004hÿr\u0017¨il\u001f±'ÿsÚ\u0001\bEý]ñî7C\u0019ÕÞIÝe\u0001äîp8kï$ÿ'\u0004h7íÙeµ\u001e´â ¹ÿ\u0015R@ÑÿÇþC,È&!îÿ\u0001d\u0003Ü°¬\u0000\u0000"
    }
  },
  "response": {
    "status": 200,
    "statusText": "",
    "httpVersion": "h3",
    "headers": [
      {
        "name": "Content-Security-Policy",
        "value": ""
      },
      {
        "name": "access-control-allow-credentials",
        "value": "true"
      },
      {
        "name": "access-control-allow-origin",
        "value": "https://www.vectal.ai"
      },
      {
        "name": "access-control-expose-headers",
        "value": "X-Accel-Buffering, Content-Type"
      },
      {
        "name": "alt-svc",
        "value": "h3=\":443\"; ma=86400"
      },
      {
        "name": "cf-cache-status",
        "value": "DYNAMIC"
      },
      {
        "name": "cf-ray",
        "value": "9724833f5fb6739a-JNB"
      },
      {
        "name": "content-encoding",
        "value": "br"
      },
      {
        "name": "content-type",
        "value": "application/json"
      },
      {
        "name": "date",
        "value": "Wed, 20 Aug 2025 20:06:44 GMT"
      },
      {
        "name": "priority",
        "value": "u=1,i"
      },
      {
        "name": "rndr-id",
        "value": "d03d772c-e51c-45e8"
      },
      {
        "name": "server",
        "value": "cloudflare"
      },
      {
        "name": "server-timing",
        "value": "cfExtPri"
      },
      {
        "name": "strict-transport-security",
        "value": "max-age=31536000; includeSubDomains"
      },
      {
        "name": "vary",
        "value": "origin, access-control-request-method, access-control-request-headers, Origin"
      },
      {
        "name": "vary",
        "value": "Accept-Encoding"
      },
      {
        "name": "x-envoy-upstream-service-time",
        "value": "1914"
      },
      {
        "name": "x-render-origin-server",
        "value": "uvicorn"
      }
    ],
    "cookies": [],
    "content": {
      "size": 15,
      "mimeType": "application/json",
      "text": "{\"status\":\"Ok\"}"
    },
    "redirectURL": "",
    "headersSize": -1,
    "bodySize": -1,
    "_transferSize": 384,
    "_error": null
  },
  "serverIPAddress": "216.24.57.7",
  "startedDateTime": "2025-08-20T20:06:41.251Z",
  "time": 2195.512999998755,
  "timings": {
    "blocked": 2.650999996601604,
    "dns": -1,
    "ssl": -1,
    "connect": -1,
    "send": 2.113,
    "wait": 2189.320999998937,
    "receive": 1.4280000032158569,
    "_blocked_queueing": 1.300999996601604
  }
}