{
  "_initiator": {
    "type": "script",
    "stack": {
      "callFrames": [
        {
          "functionName": "method",
          "scriptId": "126",
          "url": "https://www.vectal.ai/_next/static/chunks/9da6db1e-ad7decc175389864.js",
          "lineNumber": 0,
          "columnNumber": 80787
        },
        {
          "functionName": "",
          "scriptId": "126",
          "url": "https://www.vectal.ai/_next/static/chunks/9da6db1e-ad7decc175389864.js",
          "lineNumber": 0,
          "columnNumber": 148111
        },
        {
          "functionName": "Pe",
          "scriptId": "126",
          "url": "https://www.vectal.ai/_next/static/chunks/9da6db1e-ad7decc175389864.js",
          "lineNumber": 0,
          "columnNumber": 148117
        },
        {
          "functionName": "retriableRequest",
          "scriptId": "126",
          "url": "https://www.vectal.ai/_next/static/chunks/9da6db1e-ad7decc175389864.js",
          "lineNumber": 0,
          "columnNumber": 118977
        },
        {
          "functionName": "Rs",
          "scriptId": "126",
          "url": "https://www.vectal.ai/_next/static/chunks/9da6db1e-ad7decc175389864.js",
          "lineNumber": 0,
          "columnNumber": 148321
        },
        {
          "functionName": "",
          "scriptId": "126",
          "url": "https://www.vectal.ai/_next/static/chunks/9da6db1e-ad7decc175389864.js",
          "lineNumber": 0,
          "columnNumber": 141725
        },
        {
          "functionName": "",
          "scriptId": "126",
          "url": "https://www.vectal.ai/_next/static/chunks/9da6db1e-ad7decc175389864.js",
          "lineNumber": 0,
          "columnNumber": 118337
        },
        {
          "functionName": "",
          "scriptId": "126",
          "url": "https://www.vectal.ai/_next/static/chunks/9da6db1e-ad7decc175389864.js",
          "lineNumber": 0,
          "columnNumber": 118343
        }
      ],
      "parent": {
        "description": "setTimeout",
        "callFrames": [
          {
            "functionName": "Er",
            "scriptId": "126",
            "url": "https://www.vectal.ai/_next/static/chunks/9da6db1e-ad7decc175389864.js",
            "lineNumber": 0,
            "columnNumber": 118125
          },
          {
            "functionName": "enqueue",
            "scriptId": "126",
            "url": "https://www.vectal.ai/_next/static/chunks/9da6db1e-ad7decc175389864.js",
            "lineNumber": 0,
            "columnNumber": 117852
          },
          {
            "functionName": "capture",
            "scriptId": "126",
            "url": "https://www.vectal.ai/_next/static/chunks/9da6db1e-ad7decc175389864.js",
            "lineNumber": 0,
            "columnNumber": 151479
          },
          {
            "functionName": "Bi",
            "scriptId": "126",
            "url": "https://www.vectal.ai/_next/static/chunks/9da6db1e-ad7decc175389864.js",
            "lineNumber": 0,
            "columnNumber": 65378
          },
          {
            "functionName": "",
            "scriptId": "126",
            "url": "https://www.vectal.ai/_next/static/chunks/9da6db1e-ad7decc175389864.js",
            "lineNumber": 0,
            "columnNumber": 64921
          },
          {
            "functionName": "ai",
            "scriptId": "126",
            "url": "https://www.vectal.ai/_next/static/chunks/9da6db1e-ad7decc175389864.js",
            "lineNumber": 0,
            "columnNumber": 64904
          },
          {
            "functionName": "",
            "scriptId": "126",
            "url": "https://www.vectal.ai/_next/static/chunks/9da6db1e-ad7decc175389864.js",
            "lineNumber": 0,
            "columnNumber": 65345
          }
        ],
        "parent": {
          "description": "setTimeout",
          "callFrames": [
            {
              "functionName": "Ui",
              "scriptId": "126",
              "url": "https://www.vectal.ai/_next/static/chunks/9da6db1e-ad7decc175389864.js",
              "lineNumber": 0,
              "columnNumber": 65324
            },
            {
              "functionName": "onRRwebEmit",
              "scriptId": "126",
              "url": "https://www.vectal.ai/_next/static/chunks/9da6db1e-ad7decc175389864.js",
              "lineNumber": 0,
              "columnNumber": 63832
            },
            {
              "functionName": "emit",
              "scriptId": "126",
              "url": "https://www.vectal.ai/_next/static/chunks/9da6db1e-ad7decc175389864.js",
              "lineNumber": 0,
              "columnNumber": 59214
            },
            {
              "functionName": "At",
              "scriptId": "159",
              "url": "https://vectal-api.onrender.com/_events/static/recorder.js?v=1.259.0",
              "lineNumber": 0,
              "columnNumber": 72562
            },
            {
              "functionName": "callback",
              "scriptId": "159",
              "url": "https://vectal-api.onrender.com/_events/static/recorder.js?v=1.259.0",
              "lineNumber": 0,
              "columnNumber": 77650
            },
            {
              "functionName": "o",
              "scriptId": "159",
              "url": "https://vectal-api.onrender.com/_events/static/recorder.js?v=1.259.0",
              "lineNumber": 0,
              "columnNumber": 111291
            },
            {
              "functionName": "",
              "scriptId": "159",
              "url": "https://vectal-api.onrender.com/_events/static/recorder.js?v=1.259.0",
              "lineNumber": 0,
              "columnNumber": 106521
            }
          ]
        }
      }
    }
  },
  "_priority": "High",
  "_resourceType": "fetch",
  "cache": {},
  "request": {
    "method": "POST",
    "url": "https://vectal-api.onrender.com/_events/i/v0/e/?ip=0&_=1755720401252&ver=1.259.0&compression=gzip-js",
    "httpVersion": "h3",
    "headers": [
      {
        "name": ":authority",
        "value": "vectal-api.onrender.com"
      },
      {
        "name": ":method",
        "value": "POST"
      },
      {
        "name": ":path",
        "value": "/_events/i/v0/e/?ip=0&_=1755720401252&ver=1.259.0&compression=gzip-js"
      },
      {
        "name": ":scheme",
        "value": "https"
      },
      {
        "name": "accept",
        "value": "*/*"
      },
      {
        "name": "accept-encoding",
        "value": "gzip, deflate, br"
      },
      {
        "name": "accept-language",
        "value": "en-US"
      },
      {
        "name": "content-length",
        "value": "1378"
      },
      {
        "name": "content-type",
        "value": "text/plain"
      },
      {
        "name": "origin",
        "value": "https://www.vectal.ai"
      },
      {
        "name": "referer",
        "value": "https://www.vectal.ai/"
      },
      {
        "name": "sec-ch-ua",
        "value": "\"Not(A:Brand\";v=\"24\", \"Chromium\";v=\"122\""
      },
      {
        "name": "sec-ch-ua-mobile",
        "value": "?0"
      },
      {
        "name": "sec-ch-ua-platform",
        "value": "\"Windows\""
      },
      {
        "name": "sec-fetch-dest",
        "value": "empty"
      },
      {
        "name": "sec-fetch-mode",
        "value": "cors"
      },
      {
        "name": "sec-fetch-site",
        "value": "cross-site"
      },
      {
        "name": "user-agent",
        "value": "Mozilla/5.0 (Windows NT 10.0; Win64; x64) AppleWebKit/537.36 (KHTML, like Gecko) Noi/0.4.0 Chrome/122.0.6261.130 Electron/29.1.5 Safari/537.36"
      }
    ],
    "queryString": [
      {
        "name": "ip",
        "value": "0"
      },
      {
        "name": "_",
        "value": "1755720401252"
      },
      {
        "name": "ver",
        "value": "1.259.0"
      },
      {
        "name": "compression",
        "value": "gzip-js"
      }
    ],
    "cookies": [],
    "headersSize": -1,
    "bodySize": 2079,
    "postData": {
      "mimeType": "text/plain",
      "text": "\u001f\b\u0000\u0000\u0000\u0000\u0000\u0000\u0003VYoÛ8\u0010þ+\u0016\beÝûTl.za\u0017½\u0016\u0005A#°$ª\u0014e')òßw(K±Ý:îæ%ÖpføÍðãë\u000fg\u0018¤pVçç\u0019Ïýx$eQF\brâ¥E§^É`Î¥\u0003[h\rª_\\¬u(ë´ê@\u001b\t½³úá\\(üç|­P»\u001eOñnA÷Rµ(÷=+*4Æï?ÖZ5`e\u0002¶\u000357\u001d ü\u0005ô\u001b£¬÷\u000b#\u001b¸U­>/µälùJ­YÛB_\fº:Ö ª,{@xÄ\u000f<óAkK\u0007]£ñÚ®_-»ÝÎÝ\u00027¬v\\ZûµêmL'\u0007VÞ1³n\u0019Â[9£f;: nÊª}\u0016Þª[Y×l\u0019»ÞâÉ\u0014òâÝï¹Þ³\u0005\nèÙâ:.w]\r¡x-Í2\u000eS7L\u0016O^ÿùáíËE-7°x\t|£.Þ)¹ôÜ\bÝí\u0013³ôÀõÜ$H|×\u000f½ÅUø´jAîún¼xÏJ¦åäñ(³£#qÍÚj@ô\u001dZòñý±É|F;\r¥¼\u001eUìyÏ5@K× «5\u0006©µ¹¤;)ÌÚY\u0005~\u0018¡p+a×)m\u000eÊ\u001dË'u?N,ªZ\u00166íPØkðã'n\u0010çîH\u0016Ù\":CGn¡\nó\u001bq]d^ÐgÍüúè2ã4ð\"\u000fÓW\nÙ\u001bÙòÉ,NX{QIJS\u0012eOX(<R\u0014eâ§,ËJ°äÆ«¤¬·Ì \fº÷ì\u0004^\u0010\u0013/#÷ÁÏWq¸\nb7J/Ö«¶Õ AÐ\u001ez\u000b~´R¡\rÖyöï@ïûZý¢$EÌ\u0012À}\u00079g9ÏÄ÷ª\u0006Z«jàJ\u000bÙV\u0014ZVÔã}\u001aóE{)\u0010¤Ñ\u0003ØW0\u001c´[0;¥7´c7µbrÖ\u0019k+uúù\u0017èRéµ|Î\u0006\u0018\u0006ÚÏñèVbi`P?K(«kµCD\r\u0018¬OÔhº¾»;§aýfôkuÎjpÖnY\u0010 (ëJCW³\u001bÚ³\u0006+jf\u0010íäc:B¼²\u0019\u001a*\u0006<\u001ditz¡û'»?dQS&(²æLnKÑ&÷(â{Ç\u0012*pÍ¡\u001b)6ß|Öá|±\u0000ûpµä\u0007n\u0015\u00197r\u000b\u0014Ù<:-kVá¥_\u001d,mIÒay\u0016vÄv±`&æûÖÙòqíÃ×ÌìÛ ­´\u001aÆF}|íÌ7;\u0012ìëiø>@?Õ¦Æ%\u0002[\u0002ÀÚ\u00149a~\fD¤Àò¢\u0000îñ±\r÷?U3¶1À\u0001`ÇÌÈ'sZ¢\tÕ0i9:íÅ\n(\u0006\u000br$F\u0019\u001cKZV\u0015\u0002háë¥§,úÅn\u001c÷f½Áðí\\\u00053ÓÎÞóêZÖ²Ý 9Æ,ÿiSÁ\f³ÕÿÀ\\á¢\u0013Á÷£ôÒ¹Á~\u001fçaº\u0002CqV ¯Óün\u0014¾W£¶àÜ}Ã÷7jÃdåtkNÍU÷%~]Å»æcü)\t?oØ§·7ß¿¼4Ï_\\}¯âêºl7Wïÿ¾z\u0015\u001c:,Y²¡66}?I\u00109\u001aÈÑ\u0016ã\u0015Äç4á)É\u0012\u0011\fAi\u0016ïÍnÕÚQ(å#æð]µåÅ9rÓyj'ºí(§Ú\u000fm,§Z¿ì/÷=ö\u0013ûqK²5 [VÓb(1\u000eZC[Ùáür/oñÚ0í?hÏ\u001bÙóÐªÓ<üøDyVB°Úî\u0012vÂûyâÅQbc\f6Zì)\u0003L\u0017Ûk\u0017\n>ôF5urNÙá}Ú\b¸ªEL\u0002´ËU³Ü\u0017î¸¸Úþg7i\u0002Iä\u0010%aÏ0)Ï\u0013ÀóÊqèQ\u001f]ÈRÚ²\u0002îÈ\u001cÃ¡¸(÷\u0018\u0012~²>Ì\fÕ4,àF\u001aÛt.ö¡ÆÂÁÊs¬¢y½MÓàîÛ?*H'»\u000b\u0000\u0000"
    }
  },
  "response": {
    "status": 200,
    "statusText": "",
    "httpVersion": "h3",
    "headers": [
      {
        "name": "Content-Security-Policy",
        "value": ""
      },
      {
        "name": "access-control-allow-credentials",
        "value": "true"
      },
      {
        "name": "access-control-allow-origin",
        "value": "https://www.vectal.ai"
      },
      {
        "name": "access-control-expose-headers",
        "value": "X-Accel-Buffering, Content-Type"
      },
      {
        "name": "alt-svc",
        "value": "h3=\":443\"; ma=86400"
      },
      {
        "name": "cf-cache-status",
        "value": "DYNAMIC"
      },
      {
        "name": "cf-ray",
        "value": "9724833f6fc8739a-JNB"
      },
      {
        "name": "content-encoding",
        "value": "br"
      },
      {
        "name": "content-type",
        "value": "application/json"
      },
      {
        "name": "date",
        "value": "Wed, 20 Aug 2025 20:06:42 GMT"
      },
      {
        "name": "priority",
        "value": "u=1,i"
      },
      {
        "name": "rndr-id",
        "value": "0ea60dc0-0102-4b87"
      },
      {
        "name": "server",
        "value": "cloudflare"
      },
      {
        "name": "server-timing",
        "value": "cfExtPri"
      },
      {
        "name": "strict-transport-security",
        "value": "max-age=31536000; includeSubDomains"
      },
      {
        "name": "vary",
        "value": "origin, access-control-request-method, access-control-request-headers, Origin"
      },
      {
        "name": "vary",
        "value": "Accept-Encoding"
      },
      {
        "name": "x-envoy-upstream-service-time",
        "value": "38"
      },
      {
        "name": "x-render-origin-server",
        "value": "uvicorn"
      }
    ],
    "cookies": [],
    "content": {
      "size": 15,
      "mimeType": "application/json",
      "text": "{\"status\":\"Ok\"}"
    },
    "redirectURL": "",
    "headersSize": -1,
    "bodySize": -1,
    "_transferSize": 380,
    "_error": null
  },
  "serverIPAddress": "216.24.57.7",
  "startedDateTime": "2025-08-20T20:06:41.254Z",
  "time": 316.54199999320554,
  "timings": {
    "blocked": 3.585999999417458,
    "dns": -1,
    "ssl": -1,
    "connect": -1,
    "send": 5.895,
    "wait": 304.9610000031828,
    "receive": 2.0999999906052835,
    "_blocked_queueing": 2.2119999994174577
  }
}