{
  "_initiator": {
    "type": "script",
    "stack": {
      "callFrames": [
        {
          "functionName": "method",
          "scriptId": "126",
          "url": "https://www.vectal.ai/_next/static/chunks/9da6db1e-ad7decc175389864.js",
          "lineNumber": 0,
          "columnNumber": 80787
        },
        {
          "functionName": "",
          "scriptId": "126",
          "url": "https://www.vectal.ai/_next/static/chunks/9da6db1e-ad7decc175389864.js",
          "lineNumber": 0,
          "columnNumber": 148111
        },
        {
          "functionName": "Pe",
          "scriptId": "126",
          "url": "https://www.vectal.ai/_next/static/chunks/9da6db1e-ad7decc175389864.js",
          "lineNumber": 0,
          "columnNumber": 148117
        },
        {
          "functionName": "retriableRequest",
          "scriptId": "126",
          "url": "https://www.vectal.ai/_next/static/chunks/9da6db1e-ad7decc175389864.js",
          "lineNumber": 0,
          "columnNumber": 118977
        },
        {
          "functionName": "Rs",
          "scriptId": "126",
          "url": "https://www.vectal.ai/_next/static/chunks/9da6db1e-ad7decc175389864.js",
          "lineNumber": 0,
          "columnNumber": 148321
        },
        {
          "functionName": "",
          "scriptId": "126",
          "url": "https://www.vectal.ai/_next/static/chunks/9da6db1e-ad7decc175389864.js",
          "lineNumber": 0,
          "columnNumber": 141725
        },
        {
          "functionName": "",
          "scriptId": "126",
          "url": "https://www.vectal.ai/_next/static/chunks/9da6db1e-ad7decc175389864.js",
          "lineNumber": 0,
          "columnNumber": 118337
        },
        {
          "functionName": "",
          "scriptId": "126",
          "url": "https://www.vectal.ai/_next/static/chunks/9da6db1e-ad7decc175389864.js",
          "lineNumber": 0,
          "columnNumber": 118343
        }
      ],
      "parent": {
        "description": "setTimeout",
        "callFrames": [
          {
            "functionName": "Er",
            "scriptId": "126",
            "url": "https://www.vectal.ai/_next/static/chunks/9da6db1e-ad7decc175389864.js",
            "lineNumber": 0,
            "columnNumber": 118125
          },
          {
            "functionName": "enqueue",
            "scriptId": "126",
            "url": "https://www.vectal.ai/_next/static/chunks/9da6db1e-ad7decc175389864.js",
            "lineNumber": 0,
            "columnNumber": 117852
          },
          {
            "functionName": "capture",
            "scriptId": "126",
            "url": "https://www.vectal.ai/_next/static/chunks/9da6db1e-ad7decc175389864.js",
            "lineNumber": 0,
            "columnNumber": 151479
          },
          {
            "functionName": "Bi",
            "scriptId": "126",
            "url": "https://www.vectal.ai/_next/static/chunks/9da6db1e-ad7decc175389864.js",
            "lineNumber": 0,
            "columnNumber": 65378
          },
          {
            "functionName": "",
            "scriptId": "126",
            "url": "https://www.vectal.ai/_next/static/chunks/9da6db1e-ad7decc175389864.js",
            "lineNumber": 0,
            "columnNumber": 64921
          },
          {
            "functionName": "ai",
            "scriptId": "126",
            "url": "https://www.vectal.ai/_next/static/chunks/9da6db1e-ad7decc175389864.js",
            "lineNumber": 0,
            "columnNumber": 64904
          },
          {
            "functionName": "",
            "scriptId": "126",
            "url": "https://www.vectal.ai/_next/static/chunks/9da6db1e-ad7decc175389864.js",
            "lineNumber": 0,
            "columnNumber": 65345
          }
        ],
        "parent": {
          "description": "setTimeout",
          "callFrames": [
            {
              "functionName": "Ui",
              "scriptId": "126",
              "url": "https://www.vectal.ai/_next/static/chunks/9da6db1e-ad7decc175389864.js",
              "lineNumber": 0,
              "columnNumber": 65324
            },
            {
              "functionName": "onRRwebEmit",
              "scriptId": "126",
              "url": "https://www.vectal.ai/_next/static/chunks/9da6db1e-ad7decc175389864.js",
              "lineNumber": 0,
              "columnNumber": 63832
            },
            {
              "functionName": "emit",
              "scriptId": "126",
              "url": "https://www.vectal.ai/_next/static/chunks/9da6db1e-ad7decc175389864.js",
              "lineNumber": 0,
              "columnNumber": 59214
            },
            {
              "functionName": "At",
              "scriptId": "159",
              "url": "https://vectal-api.onrender.com/_events/static/recorder.js?v=1.259.0",
              "lineNumber": 0,
              "columnNumber": 72562
            },
            {
              "functionName": "V",
              "scriptId": "159",
              "url": "https://vectal-api.onrender.com/_events/static/recorder.js?v=1.259.0",
              "lineNumber": 0,
              "columnNumber": 72905
            },
            {
              "functionName": "e.mutationCb",
              "scriptId": "159",
              "url": "https://vectal-api.onrender.com/_events/static/recorder.js?v=1.259.0",
              "lineNumber": 0,
              "columnNumber": 41169
            },
            {
              "functionName": "",
              "scriptId": "159",
              "url": "https://vectal-api.onrender.com/_events/static/recorder.js?v=1.259.0",
              "lineNumber": 0,
              "columnNumber": 32727
            },
            {
              "functionName": "",
              "scriptId": "159",
              "url": "https://vectal-api.onrender.com/_events/static/recorder.js?v=1.259.0",
              "lineNumber": 0,
              "columnNumber": 29757
            }
          ]
        }
      }
    }
  },
  "_priority": "High",
  "_resourceType": "fetch",
  "cache": {},
  "request": {
    "method": "POST",
    "url": "https://vectal-api.onrender.com/_events/s/?ip=0&_=1755720414021&ver=1.259.0&compression=gzip-js",
    "httpVersion": "h3",
    "headers": [
      {
        "name": ":authority",
        "value": "vectal-api.onrender.com"
      },
      {
        "name": ":method",
        "value": "POST"
      },
      {
        "name": ":path",
        "value": "/_events/s/?ip=0&_=1755720414021&ver=1.259.0&compression=gzip-js"
      },
      {
        "name": ":scheme",
        "value": "https"
      },
      {
        "name": "accept",
        "value": "*/*"
      },
      {
        "name": "accept-encoding",
        "value": "gzip, deflate, br"
      },
      {
        "name": "accept-language",
        "value": "en-US"
      },
      {
        "name": "content-length",
        "value": "39150"
      },
      {
        "name": "content-type",
        "value": "text/plain"
      },
      {
        "name": "origin",
        "value": "https://www.vectal.ai"
      },
      {
        "name": "referer",
        "value": "https://www.vectal.ai/"
      },
      {
        "name": "sec-ch-ua",
        "value": "\"Not(A:Brand\";v=\"24\", \"Chromium\";v=\"122\""
      },
      {
        "name": "sec-ch-ua-mobile",
        "value": "?0"
      },
      {
        "name": "sec-ch-ua-platform",
        "value": "\"Windows\""
      },
      {
        "name": "sec-fetch-dest",
        "value": "empty"
      },
      {
        "name": "sec-fetch-mode",
        "value": "cors"
      },
      {
        "name": "sec-fetch-site",
        "value": "cross-site"
      },
      {
        "name": "user-agent",
        "value": "Mozilla/5.0 (Windows NT 10.0; Win64; x64) AppleWebKit/537.36 (KHTML, like Gecko) Noi/0.4.0 Chrome/122.0.6261.130 Electron/29.1.5 Safari/537.36"
      }
    ],
    "queryString": [
      {
        "name": "ip",
        "value": "0"
      },
      {
        "name": "_",
        "value": "1755720414021"
      },
      {
        "name": "ver",
        "value": "1.259.0"
      },
      {
        "name": "compression",
        "value": "gzip-js"
      }
    ],
    "cookies": [],
    "headersSize": -1,
    "bodySize": 59213,
    "postData": {
      "mimeType": "text/plain",
      "text": "\u001f\b\u0000\u0000\u0000\u0000\u0000\u0000\u0003Ä½?]û÷ÿ¯HÑ74Ò@¥¹¤löa#Ñ<¨(B¦\u0014©$\u0014Q¼^kýc¿÷:u\u001aîë¾îéy=¿çù>Wwû\u001cÖpcXçn$ÖÖ\u0016'f$z¼éiEéÞpJ0-\u0016N\t\u0007\"±B7-%Väz#i~¯?\u0018½\u0016-¯áö¤êòÂÊêK\u00155\\«WTFã5¥ÑêÄ\u001bK¿\\Ô×K¾4OZ yÙõâÂÂÄ\f>]S_\u0019MÌð''Ê\u001bÕ\u0015µñ\".y\u0013k¢×kx81¿ÖãñÆÔÓüùÇ£;6ª\u000fäïÎ~çO¯ó§ÏÞ3¯\u0017Îß æ\u000eåÇ__þ'ã.¬©FjAþßüN<zµâÚÿí\u0014\u0016\u0017ÿg_Ðcª_/ëÞlÕ©'.¨Æ°ýrìº§:³ôïUªý^P\u001dªWëü\u001aê.-s^\\¨æõÝ«\u0001û÷fÝ¢_«\u001eýDµg©vÕ¯~:?Ø÷é/jÿøÞKÝwìÔzPÿR=yGû\u0002j4ÉùKÈ§^«çu³nW#\u0011Õ´U}Ö³ú«~pAÿÑ£ºC÷\u0017ÑÏtPã\u0005j^=ç5ï®ëïºEÖëo'ô¼z­\u001fª!/ù©~nä\u001eýGMâÙÇ[ôlÜ©§õ{þ¡^ãåsü»ë\u001da5±û¦ã\\üvû¼ú²_êîâ½wêkÕ|~¾îÓ\u0003Îj Æ\fº.ªÙÔòSêîhPùùÎoá:Õª\u001e¬çë¿/¨q\u0014o¹§û#\u0019\u0017dQôÓLÂ|kd·sÅ«¾¨.æ×e5«Þ¤ê\u000f¼²I9Ägû7oÈÝ±G?(¬TS××«N5±£ÀùVì¶þµ[ß§ë_µÎí~5¨¨nùPÐ\f­[O«Ñ;·ôþ¬'c\u0019jNÏ:?F¢ÒynR2oõA\rZr\u0019ÒmizNw©\u0005õG·©Ù\u0011Ý«Æõs=QÂ&ö¨7\u00059rgþÂ+ßë¡Ë^5tÑ£YîÓjBf¨~¨\u0007GÕWÕW \u0007Ô\u0017YBõÙùKH¿mó#MV3¬\n3çÕk»B?ô+Ý¦»/\u001ebÿz4bºï\u001aW\u0004Búzj¾ðSõæççB\u0010ßõLÈá]f­Ú T©Û+T~T*+£ß¨ç'Òì/ªÅYzOT?ZåP©×ùÉ\u0013fN¿\u001b¼wªÖïÙ¡\u0006T«~u,KOåe\u001dT#\u0017Ra&=|@ýÖ¯â\u0019Î3élã\"9\u0017\u0018ïý\u001b\u0010ÐØÅmgnÉ\u0017\\*¸ ?Ô·w=Pãê\u001eQ³\u0015§NÊV²âÎByc\u0017*JªYùVxn7³\u0003Pÿw=¬B&O7ëoº1R¯ç×©\u001e\u0016ñÁ\u000e¦ùÔüY=pD\ryd¼±òüò*õI\rÜn°ËÊ\bþè\t=¸IÏ§åÇÔ£ê~¡\u0017ÖëÙRÿ¼êÝ¬?\bÃAßÏn¶û9°Wäþî\b$¯GýR\u000bBdzHuþV$Ýªæ\u001bÔ÷ü8ö\u0001ª\u001bÇ³v¦«gzvþ­\u001elß«ïÔËç|\u0010Ô\u001c¼1rÂrÁ'½\u001fK­PÍêñ\u001aÕ¢~É¾è\u0017sV\u0007ôÏ¸0K'ZÔ7¤Ì=õQ\rPÝ\u0017õìQ\u0018§»@V7L\u0018ÓÜ6·$$½QÕ§;Ôc5pçº>\u000båOéªíz¼ûz¿>V©ÞëñµüDÝ±{¯ZÐ?õç\u0010sx´s£þ\u001fC\u001aÍ«©ü\u001aGT|*á\u001fýº\u00176ï\u0005*ÞwQ÷©MÛ¶°§Ãú\f\\=Û}S5¯Só5\bµ»j<\tQô^Ôo÷W8\u0003\u000b¨çì@S)ëÔ¯^\u0016ÕMkY§Á*=r<A?W÷´ð¤\u001fNø_©çªdí-×üÐ£;óóÃÕõ²_û¼\u0010Ã7\u0018b\u0000\u001aüÉ§^©Þ4ý¦f×;ú\u0016Æé¦#FXÈEV?VÝúgm0ê\b\u000bÞ÷ÍfízÕGý\u0012y>ÀÍ¤\u0014¤\u001cÕ_e¢Aõ¹\fÖ\u000b©òïUëOìR/ót£ê?¸W?Ñ\u000e[Rðê)Õ_®¸÷²Á/¹;Cé\u000es·úÌb5#âï\"òzõe>=½ëHj\\¼\u0005¡ñïL5'Ûh¹´[¿W/\u0018æ\u001b=uÚ2N\u0018ñqÇÞºë°áÓ«\u001eõâ\u001aÞc´\u001eÛÁªô©\u0016ý9 Úà§\u0016xÁ£ÿä:¢Sµ\u0016Z¹ðL5\u001ffYOnS\u0013úÏuµpµèÐ#[nßH_ÒjÐá\bäÐÔ\u0018ÓÎª7ª\u0005!p¢êD\u0018eØ!¯sÆ\u001aQÏ\"\b×ë\u001dÍ\n\u000e¬EDOÕz\u001có;\u0012Â\u001bÝaµè\bË\u0017¸~©÷ªuµß­¿VWñ¯7ë~y¼:¬§\u001céñÕ^¬x>\u001fÞ|ãþ¤g,Å\rêö3újwÌ\u00038ê£l\u0007ûúK}Ñ\"£¢ÇÕC&õe/\u0014ö:ùj{oéÁh\u0004}0QS\u0005Á}ÃúôÃêñ%DÅøn=»SýA¯7©Ù\u001bôó4¨\u000f}¥ßê§\"ºà¦ê>K&¬-Ò4 \u001a\u000bÕ´~ §¯è[Ö2©Ò\u0002=£gcúëA4õÀ-=\u001fX'õwÕÅZâ\u0019zá\u001a(ÑcÙ\u0018;C·Õ´zs»á&\f~ûâÍÈÂ.=¨îËzyjõÃµ{ÔÂ\u001c¤b§n·\u0014ÞZc@ \u001dV©aï\r5[yS\rV\u001bÎ]\r[ÍÃvµêe¾c\u001fy|{ó\u0002z<¨*\u001f¸ _ÝQß\u0003;RUç)Hº]Ïª_Ìò©©9­ÞlU½w«Æ\u001cFölC\u000eüÒR¡ö¡=\u001f §õã;²ßYº;¾©\u0017¸qº§\u001fë&=\\¢¿m#Fó\fÙ°Nqþ«\tq×\u001cô0_#2Z½ó1é1GBx£ú÷jõ']\rnÊ`©\u001bùo4\u0001vyÊtDágÅLÄyìØ±Sj²2)Æ'_ÂÙÓk· \u001c?YëN¾¬e=úÕÍÃêz©\u001eêõÃjd½~S°ü¥~&¯UV!_¸²\u0014µíÓ¿êÕ{«\u0005æù¿!õN¿ÉÝ¤iµÆ]·\u001e¯U#é·R \u001fz6pî¦ðñÍ3¹lØ'cqÀeßôÓ\u001cõ-\u0019\"\u001aÞ¬gÔ(»ÕÃÜêÁf&öm{\u0019Ô\u001dÇ/¨[úO¡K5ëêX«Þú\u0010b\u001bã\u0007Ð5S\u0019ê­\f§àðæuh±\u001bÂ\u001eèú[ÁôêÕ\u001bcëíG,w<Qß\u001aÔz«\u001e\u001cÐ]Ylî`\\¨ß\u0013\u0010[µÂ(ÓÓ[¯gaaþ°Ö[WÙN\u0018zw$ë¨z¬\u001f[MÓ²LÃ\u0014ª>¤ó\u0010ïkDNö¤\r\u0010\u0014ùyÖzk\u0015¢õ\u001aÍÏGÖ?EÿÞC\u001aþTïò ¶Ñ5º[hh\u0018ÿjx}u\u001e^§\u0016¼9'ëÔS5w\u001cÖc3Tw~_«¿Y²o<5ð\u0016+a\u0006\u001d6ù¸Fý±6J³þ¹\u0006è{¡Ù.¤&Xí;æç[ök¸Â¨4kÄ,XÉU¼ïêÆê|<TÊnX\u0011\u0011C'O\u0004dÞð\u0005äÜ°\u001e.>Á\u001c¾æÆX§L¿'°_µ_`&\u0018oðhÐP\u0001\u000f<aªO®\\¸Ä@>ê\tôzZ\u0011Í=¾\u0019CË1;¼þÝÖßa)õÌÛù,û'\u0006:YUÂ£°Û#5}ÙJÏlÆgÕVh\u001c\u000eÂ0Fk\bËç~¿I}ëöÛb\u0002F¡óï}jøàUF F÷ ðî«¯ç\u0005÷úv¤«¹\u0003\u0001%S\f\u001anÕMqýµÔ\u000bÙ´«F=½Sn÷®¿\u0015±|\u0017qE÷tÝg\u001e«¡\u0004Õ¼LQtSR~¹È\u001aÔË}Ñ3¢ÁCº-AÍî×3¹lÎ«íLù\u0015ì¬\u001e!r\u001aw¦AÔ5|þ¥ÆÜ Æì¬\u001a\nº©&}?A?»«\u0006²JÓÔÛ£ðØSÔëïjùÀ6D|o!ÖÌ$mO¸\u0010Ê]@ô>·:À²Ñ\u0003;÷\u0012àÞWx8Ðv@¿²ÐqÈjõp}~\u0014> \u001b\u0000\u0001·èáýlÉ{>ÜSàÇ5'Îï­Ó_°R!\u0014\u001709àA¾ÂF÷\"ÜÕÓ]\b\u000e¨eZHB©ç\u0007q\u0012¦aÎüò]KÓ[äX\u001e?ÎÉô\u00055\u0014©ª¦ºª%¢qZyídL»Vcô³©Û1ß©×)z¼\u001cHD¢|¸jíÌï;P\u000f;Ñ}BeÂv\u001bBÇ#êá%õx§©OGÒãk\u0010{\u0013âø*ÕçÃ\u0019jÏ° º ú,ù\u0017Da§§òGÇ*éÑé³zR=9¡0ðYæjõý¼j+«QÓ9úîÒ(\u000foS-øvß«}\fú)ïøpÖ¨âXª\fGôÐ^=\u000f<æ\u0013¯õ}§ôp\u0002$øD\u000f!Åô\r©ë\u0013àÑ-{XÉ15±O?H¨Çvx¬{(üü$ÝsE·Ùqhsi1¤%©÷<\u001eÝäÎ@=TóX¿KÒ>YëË§Çn]ejú\u0004.Ê\u001f=»múu\u001dÑ×½\u0019½òG}_ËÒ.`\u001düLAõasÝ×~ð\u0004£{\"jòØ\t¡X~¼\u00149ÿL9Â\u0017/¨G·b(4°%¿\u001eOÍ\u0006ôÌ%ýA÷\u001dU½8FÏ·Ãºâ°ø\u0010\u0013÷ðq\u0019ÝK+Õc\u0005ÅL±<Mt'R½\u000eIõ´ì\u0010køF¦~æ¶÷¶J¹¥¾ë÷7dÂkv°4#Øü¿öc©µÃó\"óÄRMS\u000fE¢f&ÅÃ3\u001cÕÙª^<¾OF¶¢z¿ßà&\u0011LMØÙSº}\u0003fvzzö\u0006¼Ú^\u0013Ós\u0007\u000b¸ë¾\u001eIÚ {¶ªiXû¾\u001e\u0010­à\u001e<²\u000eKåq^¨ô¬z3Õ _ë\u0005¿z\u0018R/\u000fÉxë.lñ\u0004zý¥ú6Á*t§Ã¸\u001e\u000f[Óge\u0010~SeÖZÕ~+C}ÛVè×\u000fkj\u001c÷ëYæÞm£\u0010Êû\u0010Éz\u0015H\u0006\u0001\u000f`ÉG±}¬óofóc54uNµdê¶->Ý~ÅJ6\u0019s!Ï7çª9?Ë'[\u0019²¾z]B/o{\u001bîü}sÖ&5-\u0010¬m\u0004õ>®·7¨Õº{=\u001ccÌ¦îâ}[ø\u0015$\u0007Ó¬\tE\\wÆùÝ(\u001fÚÎö¿ª´¼ú\u0005ëàY`FoØ«\u000f'àó7úK¬\"ï8Z§\u0007\u0014E\u0012EYÍï?Z\u000bWN\u001c4ø\u0006cbæo`È·ºó`ê\u0014\u001aÛvCMAxóûwBHz|½å÷\béø/¨\rl~\u0019¼¦¾ÝÄöúãXz\"Æ½1G!¡ý¿é·Y\"²<ÆvÜÈXÇxñýÚPºnÛzóZ\u001aW\u000f*òÔ×¼Ó2Ê<dC{ÞÂ\bÿûj\u0018\rwMôØNËÌQ«É½þâRõ'\n\u0000t_5ªYÑ~Ã\"t§õpHÿÊ/W3¨vy\u00161\n!?,^&÷bÖØqö\u0007uùG7e\u001ah\u000ejM\\#\bI\\üv,7'än»sI\r\u001fËQÃ\u000eÀâ\t×ÜÔ?\u001düÃã_³'­û\u0001>q\u0015ë÷ÝCü\rªýÇð  x\u0001b³\u0010\u0011ë/Ô_sJãjp\u000b\nû¾'r+Ý(^$êsÇ(ÆÝ\u001b(ÆömFÄc+Y]îHm\u0011xiÝyË4\u0011-¢#]ß\r^*Ø{\\\rÔ1aýò;Þ0ÔûÝºsÅÈ°ébhPV¬(?ÿ\u001cºx\u0012Õ?à\u0015Õ\u0019ùNKm[V;:ßgû#\"x&v\u0006\u0004ÂEhà\u0015<s#ögÌ,É\u0003xt+;8¹?læþü\u001a×¾\u000bÃÅ\u001cÁë¯Q\u0003§ÍóÓÖ\fAß\u001dÇ\u000f\u001eLïíµaX\u000fß(W'tO}óÅ¢U'`äÁ2u¯$¡ÁÎ¢r»n^[¢ÛO<ÁlÆa§GuéF5(Waìoè\u0001àD;êþÜSg0ª\u001aÕÜYµp¡&ã<\"ÐÊéË·Ò]\báQVÝ§¹÷gê­rdSzÓñ\u0011Ç!óvõ¨\u000e;d¡¿âÄ² ¯ôûCìÄ¬:+£\u0000é·ú×\u0017Lg-Æõ8`h'\u0016Eê®Á\u0004P­GÕº\u0002Lî\u0018*YMW©\u0017V¼°$ª¿H?õ£=\u001c»\u0006\"\u001dÒ¯o¨\t!í\u0010{ò¦m\u0000AÈ2\u0018ôwrÇºÅß±À'õmúGFÌqd=¡\\¯n5p8\bcgIæ\u000e5\u001eS¯®ª­Ö\u0018½b\\\u001eáÙÐ9÷4¯fÔzþø³x\u001e\u0004Æ²\u00143\u00059µ\u0016ë_u£È\nõ­\u001eY1J\u001båeëøðÝÓç\u0018ã\u0018Óx§ßcÅ¡Ö©\u0004tó\tÛx¼§Ôk\u0017s´_ý\u0014ÛöF\u0000tÂ.Hª×ÉÓÿÀýË1\fQÜ©ÈÞ»AÕ\u001bIed0éêÅ+\u0000\u0012@RýK\u0017ìPSÇUO\\?ÏÂÖ}êÇêz\u001cÃÝÝËV´ØO¢)Ï¬ÍñXÇ\u001d-®Uíé¢Ù\u000f\ni\tJ\n½Z°k\u0006!ÞsA\u000f©»pÀkõÑ\u001bzLò\rVç.0t78~TàO8qràÑSñürçg\b¨'Â{¾ê.#xÐÇ\u001dÈQ5®Æ,µ3¿cÇô3óÏ¸½ñ5:aó*'Cß+ð_Ô/OÞÈ\\§?B=OÕÝ³çP/Íez\u0010\u0000\u0006cÃLõ×\u0006ýáp\u0012£Úk\u0005Jº\u0007\u000b]?³êóÈ\u00157\u0011ñÐ·ÑA?ÉÎk1G\"{ØíJ7nbèC%­óUw_Ñx\u0015½i\u0010ØÑ¤Ýób´ÏH° À\u0010»`ëY}7Ë\u00189ô\u000b=\f¤3ï÷XX­î®Wo¢%_ÖjÇaóz3\u0019ÛóGª\u0004V\fÙqTê»LÉ\u001a^¼P«úïbW\u0018\u000e©ÝîÜ'p\u001axé4àìè\u0015w*/ÔeïÀíu?©?æ*\u0019F\bö_½î\u0006A\u0001ë~4é_\u0019úç¹jHìõÈm4ø;4ú+\u0002=\u001dL`\u001e\u0017î3Òí\u0011löëªºwã|N°\u0002¾\u0006«µy\u0016ø¦'¢FÀ°ß#e\u0011Öþ\u000fà¤³¥\u0019ü\u000bcw=²ê®Ý·¨¿\u0018©IÝó\u0005\"úÒu\u0016\u001fSVì1¯zSí0\u0003¾IL\u001d|\u000b)9/_Ûs¶&ÈÎ\u0016Yé5ÿ\u0004\u0015I\u0010Ö\bè¡³F';=\u0010ñÔqëv¥§bEðËj\u0013E³|b°Õ\u0015ßEãÿ2;Ñ\u001ebá:X\u001a>iÌdÇú_vuè$äÒðÁð2\fÐu\u0002çì­ê»å ½H±ç1,àé«z`µ]\u0017Ü>ù~NêE\búî*B\u0006§¬çpW}=äU­«jÕUv:|X³ªÅþÛÒâ÷³¹o\u0017fóP{×FOÄöðy²GDóFwTkT¿\u0010q&îµ\u0012a÷eußýJ·ú\u0011\u0012ºâ5Õð¼\t\u0004¼Dó\u0002Ý³ÄÂ½IÚØêõ\u000eØþzdß§{3\u0018õ\u001738ôî8¤ö[\rÕóÂìÌã½çÐd÷&Ý«[=¼\u0010[³A¨\nÙðÖ\u0001ë=1\t3ùTs}ÈE\u0006ì%Ý^\u001f: Ç#æ3\u000f\u0011;6±ýÄ\nô3x+0«\u001dÏÎ-ºq+fØ\taõÈòÓ3ýåò¾3²:êíyýôPy,ÎbYð~µqÙ\u0013b\u0004ü¸í/PÒc(ZQéÅÈÓ¡³âÔoÇ¦îe\t\u001cË/ýÆªfíÚQìçt[\u0018Gê?\u001boúQkiÖ]4¡GwoT½§xùOê/Ñ\u0002@§Ã²\u000fpJ ÚþÝz¼NÌb\u0004OvÚ\u0010G\b4 e~\u001d1ÏAáù³C\u0018â.\u0012òHK*·±Sï:÷ÂA\r\fò2GÍ\u0016:\u000fµ8èÛ`*^ør`n[õ\\®½ý,c\u001bP\u001dù5A\u0004ÖÝè_ºÿF5\u001aI=tþ}£Zwéç\tH¾Ój^b\u0001ÕÇ\\â\u0017yùÓã±<b6lÖ¾Ã¬bY¹5BPáêØ#dkÅ±è\u0000\"/WÇVÔþ\u0016ÎÈë \u001eï«Õ¬í÷üü[H\u0013AJr½ÙéêkÔU\"Qç¦ 2µMOÕè¹#S<Ñb\u0006\u001bã\u0005©×%Öð.ôðè+E\u001bTo\u0001\u0011^ß¯êï§+E%[×\u0019ÄÞ\t\t\u0000LäC\u001c´{Í÷BPÀo¦\u0016ÉA\bY£_÷ªj>cV\u0006¥?pò\u0018\u001e\u0006ÃÛâ5.~\u0004´¢iCLaÎ6c9ÛÛúå¬ãw\u001e\u001e^nÎÈj\u0017\u0007°úG¬®vìïÝB£XFïeÑz\u001b Àjh&i1q\r\"ø¸¸ÆnÜci\u0003tûöÅ_÷èéËûtwÌ@î\u0002hÈ)cÍ=j5÷g_õõWoùGeÉ:¼(µG\r~´è\u0007H Ó\u0004àÐíkàaÕ\nÖö\u0003\u0014¨}Õ9/ Ñtë\n¤c\b½GM@\u0011OmIâô¨AÇûö÷¼ zñBÊ§ÔÄEÕ´\u000fXP\u0010C\u0002ºùè%ëL\u0015\u0001%<sU\u000fïW\u0002\"þmH¶NÕS\u0006\u0002V³tUþ\f\u001fÄ.øsÆÚ-¡ÒÅWýT³gô\f½UËâYÄkÔ',<\u0001v¼ÑÕËÃ$ú¤;öë\u000fj[¼úÄXù¸\\Û%o%Pé\u0002¼\u001búÕ\u001f2ôû$u¨v\u0004\u000e8x÷ÖY%\"Èo¼¥~¤å×\\4qeõz¯ÃØ\u001eßzcÝ¡¿`Ýé1Ñµ¾ÌÒ\u001cøý\u0001ý¨\"±#\u0007\u0001!\"öaKª?tG\u0001~é\u001d¾{EÕî\r\u0019´\u0005ÐA\f=#\u001báñ×0Ë\u0010¯½&Ò3Îú3~ì\\{k\u0006b¿p\u000fç7n3¾ *^B\u0014Öm*Ú<\u0018·ßÎÖ\u000b\u0012Ä.6z3ª~ow\u000f\u0006õduô­%×j,9^nú­z£ÙûT;'xMcú+¨ñéîËP8ÆÍÙ9Ñ¸_\u0002¢(ªç(Ø%£Ç;qXB}Y\\èas?,Ûlï\u0017u¼\u0003\u000fðÙyB\u0014jõüqJ'1 ºji5fÛb>êdte\u0001Jê^¼Ó\bzdl5_\u0015\u0005yV\u0016Q÷³å\u0013Ud\u0012\b\u0001SO\u0016ÍáGW+$í\"ªÚÄ½Úp÷MF°\"Ògã;Üë)Á¥ý\u0017)í\u001a«/ÏlDPÄÔl½¦¡~4¡\u0018|±À.CGª/wx·ñ§ì\u0000æÏ\fÝdÅÓâUÌ\u0011=»]w®Þx\u0010¢¨ÊT0rZ³kÔ\u0013÷¦4±ì¿qîµÌGN-wÔ8´Üy´4òBF\tö\u0018»(Ëê½ê³\u0016j»´¸t8Î¿¬Iä>ª¿¢¿G¯²Ú/wó`\u0015t¼h\rc]Å&\n.³ì\u000båzº±Üm]f\u001a¹×ôý\\ï²Íb\u0018\u001fóRuå¿ZîÅciôÕYôÕnn¯ÁX*°A0 1xÝwÂ¾¤ý£¾H\u0010¯ÞÅeá-èwë¬ÜYE0ùnØ±-¹*v0ëòy)ËFý{éi\u0004\u0004o|è|ë¤°\u0007S\u001bÄëôéÖÃpÅ¯ª3 æ5çóJ\t\u0001ÜG\u0015Àsº¥xûyÝ_®\u0006Êv«áë7ôB±\u0005ÏíÁ\u0017éY\u0007¶üLÝ;(ÆMÄ\u0001\u0003\u0001d^^Å¹çÓ\u0018Ý¬o]é\u000f\u0000\u0002h\u0011\u001b×\u000bû¿\u0015ÒsPÑ'êõV\u0014\u001aTüfz[ EOøÖ \u000f\u001dÞhM\u000eÇ'Y/r2pûvê2Å6\u000fgªnïuÞrwQg¸¯Ð3·¸Ö¬¦\u000eãá\u0015_Þ¿fãK½´sVÿ\u0000ù¡\u001aÝyàtåúÀ\u000bîú.&\u0012ã\u001f^«ÿSà^,®\u001bä\u0007:U\u0013Ñ\u001b'3ò®'z\u000eKæ©Æoh#µdJQ¾ëê'ª¯Ê$ñÉã=¢Z!ºpDå=ûÕºmVÄ|Ñ­7x¹\u000f\u0018X2²;ÙàÛqÇÔzW«G\u0017_Aü¬Y¾!w-þp\u001a´\u001b¨6ý(ó(1\u0011+\u001ft\\q«\ný&Ð®\u0005yF\u001e\u0019\u000f\u0016°ð~]ã\u0018±|®\u001e­FUßã¿¾î4#­DÒn\u0000ú¨ZÎ-\u001fÓë\rø\f+>QU\u0019$cØá)otñ^0å|'7\u0002C<0ÖwocÖâ&ÿX|\u0002\u0006\u0001ªOWOÁ\u0000ÉöGïä.þ¦»pSn¨çòëoÕoåPî\u0011m°bTçõõ\u001cU3¬÷n»5\u0007¶$»@\"\u0001\u0006²¯êA³\u0010\u0000$,×Â*\u000bú¡gôÈ­*5wz;f\u0016¼Ñ·]w\u001fS³\r\u0004X\u0005j\u0019±ø{ÔàïêOåVµ Üâ\u0001\u001d\u001dÅøp\u0006yÙ\u0003`÷N·Ö&\u000bCTê\u001fW¬ÓÒØiæ>ã°.±dõÂtOpTºÁã\"æ^\u0017&\rõ~MÖ¬ÉFó/\u0001n\u0018\u0005\"=ÕcAw]5§ÃV_á½Íº¬\u0016·'Iª-Ò£2Â`Ý$õöDî®#³Ì>Òà !DöïÈp#3 ?'Ù\u0018°{\u0015éÐ\u000f@2)Îâå­ðåç#ªÕ\u000eLVã²ñ÷ñ[7u\u0016*H\u001fæþî!\u001eÊ:u\u0018\bîÍ^^üÂÍ\rl¾DZõº/L¼\f.\\N)\u001bÜç¬X¦ë¾Î$]T£'¡ç-ºIóÝ],\u001cú¹ q]¢(\u001eÚm/¿\u001cU/ËO'%àpà\u001cáí=^\u001cf#þ\u000bW©I\u0003/¼ÍñÞT«\u0016û¢]x.ºÛÙkÕz.§~dÚ\u0014É\u0015\"\u00115s:é¢\u001eÏU-åÛ$ÓHÌ_v÷\u0012qÃ\u0015\u0000ô%ÇbÈæ\u001dæ~\u001a,1ÿØÃ¡­æ,¡Q&\u001cè¦U5ÛQ¨Î:¤Ú;Då\u0014c<c+\"\u0005cà¬vFØ>9v\u0006X¡ÚµÆÔ73¡/Æt#\u00029­Ý»I\u000f\u0012¶\u0019´E0¯ÚÏäàñ~<·\u0019}.R»;hllØYôé·ñZ¯î©\u000eê§[Õ½ãjjSÍ,£¼h}l÷Æ6\u0015ÄÍçÄï¹¦Þdf\\\u0007ø\u0002³þ\\ïm³\\!÷tGgÛÓ¸¡\u0003Q\u001al¢Ùº+\u001eqêÕl\u0016áôeè´Ð¾ïj\u0011ôYÛH±8\n5¯Ju\tæÓãWUç-qGíSêëSój¡\\5ÙÛäÏR=«'î£÷£µº{+ô¸<}§ø\u0004YÛp\u000f¢:»n\u0011xòN©C<ÉÔÍ«\u0017µþtÇ8\\5êý6ó~\u001cYkCuB1QÝ,(\u0010y\u0016¼Ìë¸\u000bÎÜSgoëé-%å;³3uû!¯D]=yòj7>«DVÇÄqÖÚãßEDó^l/VÄ\u0013PJ×\båjU\u00111ÄÁíñ·\fê\u0017Ô,ay×ÙÂ´½è\u001bÒùd*Ø\u0007ñSVjÒ³â'ûW\u001du\"ªeä\r\u001a>\u0012³Ï\u0014Á\nÍÖp$5Ö1\u000fWé6©z2î7Þú]EB\u0007fó¹U¼\u0017÷V?·nYmÆ-ßÚÔ³ \u0011\u000fÁ\u001f¢¨¿\të¹-æ|>ôÞÔÎ¸\u001fåGvf«\u000eR¶¨{v«»\tl@ózËW\u001d½Ï\u0010?\u0017ß\u0011gÜN]À\u0000OÈ<fÕ\u0015f:²-²YÑ+úÓ*õþV8þë\u001cÔã\rªG2\u001dW,§dùxqBã1Ã1kÌàl&Báñ<jà9â\u0015\u000fÕKgÔ½õ\u0011ø§wnr\u0004\u0001\u001aÜæ,mSMWy\u001eg\u000efûcj.@;6¬»~X-ì<f\\ËÖ\nÝ\u0005Ð«Gj\u00038\u000fÔãä\u0003 ½=z<qÇæ³ Ä)ó¯6¡TdÏà+êk~yL½?]¡ºöªwá½È©7ê\u0005NÀ\u0019õªH}]\u001f`\f_´f|ò¦°Dª\u0003B~ý\n`ÍÉTJµ?HÀ1vdÍq'óÃë5y/OqÊm¶þFÕtÙ\tïá\u001dV¤Rå¬'tCªÇ'fZÈ</´\u001a!ñv\u0012øè¥pÇ|\u0000¤ FvL\u000bß¶K\t\u0005û\u0015\u0004US}{õ3\u0019ï¼d\rû\u0002¤¾5\u0005bYR×ì\u0014Xð´j²°6áÊä\u001eÚWÖ¨·¶0¡()T\u000e\nßvï!·Å7ñ$=f¿%\u0005u¨Ú/íÚ/N¶Wý\u0010\u001e\f[\u000e¨\u001få\u0015×Ôý\\¼\u0007ÞS~EÍo2\u0014³é\u0016Ë5\u0001{\u000eãß\u0001Ü\u0007p!FÕ\u000fæ!K¶\u0006yÑ}Ýk-À\"÷Bèå×)®Pz\rØð²\n\u001f²÷\u001e·ãi\u0014b¶¨\u0007l7æù\u001fõçÆâÐ¾ÞQSY/às8ñ\u0005ÌzYë=ú½\t öè\tg_`TVÁÊ´ñ8\u0002\u0018TÃ`\u000evÅ2ëV\u0004V\u000e\u0013\u001bqªIóLxëm?qÃ/K©&JÈc9­\u0000I0¶\u000bôÃ­ktÛF&¿\u00066IÔ{tÇ.¸ü!),÷ÞQï\u001a,ÎJZÈ\u00183c\bv»ªú%o ¨ÿÜ¾½ój4þÂbjfHÞ\u0013Ú)=h\fòð\u0004.±k%»¥p;J»S\u0002\u001b£\u0001á|w©$7á\u0004>û(ýÙ¢wöë\u0012\n½\t_lÌIy5A£ÏA#|ÆýÃÁ¹e§¢Ìrþ¼\u0003ucó>«MJ/·YZ`ÝöJê)\u0017ëMáAú~|kÝ\u001a·)£\u0001.\u001e\u0006q¿p\u001d\u0006u³Ðb,\u0003ö¿AÏî\u00005¬d0?À¬©¸\u001e\u001f`\u001aw¸W?\u00159I\fpÝüZÒ0,ª;\u0012Ê`\u0001f è<\fbÀ\u0018(sê}\nNõ\u000b\u001cÀ~QÄbÝÅn!ñÛÊõ³M¨Åqù\u0006xfëêZ|ªó,$v´¼9Ë\"¢>ÃU»=\u0003»­á\u0017=)qM´z²º|BSôÀþz¦*ÉFÞäÕAã{!)Î-Cû¬±Ö\u0004õý\b\u0007>ªÇ«5m·s¹'6ÍÒö¦DH0|hÑÛBÂ¦\u000fÏ:(\u0011×\u0019Ú\fÖZ\u000bú\u0003\fë8Ï|\u0002\u001eýérmHü\u0017Oà8èàH*+þ9×k4Ë¢\u0003²µÄ:ñ@Ý\u0007ÞÚî6÷\u0012+c\u0018Xo£co>\u0001ºsÒF¡*M.Ú\nVÌ\u0010O:iD&RÏV`o\rë¦\n,\r\u0018Ón\u0019\nâÆµ~ ³LêácÕvÖùäOÕ\u001ff\u001d­wÙðÌKv\u00050~µ\u001aÚ¾U?ß\\A:\u0018PþÊC-¤\r6»¢=\u0019D«0êRã}YhÐ\u0011\u0011ü¥e1^C¶!´Ô¼Vw^JJ%|J¹\tÏÎé>?\u0014¢ß7Üº]¬]Jb%ï\u0011×ù­îXÈ.7\u001eÏ.º`\u0005È)Vû\u0018À\"!î©úEö*\u0018ôËbù÷\u000fÖ\f>L¨¶]©'Í\u0010êv­VÎ\u001b\u001c÷¾ó\u0016ýëê\u0017f¢âÛvQM°ËÓ×­1[\u001cÈSO\u000eé`Új6¨°z@ÎÚv×<{QØ´OÀ¿B\u001bK]EB\bKÕá\fÀ¸\u0015Wd¹ëf¬G+tg¡\u0005~CªçX O?IÁùN©Vó­6Ôf\u000f®[útKõ\bÒ\u0012ÖíÙ«äç\u001bûev~üe\u0012O6C³(3#pÅÒNÙ5¹¥ì¿ÄdP\u0010uX\u00194ò\u0016JÐ(pÒÄ\u0010öm»\bH­\u0017-\u0000ÔlBE²L\u0010c3º'GMÊÀ\u0005¨*Ü\u0000¼6^)9#E®\rä.dò©\u0017W¨Vüµ\u001e%óÆyU.\u0012«¦ÌúX~ÿBh°\u001aÓ´m\u001ao°AÊb=®H¨}ê¨áÁ}\u0007¡ã7ûØª\u0007Î«ù\u0002Ý²^÷\u0006ò0ñéñ³½'¿;ÍòZâ¼n18îO\u00055n>Ð]&wjOC×$ºæH~|ÛQhDOÅo©dòñ$ãE96\"VStWC}\u0014E\u0014éÎÌìUúêuÐ\u000b´þ}õbWB~\fÀ8\u0004p\fjH\"þÄkÕØnýöp\tQW\u0019Î.\u001bu\u000ez\u0011Áê|PùÇ\\¡å.GØIÎf\u001fU\u0001aÈà\\w¦\u001bù°b\b?\u0007Êt\u000b`¬J*\u0007ø\u00003Yë¿J/\u0004N²ßÂfÞ¤Þ\u001c\u0004\u001a\u0002{ï¨bPá»&À\u001f©?¶^Ôzhj¤,!'ó\\º½ Þo>[».^\u0019ÕÝQõ:ªûï °Þ\u0012'¹wÃá-leä\u001b\f¸\u0011_:Ë\\ >åY»9zZ\u0019V|âFðZõ³ùå\u0012ópaFGè\b`\u0003\u001b«»WÎ¥Ö³)Øxðl¯8\u0011*~ÕdÊÃí¦ô\u0010{\u0011¦ËÔ\u0013¼\tçÂfÌípþòðû¤ÉÈ\u0000hyn*uÉ\u0013S_\u0016#SÖé\u0015æÙ·\u00182\\¦îsR .%%¨W+£Sf|h)\u0013r%&o*\u0005\u001f\u0003\u0018¸bÒîè7@,T2/j©¬E-ÄÆ`\u001alnT\u0014ÿ>¡?ß4ÚÉY\u001cS+×_rç¤\u001dà)ÊJ\u0016µêw\u00173õMÃ\"¯Jq¡ñ\u0013Så\r<+`U´º\u000bµØG//ç2©\u001dåÑKº\réñÓ\u0016¹ù±\u001e\u000f×4¶Þ´H\u0010lRÀÎß\u0019×@.RÐ\tä6«æ¤;Õ,ÄøÅ[$?|\u0012®ô©7Áü¥e#kfme+z\u0006m9l*ªMã8AÚ§\u0002úz1±RLÉCªMý1HÆjrõ×\rúîYôÖ0¦n\rv#|¹wp¯¢&ï\u0017;`/õ\u001bh}þTDj½\u0003dcl¹E,\u001f+w;u\u0014.â7 ï3|$çDL\n|k×:AÖòëÖR\u0012:$|\u00139TI$}5Â'v%g´½@ÈX\\Ý.ÉèÆ8ê\u001eÔÁôY\u0003øùÕÇ[K ã \",\u000fÈÅGõjIF\u0010Ö·\u000f»uâ\u0015{\u0003\u0019Ûì+,î?(\u001a×OÖò\u0007X¶Ý9ÙME\f\u0004\u001bA÷#\u0003Ý¯©¯ñE@_nônÕ}©«·\u0004f¯+\u0018pñ\u000bc$l3\rQ¨H¡^a\u001cÒ\u0017_c¢ÿÊÏw\u0000A\u001b¸=¡!æ(;ñi½Ä¹ïS¦¹Ü²p·j#7Éµ%\u000b\u0017¾4½\u00105\u0015j<`¬\rê³& ;°ûlC\u0006&\u0004smF¶|Ï~PÆ¹û­·ØÛ*M&¤è!Q)ì.áù»ª«@òìJìÑw+\u000f»ÔBrJ¹¢[\u000e{.\u0002:ÖÜÞxÒ&¢ùÖ  \u001aõ\u001dúg&\bûs8¸ó0b«U¼Å<\"p:Q@_÷Ø,¯È~îÿ¶O &²øí\u0002'Ú'ÍÍ°\t:Íð0`¢ZsÚ-ÛÜ^oÙK|%_º·\u0006\u0017ñ-7[@\u0011ºý*>4Ñ7'ÁnÝâ\u0015¶ös²êh0øb¢h)¬÷\u0006±E\u001coÈöûk\u0017ïÇ¾\u001bNV/\u001bR¥·xq úsÕR^«\fÖFòo¥¸I­É¼¯I \u001e\u001b\u000f\tw[êµù¸ø­bÁgì \u0015CÃ&øqv­Ü¤çº\u0001>ù=)µ¸QéÁËÛ->'#Âµ\u0000î{íX­µì\"=n\u001d\u0007jtW}\u0007÷äçe1$Òî¼?\u0003×o\t¹xÀ²' ômäJæ~\u0010b9ë\u0005o²s2îË\n&\u0004ßY6³Ýd¸%¯Ò)lVM!sMêm1$^þw{lÌO¬<vI\r­W=i\u0004u¿U×g\u0012X³ÔÈmLúÖµIàÆ-¹§\u001f=!dO¢\u001d\u0019Á\rEèøçít6é·kÐ¼-73Z8¶FÝ··ß-qÌÀÑÅ¼P_%¥;-v¬ß\u0016.ø¬r°yól!É¼Ów×\u0013TÓý\r\r[ ´yõ6\u0015»:¢ßáÒ^×}\u0002Zû>ý boÕÃSÕ6 íñ¥\u0018\u001fë·~pÓrwÀd­\n²i>õZ\u0006áË$%Ê\r\u0003\u0013ÑÁ&ë_gw­\u0013¹c\u001a\u0010<Àøº\u000bzQs\u0004áQ#ÛåÙº=óàRáÇ²ò8ê\rQLu%±¢Ï×Ò¶»ïfPM\rH(?bãý4=N¦\u0010r«Ã/Æ#kpº`ÑuZ¼&Bçü­\r.Ã@gdV®äbh\u0018æI&®\u0004ì=¦\u000bö\u000e,»ðMîE¦. >ä¡Å%ómR\u0001\u0015\u0016{ã\f©ßgÉêr\u001d|¶þfÓ©é÷Öºo·ÎJ(5³~%z>¶%ù¾E¸m,\r¤é~^bµHÈ\fGV#ùçQºÝº÷TS{ý?lbñtKÝ­ò\u001dªù<Û´\u0001\nz±þßn\fH®4ä\rQ\u0017Ü¼£m\bªB÷$\u001c¿\u001f¹jC\næâç\r\u0007aM¼wÑ;Á\u0014\"ãjJytÕHÉ2ÝO\\m\u0014U3õ3G`\u0011àøú|\u0003kb4²ïê¼|ÁIùðöIÁ\u001b¸H\u0013\u001d$6ÞÒ\u001bªÔr!Î0cë}GSW1#æÔTo\u0016\u001dÁ@\u001aÍÛÂ5SåÕ*xªÇkø\u001c¥3\r$ Ý(¬Ë/ºÁî&Á´ßÖ`Ò|Äï58Z¤°>©^'Á\u001cÍÙ¼mX_h­þVÅÎ÷ºÜ²îzê2ëÙ^JaÙÅÚ0\u0011ÔÏ\u0003Qÿ 6ð\b0®nª¾Ô\u001dªk;Va+\u001eÃ;\u000bØùõ7ið¨u)øÑqq\u0006ÊÔduÕ>ÉÅ5v~¼]Ë\u00129¼9?ª\u001fìãÛ¶\u0017¨G×õ\u0013q\u0003$X¦ï\u0013­wt\bJþPY\u001bÔ¯Ã8p¦\u0007Q£nÚ¼Ãdà.óÁ\")ê^\n5è|=wÛÇ'±º³ëô~dïÊ:Þ¹\r÷\u0010$zFß%\u000f]pXR¥\u001e\tùJº:]_ó\u0000\u0002ì#ö\u0019\"aÆD4õàN°3\u0014Ï\u001c6é\u0001#\u0018Âp\u0017ÃÔ%×iU7ù\u0018Ö s^±^õ×ê\td:Ê&§gÆ2õã\\kU 3ÅÒ¢?}×\u0003¶Ê\u0014¼r£;c9®)R0\u0019÷î\u0003­Ûtã¡U ¯ïl8Åf2ú\tãw¼\u0000O@\"¼ØÒH\u0015*í1gÙ·®³ÿnñÿëÛn¯\u0018}ÿ\u001a±g\\®GêõNu?Yüe\u0010O·mfYÛÇÈ5\f \u001e£fÙ\u001cðAõe«î'G\u0017ÈöêIÚ¯ûmäÄI\t%\fl)gv³\u0006BþÝ6\u0007ãßwÚ\u0000\u0012uY[\u0005=\u0011Æ¯\u0004Ý*ß´Ì)®G8ô©n©¯\fcv\u0015lÛZt\u0012ç²Ù5f^¡7+ùÏ\u0002\u0005ôé·Ë¥~Ä¸uKX·5¹1/\u001bU\u0004D#@\u0003ýÄlTã+z\u0002\r þ\u0007lÀò7mð1S\u0001Tk|wóq2à[|¥\r%6´ïe\u0000eÀªòb\u001a·Ø$á}§\u001d«¸Èô\u0017L£\u001dº×M?[\u0003¦JÉ¤)\u0011§\u0012H Pzqð\u0002¤ í}Ø{%?qgþA³\u000fùb3²é_Ð¥½úW\u0003&ç¯ª½ú\u0007ùXn\u000b&\u0019½øFÌÓÆp\u0014ÎF\u0018ðKiÈ¯q\u00135\u0007ozÔøÚH¹H\u0012×]ªb{kªR\u0001\n¿K9!>U¿NÑ\u000f\u001br*Mb\u001a*\r.ûæ*R­;?1­\b\u0014×øÙÛÔ}ÿ>6úÃyÔ@¾©\nÕÏL¡Ï[.ÅV\u00127âÎL^éÁçnQÃNÞÝÁtÂÍÆV¼²-]7\u001d£°#\u001fðbø\u001f|#OtIÂI2Nÿ\u0012nM\u0003¢å\u00198u`s\bË{ê\u0013\u00197û²ÆdKÒP Ó\u0006CÒ\u0011ñÆî\u0014ÕÍÉ/¯«²ö*IGêÇkgÓÊx¼Òýg×¹0\\W¥{Ëuõç\fb°å\f9nY(z]7Ð=åÌû'ÞJÝ\u0015©iíSúÍvDÖ\u0004ZJësje£0e3\u001ayb\u0006§/ºT0èËUj>ÝQá´\u0014Ât\u0018Ö£»Pm\u0004w\u001f'\\Ëhí\u0005eÊßm|º|A\\>:M¦¯¨iÒ\u0019m<Ï{\u0007ª3LÙ¢ÍÕ\\\u0000Å \u000fe|j¹íí[MY<j?=¥J÷ûQXi- \u0006vbU\u001f\u001cW£¼ìé×bj M#¥\u000f¸¢>\u0016ä¢=h·\u0002\u001cG©¹ã\u001f\u001c6\u0017\u0011!\tr9u¦no3\u001aO\u00161]¬ÒCy\bÒ\u0016:f6ü9M<è`>è\r¯ÃÉ¬fX¼ç\u0015(Lö\fÑ¨ZóôÔ^5»\u001aÈ\u0002\u0014ËB´£qo~å©\u00177Â©º1³\u0000\u001a«\u001c,=}\u0018V|dÝí4\u0012Ë1]x1Sþ¸tF8ÐÜbt\u000e\t<\u0011(ÔæjGTW$!ÏÙ±*æ+\u0000±su¯èýÑ³o½b\u000fouÿÍÚ°8$Q=±×±¾¼õ(\u000eþ\n³À\"Ð@¨}Ww$\u0001\u0011Õ©\u001e\u001dÇc­]M}q²nJf-\u001fèñ[uzaßZDñ ãlx¢åÅHb\bù×³×©\u0002ÀÎ-,{~{ã$ð\u001eÙg\u0003ië\u0011ÖKhèÕúåQÞÒ\f´1\r¥\"T\u0005K¶L¶\b¨IÒ¤\u000eêÅ\u0005§VR¿9V+6ó!\u0014Û[#/Ñ×qÌ¢Oß»¤^c*W¨\u0011\u001f\u0006_ÆTÃ\u0015á\\z7:ñï\u0015²Ó°b\u0018\u001a\u0003Ì}½º[.\u0001 \u001b\u0003±È\u0018^\u001dÖèÝBd®åP&X8²¡\r5Ì­8R\u001c\u001bÅi|bA\u0015Þ\u0001ãµÜ¸IÁj\fç#ªç$\\ó¤!Â¨ÜMïf¿§NéGÉîWÅÌþs\u0019\u0000Ì\u0006í*Äò'yÇô\\üÑgîSÇ¹»ç´\t\u0003õ/]Ä4o¼¼ÖßËí+døEjlÉ\u00177Ãe\u001c¦\fªÌñ¥\u00050á\u001b×ê¯_¿È\\\u0014Ea1k½äU4:±7Ü¸Q·+á\u0018ï\u001c¥Òwf²# @Ñ£ ¨X \u0001Dõ«ÅØÝÒµ\u0012»\u001bFÖ³\u0003\u0018MüÎf\u001dø<Ù§¶\u0000G=H ÷{M½È\u0005Ï©Þ£j¿¾»O¨]ªå`Ü-\u000bØ¹·ë\u0017ÛÛÕXûÏæx«Õ»x\u001e>ÐËÛ~\\/ÄõíÝ\u0007ñèFAoM?·!ìÄËhsÛ\f]Pêeò°j'oÃÔçC\u0019wG]\u0013êtÒcX§\t?,@¿\u001e;D¦Æ}I\u0014$Û\u000b(2}ûNÔ))ÈÐgJÍ<Ð{Dfô\u000f\u0007I½±\u0007ÉA÷QÛ<Æ.K\"s\buÇr#\u0010;½AõXÑ\u001dUÿ n<Ïû¯«wdóK\"ÇÃâ`·<#'cß­K\\\u0018Çë^ÓÍ±ZýKJ5<î}3±\u0013\u001e«,\u0000\u0002:Þè\u0001Òfg\fW\u0017Ø`,gS\u0007a!Û¤[8~R°à»6B\bºëk#ú~É©ðú\u0012pk?ÐFÉIX`¹ì9\u0005\\¬\rå%­ÉT÷r¼72óÔýãºußIýz»©³¯\\\u001cÏ%õE@Y¹)Ð/\u0019\u0014ßá4ÉâcmØv[0¼\rr2Öô\u0004F^²[qÛÊ;È\u001b\u0013[ÂÖ .ïæx¯¸;¤[WB@\u0018Ä\u001fb;\u001ab8¨ÇË@ôäVú\u0002@J\u001a\u0007\t<Ó\bL/sWv¼¼r\u0014NÖâ¸S;¶4}ä)YôR7Æ\u0017\u0013J°ðç$É\u0000Rt\u001f\u0004x\u001d'oñ3;*Ý\u00186i¨/¬³Gµû\u000bYwÄäÈf^ú\n¶Óe|y.3\u000fË\u0001Ó\u0002ÃYzèÕÌã~L~@e\u0005\u0005ôLiC\u000e¶ê\u001fÛqüiÛá\u0006ûM`\\l9kqý®Üa3-MÃcÇDv~óÄÊPó\u0012Ü\tG.«ç\u0012\u0017¡-v\u0018\\k À0Ö`2Hd]ÍdÊ îÕKr@tÏå\u0012Õ~(ñ§6CÊ\u0006,C=\u001bHbx\u00042Ó²ÉÉýrËkØ~ºZ^d3r¶ª'b3\u000e0Ï©\u000fRKä÷î9`­t\u0012å\u0017\u001d¹ÌÚ\u001eÉÔ2\u0002ñ¦;á\u0015ãwe©Në`\rßnR¡\u0013½£\u0006Ägö¦8=awäêí>éÀ\u001aÜ]'Ek&ì³¦RJ\u0005ØFs+5yù\u0017- Å\u001c7ÆÍùüüÝG¤ìÝ{à¢I&ÑmNu*Ä0Bøì·ÍÝð.Úx\u0015´(\u001dÑ5T+jÕv\u00025/LSê\u0003MÛ°MqZ\u0018\u0014ÔãÌ\u001e§ùþ«å\u0018à$\u0007nw!I<¥:Ó$¼¹É´F¸Ò3Ãë+Z8òkg®²\u000e\u0012a.Â\u000fuëÙåùê©\u00053¡\u0010mVûÎl\u001aÀØÄ\u0006;Âµ¥&)ÐÉøt/©A'Ñz\u0017|¦{/1Ã¯¶ÅQ\u0012Ü6¦Æsá\u0017×6;ÀIé\\å¤t~·-~\\\u001cíÓ©,Ýä\u0018ôÎL\u0000â~I\u0019EÝ\u0007ðxf&!a'3Áã½i÷\u001aÅeðØ,X`Æç®É 0\u0018îÏÐÒÖÅqÝaÒ9F;»w1\u00118JIáÌ<£bÝ.Íha\u001d\u0001Éûª^§Þ¹©\u001fÃY¸âD$ò|M4òëÙìÃx;H\u0017\r\u001d9hgÍÜN4ë\u0012E\u0015r£ép\\hSh¼D¾Ãe\u0003Rß\u0010Ð\u001fj®]·Þ)<ßlb+hF\u001c¿¸\u0004IVgëÇÎÞ3\u0011ÈìL¿\u001b$ÜîB)!£.Ýq\\W?\u001c@Ðù&\u000e½Ë.EN^2v)Ê\u0018\u0007\båÿÈöLÂñ2\r\u0014dveÕW³øøóR-\u0015ÎÃ\u00146©&qß¸[wóT\u0003è¿¬_Æwár4îÀ\u0010ï[,wIDK»yj+?Ïçb¨>ÚææB\u000eïma;3,\u0014-ÛÖÀ+¿ñ9lÅ½m¥àq«ñ;LäR½V\u001eµ0º\u0007xô\u0007Ös\u001f¦²!\u0001Ìv\u000b\u0007$%\u000bNcsÊº\u0005:\u001e¸Ý\u001aý¶â^\u0016Ë¾Ø\u0006­¥~Ápîä9ã\u0014ªÇn¬¡\u0005ä/Å\u000b¦-ðS¿/ÝIÔ.5l%\u001d\rv]ª_+\u0005\u0014X¨\u0019ÃèV{Ðô¢ËÎÖâ\r/5Ï}èe}\u001emsú\rtãÛ\u0019õøÉËcT\rkQ»°¼ËÛEïÚ±â°&õgé\u0000\u0004:B;\u00027ù§ÙèÇl\u0013$û\u0017\u00131w­MÜc_&Új<\nåìÃêîC\u001dQÞØºÊ¤à®Â²v£¸Çd¡·AßÌëß1\u001f$bJëÆ-T\u0017ÖßÎ`qÜC}YdøAXM]ÑÍå·\u0004\u0013¨ßç!°\u001f¦Q4\rp'iQ¢\u0015À\u0018Û\u0017Ñ&~MÇ@g\u0019³\nTO©$ÔP±²O<\u0000ÁÍ·Ø<FÚ<»¯\u001f\u001fDµÎÛ\u0018\u001b.\u001fãÁ»$5\u001e»Û4¢ü\u001aqnCv=pÍÞ\u000b\u001egªE»77SÕ×ìÕ\u000e#£ô»ò?3h¾É*½sJ\u001f:Ý\u0012¡\u001b}­Ôî\u00175C´2õ´M(\u0001nÙÇ\u0016@­îe¸×¤öö%vVîØD¼Ð3ç\"æÃ³½PBk\u0014Ú\u0018¦Å»iöGPÍ\u0005®#n>\u0013râj$½\u001eõ8tÀmEûÉdÏ`Oü6j1±ôrt.öè9:¾n¥æLî,Vm.\u0001õ8\\©z$\u0000Q¸ÊXn¬àS^Ý{I:9x÷¯N¸ä j¼\u0012³\u001077s!îe'igW¹ÅM\u0003ðïÇ¸zÎÏ­\u0016[ã»t§1vF\u001bâ{¸bD7ý±þ1¹mqd¦´i1Û Èy$Í¨A[Àëî\u0013\u0011q{üìM2ûZbXÒÄ\u0017÷\"¦\u001fæeÀÍÅêë5Ûå\u0007YÚFe/OÆ\u001faLÙÅY~$Q\u001b\u0014vÅWmzX¦\tA+ÓHÑ\u0001=wÈúBEÀä,øb\u0003\u0011\u000b{#ºáÌ3ë?¦[lÿ}ö\u00195á´\u000fa6.ÞßgAXÚôK\u0000!B\f;ØÁr\u001b²ÕëÁí\t\u0007Ì#H'\u0011Íðð\b\u0013±G\u000f¸dtYõÉ\u001aÅd¥r\u0018Wpî-Ou\u0003Â\u0005õÙÖ\n½\"Î©¨j4PúVÓ _?ÇÄ\u000fê\u0001)\u001c°5µF?^g9,´\u001c¾}\u0019V#jÊ®ÈÊ1RE\u0019^JÊqs\u0006\u0016\"²³Æ\u0000VänãÛ8zQ=´¯I¡Ñ+{M¿¡Ðè\u0017Föß¡â\u0013\u001eð\u0014É0óeæQÅxI?½¢\u0016$+Æ«Z(\u0013ÊQ(L\u000f9:_ß6ï(.º-OlÜ)È\u000b«O`Ú¶yë~É\u0007Äu³°`'Ñ¶*Úm#i2Å¦~\u0012¹ºCê\u001b\u001d3Í¨þ8iSJM\u0006Ì9[Áæ\t\u001anJtK\u0007ëçAk-¦s&)¡^:´Q-ÄBA¸(öbI#àøÓË@ý\u00008ðÝ\u0017gy\u001fA9P½.qu©¯³ByÈâ7Ô»e¦âàº£8°×ØK\"kÊ]^\u000f-¯ ä£=UÅÐ\u001fÕ\u001aNHç\u00040iÏ\u0003z9XµXøHó\u0005\u0012\bP\u000bnÙb­iËÃÊdB)ÒÇ\u000e\u000fp¶RvåDcGõÏí,]æ¹¿ðÕ-ð©·5ËJø2)þK\u0005\u001f½q\u001bõ3ÊNIþHDÅÎ\u0018gy\u0015í¤\u0011_(\"9âOÑVÁ¦¿-ø\u0011CÇ4ÓD=Z°V\u0000ºëüyÚô\\Ä@:Æzºe\u000f;÷=Å\u0015Ç_~\u0012aÔìÀbD \u000b¶\u0001i°ÈßÔûkXdtW¼)ÀGiØh\u0006ËA\u001b¹ÑeSH\"Á¦e@j\u0015½gA\u001c1Ë}ú¹É\u001e5Ù:¢ÄÌ9-£\u0012ü\n 2\u0016SGÕ7°\bFÕ]grMV\u001bÅgsGù.þÓsä\b'\u0001ñ\rÛC\u0019ÕkÕv\u001eì_TÈÇÄ<£´ßÔäîRíy¶$\tW\u0012¶¥\u001eã`\u0013»9Á³ÆKV#[Åá$U}É~,<x@µÕI%ñiÖ4'Ç-½ÑëzJæ.Ýq¦üºxo\u0019KãÐ\u0003ÙÈFË¹óêÿKV¨?yÃÞµ1TÖtCütU¾Eìí_Aæ\r[ÿ1\u0016´ô½VÓüKáþ\rDÖÂ@§ó\u0010Ø}¶å¨Ix¸u¥êR6ñ`\u0016­ÙWLí÷_«É/;Õäíyêíª\u0012§\u0013£»`¹§GøäWì1§\u00166¿Æ\fÓj?º$¼Ð\tïÒ@ë\u001cµÕ¹\b¿,í\u001cÉØ\u0002¿@£2ë+98Á6\u0010^Å/fÁz\t~YRaÌµ^M®\u0002é«2=åÞ¬0J\u0005°<òø4?tAÖCú¡i8ûÆ´~\u0006gé\u0014¥?\u001f;%!HF«¸hP_¾¤´Î­çÃèÚwÉ[@jàz\u000eIÈ¾ÇtSµ¸i_H\u0010_à;õË¶>9è<ýÛ5\u0019³É×x4Å6\u000fÛ#\u0017áJ¢ÛÒó\u001e\fã\u001e55C\u0019;U[^î©4¤c¢\u001aÎ(hi\u0004ö] ¸D6\u001c¿4^õ}©¿É\u0013y\u0002äTsÆQwé/\t\t,Kd\u000fþ¬©Æ|Ì²¶­£QíMÊµh°QC_õÜ\u001dµ°ÉD\u001cË¥¾·ËÇZ½í4Øò¦¹þâ[åì\"OÀt³è$-\båÚ!\u001b¬]U\u000bàZÈÿPuKEÄ²ªÛN¢420[Íy$\u001dx,?n«ºM'g×:Ñ]ÒxÞgßµFM/ï9çÖ¾ØÌÐ[LÓ9²\u0019Ì\u000b~Yj³²¢÷g\u0016%ÓmÈew®\rÎòe'Jx=êÓí«Â0ÕÏ\u001cÛsÎ~Cþ~É\u0018¢í\"\u000b»#£OÍts²T!gÒÊØ>OÉ?6¤I­x'þ<Æ¥lMö×Í×LógÌÀôoú\tQBj3[jîÞÙî¸\u0011¹©&@\fÛDn\u0019;ÍÅlîü¸}N²¹)1;a³YÜ¶¹\u0014GßÜ$PhZ­ì¹,­Ì\nM{~=é\\n«;ºÆ\\¦]ÞÍU×\u001b.@d÷KÆ»W ¨¾i\u0007þÛrè4í­\u001dÝ·Û\u0018AGõAÚæ£]]Êy%Î\u000f\u0011·\u0013múx\u0004µ¾fy§GÕ,ö¤e\u0018 ê§~´ØëQ\u0004¶ctÛnSõ×Ë¦×cß^§\u001a\u0000lÆ¨B{û!hQ/s\u0000b½4=\u001cw\u001fE\u001d^0}\u001bmbò¤{]\u0000³d=*ùq'õÈ\u0015ÓZkDÏKÎ|°ÆFá{dI\bÙD9\u0019x\u0003åÎt\u0005·Lÿ[ß\u0015R\u000fª÷èö\u001dÀ½LX,Ì\u0013ØEef\u0000º\u0019ý?'u\u0010Ì?ªÎ¤\u0018¦WýÔA¨·I\u0017¯:u\u0010ëádj ®Ù\u001aÝûé,í²ë ÒÜ\u0004^üµ\u000e'qEÍÁ0L\tÄN[^\u0000qÄ]À½KÅ\u000f\u0001sVú¿¾5-\u0019_®,à\"B^ê\u001fÌë?¡PÝX]kí\u000bÕ\u000b\u0013¤å*À\röH\u001a\u00192% %{RGi\u0015YS§Þ%%QcñG¿z%\t\u0011Î\u001eÉ8\u0004à\u001f_\u0013Í¤ç}Mò¯j\u0000º\tÓnx½¨MFÝòfÃÔáÚ\u0006Àêã½Ò¯Ö.]Ü`2xÁaï­Æ\fÐEp\u001a\u001f¨×·PdÏM\u001f¼Ó¨8MQ VÔÜ®Sæß\u00119æ,1ª/|W\u0017õV`é¡2Q]«±í¦ê¯W¨ßõ6EÆVÆ­kÝû¶âk\bÎ\u0016L¦DÐ¢\u0003/TÛò]´h)7ç^¹ýEhÇM7\u001fx»I\u0002|zNü\u001ajè\u001cÍµÕÁX¦¸²>ì÷.×^ïÆm^®½\u0017@>ò2]|LÃÓ\u0017eh\u0003\u001eévÕe XxjúÒ>>\"~Sð´\u001aç¤AÓY`ö\u0000u# Çz,K¼À\u0016Gæû.f8!<:\b`\u000bÛL<½v\bfÌ¤d\u001cÌ \"ócÄ\nÍY'ðÉÖÞm\u0017M½0ð\u0005ÿ;7-\u0003ñ3à\u0017«Î[ÿ#¢Æ$æ\u0010^\u0015Í¦ Åä4º]åYë²Mw.¾ýÀb{âÅ~\u000b\r³\fº°ý\u001cèû=Ç+hÇî2ÖC·úv4jû\u000b­ø\ráÖ¯{lªÊ;ÚÇº¬d[Ð9_LGk÷{÷\\)qÊ\u001c\"w-º,èjìw7ó£Ú\t»¼)1\n\u0002ØéðO0ü=FÇfÐD[G\bÇ_ëO®J\"û\u00040_àIÀ\u0011÷UçE'/\u000f\u0013º½N¿<\fÌûé\n¢álf¸ô~\t\u0000{L¯:{V©·\u001dÅ\u0012ÿ¢oæWqv\u0012Òt\u001a\u001c F¯ëáUªÃ¸{TÊJ}ºq%õÔú¼-úe\u0012\rímî³,¢V ÉýK8¾Û.È\u0002\u0016\u001cª`0|T\u0004AÏH®z±\u0004â/6Î\u0019]\u0002,L4Aa}Wp7´ÿ`\u0019oß¾Ñ+äv×\u001bq \u000b¡l{-×À\u0016¤³'î\u000fæíÛW\u0014nÁ~B¢\u0005L¤çÂÇU¿`\u0015ÓKX~jÁ\nÓÌb\u0005X!3\f´®´[ªD,\u0004Rkeñò»ËÖ´\u0003Iº¸Í0Ö\u0002#¡ñäA@\u000bk5¶4\u0002ì\u001eq¶¼^\u001b¬ÏO,z:F^s\u0002åúl]¬Ùãd5¼7¨@Þbª£\u001bü$\u001e@Êt}N¿Ø~e\u0011\u001e$'QæpÓ«±¢x\u001f\t>\u000e>)Czï$1I¸sÎqS³\u0001Îfõ£ Ñ¶ÉMÆ\u0001¼§\u0007\u0010J\rmÐ\u0002ñ'út\u000elt¦&\u001a\u000eiÒ\tp×¼~o\nî>õÃ2u?-?î]jªÂíD\u000e¢9Xé\u0007¥¯ÜVOC\u0011TQi§\u001e¤ÝP÷ÒôÝ*GÛH°ÁÆâ]]b³æá\u0017y\u0018eq§õë\\\tæz=ë@j\u001c0\u0016>F°¢j>Ð\u0004¾¥öÌ±Å8Çæ\fi#å /Cé{\nÐÀâ½Dq\u0015áàç\u001cl\u0013Ü²Ú&[Ã\u0016Ñ\t\u0004\u001dG>Zx¢JÝ­ÇD\u0013Ùã\u0001W\u001c«B~,õÿà÷U_»~Z;i#Ù_5ÎÔ9·[¤mµ\\1éÇ¸àVáûÙië+Úd\u00019õ\u000b¡4[±¼ä³4\u000bÙÃ\bfÁ`»GFgUØ\u001ee~|ÿwæ*.¯Ô&(\u000bÎ\u000f{Õi§\u0007Íú>w\rv¼å\n½ëÜGôGií@¶diM<gg¦Çî `&öË¤h¹A§<\t¼0¢V´'6a\nK»i¹ui\u0002\u001b=d­\r§7ñsõR Ð°\u0003Ä¿ iwv.ãD«ï\\Ö7»j\u0011n}ìûW\n(ls\u0001«¨æwË5l\u0011#Ýìq\u001d´û.nÔº´\\'cfrËºt{n\u0019ðñ¼G=÷$ó¹õ']ÁiÖuÌ\u001f\r\u0005É³©Æõç\u000bzaGÒ\u0019I3a®e\u0019\u0007#ßâ$éÒ«ÑêÂ«\u0019Þp0\u0018öy\u0002 gî$'\u0016]ãÄdÇ\u0017Hñ;ÿÅÔÜ\\YQ]ZSZQÎ)Ë\u001c]}k^?çT×sº/9Ñ\u001c¢íó{=<l>x8\u0016«rP¶çÖù¿\u001bÏ\u001bþßäy©×çOç;|P¾æ\u000bx½©~¿ß\u0017ô¦\u0007ý ñwïç¥÷Þ_YV[RZÎÌãñºhdsy´¦®\"~%ÓkNò.¬/«(ä£78´ºªwÊlË\u000b¯òÄK55Õ\u00197\u0017V¦^\u0016Õ\u0014¥RÆËÙßÕü«ôZtóñÂê+J«k,»V\u0012­I©.G£å)Î\u00108D¼¼&^Ü\u0019\u0017ß±óMNd\u0006ñãL%1#îMcÑkãfÑÇçKõ§ËÿK\u000bzÒÓYrv¤°¦\"nß\u0015Ö\u0014]âEÅÑ2>¼ø\t®sxvEåxEMEQE\\\"\u001aï*«(ºRZ^r¬¦°¦Ö\u001c¡]^Q\u0012±\u0017¹Ë,N4Î¯q³æ©âÒ8Sûë½å¬\u001cÿvav&âIM[\u001c8£«¸ZXZ~¨¢âJmåÒK_u_TTQ^¾âKÕÑ¢Úxt·\\fY~±·ºOÚÝ[>ÆêJh7ºt%V\u001a¯®Ù_^\u0013^ÍûË¯îýÎ\u000bÓ\u001eªÏN\"\fÁÅ\u000bË«c,Ki\u001c×\u001e-/ª(\u0016ïª(®_¼V\u001cýëµeãpVÛ\u0007\\Ë´âl\u0017;oV<ãÜyóºb!\u0004ù´å©x©C¸\u000e{ÓCVBPÁ?#~oZ \u001dÎû[Ö\bþGÖó¥B¡p Í\u0013\b¥ÿõ¾ÿµ¡àÄÚ!ÿ¿\u001eÿ¿\u0016WÁ4W\\¥\u000bËÅUJÀã1o^y?¯sî\u000f¤¥sÿû©WþËý!\\îO÷ñèÊû=¿aïZ¶´ÿP\"ýÿÛ¶¤yýÿÑûÓýÎbü·ï÷ûBióÊç|eð?[7ø?Q\u0012\nÏÙiÈÇÙé 7d¤Â\nJ\n:-÷C6Î¨øß¿»ß\u001eXºü»÷ûÂËÞoï\u000f3{¹ßþíóþ÷»\u0010\f:Rm%¥\u0006ÿRC>³¢ÿÓ¶°ÜóÊ´ÿ8ýiá´ÿD&ìúþ·ï\u000fø\u0002ÈÛtÿß¿>èùÏëÿvEBÿ\u0014\rXvýw#\u000eû½ÿ\u000béCW\u000eéØ¯#³ÃPÑ\nÒ±â\u0005é§»B1\u00184T½UB¹?à]$å°¿+ï7kfï÷¡\u0001Íý>÷þ7\fw®$ý´eBZX7@&øßßïK_º;÷»ãÿ'÷/W\u0002\u0014ù;÷\u0007\\Ö\nù<e­¥û\u001dnî_dÅP0À§þ3\u001b:\u0014ûÛ=dQj0ýÌþaU\u0014ÖÔÄK#µ5QÙOÑQ~?[þËÄâÒêÂHY\u0013\u0013oÝâÁxôjÅ5ûTe!vcÍþ¥gík~sgaqñßÜfLPóÏòÚ²2þed>µ8r3L\f»\u001a\u001eâ³°Â1\u0012®VÄ£©©©¡²6i^\u001fFÍ¿x»sË?¾ÞìWaI®\u0018ñÕ×U»rÂ×¯\u0019\u001aw\f|ìûºººÔ:jE¼d3ög³<RWZ\\s¼!þq)ZZrÉÔù×µÒhÝ®\nö3ÑàIð\u0005øÿ\\\u0019K\u001b{Z¬ûxÅ\u00153\u0000LX3øÝ\u0015e\u0015ñÅë)îÛ}KÊJ1i\u000bÙïÄxE-vè\u001f.W\u000fc)*+¬63(«-*-&Èÿ¤\u0018g&\u001aO)*\u0017E\u0013\nËK¯\u0016ÖDSª+y%\u0016¦\\*-.\u0017ÕÄk£Æ[,ºTZVËòY)­>v2+1Ãü¼´\tþÜ\u0004sí_oñ=¨,d®¡:~Èñy\u0013¼¾ÂôtÖ¿¦R}Þô´Ô`è?\u001e\\\u0000ý\u001b~á\u000f³ÿ{\u001atLÐÃõÐßZ\u0013a_\u001a:391©:Z]Ø¼`Þ\bÊVNI;½ÛRÂ¡¢pJZ¨8-GøL,\u0016FX¤ºÒòâºû?\u0010\b\u0015\u0007ÂEÆL*+p7n¬ýÇ\u0005ü\bóeC©\u001c.êá\u001ahÆ\\©¼Tt¡foåÙàÁ`ÝÕ\u0013Á!ÿ©+'sê«ÎfÕìÜ³·ª$Xr=Vî;´÷ØÑ½\u0007\f!&áVÅJK.\u0014GcµeF\u0018¸ B\u0005Â\u0011\u00145¥åE52è`¨0=Ý\u0013¥Ä¢ÁpJ -àM)ô\u0017{R\"\u0018B³0--\u0016-4»Xaå\u001a\u001aÈQÉµµËæì\r§\u0002|\"\\ä\tðd \u0012\u000e{£^Oq4\u001c\u000b1E¯Hª./¬¬¾TQcüöx\u0005^xM©\u0010Òâ/\u0017\"õ\u000em\u0019?\t±¼t]¶\u001d)õ_*?W¸\u001bb·ÂÚè\u0015Â\u001d×êoÉÏ/ÿ¿üªQmÎW\u0017UÖ_¿\u001a\b:\u0006ÜoGiüÆ¿»\u001fÊûËý¾eïÿÊJ3þäßL+íßØ>KZHcd ¸=Hº6ª\u000fNs?[\u0010%E\u001c¶hÎ=ÏQ/;¿AÍ\u001d²\u0007äÙëËÿü\u0007iò\u001f|ZöñºùÐQ5éóùÜqô@ò\r\\Ù²?å$ñÏ'\u000f$óOý*g¿=ÔÈ¤Ì\r«\u000fI'6£ÒkÔâäI Ò)Õ»\u0004@àAØWLc2.\u0001t/ø§\u0013XÔ²ÿWWÉQÐÿÉúL\u001f×\u0003Wt¯ÛûåSdkv¤\u001e\"¬Û(}WÃ;Êô, ´ÅglPì\u0006±­wëUgä\nAvB8\u001c\\YJÞÂ95¥LýØO\u0018Ddý\u000et\u001e×/ëêQN\u0000K\u0002\fë÷ª4/\u000e\u000b ¥Æ-zGªæp¡9Ú0O\u000fæÚp%ÑJY/7ÿÌYËWì\u0000¯\nT\\LØ¾l\u0012 ¨\u0005]~B`«FÑêYÆüXT\r<üñ+åÙD:v_SA²k'ìYÑ\u00025Y¾n\u001b\b5/Üec7\u0004q\u0006\u000eÛ)M§RÉËýYNÉ¬\u001e?¥\u001em¤·E»úp\u0000¸PÙsâfï¤\bÁDIÑ\u0010C\u001e ¼è]â9¦òU÷®½dö\u0010é\u0013û=ikä\u0013ûhq²%\fÌêôLªßOèvàú\u001còJ$¢\u0013ÝxÝ\u0014&3¹A=¤\u000f\u0012<³«ðf\u000b¶P*¬^f«·{ØFÝQCêÃ=ªei9A\b]Ê{ÉóËU\u000f\tL\u0011yd\u0003¡Æ¬t5»k;¦Gd\u0001Oô0èþª}56÷2¨{âûST»M\u000f@J¨ÎJrêÚ\u001b\u000e\u001e°iÍi§.ÚdBõ²H½§]\u0019©¤Ù¿v7sxgòÍH¶(ÒÏV¯óËË¤Ø-]¿C©='Ôà®Í&ÏâËz=%½²|N(©Su\\ íq\u0002öØ5ÞÙ§ßç³«\u0011*½E\n=QBiñí±ÚÍ¹LÉi\f\rA\u001c%ÄÍF^Ë=eæ8 ûêõÄ&âA6NÚ¤\u001e{.d©\täo\u000e«á-\u0004µ\u001bÕÐ1¢Y\u000bðÀn={L\u0012,Ü~þÄ`Ý\u00060wÌ©z¶vßêG\n­L\u000fK\u0007I!WSæ\u0014 Yõg#§­\u000ft3«Fö\u0016ô/ôPu.Ç\u0010¤\u0011d_8|³f7_}Í³UW\u001c1·(Ä ç\bÎÌ1á\u0017¦´HÇöds|v¦þ}hãf'|a{F¦I\u0003T\t®PÝ\u0014åô\u0016È,_\u0012°\bX ðòC;¹Ü~\\\u000ffUy®@ì\u000f7ª½ïú£¤\u001aj \u0017s\u0016¯\u0015Wôçs|ì§\u001eÙV¯_Åª*ôøfR\\®0Þèª}$\u00124ë\u0011©â±t}5¥jz\u000frãË&Ú;\\º¦'sYÙS\u001bË(¦Áö½wæ\u0017Mo§=\u0004ÚÆ@=I°%è® .\n¯¬C¾H:z¹¸nÌu·»{>êöÛºy\u0007I/\u000f!>Þ6,® §7x¢ë\u001b¤\bÂ\u0013ÚKªkV(?'\u0005Ú^r_édD¥¸¼ì\u0016ÏÿR3N×Hòe¿ë\u001fWõP0¡Ñ:sq3é\u0012Äá\u0007¶\u0010/z\u001d\u0002è6\u001dé²R¯þ\u001cíÚÏXb6ýÛ!\u001dGÈ\r³¹½õ:9Z®àw\n¯ªáÊL\u0016ìÓïå­þ,ñ{ø\u0011a? Ø\u0001=´\u0010ÒÀ]Iÿ¯\u0003CX£\u0006Mÿ\u0003CÿÞÁÄ\"ÿY]S_æø\u0006))q\u001c½ë)\u0015\u0018p)×\nKËë¹è\u000eÏù*¯£·þöÎEO,à\r§\u0006ÿé½åE*âK¯\fûR½@qÄÉ|éáñÌâË}v\u0001*âWS*,6\u001f+,«Þú\u0007§yÉ/þ{\u0013Jì·ÿ³uÆûu\u0016×\u000f³2e)¢ä\f'\u0016b`øÜ)±Z,ú~\u0007¥B,Å¿\\/%\"+Â\u001fe½þú¤\u0013!úço5~rÊUÇ[üËo|0Õªùg?JXîÍ\u0000\u0018N÷_b¿Jp%Ìó7¿\u0012{YÚGöäßSñ\"\u00198~4/c¼ë\u0006*¯''øÓø\rÿ\tñ$\u0006=k\u0012ü\u000exçÜþ\u00172\nýë\bÂ¿\f\u0004|K\u0018ñ9V:\u0018e\u000e\u0006÷ý»û\u0001\b01N°Îq¿×A#Íý\u001e\u0015:\u0018Ú\"¦÷W\u0004\u001cné~\u0019\u0006ÞÿW\u0007&ÝY\u0019¹_àïy ü·þN\u001a\u0001ÿSfu>¸\u001c<\u0006h£kÑâ\b\u000348Ê\n\u0012ü\u000b/»ì\u0001\u0006TQ\rh÷_S\rú¿ÆÿÿÖóÿÿöï¬ðß¼¡îø'þ\u001b\rr\u000f¹Ç·\u0006\u000f`<uó\u001e\u000bÿ\u001f³÷ú~üt|û/ü²>ªÙÉ\u0007Ì'ß\u000fN\f\u0017OÒçd£+µdH\u0015E¡Iö]1i²e$×9(\u0015~ÿ©\u001b÷\u0001a\u0013õß¡b°W?ºFJÖ9nY½\\@\u001a¢{®â^éÙnëríQ\u001eý-ÇÏ\u00056è\u0017\t\u0018!/êôðùóÆÔkÁ³æÀpN0y+\u0018s§HX¢àt\u001f4¤'N©WûÔ`\u001aÙÆï·nPoä´/ÉV\u001d+Áå\u0007[ÏðÑæ-Åî`ÁJ×¥p\u001dÙDÃÅÉÿûÛò4R³i={B×·c4\r>3QÂ\u0001$Ñ8=\u0007õ0Å\u0015§w`ìãlcúç:\u000e`ç\u000eý'æ½ ^h õ}RD,¨§úÛ\u001aÎVÌÅs¾®§) \u0019Gi\u0018ô;[=8\u0001öÇvoA[x{H.æÜ\u0010®CëâX{ßôô\u0005ìIª?­AHi¶Íé/*S¿\u000b6«\u0015e]êå\tõ¦V2\u0010#Øä²\u0006áÍ8 ]\fi\u000eÿñî/Óô÷QãëH+\u001f¥öp[\u0001¿ÓÞ_=¢`ßyý\u0016\bOIÝ/÷J\u001b\b²¸»t[Üö6¤>N|(\u000e¿\"¿}þtæ}¤\u0010=­/ÙÊ§ô8\u0016O+T{y³¯oª×ÉtrÃü\u001dÇ\ná]ïO0uLÉ½ÙÛKn\u0007qØ?c_à×!wTY¨nÝAG\u0003ê\u0019°·!25À\u0011\u0012ÐcÞKi|T,X\u001c{ºÁ±X&ãï\u001d¦4¥ñâùóköáÿ\u0018£uº¡\nz\u001dÉ¢ÀwÄ\u001co­mÛ%ÉÍÃsnÕ\u0013\u0019Uú{\tvòj;\u000fi8;ù1SçÐT||¯éØ¨û×íÇû¥G\nðC@\t qs\nå,I¾ni ­U·fÊ\b\u0007)º\r2äùÑÁ\u0007PNÄµzaÿrÚ¤\u0006æÇnrþ\u001aÏ¡O5ÓY\u0015ÛÛ\u0014è\u000eeJ3KáL×ëù¸÷\u001cIèº#­ \u0017Bá Q\u001a\"\u0015¯Íº¾ú\u000eí\u0011XÇOiîZ@Ò»¸`é$û½¬\u0017Üw\u0019vØÔÕo\u0007Wè5¼À^\r«®\u000b·ÙÌ#ê&\"P<}ótçEvXÏÚ\u000bÑò_úþHj\u0018õøa \u0001ýû8¼ÁK\u001eÐ|ç9fyþu5¬?ïÛ¿Q/¬Ómä\tÙnNûlÇ\u001e0\b\fûB\nÉoe½qDè\u0015½°\u0016\u000fä1Sÿf\u0012\u001b©:zÉ®¼(Ë -}æüLÚ'³\u0013¿É\u0017_ÐO\u000fóWò¿·RûÜÄ:p¼þ..-ùºp®éTûæÐöä¨Iàç\u0012N¾Û\tþú[\u000ea#\u001fPºJ£Ù(ßî´­D91>Ú4ü®?_Víwt_Cý\u000eõn]\tK6Åb \u0019ô`?>\\ry\u000f¤øJ·Dõòd?-þÈM}¿\u0019>V=Å{ÎÐ\u001b'FåÜ`\u0010°ñµÂ§mr¼0ra%d=ZkÏÛ2i´]Wõ#¦UÂn{^LÄÇ\u0011rzáHÔ=@&ír\u0005ÿ\u0004.ì/Õ\u000f ¿G6ªáUøòæLc:Â©W8Å£o_±¡óõý#Öo\u0001t¼C«è§qD9ÊUÔk4¨\u0017ää\u0002®Cã\u000bçôç¨{¸ðeçdGt{\n_Gà Ñ¿¯Òýyÿ/~¼s\u0007ñª\"Ûü°\u0019Hq{p'Ûõ£\u000e\u0012Vjøÿã]\u000bÿóC¦q§¾J%­Å &ÁÖ1#lS-:<ÇuóIÞ\u0000×Þ\\¬]X\u000búÖYT\u001a¾ª_\u001d%\u0013ûÕ±mPè\u0013ÁE£záþá¡*³\u000b:î9Ì×Æ6CÏ£ÐùH@´Äk(ÿ9\u0002½Ü&=§#-\u001aõB\r÷t£¿ÔËzzüUÕ«\ný \u0000\nïâ¤\u0011\u0010q[Æ\u001eåP0Ã\u0019°_I\u001f>J0f©HÕ;ëU×IÍ±.9 g\u001cß^BíÝ'4E\u0017ôñ\u0016ió[7\u001dº\n;pòAZÄªWÕ\u0013ÓÒ\"×sÒ-º¦£\u0016iò\u001a\u0019{nàõ´tc´íþráC[OèOyiÖÔ¡#úÒÀ³Ý`,³0§99å\u000b 9³îj:ÅèG\u001cmi\r\rÏEõ¥\b®£¢bî³]ª).J2z<\u0003½óéê¾PE\u0017zý®É·sO1Çg\n²«XÃ®£ú÷\t>xW½«¶[;QW.~!³i\u0014÷Øöéz:Aþ¸^\u0003[ðß'¼ù$Ý´øço¾õÛö|+A©\u0019¬æ§H~ÓÏ£Â.{²1#êæ3Ôã\u0000½4æÂÌ¡W\u001a¡Æ¢z*T=O)iÕ\u0003¹\tr\nÈ\u0003E4§ã\tE>ÞâÉR?0ùÆTG}²­UÀtDxS+V£ÑÒ­zö¢Mß@*çð!@\u0001?§ë4ïÕÃÕ\u0016\u000eÜQ\nX\u0014±M©o@ç\u0016¸µ½ÚHs¢í\u001bD1\u001eÛÑÀþ/ è¦M?XúSÓÃôO:RMvì2TH­\u001aÇ\u0005¢ä°åD¤î»äÅÀ\u001b\u0004AæuYS/Íõ§\u0003¹N?\r\u0003|ub\u001fÿâP8Ý|ü\u0000[Î)\u001dô®éÓ­§`\u0004î+û\u0005X\fØ¤ÂÓ«Î`ÖYceæÓÑÍzáö\u000bs%®^êÖ\u0013läXÜw\u001b²àH«Q±\u0018|p +ÝLBõ\u001fb³^b´3\u000e¿\u001a\u0013¬ \\½bIrY\u00119MÁ¢9,Ü\u001c?nÑ¾\u00014õ3¾6\u0005âØjÔß0©ÿ¦Q.Ë?\u000bÎKaN\f×¿ÒêõÜmçê7ÇËSjÀ\u001c®ô}ÃfÓQoC2Ínu#§ôí¦å¹\u0005Ï\rÁü/K0P\u0005.P³\u001cÂþ\u0016Ãú¥=¡`Yåia\u001dç\u0014#W~õ?GÝ,0¶ÞrÉìNÓó´åLÇÛêMöU3Ä-êÞÞÍúq<\u001d½ÿ\u0011uÐk-ff¡\u001fJA\u00025ë×;9ÃÖnX=Ô\b\b<ª¿\u0015¨ïÕ<HÑÍa¤¯\u0004¢oQkòJauô«OÕ»rßaLi=¾\u001d&\u001cÇZü`f´º´û¶\u0015LìÐvÝ´\u0011ÒkÕ­R$â=ÎTL{}:>Ð¿\u0006åº?S?¢é&Ç3ª\u0014½\u0010bIfñ\u0003±Íä=EØÕ3eÕ\u0007N°ßvxYf£Ü_BÞ\u001fë¦<¨íã\u001eõ¡\u000e[µ`;§/R©õ§@zQ\u0015âiÍ¨ÑM\u0015ü¯9èõçNñ\u0003&Èb[o8,ÓtÿCÔ¶içÐDºf=Ð6^0¡D\u001bÁóë\u0011@zkñ÷\u0003I'êµzÞ¿\u0019âè^¾0ÎUÈ95#\u0001\u0013\fÐ[kL×ÛxiaÛ¼,Ðú÷0äü\u0015SÊß¢^\u0004(Ï³8ÿzå÷öÃ)¬O\u0013æQË\u001dý1E\u000fmQorôSz\b\u000b^÷s²Ñ\u0018})Õ ©\u0019}o\u001b\u0014rÖÚeÝ\u001f®ÚqÀR[\fÊP}{TÓ¡BÓSlA¼$\u0018'eCØäû Ý·p%à¼©#ý\u0007ÕO\u0011ô¨\u0010Ú0q«ï[0Õ«\u001dÔhô\u0017\u0015íËb¦\u0003À=Î×¯Ñö\u0012yF÷KÏ­·dàÙcÎ1Õ8}ØDµôBúÙ Û\u000fÂ\bÛÒý¬Ï1¢_Ù\u0003Qù\u001eÕA;09»Ïã£\u0006REO9ø\u001aÒSõì\u0004õoõº÷úVÚÓÁyso!U¾Â>\fðg¿úIKwþË¤ë¯ê(0Ç¬Bçßñß\f¿Ñ63Xâd©Ù\u001bØ¨ç\u000f\u0004ÙÛ\u001fÌ¥\re5qÜ£g)}s>Í¬Îâ¯LàJ\u001c4½h5N\u000b\b¢7=\u0006Ä\u00171~ÐÍ\u001fhÓtí5±~O>gä5¡Ý(æ\u001e\tR\u0005d\u001aGO\u0016¨\u0007µÉF­]«n½\u0010fikbz#ßNh³ªå6¯ë`r\b¹\u00065*zÓ[?=F\bâ-FðFp\u00167¨±\u0012c\u0014³\u0003ïÖÙfÙæÐrÎpN×Ed¢´ÆäS\u001aÊ#K>\u0014ñ«\u0018\u0001Ô_¯9Å¾ÚÛý°`Û(§ëù\u001bê×¾\u0002æòþTþ{¶û\u0018m\u000b6\u001f` O*6²ë\u001ccqÑ\u001c\u0003·eêpËl\u0014è¦{\u0019zò|\u0013qôP\u0017D\u0011Þ{¡#\u0010såtú-_}¯?®Ig\u001dÿd°v|3ùùA\u0004iéò;ÕÄ,àÓn\u000eµÝ²b¦\u0011ô\u001dõkí\tõõúþMæäi\u0019G¬Þi,|Ö¥\u0017¶¨ëipÂ´ &àÃþ¤!ég,\u0014ªêué\u0010b\u001fªúYM\u000e\u0004ßR¬'¶ë¹8|)­ß8x@}L%þ*³,~,a´ùÓÂµìöÝÍ\u0018Ô¸¾Ø\u0005\u001dÎ\u0000øu(;{r\u001dûDÔØ±¸¦÷Ç¥ÖÅ´[VM;jì~ºÇ9·  Å¤mu\u0011%¨SUÇõ¯\u001bqù[=¹ èöáGöc¸Í¡¶\u0007Õx¿ýÐmûÖÖäTÓ­ú#£C\tn½ºýLW]\u001b!2ìMºXÉ\u0012)\u000b¬ØO/\u0010ó.»²\u0001;\u0013>\u001apQ\u0018IkLTl¼#ÇUófN÷wî\u000e©¯Å¦«\u001eEejæî©)¼Á&áäíºÙ=ÏÌßøuûÑ\u0012Õ±5\u0013rkÉ¢\rógýdG\u0003\\ÖiA\u001eý®\u001a,à \"÷ \u0001¾Ù¨_L?+1\u001d\fy5\u0004Ø\u0006º§6Ú\u0013\u0000T{ú\\J\u0004r\u0007`¡Ré0\u0010e|%Éª¥ÎD\u00079õè\u0016é\u0001@Kac{ðx£t)ÓÉõ\u0007¢çug¨ü\u001eHÊOä\u001dJµ>Ä91-Åtþä¤UÛÄ[ôdÇVçucAX¯»ä\u001fÈíêÓ!$¤ÑÒæÁköpmûXê;eÁÒõìÆÃ\t\f.\rq\u000beL\u0007Æ¸ýüÁBèÃüVªþ\fºõÆVqâÂ[¼¥Ò»Û§«É\r«Ì¦Ö\"èõ\u0015\u001d8¡E²ù6ÀÑb\u000f\u0016£åx\u000eó\u00185v²§-V\u001cóê\u001b\reÙê=G{Ü\u0016!\u001f³\u0011yS1þ¾¯×ÝÉ4\u0015ZV¡#$Ó\rÁT\u001fÖ\u0013¡öèf|,M0Ï¼ËÎø\u0010\u000f\u0014£G®\u001fÌOzõ\b\u0015S¢\u001båîüü²S\u0017\u00126_[ÍÕI­È>c\u000ey¥^ÏÔoµ?Ú/º½D*\u0015îZdÈôr¯Þqü\u0016ºã¶ê:Þ²F}3Ý$þ\u0018\u0013SP\u0012`J\u0014*òx@==\t8Ñg\u001aö>Vs@jqõ¨\u001cF\u0019Tï²LË\u0003Bçs\u0005Äeéhû\u0016ró\u0007Ð«Ï²Õà\u001aÝiQ¢\r«\u0015¥B«PzS¯\u001bWE÷R¼RYààÛ\b§-c;ôiÚ>:o\\ºúäÊì¬J[\u001b¾\u0011hQ¿oPÓK&ØÒyÝY¢\u001f¯BÐÈ`4-O\u0017[+K¯\u0000Î¾e $è\"ªW:8ßÕc´$PÏv\u001bèH5Ñ\fþ¬åH_$ï8Ç¾z\u000527C·c»À-ä\\èÝkÔ\u000f{ðìFÝè¬\u001eÙ£ÿòk®ê\u0001jGoÐyù*i'/$©Á¥\u0005»A=Ôã\u0015Lø.Ìjí\\1õÝ«P¼}ª\u0018~ªRª>ÅÊñ7P~\u001cÙË\t\u0010æPs¹±ü$4¦úª²C\u0017©{»qH^íÞ¥ÛälGPE\u0004ðëý©xB'4£z\u000eÑ»Ãw\u000eUß1¬[®o?UÝÍñæRO:üÿÜvà\u001a&Ð¨mÜÝÙ²áÄ\u0006ý<3é¸ºW$®wúÌ\u0011<æ\\DiØCÊuõ\u000e[\r\u0016Ä\u001a¤3\bFÓ \u0002kÇë\u0016O´}$Ã{v©_vü¶go\u001c#Nñºê9`\u001bsã0¢tp³z²-ì=r\nkg¬ÞlÖ43ÚÃkÇ6îgS1O¯\n5°ÎLõ!Ô ²¾¢º'3)Ì¼cáÖôh©\u001e©Û \u0006½ú\u0015úd|Yõâ\u000eìòêþyÝ5óLÓ©óÒÆ\fÃ\u0000öúâ\u001c`R1ý~:\u0007ÃNÑLþ\u0017xr>¹±Aié=¬ßf\u0007ÍAà\u000fé)öí¦²ÿ!zÏÕ\u0005u[@-T&E®ñHã\\^~\u001a\u000eÞu:Ý½Ê#z§Õ]÷xkéYh{´EÔ4p\u0000\u0000Ú²\u001e\ræ\u0000ts,ÇT uiSxÂÿºP\u000fèoÑd5l{¾ª¶½\u0007Ùé×7åÎSg#z¼\u0012\u0005øë<¸Ý]NÝZåÓc*ÒØ|ç\u0017k :E²½B¢ö\u0003Y\u0011ðqäÇÇo\u0000Þ\b\rX.,,>´\u0005k\u0019¾\u001fbV^T+£\fË>]í=§ç®1ð\u0016s¬<[ôýÖ\rÃEMnN\u0016(\u0010XÙKgH\u0016v-}æ¡Ë>Y¥áòã\u000eã3Ë\u001fªÏ©Î¡:ìr­FJ<T_è\u0007¢¥{C\b§ó\u001al\u0004\u0006ÿåêÚap/Î#bæw\u0017ë\rÒ±@°Vº&\u0015ïÈ.ÀvO\u000bC\f«_üè°´üdO~wDú+Ãm\u001c°ö~-\\d{%WeØ>$QYH\u000f\u0004õ\t\u0007RÐ</ Õ=¦°K\nÉéñ*jÄç¶ZwÚ\u0010\u0010klÛ!¸qO²\u001eÚWº\u0016¸ë\u0012±6ñIà\u0007ýpÆg÷¼R6\u0004)(ÜhY\u0010îokðMôÄ\r(G·y\u0013,^ÄÎôå@czJÎ¨öìWÏ÷KÁºãUö¤ó\u0011Ú±ëæ+º;RuJ7\u001d¦ü^wI·\u001bo°<µ^?ë;´ñ\u0006õ\u0000M\nÏÜÙ\u0005T\u0011?gEZ\f¥0ß!åu\r\u0010*õM{C\u0002¡ÖÖböë\u001d,ßi\u0012±m²c|é'Ä\u0014»tä0ÍYì[±O8î\u0013ânM7/0\u0006\u001aèÚ\u0003üI{¯W~±\u0012\u000b¯\u001d%i³Ï\u0015ÝE/ÂÏ¼è÷Nõô\u00120ú°+ºü;\u0010´8î\u0007\u0012êÜ2íÛÛP[Ñ9\u0002\u0001ÒjÆa¾5æ'd¤lh±ì´pÐH8húº:}\u001dÊxHï[{K\u001aÈYaVæs ÇËØr¬¤®¶g~1Äu~,×O_¬¬þ¶Ú¦F#g¹áªä0\u001eÆØÇqwÊªéÊM/MÌè¡,±üð:w°Ì=k.ð²\r0é»¬sº#\u001f1ónã\\ÈKØ\u0010Å#6FÆ$UÓêQ,p_öZì÷ï<Dâ^¤Wo' X5\u001eW KtÇw^ªZ9±â¸ÛüI\rmt&q\u0004\u0004ñ\u0013\u0002\u001f­Ó¯ßJÃU¿ú¶\naÀ!ûØU]ì'E¾çý\u001d(Ö§\u001b@\"ÔËcü 6~Ìö^Úz;\bÄÿ×ÛwEutmÿ«(6Fn\u0006â@FÄ!hp ¡\u0019TfDq\u0013\nN\u0010\u0006\u00055j§¨q NI\\«ê½¿]µOw\u0003¹ßgøã¹³î¬pú\fuêTíáÚ×ÞÛ^PÛÖï:¾îæ¯îCö#õøáÓ¤÷8­ð|Ó\u0016_\u00121i.wx¯¦(Ç<¢d`ú§'ØV·ú×x¢¥¯û\u00105\u0013ÍÌçµÂÞùåèÉâöý^n&ê³e¾ö{\u0011¡³É-sï Þ]VW\u0015Ôåy~:V³}ùÚ*û\u000eC¥~þN?6tÆ«ìµCÈO÷S¥ó\u0019\u0017çµú¯1¢%pWqx.l²OvÈ_Iô²Õ\u0000æÂ#Ø\u0017Þ\u0018e\u0001cè\u0010e^³+Ûý§xï4ÔÇäuÍ[ß¢¿EÚ4Ù{\u001e_ñöÄ\u000f©;:£\u0003Û«rvæñ¾±g_\u0015o9~\"©Uö\u0014=Q:0r\u001c\fä\nÊù\u001a}1}$ý[SFÔ~ÙZ\fçö¾¼Õ~¢õb\u0007b^q,Ò§\t\u001a=Vå\u0017ì?ÉÿSÞSC\u0007Xÿs\u0005çÇÅÐüÌÆSã­E-Ê5r\b\u000bó5·\u001enhØ&æÆZJ\r\u0016\u0001âÞgÁ\u0000ZÒ5\b«hó õA(\u001dç \u001cGÿ6TW-\u001fø-ëö<O©ñAÐðúÕ0Ñs`\"_j³w±&;ü\u0014üI1\u0003^Ä3\u000bBdÀÔyúUmH\u0006ø¬ÖaB\tYVf¿\u00055Åb? {a;¾ÍõÐþMë7\u0012_\u0019ô¡ö\u0016û7Ø;ÁszWy/&°¢\"ÄÝ\u0000­<¹««¡·-Û@UxÃmoÊ³ã-?çÕ=P<²ð~\u0001eb¬¬£¿ys¥0ÌV\u0019e«ìÒR¿ W°\u0005\u0004ì\u001a¯-õ²Æÿ\u0016¼©\u0005¥V/@\u0001ê$cÿj}aØ¨\u000f[æéCù©^8\u0012>È¬,ÜHù­ýr¼>Ô¿¯IÌ?0¿Íµ¼<12ßUµíÉ£\u001b/]¥Ðõß£E¿Plø,àY\u00160\rc&XNG\r\u0014H'ÛìWqì1Ô\r÷î\r\\³UËð¯_KÙç.|ýÚ¾§\u0014\u001eþáýýP\u0017\u0010 {\u001aR+\u0003E\u000fÂ×ã~\u001fä\u0014À.Ù\u0004hÆkKÌýM­ôÄes²\b®\u0006\u0010À;Þ¦+oà{¡Ë\u0018çw+Ë¨\u0017©tÖØ°Ü>Æp^\u001a~£ÌBCC`UZä®1dÞµöå \u000eÿQª»·aÁ6\u0011Ó;§Uh¥õäP}.nÙ(O»ÒÏôªÖ2W+Ëì%mKÓg/¨\u0006dÉ QÛP\u001f\u0016ëX¶ù³\u0012\u001cý­nÍv`Î¼Ü#©EÕ²­\u000e\\\nû\u000e\"fp'¥æ¯0ÒÇ\u0013æA;vå\u000b~\u001fZb/äÐGÍ\u001d:_WËÛ\bn¤öÑX?DQ9÷ïVÐÀmæµ»/³!íQ/Áxk-¹î¨.\u001d!5y\u0000\"kê6#¼°»îÐ\\é\u0001he/ÀÌ\u0010@\u0019XEð\u0004\u0014ùò*ÖÌ[­Õ0·j$¨e¦\n}g\tOú\u0002êá\u0015*ÀJP\u001fá|\u000b-a¨£s³ì1¿ÖyÍ | Oµ\u0003®ZýÏéC\u0006jñ½[á;NõªQ°\u0004?\u0007±\näÇx\u000fí7¥@\u0012oOé¨÷ñÜêþ|\bÛ\u0007BØ04òåí<\u0001 ÂmÌ%j\u000bçlÁ\u0002ÒÒ²n\\.ÊõØ-Õü\u001cyÆ¾À\n=\u0004¾=\u001ehÊ>bÏT«p¶>K÷R~\u001d£¼+h\u0003It(àz½æ³·9ê\u000fQñ\u0016tø\\¶ùµ^Ðîu\u001e\u001dÀû~¸¦m&Ö}<ºkSH÷ñù@÷¬ù³¡·\u0012íñÑ¾\tÚ@Çê\u0003¯CÛÁ¶°~Xîoê©È©3HÐ\u0001ÓÿB¨EÅë­\u001fë6oVþA¤\u000f`D¦Åû{nBíBáîuwÚ³qæ\u000ecÞ235æº|\t-ù²ü\b°w«÷Ô@±4@ÐíÛ³º®Êk¹kópâÒ»±$¸T×ô\u0019\u001dr\u0012rãö¥ZH\"¹¶q\u001fÖÚÐ[vO\u001b\u000f¸aþ\u001eðÞ=¢ØGFKå\u0013½îT9\"\u0018å\"sítàU^¶Ã®i\u0001àÄ$ÑÆ½Í­ö'55ô²¯êOÝ!\\\u0014èføÔ·Í¨.\u001c\u0000_ë/bF\u0003M7ZÎÞ=\u000e`â\\BPxbx ÅÞuÝ»wî·\nGq\u0013[ú}'dç:ÛK>`(e#Ý\u0000ìÊ-ØÌ\u0015\u001a\u0005I=\" :×q©\u001dW÷§pE»®s¤,\u001a\u0002L\u0018ëÐ~\u000e×}\u000e£,XÁ§\u0011ùR½Ó¼÷]\"öë©òÄ\u000eÄÑdÓ&?Óô\\0iëô\\!µÔ¯Ñ×­-9aG7ê)ØKøHÉQ¸\u000bÁ¦\n~6\u0004\u0017§\u0004$¹nÖu\n\bå?Ã\n\u0014â5;S\u001fÏU»¹\u001a\u000fÕï©çzD8_W<<mè\u000flë[ÌÞ\u0015\u0014ÚÙÕrý¬½8\bbÝ¢¿j¢}Y¹(\u0017w\u001bÝUê²\u0017U:R³²q;tZ íü\u0007Ûèw²bê\u0001sg¡\u0004%ÞÀ9xiIw`\u001f:CÎ·³\\Yªä×$#/\u0013ßàÒzDý,Ø=È\u0006Ö\u0018S\u0003Ü>\u001fÙÐû[T*ºáÏn\u0012t± ³áMeÂ\u001b\u001cd=Üqø\u0006³°I©ÐÙ×Õz`ýbîÊXîkXîú¨\u0015vDW{¥9[]fî}c8a¾éÏ4·Å¾¨Ø\u0016·ÏNg(#ZFgÙ?k¯îÂ\u0015öù\"Þ1XË¬¹ÜûCð±ß\u001bh\u00187«{*Å1,hîë\u0000ª×\u0005*Ki\u001fl\t\u0017f¿»T}ÂîëYoÌÅ°8³S@^\u0006ôÐ×?l±ã4oÙº\u000fïhÒ{8Eìù^\u0014IAxuÿ\u001b²\u0006©L«d'MªYÒ5v*Øs­©\u0006°dF6*X\u0013à·º¼ÉÅFAVºmp-\r4²\u001eê\u0016à\u001f7Ôòãt´òp\u001aú¸Á>}\u0001}pB\u001b\u000e\\zHg©Þ&Íìx\u000ezçb5NÌ\u0019æÈ{)RìlïÂS¿VL{ûë:Ä/Õµ_@\u001d\tbM\u0007]\u0004UiSAqz3´\u001cèø:½¿cq\u0006;\u001b²\u0016\u000f\u001c\b¾+-\u0005Ö­\\îMûÆfî(0sr÷ZÁ½'Ú÷5Ò\rÑÏ\u0000\\$¯ñ\bC©|WIÿ\u0016mÉ\u0013ß§½Ü\b¼<ukX\t\u000eÑMøA¹õô\u0001<i¯\u001edÌÚrË\r¾÷\\r\u0013\u0002ä\u0013Ó\u0018¡t¶34^_WvXc¤ýÙÙåaâ¬Ó'ë~{»\u0011¹²ýæ·m'ò«;<â\u0013áË1*JHéºíÍµ S\u0000AÐÔ¼Ma·_¹TÁà\u0018ýÔìÃæJv¶}ÖiÕFKlìïséâU\u0006ó5B´J¥|6IsG/ïs!,Þ¸ôdà­³:<\u0018\rð0±knìÈNÿ²Õ£0>&¤C\"ÿ\u0000¯ê\u0014ª\u0018rûmÎEÔ\u0013Ó&\u0005Ìë?¬®!²PÇé«£5>Á\f\u0010,`\u0006fFÔÂ¥½åÕÂw!f;«Ç<Ë[\u0014§\u001e³\u0004ãÜ\u0002-u+I\u0007=\u001fÊ.ïAóán'â<\u0016ó*Ð\u0007¢¢è\u0000Àïëó<Ú+)Yibì\"ä'vTçVÕí\u0000\"Gå¬¢9èÁ´&o(í\nl\t3ô3Q\u0007\rY}+äjp71­RZp\u0005\u001f\u0007d÷ùÅ\u0012/£\b§ßN®<¿ôÞ,bð´\\Çõw#¹~ªh\u0003³­Ý{\b:%E¶-®Á:¹£ùÕYÃ÷Ö\u000bË\u0016{m\u0015éÁUæWÝË\u0000\rY\tÌo\u0015éá]?ØÙànëjV2Ãâåµ\\¥`·\"®\b^ø±ýe~\u0001ã4gc¨t\u0018i9cöT\u0003U\rìß]áíÕ¬üm2\u001bpNØF\u0017\u000bäè3óQ\u0006Ù\u0019/Ãæý\u0013\u001b\u0012~Aÿ@Cï\u00063Qktð¥\u0014J{â\u0019kù-q\u001fÞ((\u0011öâ¢Eqól§\u001dÞm5\u001dû]½\u000b\u001f?$ºæb<¼?ÄË\u001bW\tn­MqÍÿ\u000f\u001a§GÂ3Æ\u0019êÑ¢\u0015Û×0ì¬=fºu²BúwöºH,ö\u0004%Ã?âRâ4î[ÏÓáç\u0013ç£ß^åÏ«Ø¬ÍfºÉ<©e\r\roÍÆ?ýÈgºûýÅ·+j¢9¶ôv\u0016Û÷è7\u000få\u001e-ç»?¨Ý+õ¼\u0005âÞK¯¶ÞòÄN¿¦\u0003Ç:3'\b\u0017ä`ø:SG.\u0019Óó`+9[ÇÝmm¯ÆNúaµvFÍÐ\u000f\u0019ÖN`H\"OÄäIÙi'8ô%môdöºkdÞ0|Ì}\u000fÑ5Åí8Õz½*àwìö\u000f¾\r\u001dè\u0005\u0013ö~nà\b\u000f\u001c\u0011\u0006ûp\u0010,ú\u001cÒ\\wsu­¯Y\\\fÆù(vzÔ\u0007ì=\u001f)Ì_\u001f\u0016\b¢\u001dýË×hZLä\u0010õrÇÁüÒxØÎT*8`{ã\u0013É_\"\u0000ýÚÝ5À¾½¾}-ô\u0007LÖ æð/,zØÑ6Â>ó¼Î¾`Á2Ç#»»Ì×uëYÙ9XT´ÖNCÑýH6uÝ\u001d\u0015G\u0001×\u0018a\u0011§Ò-PºIÆ\n¡:±BÑ-\u001c°/:$&TÆ0sÃA\u0012¶hb½Ï´ÎØì·çûÅ\u0018_íV\u001cµc-î×ê#..öÊ:I×ÙRK\u0017Ç×ö7ã6üdFClÙ\u0011óO \u001aâª\u001a fèR\u001cö>}ú>Ûÿ\"Æ÷Æ¢?\"¼Æh¢¨ápqôD\u000b.Ð\u001b\u00116×ê>9¿Ñ§>çÇ×³ñ¶bV\n½øÚ±\\ÌÛO\u0011ûeàç\u0002sw¿y±^²\u0007\bøB»ád¿½u\rLA|(\u0012ôì!è8\u0005¯\u0000\u001df\u0015X\u0018+þÑ§½9YÄ\u0017\u0013\u00193ãë\"ýP?÷\u0002Âüæ\u001f\u0000\u001bÏ¾\\RÌ8^^»Àò¶\u0006XíóJö¿òSu¹S\u000f\rºlKhÉ)Ó\u001fíy·/s¥AÁÆ%E»üìþ\\\u0016(\"÷§yÕßcÆ}ÞÜ\u0015'áÃO\u001e>öH\n-\u0012fWÇ\u001a\u001a¤wâ¬\u001dC\u001elzd}$Mf>xyRÈ\u000eöã\u001f§Ñ»·Ùïßv74TÚ{5Ô\r?\u001aøöÄ1Ïâ^¾\u0015ç~\u0013\u0000rä\u0012må\u0013\t{:Eú\u0011lJ½\u0000C{ÈZÈ¥Õ³{=\u001a¿×~mÝG©÷µ\u000e§.Þ@Ívô8Å=û!h´ãkjVR½ÿÓÆÐÐÇ\u0011XV\u0004\u001b}}¸ë9CÞëô>qûºÍ>ÎpåSiMïC\u000fÄÈ3LjBa°ùQnß³J©\u000fì¶ãåÄ­Ã´\u0015Jq¡¤h\u0005^Í\u0018å×ñ`ý(K2O\u00003½+ý\nU\u0018hA\t\u0000otA¡\u0001*Æö_\to*3×ÕËÑ\u0006'RýC\u001c©ÿìçy¶[ó&x+åéèýûûKSàOb±âôUø\u0014?­z·G^/ÅþKpq|hB\u0001»U¤H\\>ÄÕ\fAmZ\u001a\u0016#.ì#\u001eU¤Ôx}¹¶/²\u000eðÊÊüªls»Ì+fnû\u001a\u001aàè\u0002zjä¨[¡\u0012ÐÎ\u000bíh°Ë|;Z\u0015­§®d1*:b§+»í\u0005ÿr\u00155cQOh\u0016\u0015'©*öñpOµæ h\rC!Rx¨Q.ª!uö¯$a\tVô5d\t­ù\u0016\u0005Í\bü5ßqÉ\re²ÛÌõ\rev¶·Ç~]cÎn([Ü+aºOØP¸w\r¤óK:FÞ?~Ì7îJÇH Im ¯(ñbsFÅ¢:Û\u001aáñoÁÜ¬67êU¤0Øz{cë~H\u0017Én\bÞÌG\u0011Íy±\u001eF\u001fõûÅ¯ñ\u0012¼o:\u0010Õ\u001f@ê6ºX\n¹%\u0019ø\u0017m_ËSW\u0003*Ì%1ÿÙ$êÕ\u0004).qå\u0003\u001dj\u001e<Q9q¹Pt\u0010þMç¢^­©\u0011¾=\u001c÷B¢ÂCöîa{ót\u001cnèeTàê·\u0002[=z1Å\u0000PØx9ù¬û­ÎÆ3Ó\u001bÊ¶;óN\u000b¿÷³wß8#¯ñlÇÊ³güÔ7Û!ý\u0006»½noèé÷OlÇÖcvVðý\u0011_ý\u0018{J;;B§ÇõØTx1}ºl 4\u000f\u0004y\u001a\u001a]FöqÐ\u0003j\u001bé¥£ecÒ\u0015á\u000eÍa¶\u000f¢snàÁP0Vrsüù¹×\u000e\u0005>=1¥\u0016t\u001dòÏ_Ú@ãîÓôqCU¹dm?ÓY¦FK²×ÐfGó5åïK«ÊWæWÑÙÃïâ¢jÞuÃl\f°bÏIÈO\u0010óz*!ä:¯Oc½*L)¡\nú¦:h([\u0003+F\u0000\u001c\u0005éF¢-#)\u0000\u0019%D\u001b\u0017\u0010?z\u0007I¹¨\u0015Ð¥°\tàÇ²Cvã\u0015BY>¹öËº¸aþññ&ì¿\t\u001f0§ÏmçréÊÌd¬¹©ûæ9¹Òhêy~$Õ\u001eò&Cz©O§]ØøùRJåÇ%·HÕÈ9 ¹¿I¶¨ÅçÂø¼²ÂèévÕÙÑëìÀô½@»Þ§\u001fåãa´¦J=êù\u0001¬iz9i~ÅwGÚU¸í6wþºÑÚ\u0005iyöR \u0012^¾9$=1\r²\u0019\u0012ÿä\rfÌ¬¼AbS5Hê\r1\u0014á4Ú7O¸¶y×ö\u0005y\u001b\u0001xë1iJb\u001e{EÓHvÔæ=þÜ¶-i*&÷Ãú\u001e\u0015RB¿ûã]Ðã¡3cÌ[3 e¦þÆÁ/n\u0007×Òíeªx^Ü\u0017\u001d«¾¾¤Þ9\u0003eFÑ]P\u0005\u0004/t}²©\u0015ÓÃ­¸ýö±VØò1í\n\u0017í(/ïA¼Ô\f\u0018F\u0001@}µxc²!ßÇ-s6äëª¨`\u0019\u001d@ûâ}-±_÷Û\u0007[÷eÏ¤\u0018\u001b<Ùf$^H¼K\"º.ã*·P\u001a\u0018}æ¬v8p¼ì9w\u000fT½mÈAg¢5bÇTg?ì )¬gæ\u0017\u0017#ÄÛöº\u0010i>\u0000gFHõã½13!àb\u0001Ì\n8G»ø\u0004\\8ÒÛ>KqPÉ\u0019O)-ðý+\"@ÂöL\bM7¢\u001e31$ü\u0019\u001c\u00186ï¼«åU\u00111Ð\tû\u0000\u001e#æ©ÆUæ&r¦\u0007IïõSs£}¼Ã\u0005w8±U&V0Y~9¸\bÜCÔ\u001c¸÷ñ-¾b\u001a1qtn´6¥\u0003 ¸wrÍÛn¸Îæ\u001a§´\b¾ö\u001f3òZekÜ_\u001d?É§aJ>´\u0012ÿ»xb'÷½Ï}GâeGç:H· ¢.³A¬]ÑóÌÄ0\n¿i\u0004ÅÝ.\b¡ØQ}±Ì\u0010\nïåC(A\b¥Õù©\b\u001b\u001b\u0001\u0014V¼µ¼\u0001Kz7Àý\u0003óªKz«ê,×H¿B±µ\u001ft­\u001cè[¨\u001bÉD±?;î9Úì,(s}Ug\u0005LhhÐå\u0006¹b\u000e0^Î\u0012g9C0å¼Ý~][ºs\u0011\u0000\u0001!7ÕA\tY\u000eüÕ\t\u0017\u00101\t¾ã=\"È]F§\u0002&Á\r>*0nX©i\b!Kx¾\u001e(Ö\u0001\u0016B\u000fôÐ÷ið@à{¸\u0000\u0007Y¾Ò\u0006&W0ôôÀú)+\u0016Â\u0006¯þoºD©¦©ò\u0018¡Ogø¦àe«Ì·\u000e\t`¨«<nú¿\u000bÁ°=2Â/å\u0004Â\u0016F_6,¾\nÍ\u000b¿è&w,¯!\u0018ûvnøå _$knAø\u0005\u000b÷^\u0010~9¢á\u0017å\u0003\u0004·»\u000b}m°V²\u001fÞFí]Â)ï\n!·­¬&\u001ccÞ×¯FLUWÞ/ù¸C««é<½f«L\"²\u001e­;nëâ$_\u001cæ\u0016¼z\u0019.(¯9ìÑä\u001d¤OK]@\u0011ÀÜZ®\u0011\u0005Z8åº\u0006à=`\u001e-ÇhÎj\u0011ÒU\u0011Kæs.\u0015û@ÿ·\"$z¼½\u0010ÅÑle_\\}¡±¥\b2s_ààÚ©eK\u000596¿yè×­HH\u0007Div\u00038Ã/§¤\u0010þ\u0019Z*c\u0007çËõ¸X+Ûä-°ú\u0003«A$ËÔ²\u0015ØdÑtpY\u000e×\u001d9öÂO\fÏuf@ÉîÀÀa\u000eh.w\u0000Î\u0003ÊìI®®\\Ö'~_*[°­\u001e.OYZ'Í$óºMZ8\r#]¦Ý$/«÷Dû\u0002_,ÀÄãYµÿÛÌå¹Á\u0013¦e\u0014`dú\f×/=J¥1\fÇ\u00066ì¥åðìôbwB§ ÉZã\u0010$ù1ÍïÕ{\u0001¼CHkük]_^\u000e ;è\u0000_\u001cjú»ùsò^$\u001fpªu©s\nçbe\u0017ÝËÍ\u000b¸ËãÉÀ\u0010è\u0007,#r*^f/á­ÌXE½Ùg>¶óÜÛtËfwÛ§\u0019xò³\u0000O®Qº<x²\u0007¯\u001bÍ\u001f!\u001f=\u0011òt6ZÄÓ\u000fÍKÏ\u0005ò¡\u0015!ÔÔ-ª3$u2¦@ëñm±-E\røèÉSÜ5Ä\u0001\u0005A½\u001eóªfå¸¹\u0010ù2\tËzIs<è¨\u0006¨ûay=PQ\n¯\u000by÷b6»íåµ;Ao^·Kµ\f4í¥|W¼P-1m$l2IØd0d/j0]ßðR1:Tn\u001fPGØüÉ\u0019æ¸§%Çb.W4d\rôy¾vôÇV'$ÛtA\u0012Pº\u0004\u0000³í\u001esipC@§îì1.÷£¹![Á3\u0015\u001a\u001dÀüký©µ)râ[þØÓ\u0016Úá\rbOå$gn{;Ø;ÓÒÖC²\u0005m¡~¯'x¾\u000búh@áxO3å¬\u0007éOkÆ ×öÚ[Þ\u0004zU/r\u0019\u000b¨JõR8Þ\u0011´%Ð|äâyíì\ry<C!¹ì-zÈ¥¬ R\u000f\u0006ì\rïÁ8#hkp\u00196Ð¸Ø@¨rïçH&5F¸¾I¬(o\bU5d-mË°üäÄË\u0017§ì ÎpÀ|\u0006ã6#À\u0010r³Î\u0012\u001a\tE\u000fÚ+\u0003¤\u001c_C\u0001þ½8\b9\b\u0019Êz¨÷(\u001cÏYñÑ\r\u001bÃ±Z_\u00102õçD°@]\u0018Q»·b3iO6\u000f2\u0016Ù_\u0007ÄPô÷@\u001a`wg4|·vú;IbÂ.ùÝ¾NÇ\u0012åÈ¹âd¸Ç:bR\u000bj M$Äê1ß6N\u0015QuyIÄÝ?|B¤'ót¯\u001c\u001fÐ%K6¢ä¯\u001f³\u001dÀQ\u0019!\u0010óB©'´¬w^\u0000½/û¯v,;l|SÌ¢\u0017Âìd÷ùÎ)\u0017º\tWoì¼*æÎ!R¢òi¶]Ù\u001d0Oâ\u0001\u0016µ\u0003(J~UÂR\n\n\u0018\u000bã¡\u001c Pr.\u00146\u0001 ¤î\u0002{X\u00160\u0010\u001499^Äj2¯ Pç½_Ôh~Û\rò\t«á×ªlÐÓ_d-¹Øº¨^ÝÍÏªæú\u000bôçT=\u0013Nmô!¥»#÷*\u0017u\b\u001d¥Ó¼Z­M\u0015ÅÒ¨0æ\u0010:Ç\u001bg\u00054s\u0005zÉØ[¿§·¸#ßQ¶lE»¯ Ð¤pK¤¯ñbëÜØm_\u001dUçúzt\u0011\u001d¦3¸\u001a\r\t®Ci¥|=éqn§G'\u0016Öt«¿\u001fÓñ\fÚdjdL\u0006C|<\b½\u0012³m¨Ñ\u0017~[3¡ÅÃÌ\u001fqñH1\u00063½ùD¾yW¶ÝÜÞÀ]j¥rK\n¦zÊ¿GS'jÀ¥©%Ü¾w*5Ï\u0003sIë`H)6q+­ä\u0007±'m0ù¯TNY×\f£IÆM`Þ\u001bM~|\u0019VS{)M\u0006\u0017\u0018MrZXMl2¡MO4ôb­ Øt\u001aÂ\u001e \\/e±eYÿÕQzX¼\u000bO-|ÓbDÑ¾×~õþMDjØÌ±¡f¢\u001e]£4vÔ\u0019oG­øm\nêÅIó\u000f\u0000\n|¨è¢\u0003-Ry@Ø\u0016\u0004-5*8©ü#Kå¥O44P#ê~K\nk\u000b%Ijz\u0004øI6zHÚ\rE; îtÐ×\u001fnsä\u0014O)à`mÞÞf_KÙ>âk2ÈP~aÖ$Xâ¨¥íw\u001cêã.@(Ü ¯¾'¸Ù\rêãl±Ù\u0014Ã1\f Õ\n0!%ù_ÒT#*%íßÅbk=ÒêÀ\u0001A)åBÊËõÇ}\\ÁtLÊõwS'Ç\fáâ\u001cat\u0011XõãR¹v\u0004d`vÑµ´WFnø$íåÝQ\u001dås¬-âM8ì\u0001y%£7zÖÐûì»F{G¡$=®Ø!ÖfCÃ\u0006\u0014\u0006>¬Ïo>o;j^/Ö\u0016áºiþ\u000e¼û¨¢\rà\u001eóÔPTZßñZ¨,ÞÖÖ?:OÈH\u000f1§\u0010¯¡~\bÛ1¿\t1íª)á,ÌQ?Såçn¤ZÔOÐÌ\u001c\u0016Ó?;íÄ¢ãkwoAÏ<\u0005_{É?oÍ/U\u0010gOô­:ªèvS\u00056î[\u001f\\Kn7¯\u0000h\u0002#CÒÖÅwÂ\u0007Î?\"Îé´ýØ+ÔãI;tÌSíÅ Ò?\u001cÄ&a¯k\n9RCÇT\u000b¥ÈÞ)5\u0004ñ|_çk!å/ÐBªJHhÞi%dÏÃ0¯.@<Õ8H¥7\u0013ÎG1g+Ë*%\u0016rl\u0019\\½Ï\u0001ÍÅLºÕxÎóÐØÍ¿ÄÂñ&lMX8 çO\u0005B§'Ð\u001a\u0016yui%\u0006Øcp´74gñox» +ñÅ%_\u0013ÄòÉ\u0018÷ëJbùÂ*CxÞÝÝuLù7$¦5'_O4_\rp;á¬`0HO}º\r\u0010Îÿ{Ýz!Òü[<?Ø§\u0014ÄH\u0005ô9·zÂ\u0019¹1'¤\u001f3B\u001a\n¹D¸\nµæEî~û[¯RwQI,¥FA½X\u0003\u0010>ûô[Ò\u001aEAHðÝeNç\u001bÑrsM¢#¡íf$rP\u000eÿìz¦J|á\u0003ñ\tÝ\rx|Ñ9wÔ<ôéaÞðö_µ:ÙÅÉ·R¬}U\u0019Æì{Ç(&¥\u0016Å)\u001ego\ròò'÷BÌýhÏ,5×\u000f\u0007ò\u0003ÅôyÀÜûÁ>X[dìª\bD\u0001ä=7'mÅýÅ6´w=1@óÁÍ×\u0014ÑQ\u0001ÊvOÌhb{~a\u0016¥\u000eÅ£ÅÛ4<á©È@î\u000b>Ë,xÓo\u0002r< C(ßÔ\t(LA\u0002ú\nÈ\u0010Õ\u001e®E3aÿ\u0013½t[tGþdî¯\t:bÏòç¶|§X$\u001dí¢}Ö,È­pÝâ\u001b£Úc×û) \u0018W0>òOh\u0017Á\u001fê¢Í-ê\u0000Ã@ûÞÎDlÃaØfó`ÖÎk~r·på°R/³\u0004\u001avÉQ¦ºZòT&=NGC\u0003â»{|Úùîh\tóË±´÷Îä\bÉzy;Ç}§:¿t3\u00105b3Ü÷éhsÞBïÝÒTQÎÕ'ÄdY>ÿ8ç]P«åb;ç½'¾5í½÷<Öî\u000f8ïý,Ï{°ZäHEæ`N¡\u0014\tI1â\"sÿ§4×Ðëð)ê\u0000C³S(7Ø¸R ?XàÓ\u0001;]Þ\fyØ\u000f\u0010\u0011ò0ÅwX[¹\u0010oÍìì'é\u0000ÅÃP[`x}nÆ\u0018x\u00019vóGÜ\\ Zi»ã=:G]ñ¡\f~ã4º\u0000ê7ÔS\u0018tÌ;é\u0010×R´w¼tð\u0011~pùáÞK>ÇP.¦Üô9ÔÀ\u001b@º¬kù\u0000\u0001Ýÿ\u0014¦ðs\"ÖÄ\u00149Ë<q;¬:¼BñÙ\u0003\u0016Ô\u0017uÚáÍYfd®Û\u000e±Î7ÍÈtÛåÌ\u000fs\u001c÷/¡AíÒ´\u000b3¶\u001e¯./¾ÏÞÙÈÜ\\ípPÏkûj5\u000e'n)f½c\u0019SÆ7@JÃù»)Ú\u0002â!Bû\"\u0012Çü\u0005\u0013*·W¢ESÔiq3{ùêý(\\Yfò KDy¯1ù¬ï\u001cëw­^çç\u0004ª¾ë¬M¹\u0015]>Ù\u0001(\u0001àÇú½R_-háò{ÏC\u0012¤\u0003éS\u0011¿\n\u0005»P½¹+\u0003¼@E3\u001a!Õ\u000e\u001dôÀ\u000b\u001a\"±æßa«ï\u001c\u00032\u0007þ¬>\u0001YSfnº\u0010ùJ¦êR âåIGT×\u0002&pÐÝA)2ðcJü#øIá,ñ«¥å{©=ÈûO;\u0001aýR¼<ª\u0019ÒÙzÓóÓÖ.óô´}qÔ|é¨Aüi1j\u0011ü_Jsø4ws\u00003/±t¿ õw4dz©_¼å8âñä&%\u000b%Ì$1x÷¶¢o\u0014¯Ý\u0015`¹\u001a\u0005ûÊÐáBÉ·L²\u0018\u0017¨o7®Â/\u001fG\u0015³øð{×¦o×¹qy\u0000pTc=ó`_.6SµR,}C½ä»wP&Ç\u001b(²v3Ô«Lß5æ~´,é\u0019 KU§\bË_h «ôo\u0014=£,<Ëú¾=ú}½´Bm{ Ø·¥ËìõjjZéÌ\u0015h'Ê=YÁ7¦ö\u0006&2aÜBOu\u001e)ÿ}Z²ß\u00025·û\u0016íýHö\u0011\u0014áo*ÚåÊ%éËí¸ç*xù¬ ³Êü\u000e½>\u0010îÜµn¡p¯pÃÜ2O¶ß\"JH\u000f¼T°eØC±@¸\u000bµß\u001e:éþ½L\u001d+ü¸ysò'{óü}0S¶ãñ_;ÊÐ\u00198&\u0013\u0001:(%¸¯:èj{£G²\u0011±\u0017&+Ì³>Ïk/b`¿\u0010aòõÂ$*-Ã);\u0011øEß«_ÿ}»]\u0010î0Üì\u000eQ,U\n\\ \u0007\u0019&\u0016P\u0003\u000b\u001fSo\u0012\u0001O!<N0ÓRó²xqs\u001bÏõ\u0010\u0016ÛÝ\\-Ëá©v\"õÚýÇû\t?Q¤\u001eVþCá^6q\u001f?µ\u000en\u0012\u0017Ièb\u00005%\u0004(Æ÷ÁÞ«\bQ¬V>%°Éh*Ãm\u0018\\¬\t\\,/àþ\u0018?v:b?ï+'ªrWed\u000f\u0002è×H:,¾°\f£e\u001b3HÑ²Ê4Á}\nãùVáÎ_-s\u0019îò;uè\u001cÃ}¹Í\u001e\u001cOÙýc1fûªpÛý «ð\u0001Ï0«ÏOUbÑÏ¡·\u001f¨3\u001fÈÜ¹K\u001cÇ]\u000fÙqÔJó®rg«¨½A\u0017¯\u0014³}³Hk1j|4ÍQÛSÂ\u0013\u0004\u0018æ_å{æ²Ûå::\fý\rÇ\u0018z»Ä\u001fóéí3åV\r8Þî¯pµÕ\f©\u0018=<ÝîÆI©\u000fÈíË¢Bnÿò£]Ûr«ý:\u0019¤ul<¨Ià\u0005?xp|r\u0012ÚõmPX²öõ,pZ¾ãdpïÙq\u0001EÀõümÔ´·Wü,ç:ú}Rãä+ð+8\f´ÞN\u0007B\u000fD­Pb3kc¦\u0007&}»Ntw\u001bô\u0016¶ñ{ç!'7²~\u0000¼\u001dQ¸\u0014ÐèFR òkP\u0000`v^@z\u0012Ã\nv»Ò+¤¾Ïj@\u0007£©\u0011>Þ ¶Æ­%£¹~l1ã±bÌ°\u0010¸;±5\u0007\u0019ô\n>©°Üñ³^$ê?ë¬\u0017½/\"ã·^fBýþXñ16µÐz\u0011ÖE9ToµG\fz\\rX'àê\u0011|À¥Ánø\u001dë%ÁóíL.bº´8Ëå\nË5-hÿÐ÷}*öKò8N¯'¬Q44ög\u001a|BS¥²ÂE7qÞlÑÓ·EìËSb°ØáÌ©)YhµÜ$\u0005eH\u0016{1\b_Ü÷F\f$°ÕÍÝ0FË¹ÜpðmªÍl\u0012Bâ\u001dû¤æÈF^~\u00075&ü6\u000fÉ,Ú¬¸É+º\u0004Äá\u0001úevÁðp9Jèzj9pG2ËCÉ6H\u0019\u0019åqà\u0011;²Ï¿èÿóGE7×UÌOL¢°\u000e?31i\u0012÷5õOLú]\u0006i\\Æ×½\u0010Bð«TK~XÅÿÙõåJI¼\u0011ÿYL1gþ,]*æÌ\"\fßëGû\u0004·¹Y~ÂÃ6&Ëçy¯\u0011ç½\"½gíÝJäÏº-\nÞL\rõãa,P\u0014îI&«\u000fë\u0011^Ã/AÇºq3\u00164E¼tn´9}¿ëÊ ç\bÚÛÓ\b\u001c×ÏPO÷rmà¶nXÄ\"lD\u0001=}Æ\n©Q)´\fû¶YÊÀù\u0004&©Û°ÙLì5w<[,¶\u0001tÕ½çÈ\"b\u001eCÇ¯uÁèÃó\u0011óF\u001d\u0001×S¤PþÓ/l©E|þ\u0010j»Ä\u000e\u0018^x¼ÒÅ5 v\u0003gO\u0015øÞäFÍCæ^ÕÖU¤\u0001¡B^P_ZeÃ{\u001f³ó8AbÉÿKÈú\u0011ó@LÕ9Ë\u001c\u0017áë§;S;ÎÇP¹þw~¦£u{\u001c¢xu9%?9&ñ=àÅÈRiP8§\u0016JëVþ»î\u0018ó÷\bP¢jYÐÉ\u0014ÇÜ\r\u0016I{ß\u0019L9Ë7²Dy|bZ>À#¾&Ö\u0005õ÷mfÏ·»N\b\u0004|Õ\u001eÔFFb>\u000eðSÝcó\u0001TÿYæ\u0000¨U\u000b\u0001Ô\u00001røé¼ðÝÔüð]\u0006~êÃwUÛê 2¯f¿Ó\u0003PÙLDñ3¨éb?\u001fûö~Lì¨BtL\"vêÞ\"u\\y\u000e:ÄøÝ\u0012Äµÿp\u001a²³o!þfðQæ\u0016hH*zDÊ²Ð\u000fâI(\u0004ê³8Sªz yËô#\u001eú|M\u0000\u0012æIù\u0011z[0¾ [pmpËÃâKHÙ\u000e\u0004ó#øR^RXU\u0002\u0011\u0003LÅ¿õ;{¿4W\u0003ë^Rù\u0015O±;\n²91)\u0000ò4ÔÌ\u000f¸}§9ô\u000bþFÞE\n¨¦ù!\"\t9dÍ\u000b7|ùá\u000bóÂ\roþ5Üðä_Ã\rÇæ\u001b.Í\u000b7\u001c^\u0010m¨X\u0010mÀ.ú÷pÃµÿO¸!\u0011\u001bÚ+ÓÑ\u0013'6²jû\u0017îZOgv¶U§.Rôug[ÉÈ\u0018èC5¬ª=¼Ýa]¥Â\u0002¦ªuµ\u0001÷ÚÛVÌD\u0006³©?ÑU©Ì'6Sµ¹O0\".Öã1?²cµ<,Êý\\øF­JêÖajÿáÈ\u001dõ\u0002\u0019­\bBã)nÇ\u0014Q<](AÂï©J\t\u000e2\u0012\u001cQ]Beâ\u0019Uò8ÿXf~¸\u0006\u0011Ê·.Èj» ´>q£3rÄå[\u001fO\u0006Aµôt8ô\u000f=.M\\sQÛX\u001eã \u00146#@Ï@\b¦ú\u000f?ò)|Þ\u0005%.ýÜ&7§ºF0eo^\u001e\u0015&Y%ÔY:pá\u0015±½\u0014ô¬-ÂÆýÓ­¢P ÷Ô\n\"]Ýhâ1\u001f\\\nWè.)¨P\u0006 \u0015QýZô\u0010bòP¹\u001a²\u000f[]`P{\u0006EX¤Aåê«¡eXt·\fÅ\u0011ãzü\u0016ß}·Åwõå|O\u0013÷0uq»Ú\u0004ÀYè&ßL¬\u0007ù0øÍ\u000f¤ø²#½.¾\u0002§fú|bVóVÞ2\"/2«\u0006©ª[\u001a5\u0007\u001d=Ð)\u0013¿²^¤:^²\u001f\u0010$\u0013'cí«Ø3\u0019N§V\u0016ÇÅvFÍßRÿ©{\u000fG[(½÷\u000fëé\u001d<*?RNrw(ÇL\u0012\u0001\u0019ôTA\u0012\u0007\nÞ\u0014ÃÕh8mÔ¼\u0010\bö4åQ|ùèbÈ¯-]µ\bN®¦ödÅFi6b½ä!¹½r\u0019îÖwÈÌvì\u0014µü×·÷×hÍ>?Â[\\îÅ\u000e¼ïQÉBtÖW´åïÚsÝLÀÃ¸yÓí¾«ælåÛÑu<t)öÃ\u0007ÚI»1rÆÔÊ\u001a9ÖhoÒ­\b]E\u0019²Mëq÷F¶\f ¦?J\u001e¹ç-%D\bÌvg²hG\u001cæVC¥;½J\u0005\u0007¢ZÿS¹ì¹î½ýf$\u000fzø9\u0016\u0017­Rju«yVnöñê\\{¯S*Î¼c'?Ho³\u001br,þ\ra­^i<m¯úÒá\u0011À_],--Âø[¿+f?ô5\u0016kúN»9ãÛ\u001d(öÅínKq»ÇõHsê0)ÇÎE×F\\½â\u0003R\u0011Ø\u001cöÙ)MJ¨-öå{}¯üfÂ]÷y÷«Ju#Ôìt\u001a;?ÝT¡\u0005ybî\u001dãìÝGlPÒæìõ>ÅwU6c)ÿÃ¼H}ü ­Ý\u0019\\«P5ó ²Å£ü+èæ¬yGãèÉW-=µd\b4PA$ð¢ª~6o1?/ð»\u0006Mü;õ{3¶h.w\u001dsà·Õ©Ë0!HH÷0Ö*PØºD(Ë£ÄMÊ,\u0018\u001e\u0007J°\u0004ÿ°=Û­À¡\nùáúZ6¢\u001a£¬=Säëcê£íu-¹Æbä}g^¶ßN\u001f\"+¬Ïþå77¶ÿcÓÝ\u0012ºAþ÷îþk\u0017Ïü\u0012íâ\u0019Mµý/s»`Æb±T\u001bÌ\"mYH»Íàym9óÿS\u0013Ì0¯_òÓ±6£=l\u0016íR6öÒúðÜ\u001b\u0001Ç2Zìòà`ÀÝøî«½½GUÉþ£]½JÃtYìn\u001c<ÜÕÈXOð¨#ÜÓ\u000fß7Íjëïïîû~ÕªÆîö¼\u0001ÚÛ6\u001eÎkl_Eo×¾niv;\\µ£±ïÐæö¾þÚc­Éþ\\|&tÅ!¬ÌJvö÷\u000eîpãâ9:+\u000bÚÔîàU²¾/¦D¦|t÷Þ0\u000b%\u000f\u0002¬û_!YAí¬Æþ®^½WK²¿©\u001bÑ¶\u0007§\u001eÁN¾LUWwmoWWS×a°Î·ÉÞ²Ã]Mè\u0003¼®¢G¤Çd'ß ¡\u00079K&'ÙË¯ÒB!õ&}oßG6I#]þvÃÐýä\u0015èÀYzÍ]\u001dí»º\u000e\u001déNß$óhp£¦®ÎÎ9OêK6\u001déMnôô/zjp¥~½Ì1öu³{é#-í½}ýñN:\u0019·wÔ-ø58ßÝ°8¿°¨0W¨/Á6ò½|öã~é';X±Íe]Í©cÍÉÇ2Æáf;ï^«ÏÅ\u0019wk/\u0013,\u0004\u001eÍ¤¹MªmÝ\u0012\u000fÄò#±XÉh\fÌ³ÿÓÖ\bçÿw\u001bÀ.ØËsv!©UÔ\u001fg\nTëdÙ¬ÿÕþ\fGbrZ¨/Ù×Ç·Ü/\u0017gImµ¦üDn¸©¹)·(ÖT[\u001ck.ÎåHAI\u000b}³\t\u0016eèh{gs×Ñÿòh4Ö\u001c-j]\u0017:Üàlö¼þ±I'Kð¼HaI4Zíï:#ÝmMûû7uï)¬i-<Ú±³pW¬àÇC»¶\föì©ìßP¾©§µ°õXKgdó¦íÛ6UGä¬ÁöÖýÍÉÆ#]÷\\\u0006]_\u001bÊ®D.´ÓjÛ\u000fº0ÖXR\u001fmÉmI\u0016\u0016åFéÉÛXÐH´ÄÂEÅÅ-ÉFÑ\u001f]*\u000b\"§öþ?ÞØÀ\u0012\u0001\u0000"
    }
  },
  "response": {
    "status": 200,
    "statusText": "",
    "httpVersion": "h3",
    "headers": [
      {
        "name": "Content-Security-Policy",
        "value": ""
      },
      {
        "name": "access-control-allow-credentials",
        "value": "true"
      },
      {
        "name": "access-control-allow-origin",
        "value": "https://www.vectal.ai"
      },
      {
        "name": "access-control-expose-headers",
        "value": "X-Accel-Buffering, Content-Type"
      },
      {
        "name": "alt-svc",
        "value": "h3=\":443\"; ma=86400"
      },
      {
        "name": "cf-cache-status",
        "value": "DYNAMIC"
      },
      {
        "name": "cf-ray",
        "value": "9724838f5aac739a-JNB"
      },
      {
        "name": "content-encoding",
        "value": "br"
      },
      {
        "name": "content-type",
        "value": "application/json"
      },
      {
        "name": "date",
        "value": "Wed, 20 Aug 2025 20:06:55 GMT"
      },
      {
        "name": "priority",
        "value": "u=1,i"
      },
      {
        "name": "rndr-id",
        "value": "f24c5fe1-539f-4a4c"
      },
      {
        "name": "server",
        "value": "cloudflare"
      },
      {
        "name": "server-timing",
        "value": "cfExtPri"
      },
      {
        "name": "strict-transport-security",
        "value": "max-age=31536000; includeSubDomains"
      },
      {
        "name": "vary",
        "value": "origin, access-control-request-method, access-control-request-headers, Origin"
      },
      {
        "name": "vary",
        "value": "Accept-Encoding"
      },
      {
        "name": "x-envoy-upstream-service-time",
        "value": "475"
      },
      {
        "name": "x-render-origin-server",
        "value": "uvicorn"
      }
    ],
    "cookies": [],
    "content": {
      "size": 15,
      "mimeType": "application/json",
      "text": "{\"status\":\"Ok\"}"
    },
    "redirectURL": "",
    "headersSize": -1,
    "bodySize": -1,
    "_transferSize": 381,
    "_error": null
  },
  "serverIPAddress": "216.24.57.7",
  "startedDateTime": "2025-08-20T20:06:54.044Z",
  "time": 752.3159999982454,
  "timings": {
    "blocked": 5.966999998955522,
    "dns": -1,
    "ssl": -1,
    "connect": -1,
    "send": 7.131,
    "wait": 737.9600000026934,
    "receive": 1.2579999965964817,
    "_blocked_queueing": 4.015999998955522
  }
}