{
  "_initiator": {
    "type": "script",
    "stack": {
      "callFrames": [
        {
          "functionName": "method",
          "scriptId": "126",
          "url": "https://www.vectal.ai/_next/static/chunks/9da6db1e-ad7decc175389864.js",
          "lineNumber": 0,
          "columnNumber": 80787
        },
        {
          "functionName": "",
          "scriptId": "126",
          "url": "https://www.vectal.ai/_next/static/chunks/9da6db1e-ad7decc175389864.js",
          "lineNumber": 0,
          "columnNumber": 148111
        },
        {
          "functionName": "Pe",
          "scriptId": "126",
          "url": "https://www.vectal.ai/_next/static/chunks/9da6db1e-ad7decc175389864.js",
          "lineNumber": 0,
          "columnNumber": 148117
        },
        {
          "functionName": "retriableRequest",
          "scriptId": "126",
          "url": "https://www.vectal.ai/_next/static/chunks/9da6db1e-ad7decc175389864.js",
          "lineNumber": 0,
          "columnNumber": 118977
        },
        {
          "functionName": "Rs",
          "scriptId": "126",
          "url": "https://www.vectal.ai/_next/static/chunks/9da6db1e-ad7decc175389864.js",
          "lineNumber": 0,
          "columnNumber": 148321
        },
        {
          "functionName": "",
          "scriptId": "126",
          "url": "https://www.vectal.ai/_next/static/chunks/9da6db1e-ad7decc175389864.js",
          "lineNumber": 0,
          "columnNumber": 141725
        },
        {
          "functionName": "",
          "scriptId": "126",
          "url": "https://www.vectal.ai/_next/static/chunks/9da6db1e-ad7decc175389864.js",
          "lineNumber": 0,
          "columnNumber": 118337
        },
        {
          "functionName": "",
          "scriptId": "126",
          "url": "https://www.vectal.ai/_next/static/chunks/9da6db1e-ad7decc175389864.js",
          "lineNumber": 0,
          "columnNumber": 118343
        }
      ],
      "parent": {
        "description": "setTimeout",
        "callFrames": [
          {
            "functionName": "Er",
            "scriptId": "126",
            "url": "https://www.vectal.ai/_next/static/chunks/9da6db1e-ad7decc175389864.js",
            "lineNumber": 0,
            "columnNumber": 118125
          },
          {
            "functionName": "enqueue",
            "scriptId": "126",
            "url": "https://www.vectal.ai/_next/static/chunks/9da6db1e-ad7decc175389864.js",
            "lineNumber": 0,
            "columnNumber": 117852
          },
          {
            "functionName": "capture",
            "scriptId": "126",
            "url": "https://www.vectal.ai/_next/static/chunks/9da6db1e-ad7decc175389864.js",
            "lineNumber": 0,
            "columnNumber": 151479
          },
          {
            "functionName": "Bi",
            "scriptId": "126",
            "url": "https://www.vectal.ai/_next/static/chunks/9da6db1e-ad7decc175389864.js",
            "lineNumber": 0,
            "columnNumber": 65378
          },
          {
            "functionName": "",
            "scriptId": "126",
            "url": "https://www.vectal.ai/_next/static/chunks/9da6db1e-ad7decc175389864.js",
            "lineNumber": 0,
            "columnNumber": 64921
          },
          {
            "functionName": "ai",
            "scriptId": "126",
            "url": "https://www.vectal.ai/_next/static/chunks/9da6db1e-ad7decc175389864.js",
            "lineNumber": 0,
            "columnNumber": 64904
          },
          {
            "functionName": "",
            "scriptId": "126",
            "url": "https://www.vectal.ai/_next/static/chunks/9da6db1e-ad7decc175389864.js",
            "lineNumber": 0,
            "columnNumber": 65345
          }
        ],
        "parent": {
          "description": "setTimeout",
          "callFrames": [
            {
              "functionName": "Ui",
              "scriptId": "126",
              "url": "https://www.vectal.ai/_next/static/chunks/9da6db1e-ad7decc175389864.js",
              "lineNumber": 0,
              "columnNumber": 65324
            },
            {
              "functionName": "onRRwebEmit",
              "scriptId": "126",
              "url": "https://www.vectal.ai/_next/static/chunks/9da6db1e-ad7decc175389864.js",
              "lineNumber": 0,
              "columnNumber": 63832
            },
            {
              "functionName": "emit",
              "scriptId": "126",
              "url": "https://www.vectal.ai/_next/static/chunks/9da6db1e-ad7decc175389864.js",
              "lineNumber": 0,
              "columnNumber": 59214
            },
            {
              "functionName": "At",
              "scriptId": "159",
              "url": "https://vectal-api.onrender.com/_events/static/recorder.js?v=1.259.0",
              "lineNumber": 0,
              "columnNumber": 72562
            },
            {
              "functionName": "V",
              "scriptId": "159",
              "url": "https://vectal-api.onrender.com/_events/static/recorder.js?v=1.259.0",
              "lineNumber": 0,
              "columnNumber": 72905
            },
            {
              "functionName": "e.mutationCb",
              "scriptId": "159",
              "url": "https://vectal-api.onrender.com/_events/static/recorder.js?v=1.259.0",
              "lineNumber": 0,
              "columnNumber": 41169
            },
            {
              "functionName": "",
              "scriptId": "159",
              "url": "https://vectal-api.onrender.com/_events/static/recorder.js?v=1.259.0",
              "lineNumber": 0,
              "columnNumber": 32727
            },
            {
              "functionName": "",
              "scriptId": "159",
              "url": "https://vectal-api.onrender.com/_events/static/recorder.js?v=1.259.0",
              "lineNumber": 0,
              "columnNumber": 29757
            }
          ]
        }
      }
    }
  },
  "_priority": "High",
  "_resourceType": "fetch",
  "cache": {},
  "request": {
    "method": "POST",
    "url": "https://vectal-api.onrender.com/_events/s/?ip=0&_=1755720417184&ver=1.259.0&compression=gzip-js",
    "httpVersion": "h3",
    "headers": [
      {
        "name": ":authority",
        "value": "vectal-api.onrender.com"
      },
      {
        "name": ":method",
        "value": "POST"
      },
      {
        "name": ":path",
        "value": "/_events/s/?ip=0&_=1755720417184&ver=1.259.0&compression=gzip-js"
      },
      {
        "name": ":scheme",
        "value": "https"
      },
      {
        "name": "accept",
        "value": "*/*"
      },
      {
        "name": "accept-encoding",
        "value": "gzip, deflate, br"
      },
      {
        "name": "accept-language",
        "value": "en-US"
      },
      {
        "name": "content-length",
        "value": "24579"
      },
      {
        "name": "content-type",
        "value": "text/plain"
      },
      {
        "name": "origin",
        "value": "https://www.vectal.ai"
      },
      {
        "name": "referer",
        "value": "https://www.vectal.ai/"
      },
      {
        "name": "sec-ch-ua",
        "value": "\"Not(A:Brand\";v=\"24\", \"Chromium\";v=\"122\""
      },
      {
        "name": "sec-ch-ua-mobile",
        "value": "?0"
      },
      {
        "name": "sec-ch-ua-platform",
        "value": "\"Windows\""
      },
      {
        "name": "sec-fetch-dest",
        "value": "empty"
      },
      {
        "name": "sec-fetch-mode",
        "value": "cors"
      },
      {
        "name": "sec-fetch-site",
        "value": "cross-site"
      },
      {
        "name": "user-agent",
        "value": "Mozilla/5.0 (Windows NT 10.0; Win64; x64) AppleWebKit/537.36 (KHTML, like Gecko) Noi/0.4.0 Chrome/122.0.6261.130 Electron/29.1.5 Safari/537.36"
      }
    ],
    "queryString": [
      {
        "name": "ip",
        "value": "0"
      },
      {
        "name": "_",
        "value": "1755720417184"
      },
      {
        "name": "ver",
        "value": "1.259.0"
      },
      {
        "name": "compression",
        "value": "gzip-js"
      }
    ],
    "cookies": [],
    "headersSize": -1,
    "bodySize": 36724,
    "postData": {
      "mimeType": "text/plain",
      "text": "\u001f\b\u0000\u0000\u0000\u0000\u0000\u0000\u0003í½\u0007WTY·.üWl[TP¹À\u0018P\t*bF\u0014T\u0001Ä\u0002\u0005\u0005\u0015L\bJÎQ\u0002\" \u0012\u001dcÎ?ö=kÍµÂ~ûÜ>ýÝ0î\u0018÷ñÚÔÞk¯8sZwì¯®..Øl¿Í\u001e\u001f\u001fo÷F{qø'>à³çÅEûý\u0005@Àætx]¾ýQûý5þÒ \u001f¨*Í+¯**\u000bâYyeY¹¿2Xì¯ÚìÉî\\_mP=r:âmö¨°ç\u0005yÁ¼ýÇ0t°¶Ü÷QûåÉýUeÕùxdÚ\u001fô?\u000eâãýYÕ6=@-Y>õÍÆÃGh¦HþÖÿ:õ¿vý¯Ã´Ùæ_w³#i3-«2üyø¿w^0XYì«Öü_9N¥ÿaYÍÿêAò\n\nþÙ\b<O#<VÉü¶ÞäênýY<\u001d¸\u001a-S Fý_WÜ\u0013wÎ!Zå^\u001eåï4Ã3YûïÞ¡\u000fô:x>^Næ÷4VMëG¸:/p\u000buñ\u0014Óî4j\u001b¤«¬ ~âà¯\t²Ë\u000fè'~\u001a?K#\tEn\u001aäÙ+²g¼Ãoè\u000b½áfúNý´È¿¼ÌsÕzýö|^åå²\u001c\fÝÂm<Ã-¼Î%çs£KéÝ-Õîcë¦é\u0005ïxñn{ê*y?qóI<_ç\u0012Þà9\u001aºé®ÖÅ×ó\u001aý¹éÇ:WK0àÄ)Ú¢ì\u0018 ÙÖ\t4Zæ*W¶~àÅÏ/<zÿä\u001dZ Iz\u0013KÛ\u0007h£!+\u0016ô{\u000ff5ÊM¾czÑ¼¥è\u000e·\u001eä/üßdíÏ=\u0005õ\u0004Ofsë\u0013Ìb 6j³²2hv.brÛ<[ÊK´tv\u001a\u001eñ\u0010&¿þ\b1cøëù7\u0012x\u0019¿&hÆKõØ¶²l\u001e»Tè}F3ô>Ók\u001a{&k§\u0015Ùµ\u001b<*kÑ'àÇ6­ã3ØA½´$'ö'mÓ@\u0003\u000f\u001fçn\f·É=¾óüfy­rbyá\t7\u0015Å£Íö]^Ãè\u001d\u000fù9ÏãÈ?Ê*/Ð/^¥×¼Moõ \u001e[¬lb1bG©ÿ<­F&ÔñÏ´¬ wc\u0005;ÜcË<Müô7ª\nê¸\u001f\rÒ;~Í+´H?x\u0003\u000b\bâ5\u00030ü\u0003\u001b¿!\u0010í¨×Ïâ¸g\r\u0012U6`zý¼ø0)?Ðâ-ÃØXio\"­¥Ð¯\u001cnµÎç\u0006¯gà>ÓhëhW²JOq;ý¢\u000fÜCé\u0001\u0000Î\u0006x©8ÇMÝY¬@\u0004}±S7\u0006{s×6m\n$jã\u000f8\rþµ¯ñX\u0003þ\\Á1Ïq\u0017ß§%ÚÂ~ôòÌ= 3o^I¸TÆ½Ð¡ÚH-´I\u0013hÖ}%·e~4ÖÍüõN6P7MñÊ3ù¦þ\u0014PÏY\u001a\u0005Fj\u001c®§ÕLÙi¯\u001c1¿ýáY Ò8}\u0005@mÒwý,ËØ¢O·®ÐèYìõg\u0000ûO\u001a=¯p\u0007æÚ»®àÏ^\u001e;MÍ<\u0000±Ó¡·ü\u0015p³B\u000b¼\b(kKå¹Z¼í*º¤-à¹zÚ I3\u0016`èª^Ð'àòª_ð0}\tz1øz$¿+£µ\u001cM\fp\u0016ß\u0000K_\u001bê0Ç1ZÌ¡¾g¼ý¦+Ëiç¢0j¨µ;±«oy¦iâ\u0019ÿä9M^°ïiò*¯ç\u0005nÌuä>\u000f'ñb±¿\bÀ;çå¹]¸\u0007ñ\u0003<Q'}ä×ôÞ\u0018RµVÇÍü\u0011;ùm¦\u001d\bðBý\u0012dÉtà÷\nKç.êÍ\nPÏCçÏt\u001e2êÀFnËbd¬û´ÎÛ÷¹)\u0007\u001aH-@«ØQZÍ£Ù³ÜDo2\u001bx\u0000*ÈãçÑhznç\u0005¦ï×<¦5ûjúÙßÑh4\u000fDûéÍ£Ô;©5©Øü<\u0001píÄþ§~\u0001úOjÕ'ëòÉ¨þ¤A>Á~Y\u0004ð\tOÿûox¾EÑbÕm5)àÝ\u001c\r?ÄÉ\u000f'ôwW\u0001½æ\u0000?|qû3ÐþL\u001e\u0005F­]\u0005\nnQGL5wÐdÞ\t\u0000y\u000fïäñ×Ë\u0002+U4\nT\\æE~ýì0Àv\u0013Ó{ëáÕ\u0000¿âÍêX\u001e:©ÏÅ§\u0018FÅC`b#}BóYô3\u0001ª³t\u0002g\u0003rH_\u000fñtV Ûp5'Oñï\u0006\u000f_\u000fVpkM1}\u0005\u001bä¹l0°_1Æºxñ\u0010µÑr5Üòµ*`Ìê3üùG\u0004\u0014\u000eF^{à\u0002o\u0018Ü\u0001J?Qw\u0006ÊJi\u0018äd_z\u001eÓV*÷è¶>àêd\u0003(Æ\"GhºSAÀÖ09¬x\u0007\u001e\u0003[{Ð\u000f\u0003º´Î\u001e²æ\u0015à´DzîÄjß\u0017<£sùüÜLé§áTë\rÜ+£\u0003o©äWë\u0018xBcu<íÎ¦y\u001cG+¿;ãååc \u0003¿è \rø°ÎØì·°ïÙüi8ÒELdËÈ\u001a«Ùx÷)Na0¦håg!_°âé ïÐ\u0006`ÊÈQ,dßã w@Pº¨ÏÐ</ÿÀËì3\u0006·\u0001iÛà\u001e/qcà½4ïç/ fcÏðÑ\u000f|ü\u000bè&\u0013JPÛVÇ?<ùøÊgAúåy\u0010í^ªÌ oÑÂ²ãÁ<©¼Q\u0000\u0000y\u0013\tÈ\u0018ñÕ^ÂÁÐÐ©\u0013±`\u000eCÔU\b>Ü'\u001e\\w4þ.w\u0015àÙb\u001aÈÈ¢Z\u0000ÝBn~Öþg ðÐÏZ\u00194\u001ddù\b\u0017ØÏ\u0001~\u0007øÙzÀ¿h¨ñ¯ñüB·è@àº\u0001½÷<y\n´rè(Èì@o\u000e¯$\u0011uâ°èÛp «Ù4\\Lß\\O\u000ea\u0007Þ\u0000ð¿>ã\n\u001cðIÿ¾;<y\u0011\u0014¾¦¨1&ð×À\t\f/\u0004Í-¢VÁíjEZ \f¼áÑC4è\u0005ó}Ë['°½\u0010pN¥ãÄÆ\u000eRßI`îZÝQðMPÒ­¼XH-Whû\nv¾°\u0019\u000e¬ÿ;øÍÂmCöÇ¼à=ÜTrÀ\u0017¯ñ\u0012/pSðÒ\u0013,¦Çê5&®£Ã-PNþd\u0003±\u0010i\u0006ü;\u0012çÿ©ú\\,^æ\\\t¨\u000fx²ºÀÈ°_°³ÍYA\u000fXæG\"_\u0003¦ið\u000f?ä\\nO\u0002Ùü_øo\u0001\u0004{xü\bÿ/8{×\f@Bä\u0003NM\u0000Û\u0016qJ[\u001eE ñ7=e$\u0002þI¿\fÏ^¦FÞ¨ËÎxpÇäe\tVßJ­\u000f²|ûxê\u001aµ¥¼\u0014ð¢\u0017e^´õ\u0007vúrùk\tà\u0011ò\u0000\u0006}oVÒSt\u001foÕ|+UR\tör\u0002Ý,ãÅR°d\b¬\u0005v»xZ×EcÅø¤ÖbSÑUëMÐÿ4ÐÊÁL a\u0016°·5» Òí\u001d\u0006Bª,ã§-×\f\u0013óRw{¢Ý\u001ahû©ßHÁÜæ2\fÊ\u000b^ý\u000eç±Zp#\u001dP\u0006A\u0002çÑ\u0015ã¾Ä]¹ DçÚO\bì\u0018è?Çk\u0010ý°w?©éOÉå±«öÂË'F\u000fó+YÂ\u00078é7J8\u0006ª\fdp{ à±!{Ü\bÞÆ¯ÅÀ/\u0007ôº!\u00054a§Æðc:\u000f\u0018I?¿Ë}\u0006¡t2\u0001'Å\u0003·\n²*yLÄ¢xúrß>r\\>}\u0010\u0013o¤ñ²Z\u001aSðÔ>-òKj¤\u001dêºc\u0007\u000e\rD=áE³ÔeC~¹M\u0014\u0018/ä=o>=t\u000er»Ðu óD\u001eu\u001f¿ðç\u0003Ô,zÏý¼S Àµ>È\u0000Ó\u0017ð×´vær±ÈK\u001e9\\Å»_À«eL\u0005ûÜ\u0014¹àf\n6v\u0012@·MÓ\u0007*äx\u000bË.äTvóâUtµ\u0013sÜ9\u0000é¡í!$EMæìq\u0011*xÇ.Üâ6Ù\u0000\u0017$Ah>\u0018`\u001dÓi9\u0001­f\u0002õ¦Vñ#ô¹g\u0000Ä¿@M¶.ÿMà¡$(~\u001fÒBë\u000fOÐ¶¢0C<ÈC$ëö\u0003íð\"ô¶G\u000fÀ.>ðz4?/I\byÎ¦%/\u0015^n¨ÅG¸¯<\r(¥hó?þ8|áF\u0019æ§É\u001aDúa\u001c8§zÜ\u000fû\u0005Ý^¤È7\u001ah)\nÊ¬ÌÒ~\r\u0013@cèQ¥Õ¢{âóUÐÇé\u0007jyøV©«ÚNß%f\u0018oFSÁ½z\u0012ÍQk\u001ehó\u001d\u0004o@AÃT~T@¤Á_ ®S\u000bT\u000ep¦A@÷\u0014\u0016\u0003$Û\u000e\u0002Vx*_wf\u000beÖ\u0018l@ví§\u001e\u0003YN@|\u001bµE^¡\r¨§¯y_\u001bòÖW\u000bÂ½*\u0012¿\u001dýÎDq\u0017¦\fÏ#%GÓÊ#ê¡_Ï\u0005¯\u001b.ÞM=ç\u001dÅ´g\u000eËÎÚó ¶\u0018Ðúþ ö®`AVéuë.Í$`W»hÊlß´\u0001ãI¬n\u0019¹Ê³'\u0001¡?\u001e\u0000j E6(kãq\u0006£Ô^Y\u001b«ØÆ¶\u001f ÑwWþ¤.AÃzÈÖï!uÑ+c|ø\u0012Pý\u0000N_ä\u001dç³ó\u0000áÅÓP0ÖSëu%b:Õë¦\u001boÉA8ßÀ}¬E\f\u0006ËÁÌ\u0016@\u001b V¨·]\u0016ì¶\u001bbÚù\b4Dä©÷¢L\u0001YßÅc{ç\u000eÝàßÍÝÅ\u0010\u0007v\bDG`wç\u0019õ\u000406åË)@\rzåÏ×s²;\u001apZÓ·xÒËmwy<\u000fs9C~\r|^Ñu\u0007Ti'\nCj9\u0005}íG.­åÐÊSÀ2RàI\u000e:Ù\u0011@Û%wóC%\u000f²`@+PÑ¶k3±5;Ô_\u0006^ðª:¢ ½VxþÈ<ù\u0004-\u0000\u000ehÛ\u0005\\Ê-F\u001eØ°óÆc@Z[:5^Úû\u000e{þ\u0013#nH~;]xáîY{d\u0006¿>ó\u0003ã;\u0000 ²ö'\u001b´uÒhLtÉ\u00150¶_iÐ\u0012ß`ñÐ:\u0005Ùô> WK/µý\tñV\u000e(¨x\u0004ð3ØÙ\u0016\u0010\u0013\u0002Öî7Û®k9hõ\u001ex2\u0006¬i3\u0013ýv;>WA¦í\u0005.âßI\b\u0013\u0004þë\u0000m}d¶H\u0019Ò\u0006\u001cY\u0011ê3ïÊÚ\u000fKËv1y\u000f\u0002 »À(²\u0005vmÞ\u0014Xn6Ä\f`/H#¼Y¾4\u0010ªÏÔyÛ\u0016i\fNã\u000fyò2¯>\f\r/TÆ\u000e\u0000Ïâ\u0005\fô'ïe\u0010\u0004sì\u0006Û|^$\u001bÑÖÆ_#p®­Y¥Y\u0007Ù7þ\u0005x¹\u0000n?%,~OßýÉbÂ³»ÒîÿZS\u0004Òw`¯Æ¡î¸'j4\u0002+z\u0002[\u0012Â\u001d|¤¬xç\rÝ\u0003\u0000n&Ñz6Ä;0úq\u0000V;·:A;²¿N¸Î\u001f/F>&³\u0006Òa°Ê\u0015¸Â/®ÑâÍÒÏû\u0001\u001aLCocû@ðÇ£ê@F¾Á4RGF¹¯$ç\u000fÃ@>@k\u0004ò·Ô>T\u0001ÂÔÂã\u0017#\u0001\u0005`\"rCH\\%ô~¤:#\u001bBOøkMM*\u0000°åO¾gHìÒ]\u0012yÃ¨æúlnM\u000b¤À 2~ñlyª\u0007¿Zi=;\u00054xø\u0012àg¶Ùó³|×(ølâñ¬Ê\u000b\u00005êºF¿\u001e\u0019pz\u000fBñîÑµ³åeF\u0007éèÔ\u0000-r1N´\u000f»?áN\u0003h\u0011¤¥Òb#ýmc×7©\r\u0016\u001dú~DdB»íîÃÓ¼ø\u0004¤ëõhðÒÅÃXë:\røøÝ\u0001^÷u>\u0007òñ\b¤%¼yÎ\t\u0018½\\wÒ\u0011ôÛkQû\u0000\u001c\"\tºµ!Ì \u0000Ì¡üÞ\f;bc6(Lwò1z\fÖû\u0010+ê³ - >\\6TÅ}\u0010\u0000Þ\u001c¨\u0000o^=nÎ\bøâ¢\u001e3\u001cõÝ¦>{6ZOÙ!(<GÇÜhWct)ý¿\u001f+£úÕw¼:£Þ@\u0010Ú®È©¦V=v)\u0019qø`0ÁKR\u001bÞ\bl\u0003§\r\u0012\u0018£Ó·\u0018\u001bz3Ò1¬c\u0007¨\u000f­çÔoõ\u001fÐU\u001bH\u0018ÃÂ1µ<áOx=\u0005²Ú\u0017\u000eÄ¶B\u0018·v­`\u0004Ï\u001b î{æ\u0017\u001bÜ\u0007\u0016ÈÈSÿó\tôV\u001aJM\"¸ÆïoáäjÁäàÏhS\u0015ðuÒÚÁDÞà4¡YäåÚ\u0004@ýGezO/¯ÅAê\u0000}´ô2ÄîÞ\n\u001cÃôÁ\b#\u000b\fóË$â[8$ìå \r\u001cT¶É\u000b\u0015²JùCìè8j>Ê/½$ÜÞ¦;¡\t¾pü4QÎ~\u001e?`LÆþXèò³ôÂ\u001dý7¦3\u0003.ñVð\u001c¿!(JB84©´9\u001aJn\u001aáÄ\u001b\u0015<\fìÏÚ_\u0015cx\u0012ùZÁï~Ô `=Æ\u00197×pÓ>\u001fBf]QÂ7í®\u0007 cæÙ9\u0018Á~d\u0005/ÿ¤©¤ga^\nÒ´jw]áæXQm®§`2y¬gQj\n8¾¯\u0004Ï@#Pè\u0001½r@Ü\u0015vZ?°ï\u0011ý8$MiyÍ\u0007VÒYÄß°\biÕXb,pÅ\b¹°Sç}X\u0018C¸á£¾swo'Ýî\u0007^\nwpA7\u001fÇÑ½ñe\u0000ÀZ!½KM¡çg¨Ð¤¿A®4@äPî\u000b¹m\u000buÿ¡ø8OC\rÞ9[`´¹½Ïjò\u0010,w\t¢ØÈn}¼RÃ\u001b÷2Â\u0007<P(ó\u0001Á|ûÈ\biq zb64R\u001cE}b\"\u001eß|\u001cø²s\t~\u00019éëü­DÌ5À+lAqüú+ùMy2$vH\u0012b«\u0017\u0002Cª{0\u0011À³æOá+É/Uâ[H0S×økÁ-î¼\u0007Ò\u0003ÑâSäCP\u0003`Ë\t\u0018>\u0001£ºx,k`Z5k\u0003ÿ§Ök6-íô6F`ÈØu/\u0001×gª08.eØ3kì£/U_\u0001\u0005\u0015À÷\u001fw\u0004 \u001c-æ \u001e\t0Ìë^<\u000eÒB(_\u001aV\u0006è\u0018\u0004L\u001d¦~q4ÙÛ\u001bw§Þ%ñL'ûþ|âÌT\u0014:\u0010úq'Ò·»*<X¿Ã«áM~ÒÒÝ\u0007\u0016®\u001dÜ]ÏQ¨OÛõ¤­m6ÿÁ\b4î)ñf\u0005 Õg#=v\u0005í\u000eÕÈóUÔ\u001eÃ\u001dÉuWk¹D\u0015q¥Ù\u0001¯]`ÒÃþkXpW0\u0004\u0014\n·`ý3¸õ\u0019x6a-Æ«\u0000¦qÇ,X^(|\u0002½ù£>Õ\u001eË\nÞ¦ñH\trg¤qÏß<®$LX\u0018\u000fðx!¾ÅR¡3¢ÂÃ\u0007øÝí#J±\u001d\u001c0Cý1%×g\u000fÜ1@£èÏ'\u0000C7ô?©Õ|y\u001e9Ð/ÌçÑæ3õÂ¯3xQã:fõ\u000bÂð?-ë\u0001?¿PÇ\u0005ó6×EôÒ\u0014ó»ARéÌÊÂq<c\"¦»7ÆÀÑ¬Jq_Ì²l<x-M9z OÏª©ÃOã<\u0012'R°Íu\u0017/ã¨\fM7\u000f!ÙUÓuí\u0018}¾²|Ü\u0015YC\u001bnþ|\u0004Ô\u0000Ã5\u001c)S\fë\u0012^Ò\u000bß^\bwyüó)\u0004\u0011aoÝ<¯\"iðzÅs\u0010anç_ºñçÚ!·vÉfÂ¡\u001c)\u00157Aî'àbM\u0003\u001c2Z\u0013aø\u0010s%\u001a^UÐ¤\u000f<^ÑÜa9\u0007²ôx´\u0005ìmäAéÓt}¹>AL0\u001cÜkrçÃ\u0010J³ðÍEÚÀ¦6p;váïx|Z\rPÌ1\u000ePäDþPRFc4H\u0003\u001aÂ'hx\u0017Â\u000b\u0000£Å\u0006D*.Âë°zÐ,öuSéÓh9¥ìWý\u0019É\r¤\u0000\nÛÀìÏ\u0007öå\u0003:Úàå=,n%Å@·DÑÐÚ¾ÍwQ\u0019À¡¡ÀxÁ\u0017uÂj­Ô\"sXùëÚ2X§FrHÔY×)1­¹\u0013§\u0005®\u0012©.®#hE\f!©Ê´/O¾&B×Sl\u001eqûåkQßÖ\u001cÀe»j`üb\u0004{ûyÓ¯\u0010f/¿:s\u0015\u001b¨Ìî²Ì3æ-\búï\u0018ñ\t\u0018aÞ\u001e\ra\u0004¿I±¶àÁ\b½B\u001e¶P\u0002<ÖP\u0002\u0012Ö\\¿ñÀµ4\u0010\u000b%nÍ\u001eØg¡Dï£µýÝ!©èª\u001ai\u0016´\u0003ÀíÄ\t|ÄX_\u001bÍßÃ#ü\u0002tf\u0004{-\n\u000bÂål\r¿¤þë\u0015\u0017\u0015\u0016t\u0002\u000bÖL¤_Æf¯\u0017Æ$\\aì\t©(iJEá­LÞÒf0í\u0004pî/\u001c\u0002æ¤ç5¥¹¢°@\u0014`±q'^]÷¸3)DÄÑ¢CN\u0012ZÕ6c\u000f~¸å µR~¾x&EB:¾i´\u0018¯Mô\u0006L\u000bN£0°\n`DÓzve\u000ej`(ÜÔÚ&ÔÖð\né;Ø.V\u001dÄÁ=ç¯Ô\u000fÉ¦Býhws¿¨§^\u0003×6lõ\nÀ\u001f6jñ¾b÷è]$OQQãåE¼\u0003°réê\u0007v\u0013P\u001fzþt_\u0005\u0017÷E4\"2\\ÜæÃ}PµãÁú5D©Ëá\u0015éq,mÞzÇ¯ÊF\\5\u0001±Â9@\u0002`e·N¿ÑZ\r9º(+Õ.VgaÿøÌ\u0007\rW\t\u001dÇ\u000b_5q\n¹Ý\u0007÷Ì\u000f1AD\u001d3çñÔ(#lS\u000eû)À°¯öå³Z+´\f\u0011n£ó\u0006§­©Ü\u0007ÄÄ\u0000a¿ ;G\u0013¬o\u0001ô5Õ§x\u0005]\u001b Ês<tî\u0010¤$\bÜdi=»ûðÄla ô(ãÉq<Ã]Öªê\u001e\u001dqFÂ®\u0019Ú´tZ\u0010vpw0Ï4$\u000bØÒ3ÎÐ¯'P^\u0007Á¨>Ð¤Ø\n<rFP°Ñ{ªÄ\u000f\u000eÐ9¥Ú\\3HQ\u0018ÖNIÏPF6¯ú3\u0010Kvþ>\u0018\u0018>]N½b;\f\n>Ë/ïTgF¸ \u0006@ñy\bâMx{Ñ°&Ô\"\fëáMÝ7¡\rú\u000bñ¦\u0014ùOÌ^ÞdÒwáMø\u0006(Á¬ \u001eó\u001bÅ`¡Á\u0010yÂÎ9½ÓÌ)\u0011¤U¤¯\u0012k#ãÁe\u0000Î?B{öÍ\u0010¨!Ñ<\u0002Ù*®å ¯ÅÜ)2=Í\u000e³c\u0007DÒï\u0017\u0013áJ¡¥R^¾È%¡<÷\u0007\r\nå÷+~KÃ\u0016\u0006µ_é×AîBÄ»ÂAú'-R°\u001füãº_±°\u0002úQH\u000b¾L\u000fôU\u000bi«Ã½\u001et\u000f+ÑËêö¶\"0üe¾îµ\u0010¦\u0016GÏ¯ÓfYPbg\n\u0000Ê,Ø\t\tã35ém\u0002RA\u0010òÚ+·(;\u0001¾\u0000pÚ>\u001fÞsÞ£PìÕL\nwUzÍ{m®4èÂ3\u000fáóakªà\u001e_â te­+6F×àºÄË×Ö£cxÚ}á>þg`a\"¥ä§V>MV6ë´PO¿bÕÑ]47»&Æ¶?rùº`îÍ<û'Ä­\u001f¹×hüÔ£Ìû\u0019Î¥äÄÃx5wÍ\u0003~8PÁÝ§DpuQguM-Bx\u0013«-â0\u0000¼kåi8@ëa\u0004£oÉg/\u000b[·\u0018±:Cr7ë)ó4½3@¿\u0003L;`eg\u0004\u0005ìÉ\u001e \u0018\u000f}Ö8' APG<õ\u0019)í¾æ\u0017Ôd\tm\u0005´)öBÛ!ÍäÓ»ìâµÓ|\u001bò×ÕF\u001b·\u001fÔÖÒ3NéI\u0013u\tÑN¬Å\u0015à$ød«v9Wüä7²\u0000¸ü\u001cök0*\u00112xgÈDÒÍ<\u0006\u0001ö+\u001aì+\u0012i\rFÒåá¶Pj\u0004ÃÂ'¹Ìî\u0011Ïbéy\u0006à£[)9Æü÷Ã°\u0014{J$uþ\u0017cü\u001c:¯á0èDVez\nü­Ê,g|ê¡áúwñEö]µ¼5ä£ß¾È²\tAiÔ-!u6§j«ü`aè·^\u0013ýæ¤î\f\u001e\u001dkÞÇÃµy³³{# â©\u0005!&Á'§÷M¯è\u001b,®ÚÛh³ËéäëAZiÔU*¨#.nça\u0017\u0015^/\nõ¸²O°\u0015\u001bÑ£T}YF#êC·ÒÌÐ\u001eÂ\u0000-UÑK!0à,RD(/\u0005p­ÚNÁN?ã\\:\u000b&÷\u0005üAEPôAX\u0014ô2¬´~~yí¢Öú¿*­\u0001Z¿8Ý$ªÔ\u0013Ü£ôO\u0019%ÙAJéÿ¦EçGßÔIBX6â\u001cN ;ãÞp=?C\u001dËÏ\u0010\u000f2zþE³t­âXugì;¨5û}Ö±A7_bÑB¿n\u0013Öà'}Z\u001fú\r\b´d´Ð\u0011(\u0017¦ÖGê\u001c\u0012Î\"8\u0012©¥!»_é=ô\u0002'\u000bª\u0000¬K\u0006ÖÁn0 \u0016­ô\u0018­Ð§è7OÎ7É\u0018È1Hî-N0+:\u001fàÍ\u0006º{ÎñR2ãXHÁ#Ë\u0010I¥ü¬[Ê>\u001e­x\"æº`)?\t`:ýP­Ã§F9ø\u0006þç\u0004.ÀlTìSQ|L[9Ô]íÇ</Oßa©/S~øµé<V)>X\u0011v\u0011Q5l3¡B®Ln´tü¿è@_Á­ù%\u0005øõÍÑôRa@iê\u0013\u0004,-ÈZw;\u000fAÂ\u0019(O\u001bø*¼mJ\u000b2\u000b\u0000f«AÖ²¶BjP\u0002Ô 5ÔOm\u0019\u0018Mäæ?`\u0016Ø\u0005ùeçÌA\u0015^ÂËpÖð4\t\u0003d1u\u0001º¯)æ_Åð.B\u001fÈ\u0006YÉsâ8â/@¯|\u0011â/É+ä\u001e%\u0002\u0016º­F\u001d\u0014«\u0004êc\u0004¦°Æ<HW\u000boè!ÅG`ÓÊ\u000ftèN¿nvHÙý²|g´\u001c\u0007~ÊÆ%e\u000f¨g?éçÈÊ¬ Zò\u0002 7ÕÚT\u0006è\tzeú5<\t4\u0002ROª¦O6{¡ÁÓæ7ÆÕª\fw\u0006%Ò\u000b0\u0014ÄCkêhÎAÓv[àÜ1z\u0019\tò3\bisLäQ¸nlBð±ß\bQi1¦,?Ô\u0018ÈÖïÍÏ«´\\H_\n\u001fÐw[Ä¾'\u0012U1d,\tWÁ$`*Á~\u0006*ý8QÀ?_\n}ºèÃ\u0019¬@:\u0002I\u0003Ý\u0001\u0011nlW´s\u0002ý\bNÀ\u0016óÑÄÁ¸\"óAô^ª¶ùÆð)õé\u0007Åc>Ú°i\u0018Åè!6ôp\u0018\u0016 Ã!Kµ$3{Çó\rPÒG²S1eÞ\n3\u0016+¯\u0004Öqï¨â\u001d<q[Í9§0\u001bB®µ|\u0016Ûð\r3#8a^íe\u001b\u0005f\u0014z§\u0019¡.\t:TRÅZÖk`}£f\u000eH5Öa\u0003å²W`\u001føÞÿml8\u0006É¾óp\u0004¯<\u0000­T\u0011íó'ê\u0010\u001e×\r½ö®Í£­\u0010<ÿT\tU·?l>\u0000¯¶\u001c¶ :Âè£òLýµµòâMúTá\u0004ZL)!Í¸\u0000Æo\u0001\u0010\u0003øô³\u0012*U`¿ð8³Ï\u0003ß_\u0014ÏXr\u0018ðì[òY\u001a?¨A[¯CZL«H\u001bK\u0013\u001d\u0012\u001dKp0\u000fêû»Ûª\u0015\u001cÎ#ôµ.\u0016Rµ5*-+{¯^ù\u0015DÂðLj\u0018è£\u001c*Çööäð\u0004±B\t-\u0010\u0015ÕÁÛJ®\u001dT¾Jê8m)ï6C\u001dÔëR1ÆTbãïZs£\\\u0004\u0019gL_WöNï#TOð÷B}ooqÙuõ¶5ëÃ4\u001a&ÙüÖçû±:(ñß,%¾×û~­À÷Z\n¼õ\u0007Sà{]çè]\u0000±¬\b!$§Îììß_V?7-Å=+°g%\u0002Nn¥¼ç%½\u0007ô²Ôö(u\u0018S{uvz\u0019Á\u001dâï-Â³\u000eQä³\t -\b[ú\u000eRI,$ÍK¤÷qª/\u0010ì)ÚüÏ\u0002{¦¤T\r°Ûz\u0002+F2ÃäöÑb³»q\u0001XØ·@èQÖÚó\u0015\b>\u0015]ö\t\u0019\u0018Û ¬«,ËÔ'èê'¢ \u0000-\u001dâíë<|g®³­ç\u00126y\raT\b^\u0006s\u0017^ï}¬P¯Á#èW8µ\u0004Klî=âVðxÍ® \u001dK2\u000eJôº*Ðé¤\u0017U >4©¾2ÆC·°ôWF\u001dÄµÅä«.þì0° N#Á»¬!Ì@aH\u0006Cy\u0015\u0000¢-ÌEëÖ@5Ú&xn%\u0001\fðû#Èu\u0001\be§l¸Õc\u0003<Àmê×)\u001e0Ae*å\u0004ß>Uä5w\u001cØgF5|ä4HòË`ýs\bß;\u001e¦³w\u0007y]wù§rÕ×½\u000fð@NèXvÝ\t­ï¸rÎélòÛÏ\"PqÙ|\"$\u000eå&k¾ÔÔAcÜÒKá÷%Ô+\u0011~«\u000b\u0000Q;H\u0007o\u0005A]º®lç.;^¯áÄ%Z*7}sû%\u001e\u001c°,6§Ð!ü\r¡\u0013Ú¬\u0001áèUªIé£üÉñz\u0004 ºÑ\u0004ïç\u0006èºx±Æ~\r&~DÛß¼7¥<\f\nR\n°ÄFÀ]hf\u0007ø\u001b³/¨½¦:ªvÑ `h\u0002Ó\b!\u0018¹\nZÞ\u0001£E­\u0002züÝ\u0003ÉR4\u0018#\u0014\bK¦^è\u001dNµoÊ@\u00147û\fp|%1~¥vÐÏ\u001cX?\\:û¶A\u0014.@Y¾\f\u000fû\u0004¦Ú¼IÇ\u0006\b.Xª2ã8\u0010µ\u0011d1\r\"4 <\u0004§ï\u0014É¶]Ö¦ã\u0015\u0015Þ\"¢¢\u0003.$-1ÁÉÎãÇÃ4Rã´âAË^lÜô\u0010VöÈ\u00047{\u0011Ð6\\bÂ#ä8@`âhÈµÀ\u0004üÁÎEjIPÔôMßEbã\fÜaJÝ<@\u0003Ñ\tmô),*X~ÏMÉb7Ê85Áv9\u0013N(\rñÑhUz\b­\u001a0Á¯\nî\u0011\b¤\u0000¿M\u0001~¯\t¯uºïM+~\u0001{å\u0003P°ß¯`\u0012[å&\rABý\u0019Ô¿A)ÂXýPü-\u000bFë\u00165ïó5\u0000l·uÆ¥RÜ\u000f \u001d¡[7ÛâÄê8!¬y¡\u0000NÏËxðr-x±5ã\u0006`û¬0úå\u0013G\u0016°°\r±_xCo*ËH¢OB!-7Eý÷\u001b\u0011·\u0016ò´LBæiJþÆï\u0014J\u0006 00\u0002¿\u001b<vÐ»Á\u001c+o°\u0003ü¼ø]Æ\u0007\u0005\u0015ç\u0013Kânµ/\bÓ3\\¡Iò`µâ0ÃÜ}`÷Ù;mû2cÇ#6dJ»^hÍwNW\u001e§ÊÂþN{iô>öhÈyÜ\u0004º®Ð\\Ü\u0011¨ÜmÐµ\u0007Ý1F\u000e@F1}Vî»WzAÙ4|>=V¢XA\u0006o\u0013²y\u0019\r\u001d²ZÔ]?Ë¨5Ã\r\u000boÀ­ Ç\u0003*\u000fñ\rø¢¬\u0003Úëg\tìüKûY¬¦ç\rùYNXÛÜú»£\u0005Cfù.*\u0017´ÖßC\u001f9YöòD£\u0017äK\u0005¦XâÒ3àFfÒ¢åx%Âæý#\u001btµ«¿($sk¶r¨\u0016\u0012úÚñ-P%ùO\u001e÷[\b6¶4qbºB)-ÔX5`\"ÿÐ\bl\u000b$\u0004y\u0006É\u0006é³*áÔ0çu,lovT¦\u0014Úp\u0016\fÁ\u0014\u0018õ\u00032ÃGPJlÃ\u001eÑ,Âj\u000e \u0012É\u0005[ø+¡ò[Ó=GÎ­¢?Aõt¼\u001aÁ»Òu\u0000=ì%ðç\rQ_\u000e\u0004@¼7\t7\u0019×\u001cxZº\neÒvå³jûèù}\u0015û\u0012\u0013Þ\b_7Í2Äìááê\u0013 ³<\u000fz¾jFVZüÞ\u0017ýo¾µe{¬b\u0001ëñÆ®QîÄ\u001cB[c*H:ß\u0015Þ¸\u0007¡T\u0012sgí ìó´`¡î\u0001þ\f\u001bG$\r\\¯H9g,£}ÊÃoÂ;\u00050Ý{\\ü0©\u001a2¤]üââ·²áéô¢\\D4móS\u0002\u0002&¬d´$Ã\u0018\tÍ\u0001\tÍ´I\u000f\u0013Ð,ïëW\n\u0017Î¬Ç+ðô³Ð\u0010ÕF:k\u0007Ûî×ÂÙ\u0019K6\u0003\u0000(Ù,B\u001fàÍ\u0014²?ÏsW6ëHNT\u0004Ñ¬ù6^ÀÒ\b~\"òÍ\u000eòv¦\u0015E¦LdF³w¨\b23-39iÓadæ\u0005ÎGÅºX8ï\u00077'+XhkâÈÔupXqd4xÈâ°È\u000eúR\u000eÒµ|\u001cTWª\"@ðéÈ(wì\u0006þÿ;¿UâÝ«\u001az\u001d\u0019ë4mv}ïÍ\u0013^À#zèwz^n¸\u00137ê.`¹}Ø\u0001ø§¶\u001f¿¯\u0007õPüÈ\u001eDÁ®uó[Ý\u0015\rj\u001cÉ×ûd\u000b\"Ö^´\u001a\u0014Áf\u0014>_\u0018`¼\u001aO\n'ædU0óÞ¸°a ÿ\bG\u0010xò¨F\u0001\"Ö°Ã!\u0014¡±4Ëê\u0002Ëþ\u000e$ù\"Mt@åî\u000eAHúvêl\u0002ÑåÝõ÷¡Ë>H\u0005\u0015ø\\ªy\u000e¿:ìç·vÚ¹K#ð8HBFþÑ\u0004îM¸\tÄsÄ;\u0003\u0005Q«x\u0000Í7@ÂË\u001cví%ÓNý\u001aua\u000b7n\u0017?uÇp#\u0006x\u0006÷L0ÔÉ½6IcN\u00152åó*Ö\u0013zö@e½\t\bkY¶ë¬ñî>ÅQ£H\u0001u;î=q\r¬V66\u001eÆ¿@\u001côyz­3B\u0000»ßmj#A\u0000IþÍsåì1~y\u0018\u0002\f\\«a¶cOR¿#%g·ÏÇÔ©,Çç#ÏÖ\u0004x9h\u0019{ÏYûb;\u0011²ÍbÀ?Ä\u0012°mY\u0002ö¬Ý\u000e»íê1zq\u0015VAqëøùi\u0004¿«m¼È\u001dÈQË\u0013\u001dGz\u0007\u0019ù\u0011ÒoBGñ-%d\"Î\u000bíº%Ú³\u0017~­NçØCÊïñÝ\t}ñ»!\u0000;âOTL\u001bzÄ* \u000fÆ§{Ø3x\u001a\u0003\u001aw ÒÒ¨OØ\u001c\u0018¥\u0011i)\"(¶·\u0000ÙÂÐÒCûntþóbßrf*g¦`|þ\u0016X\u0003ôü8PÓ,¹\u0002²ÓM\u001fæ¥\"E×½Ø\u0015ÖÛtÈ\t N¤Ëºù }éd>:AM:ÏF\u0004w+ãÏ'@L\u0016@LôÙ\b¶7ËnU|åG$M]¯¸§âeF\u0014O±B®c\u00183qV4£øÉ\u0019 \u0010Ø\t6sÖAa¾!Na[Ä\u001eè3M\u0005È1+¥û`^t<Ê*uDfFjéÖæ1í\u001aàWA0\u0000\u001c+ø\u001f¬ôÐ\u0003a(U\u000e\u001a<h\u0001ÃïAr>fó\u0005/\u0004µÀEì\u0003ê9ÜÈÙ\u0017±O\u0019D%ßÄ9Ê=\"I\u001c¸B^C¦\"A¥*©é\u0004¾£v@vet¦þ¨K\u0005Î\u001aPÑ\u001dIn\u0012\u0016\u001b\u0007Ó10\u0003A-¹2¬ÂºA\u0018Q'ï TðX·eCmC¡èÊ³¹\u0005íýÃ\u0004TL«C!Q,Ãbá[èy°W\u001c3\u0013-QØ>%FÏ&\u0007æ/ÂilÂÈ\\á\u0002Õ k/Æ\bÍ\tpµCu6\u001aÛ`fm({¨*U\u001c»\u000ba¼7Q½þ¡MÞ*ÔÕÇM\u000fxêtJâ\rÚÁQ¼Jû\u0003¦ëlej¡¬­j2ææP0ïµ7[0Ø©ÍbÆ?\u0007IN¶ko>¤ìÍÛ{íÍÐ\u0013\u0015D½ÑîÊH7þg\u0016öF¹ÿ\u0007\u0015À\tÍQA/x¢Áa48\u0007­\bò/X\u0001uéÎÓÇ¢ixCViµ°\u0004c+¸\u0001\u0005Èc§A-¡\u0004\u0001¾_\u001c\u000e)@¯Å¥\u0002B®W-'å\nxØg\u0018QÛ¡ ìbÓ\r\u0019#Ã R:6Ï£\u0011Þ\u001d1dp£Æ$\u0004¤`!D:­#£|\u0017Ì\u0007²\u0010\u001a]W±\u0012´\u00024J¸\u0007YÄB#±aBþÛGæqúQGøü¢ö-Æ¬\\¤\u0019)DB\u0001\u001fêK§é$$\u001b»ÒáH»\u001a\u0001éÛ\u000f©hã¡Ý±³8¥:Ú\u0011!ÊÚ\u0003^#\u001bN-JÿÈ[ý\u001f\u0011Z³ÜªefT¢ÁR÷S\u0013\u0012} @\u001d\u0004üü\bO'\u0016X~\u0018ÄöTî{\bÎó\u0006ÕRÝ\u0000/ê©{\"104iK_i&Üzp]ÀÆrßÌYt\u0006AîcÈ¼|\u001dçý\u0001\u0016ä\u0017ØòRz¥Æ\u0000:$.×\u0018\u0004¡èN@Û\u001e7$¬½:C\u001eþ7ø£DB\u001cø\u0000iVÀ¯-M\u0003\u0003ô\u0018FùGá|x\u0006\u0001\u001dl\t3'ïÔwÒ¢47ÒxÔª_\u0000×T\u0010×,@Ïêÿ\u0000\u000b³\u0017z\u0010D<\u001eêEüù\u000eÝK\n\u0010ë\u0012}p*?tå¬]±Ý#¨Î6ýºe \u0011ð\rZou\nN²#jÂIé¶ç\u000bæBØW;ø\u0012­ûðÕ\n,\u0010H-PK¼·Oû*ç´¯ò\u000e÷$ Ì\u00110¸Ç\br¡mBPè^A\u000e\u0013O§áßd¸$ê¡F½Ûwµ\u0010gu`æ>\u0013.É&~A\u000bq»ëø\u0014.Åí>z±+Æ\u001e *)\u000e\fà©´Ä¸Ðy\u001aÓ\u001b.Ê¾õ*×äày}ÔÆEmÌ\u0001Iðo\u001e¯§K\u0004:ñëz<G\u0013)9¡ÞoS·ç,XVî×Mj¿\u0019ôS;ÄßNä¹ÝÃ¯¤\u0015)hâUÇ\u0002\u0018l·\u001e\u001aUëº%Á\u000bYù\u001a\u001e\u000f\u0010¢\u001d0yÀä\u0000@¹ÐÃâ¿\u0004\u0004hÂ·K»Ñ\u0000ÖCý¯íÚî<-ÆØ½'$ Dnï¨\u0000,\u000e2í^ßÈ®¹,\u00023÷\u0017£]\u0018í\u0002V\u000b)Cdf\u0018l¸Í\u001bS»\tMàÓ¶Òtï\u0006%ÈWÎ}WAh·ÄrAMë\tìuåØ1\u0006Vû.-Å¦è*\u000f(¡c6CEQï±³ÏlÆ«ö ì\u0010Ä¾©Ê^¹ÔWx:\u0015²[GÆ-\u001a»\u0002x~\u0005ÊßÓ\u0000p­ù\u001eÇ<D§ùî]2Ái\u001fÁ¯Ïêè´ë::ÍAs(Û\u0002¾=\f5Hâpô\\Éô;g\u000e«\u0001{\u001a@>B}Âa¶i\u0018ÚfzÄ>i\u0000\u001fá9¤{ó[\f\rf<\u0010Vf¶¬\u0014\u0001&­L\u0000\u0005¶Î+³xH+,¢ayeæñ\td\"­lÏ¹Ðë\u0002zç¦\u000f\u0016gm¦oõ¹3\u0002Í°¤8H¯ôfBSëø©±à!þ\feÛÍÍ<«RÊMOÌF@S)pïäÞÀi±ªÖ§C¡¯\u0016t\u001cûM3K\u0001õ\u0014\u0017§¤8\u0005\u0001úÓ¼¿Jq!Èþ\u000f\u0002ÕÓË½\u0002\\\b©L\"lHxSãp¯\u0016ÞB\f·Le1V}Ðo·we7j*Q0@È]ÃÔ\u0016·« Í=Ò\u0004mè M\u0000\u0000½\u000f\u000bÒÜ=KInÕÔAAQ\u0011<õ:43tjÆd°%êM\bo#g7\u0016ºíÀMÍG \t!)Ï\u0002áç3\u0018®ÔrÛv\u0000UÑD~ñÜ32ýhÈÅ¤\u0018Ðë£7Lq´|\u0010¸7O0¿mp¶\u0015\u0018X\u0016Ät\u0014¶ë\u000ez\u0007£É1|Õ#\u0019k\bÙ5©ÅñD\u0010RÄ(Ë|2³\u0002°áíeCÜÏãÇ´$r4^jÚØaçW\u0007¸]µÑèSDÓvRv³\ftgJþ>^\u0003è\tÎ¬_«heD;­f÷\u0002á\u000eR.Ô­ª-¾RïÓ£E\\\u0019\u0019ë×\u0003\u001a4cÿLÍoµ\b;È\u0004ÚìÐæ0!«b\u0006ÛÐ¥«á\u0005È¯á\u0005cqEXÂ»j\u001a\u0014Þ\u0002\u0013©MM6o\tMÜÆØÜ\u0018\"Ô_\\â{ô\u0017Uáô'TìæMÌ\bPo1V\u0006¦zþ{/Ç^2n0/ý­ Lï\u0019qÍÓ¤¥ü\u00025)>$S\u0007\"\f¨\u000fÅ\u0017\bÜ \u001eÔO3â\u001bRi°\u0017~³\u000e|5æë8°(+°Þ5\u001aðÞôÐö!ãçWË2Æ£¿p\u0011ÿôaÏ§\u0015»nÏ\u0015*­%¦®PM\u0003 \u0016õî\u001djL\u00125w§u\u001bÌS\u0006GÔ¡Ã\u00173üp©`XÀMòp-$×¾\u0014i¸ËaµGxaÌ³×n\u0002Âõ£VË§y\\ÕL\u001aÆc\u0014£Ëüù\u00028\u0004ÉBKà'k½ªV µ\u0014tQÂs5&*¦¯W $Ò\u0018\u0018²2/H£ð7kuÂk÷TÂÄ!&\\Ók@ÃÍá<®]ª\f\u001aWÛP\f¥\u001a\u000eÐºáRUÍbÄ¡¢\b\u000e¶Ã\u001cªxô\u0018*\u0000\r5Û?õ£Ò\u0011ï\b4Ók¥\u0015|f)cVô¥»¶X.TiB\u0003p£^KI´#ÞifÔ\"êLL6ÚT{\bµïÉV¿m:âìùù\u0004\u0001g\tôå\u0002ü³!+À\u001a~;\u0011s\u0014ôY\u00152ÒÁf ·ot\u001bbÍÒS\u0012ý»±f²\u0018(9ªÖÓKÄákôÉßãÌT\u0010*2ï¬83Y²)!ÎL<\u0011\n3C\u0007\bY\n¡µíÝ§«*8Ø:I\u001eü\u000b\u0012ä\"¥ßzûAQ=\u0016ã\u0012Y©\u0006ÕÊÎ/Ã\\àú J\u0003\u0007yäZ\u001adiò°\n¶Û J:\rgWw\t=ÕÎ\u0002ô\u0014ÄTb\u0010ØÝ\u0014û7Ø;ÍSå)ü\u000bU÷NEII[6¥Ùì\rAPÕZJVé\u001e-%\u000fâÓ®Òo©)a±SËGMÚáIãÊãyæAöD±=KÄ2ðk´Z`°\u0016¶Òu%k5BÖ²*vé\u0010JàJØg×\u0002W\"\u0004®ÏZà2ªºzÂ¤.gsäìJ]è\u001e²%uIÝ6H\u0019{.óÔpÅ0ÉËtW£\u0004/ý§ß\u0012¾^\u0018á+½8Í\u000f-\u0015Ä\\×Ò¹ùÕk\u0014\u0013\u0017y¦»ðJ;\u0000`\u0014\u0018zº²;ðzYnÓ\u0011÷°\u0017ö)\u0007,´\\·ã4\u0006Á·óÂV§#\f9óñ\u0010b$UúKBb\u0004êÛÞ{&\u000e6¾ØQ4óÜY3ÝMðÌù½Xb°\u0016:I\u001aPêU4Jù\u0000\fCSø\n/^´\u000eN\u0017ï±¢¹ \u001dÌzHW+4R\u0004é@'l\u0004ÿðGâÎ39%¨ÙRÍ3\u0015GÕ\fQóÆw\u0007\u001bÎÝùÁw¶\u0004xú\"Åî/\u0000êUB²\n|1J Ã!64;®ìk¥G®\"Î\f]\u0000ÇwB­Ä\u0012ãQ­,9\r»ÎTÖ\u0005in¦éüÄ\b#oq¿\u0004±ùCUq\r3=<f¯Á.@\u0017Qå3\u0012­Wõ\u000f t\u0019ë¾nì\u0005jù¯aå¨Ô[Bæ1|ßÈ÷¼{\f6H\u0011;R\u001d¤77PÌBÜ§!h~ô\u0015)c°9kè¨Ù\f9cØÈVH\u0000K3¶\u000f°M;îÇEô\u0003®\u001eún\fÕ\u0013¨´\u0004Ó\u001a2+\u0000ì>»©@Ï\u0017G®ÂÔTñ\u0010gP\u0017Ò:|$vZès ìljÄ\u001cH ¿êD)ïÎ;\u0011\u0002êN´é*4\t·5D9iå.½»I\u0015Ä\fÀV^Z\u000fg\u0005%ØûOJè\u000e0`³Q¼\u0015A?h\u0005àf«ïvD]^¹×­\u00048¨»¤ch ÛÏ*¿ÄQÚ¹-ó@#J\u0019Gó\u0007´±\u0000\u001d&\u0000±Q%cÎx8\u001a6_¤6Ý\u0000õysä*È×@·^h\n?ª­IÒe%é7Åw2qQ¥%\u0012\u0015è\u00073\u001aå·sgn;>!$`GA\u0010ç¹Ýv\u00079Ø\u0005ú^óDG²a/\u0001)[ñÔV_kåE­.)%ÁÍG*PºÚÔÑ\tSvÐ%UÝÀ\u0019#rñË\u001bª¶Í6<¼Ä#¦ËÈ¡.øuà\u00186ëZÃB1\u000b\u0015¼«ëL*]g)%1Ó¨:\u001f\u0015ü<ÇÿKB¥ç,h=ç6\u0018ckQ«yM/&õjQ\u0017OÊËVq¬ò2Ö³G\b\u0015Uõe$N\nõezè'JZR«[äA\u000eçMþÆëÕüâ^\u0004-\\WÝ# èG@Ö,8¶Ré\u00031\u001fÝU*=¿HÉÊJÂ´¿\\»­Uz\f2û\f«zÂZ_U!6­Q\ru \u001eE`V¾\tC\u00191PUzÔoZþ ^v$J<©¢µ°\u0004J<¡ï¥9*yò6üe-¨5äI5[ ç$Ob,úX\u0007cH($íh\u0005Pp\u0019ø\u0014b5_ÕiÂá£MÊè)\u00150Ü\u00029×Rï A\u0006$ÐO­Á¬àÍ:À\u000f°Ãïø#|S*rôL¡\u001b_ÒZ\u001eæPÎ£'@(L çN¨·¾D°täHívXF\u001f´B/Èr´â¬Ák·-ê}\u00133\r·hï\u001fy%TÙ_`ÅgbA\u0000×\u000e^\bù.¹\u0011'ãE\r¤`J~´ÂùW¦á=*e\u0018\u000b\\\u001afÌ²>¹+.=|Æ(³ÐJN\u001eA13\u0010S\u001d\u000bË8æV£Þ¿T~E\t;Ë?j=\u0002}ûZ\u0007ùø\tÌ­ \\¥âùEeÇ\u001el;J©b=µ¹¦¦ ëæ1´48\n¼òezCÌb îÜÕª½µØ'ÖöB\"ÃÎ\u001e\b\u0003ï\u0002_í\u0004¥n\u0006³éÀ\tï\u0000Àß«çÞÛ(_\f ~ÿôz\u0011RZÌq/À*â\u000f¼éC¡«\u001f'LØ?x¤Ø;ãöËµ\"ÁNîN(t]%\u0002æÂ^Ìí\u0019@ÕWÐzUä,>\u001aI\bÏQËDV&Î'»+SYÆUÁî\u0006²D_\u001a\fKÇE¯Ði_ªCô@I¨Å¶U§^së\rE\u0007ÃãËôÓJpSÉ\u0000E@ F\u0004#èrdAõ\u0013ÎòilnÈ(læR'A®æeªb|UÈ\u0004Ø\u0017Êà_á\u0015»Nà7i\u0000´§\u001ci¨\")À¥>yq[é-*³\u0017\u0011òU\u001ej{\u0000f3eEíYx\u0004¬]Üx:U\f73Øz)Ìb\u0001ñôþlª==\tAé\u001f­4ÌÝã\u0012¬Ý¸N,Z\u000f@ðD\t{ÈVè\u0012gú÷ÿ{fÁFPÒ\"DÚôàè\u0012¯ÂÄuO*{o,Â¤\r\f6·jÀCh¨·\u001bü3µ??EW\u001fW¤þTPý°8\u0010¯÷qE\u0010-ÄÌ Ñ_\u0005P(ö¼\fhêA½eÝQ5\u0010f+Õ§\fxlá1\u0010Â ´ØË\u0005DÄÊÅý¶µ_&ÓøeôY\u0018y\f±\u000e/AÜgcfO7§C²L#gI/YpÌ0Ã\n¢Ô£´\u001d\rß\u0002ê)_?~ú|÷îª8è\fè2¨[\u0000¸Ö\r\u001a\u001e\u0001]+\u0010B\u0011ÐF´P!Ð¨>n\u000b²U\b4¤¾Sb\u001cÛ¤F%7ÄnÒØnz³Ø\u0000 ¦Íê¬\u001a\t=F\u000f­ôf«\u0018.Ã\u0013CÏ¿=\u0014çT]_ø=Øï\u001a5ÅTð²GÕØ5rÒ\"k\u0006² ë(Ò=êUòÛ#JóxTu°?zBþ\u001dd\"Á\u001fUJæ9P¯?\u0001å\u000fÌj7öfÑüÐè³aÐÇ),\u0013 Ê\u001c&\u0004Ï<ª)Ä\u001cµwe¨@ï`\tà\u000f\nMh©gyH«\u001fP{T>Tè\u0015pþ%{\u0012õ]>­&¤Ñ_be°Üõrù$Ö×N¥=ù¸¤¨Ù4\u001dA.b<ôÚ<ÍÃ\u0003ÈÜjJ\u0019{ì_y»}=6v;\u001bØ\u0019æ\u0007crEîñ\u0019«\u0003;{\u00141ùa\b{Bo8·Þ\u0011(rb\u0011À£a\u001ay\u00183ôå\u0006½ÜRáe\u001fS³²\u000eÈ2/\"ËÀÚ¡GÍQU¹º»Cù\u000fAÖ¾w>Þ\u0013i=Þ¨SB\u0001¼ëVv¥)\u000e¬V6ÅÏ-üPK!®^­\u0003ù\u0019¸\r Y¾ªñZ¬N#¸=\u0004^M©³î\"\u0016 &\u0001\bÜ)\u000bA2uÀ0\u0010D6Ð\u0018\f\u001f\u0001IN+\u001cÜÅ\u0011IÿvÁ+¢pD\rÌ-hS\u0011B\u0011+N\u0002á{P$\u0014?Q«QäÂ_!2óh\tµv¢f`\bSV\u0018ÙO½\u0006Q@èP_ð\u0004/Í\u000fÃ\u0013Ìs\u0018\u0005`Bh\u0002ÛS/ðä\u001dðÄb4\u000eð®¨\u001b\u0015,DÑO=*É/ÄkZ\u0010W1×»Èb=ê\u0005¶ÐÏ-P»\"ë\u0012\\\t­\u0019¸ò\u001b¯q=æÞ\u0012=f¶bULS L!ÿ\bÎ¨;ù\fÙ¾à<`\u0004î\tÆ\u0018\u0006²jg$æåéTã\u001f²Ý4¨\u0000òmõjyV0WUÊÂ\u0016p[ê.m\u0014Bw\u001f$\rÄqÉ¶g¦{\u0010\u001c8ùð¬þ!°Å&©\n\u000bNÄÈ´\u001eÀÐ.e7­^ 6ÞB^\u0000$\u000e\u001c§\u000f ôA\u001b\u0014Îo1]PãYè\u0011ÚãU\u0019\u001d!´ÅÁ×\u0003\u0019gÔÜ\u0001H«òÍAe\u00033f¹7RríñHH\u0002Ó\u001beÊä¢ê5\r\\\täÞ¼v>*\"ÖK\u000fkY\u001c©O®Ù}O¨f\u0005ýü\u0001Â«QÀDt9lEûÐ2òæZGoëMJÏtH1Ïª®'vS\u0000¬}7^ï\r\u001dj8Pî_GM¹¯\u0007jJb\u0014\u000e³\u001a\nYw ÃÈZ6}V\u001aA¤t¢C=@íh ª\tQM¸¯S$[ýöÞ\u0016õ\u0003áÂN\b\u0003Óô2Õà\tdVý[U\u001f\u0015~i²I*0-nàw +ÅÖêu\u0003¿74uÜÁIll\u0018Îj|YR¡Î·Q°De\u0007-è ñÇ*Üù>d³~K6\u000bíÍ%-\tX©u};\u0003Ðúò\n[Lø«ÓÂ-ï%$ÿö¢X\u0002\u0010\u0019¶\n¿\u0015»J­\u0006{é\u0001{1\u0013-¿hqdÓ×µ\bt\u0003óàæ+f\u0006c-V?Be_f£~Å3\u001cûó»\rw@TW.\t^àÂ\u001fU²\u0014u8zUÒ\u0019\u0012+U;¤luVdMça\u000f^Ü¾\u0001J4ÄÝ\u0010¸èSÄ9L\u0017´Pk^(µ\u000420xE(²ºÈâ2Âsw<H\u0015aÙûTEo\"\rã\u0018F\u0010üèÀ\u000fî¿l\u0010j\u0017Qm\u0002ÀðQ6+k¿<Ï¿ÉÂø;;`¡ÇF*¨ë\u001awÖ\u0018kªÂÊÁàÌXÓ;ã¡BmðÖ/ôN\u000bïàA£Ðà E-®UPß\u001a\u001cÍ¼r:\u001a±ó\bjlð\u000eÂïQJÆTëÙ \f*ªp\u0000Ðä0pË3\u0001dR9Ä^°Ï)¾G\b±Y =¦)ïÀ§JÍû0^e(ì\u000füz\bÆÝSyäD°Ö(¨7Ié?ñ÷óøé¹\u0014\u0002+´~8'Uú¡{ï¯\u0001{Ü1ú*-ÿ\u0013;\u0013¦ú/¡¬ò¶º~Lëþð^C\"\u0014åß°(ÿ-\u00012\u0018;`Ú{18/4¾Lâ|­Åü@juù=êWòÈMØì\u0006$`Ý~<ñ´p\u00163\n£òÙ\u0004¡\u0014&Çs\u0002Ô\\V[ñx\u0017E°\u0010Xu±`\rÔoê*1À®É80!ønè:ã\u000b½\b={L\u000b{R¨«\"Ýà\u0012¸þã\u0014xõ\u000f0TÈûâ}5Õºö×ãÖÂâþª`ÞÃòýÇì^·Ûë°¹\u0010ËêÚ_Ûùð§+Ú®Zþ\u0017\u001fâ®Äò²ªâ`qY)nôÃ5ñÌæñFí¯ÝÌåÚ¯.ltxÜ.·\fx%\u0010¨òãRF[}ößN!Þ±;¦gwÌòêÂâRÌ¬²òß\u0017[ê\u000f>*«|hW·:æÕåa¤'¸À°¢\u001a}ÊlJó\u001e¢ýEÁ`yÕ±ØØ¼òâ\u001a~0¯$&¯8\u0016÷@VãWq?öz^Õ´âª`zØ³B0º*¿Òï/ÖSÀ¥ÁÊÚëz^\u0018ÇìAÔ~¬ 2x\u001dKÙ,Îæòº±)\u0005ÕyjS°.,>Æ\u0011/ÿçU7WbOJ±cyÁ²JÓWÀ\u001fÌ/BG\u0005þ\u0012\f\u001c\u001a\u0002OJq³äÅ²òôÊ²`Y~Y<¬ô\u0016ø+Ïå?(.-¼\u0016Ì\u000bV«ë\u0014KËJ£}æ!Z©ÍñWâm¥ÚnõUAq%ö×'I¥Ø9üÖÓ0¯õBl1^kâ\\ÙÃ¼âÒ´²²\u0007Õå»}?µúÉ/+-Ý3P?¿ºÒV\u001ecWvß¦ÖæðÂ§XU\u000eÐòï>\t\u0014WV\u0005KþÊâ\u0019ykµ×\u001dÆá:?»'ÆfÖà\u0002¼UæV\u0005°+Åurs§¿4¿¬À_p¦¬ 6ô¬Àÿ×gaóÐí°éeUâ´pðjÃÝÍVÝ\u0015Xp 6 _Y¬áVC¸=Þcsx¼êÒÐ¿Â¾ÍërØ\u0014ìÿ[lP\u0018Üº<\u0018 íÿ-°êü¿\u001eV\u001dÕ\u0010¡øß\u000b«\u0018úßÀª\u0013Düï¨¸Ý¥!ù_];ò¿éÚÜÿyãü\u0017×æþe\u0010$¡,Ü<r1\nÎÄ£¼v¾;\\Hhs)Û8ø©ÌÝQôþ\u000e\u000b°1c\\¥E%ÌüÞ«û)è{uçK!Ýîè¦×eI&¤Þ¡ã+ Ä·Bw>Ç\u001d5\u0010¬ú´\u000b«î\"X\u0004i'<{¾¥(\u0015ÿCI­\u001f÷òWTËI¥y\u0014bÿ\u0013æö\u000f\u00116ßðúYØïûÅÇçÁ ?¡ÔH\u0011OY\u0002nçAê ºe\r\u0012O\u001bD\u0016Üf'hØ/7\t\u0005 ý¡zJ\u0002¢\u000e*ñn\u0018~·ÆB^R\u0001Î­ùu\u0010\u000b[7D¹eô=¶\nòR_}5®AZDµ)ZM>ç[ð÷\u0006é;ö\u0016:\\ß\u001d\boq§\u0012OÜ;Ño§¹²ô$TÌFÉqûùc0/¾ïüúÅ[pcZ=Ï-AÄ°MÁE@Í;ÔH¸Ð\u0015R6ï\u001dsõ+SlVyÖU®ºPÝ\u0013ð£·ù\u000fh+/Çòp\u000e\\\u0014\u0007®äÕ=â_EÏ°Í¯ë¡üz\ts¶\nw\u001c Á Í\u000b1\u0015·1ê>âQÊû±©}\u0018@ÐVÿSdýT\u0019õ ¬Ý7·ÌúÕ­Z\rO®ánÙÒ\u00070|uU`OVîßBýÿM\t§QW¿t ìhº¢R!]þ(\bõ_\u000fM(\u0010\u0013\u001fîÅ1¦\u001b8\u0015P!\u000ezÙ\u000fñºxªMpx\fôÎIZ:IS9Ê*\u000fuv\u0006\n-ÂnP\\Ý;Kó\",Ãé\u0006·}k\u0003­Ë\n<~þ^ß:òQ\\Qêî\u0015OY>\f®?±Ú8)ø ðëåQ\u001añCq[\u0007Tl\u0018Pq¼c±Â@ó\u0019zÝ8Ú\u0001£ë\u0017<p\u0019¹ý(ÛíBmÆ¯Ð3dÇÔýI5[)\u0015oÄ\u000fà*[¯s{ª-W7ZvÁ¨Ñ%w¡øZ§2À\u0017#xXåAâÖg\u0004\u0001 +\u0016ºØ\u0017xæj0ï\u0011Xzyò.\\\u0005/xô.¼Ú½7\\üá JåqEÆrðÌYíà4ª+¢ÈOE`¿Vè{!¯ân\u0005îxVP\u0010i\\·\u000bO¼l\u0007£I¢Þ4&õaYôðÛzT À¬Ôe4°¥fáß\u0011¬aBê© :25¥3ÞPq\u000bn´ò³Æ\\\\8b½À\u001d0Iñ\u0014n2¥X\u0012B¥\u0006 7ÅÛg§ï¢E9i#ûò#àN\u0018Â~Ï\u001d¸]KÝ¸ïH²ÝóåþK\u0010¤>eu\f;F?èÆ87qËg]\u0015\u0016û«ö¸]¶K\u0000ÃZSÎÖ\u0004Ì yø§àÈ\u0004|}Äq\bªÁ\u0011\u0002\f0úÆsju}ØVsã\u0017E°³*Qëhó\u0018Í¾x\u000bh$»:\u0006\u00110_ \u0018/ÐB\u0006·Åè\u0018QõKîÑòrç\rM<ýz\u0006Ñ9ÆêÿV¬rgÏEÃ`÷¥\u0016þô¬ XÝÐÒû\u0011öv²\u0006i¦\u0002èuxRà¤:\béæþX¨¢Û\"CïÞRéÛH\u0003D\u001eÙ\u001d\u000f\bQg:½ñTçCñÿ\u0004MnóªÐ/çÕ,_\u0003o!E4[e(\u0017S\u0007*pê\u0006mñÒ \u000e\u0005·ù\u000f>àE\u0007hÒs\n'ß\u0014Åo\u0012vå¤i\\¢\u001dÅ\u0015â uÁùIQÀtZ>\fÿ?îù\u0015T/¤Þèk0Ø \u0016\rÕq÷ß@£vsÉ\u001d õ\u0001ô-\b\u001eð¦ÜÜXÙ*\u0005\u001dXÑ+%çJ$lòsWiB­|,ø\u0004´V^yK}OU\u0014¯!Q×À\u000ei¦.7\u0017J}\u000fn9|rî\u0011máÊ½­ËW\u001c4-y\u000e\u001e ÜI\u0016O\u0013<æY1ð¹èÇID\u001e«\u0002 \u001fPå\u0007JA\u0000w%ñ\bc,*¸\u000bbôA1j8ÁNdâ~î»Uz\u001c&\rS\u0005\t¶@\\¯'> k\u0004(¼¥îx\u0003aAAw}Çû\u0014ÈãWÔ\u001b\u0005ÑV7¡õ\u00160ÕQT\u0002ø»xS©÷\u000eï\u0004½(@óâNu\u0002×ô5æ½0Aµ\u0000iÇè[N:ÿ\\\u0004~J}>Üîaj$\u0017\u0001&×\u00142PÿHåj²\nÅTwµ!x\u0005\u0004èí9@§Ðù\u0005?L[W¸³\u0002\u0001§\t \u0004ðÓä\u0003gÀ5ØA×&ø\u000b\u0002¤©\u001d\u0017»?¢æónªëØÄñâüêÎPZò\u0000ùÍ#î­·\u00012áê\u0004ñ\r]Þ\u0002Î­ñëLu7,¾0¥®Á>ô¶ú<°û\u001f+¬cÂ\rÁÆhQù¸è\u0014\u000fÒH¡±yÔ}>¨¯\u0004äK\u0015\u0007ÂÚíeu\rºÌâ»yÈWxUê3!\u0014÷=üªHWòk@PzÜv\\Í&v%ðÐQ\u0000Ó\u0010½Bè\t¢y6x\u0019\u0013\u001d=xw.ÜÅîl\u001eu=+ÄµÈ\u0002\u0015Bnm>1w\u0005xxùøQê¯¿s\u001b]O\u000bÕýÜüJÊÞ¡^üw:Ðìmþt\u0018¼m\u0010h«¨}\u000b\bí<ö\u0017w\u0017à~Ï´üõ\u0000½? \fÌ\u001dG-çOë»Ô[§ª{Ú¸\u0007eþ2÷!>{>ßâ\u0006\u001f\u0004Á.¡`\u001b}Dx\u001c\u0018#D­W¥®\u0004µð\f\u0016/\t\u000e Í\"wI!n\u001555\u001b\u0019£TâÖ/0ç\u0012\u0014 Æ8@á+u«¦´º¥Î1ê­`e]°óJY,'/h\u0006çü}9\u0002\u00066]ÏE¼R;É¯\u0018ÊêµÂpªY \u000fÛ\u0019gA®ZÀ9û¨ñïTìmÈl]¼îà1CþÓ°ï\u0019û\u001dØO>:ý®ú§¼ ¡\u0005¶Xþ^*vÄê_¤)1\u0000cºCBòO2®IÑõlþ:cÝTÛñ:\u001b×p§\u0019ß-¥Õ¸}\u001aµöè\u0002¢\u0001KUúÛ·,_$m¹TÌÇ%\u0004V\u001b¾·y\u001d¢ï\b²7\u001dñ¬¡Fª\u0012¤VÐ%Hº ¨ª\u0014T\u001f}¾\u000bèDÕü:\u001e<a\u0005¸q \u0010¯&T­MÔÎZ*{ÂMpz#´b£ð26£í\u0007±BÆF»zþ:½¾`Ý\u0007H=w`Tîá]É\bØ»á\u0002dIE\bµ/uÜKa8\u000b|ÅS²}\u000eHÉÓ\u0005O°õ\u001dA ]ûOU\u0006\u0007âP8Þ'ÇO¸ÿz\u000bäi\u0012¤Y| Vì.ê*³¤¹z\u0017\u0016º\ré\u0004¨·Y ó'W\u0011ó\u0007\u001fv[e\u0014÷Õ\u001c*)C@\u0013¿º\u001e¼äçvÜ$Y)LÑY\b»äÚQ\u001aG²\u001emdèÛ_Wiã(-ä£@9ç­\u0014T]ÅÜW «B\u001cEa²1\\./J_ô#\u0003¢:ÌôG×16lx;\u0002¢Å;@]UÂkØ~\u0018I\\ªðM\u0019ì¹Û@¶f¸¡:þ¼'\u0006y\u000fuÁáà­\u0012ú\u001aFî¹\u001eEcPo~\u0017a\u0003\u0006mé1\u001eA\u0010ÃFU¡ÍÉ?êÐé¨*+\u0006¹ëëÙEj3UXNÖÃ\u001eÜÊ}\tÏhý^EÅ£\u0013Ï\"ð EÔùNàB÷ÅERÞ@¯*\u001cÈþ3ç¸ÝYI]î\u000bÜa²ºCÅS*iÎ\u000eSlw9·Ç7äÜÇ\"\u001a!'¶ByÕãâMã\u0019ôªª1êêd\\°\t1¶ç&Ö6\u0011{æ\u001fN|I1,ØÈÂÐVN«\u000bs¨ùP*Ê\u0015mÜ\u0015\u000f!\u0011Åï¹%gÉ£\u0003TQL\u0015\u0000*aÆN4þrm\u001f\u0002ÔuìÆý®ò|4-KÄ\u0017«\u0012äH3ñðkwÑã.oßÅ£À\u0002>=½ÊK¥ê\u0012»1uÇðª6t\u0007a¨tñ0\u0016ü\u00175öy)\u0013ãñ§È\u0005H<\u0010­õ!uwMV¥ç\u0019Ú\u000eH\u0005\f\u0014×à'õ(yÈ&úp\u0007\u001ca\u0010©\u0000HÞ­þ\u0013<sÕ\\\\\fø½`x\u000fÊÉÅOÕmÐð=¬ä×7$ÙÝ\u000byÐk,÷)ÇÌ\u0015ì§)©4ÑÌù\u0007Æï\u000b%Oå?\bóÏwíß¯´*ÚÃÌ¿ªâò\u0011@¶\b0@\u000eÔ\rúv\u0016{z\u0016gÔúðÙEÓê.j\tóðn_Uú}ùB\rõÕ\u0003\u000bZxë\u0000¸ø\u0014hé\u0001@ ÈôÞX3¸¸\u000b¼ü>\u0016Lf³éç\u0011\b#O\u0003i?æRÿ\u0019ú\\SF±ÉØB3\u0006Æ¼J¡á@-%H!PpZ\t*eQ'Ó¥\b»'\u001f7:Éò2\u0011f³) æ;Éó\u001am\u0001+àC%Ý\u0007A}fÌ\u0005 È(Ç+UÚÒ\\\fçÓEÆ\u0010¡Â\u001br½ûÞ¥+ª\\þ\u0017·D\u0010z ÌPóÃ³Â\n\u001dPÝ;\u001dªdP-@\u001eÚòe0Ô\u0017\u000e)¼îqEðÀ¹\u001a\\\u0015=ßAAP0E¤\u001f©\nF[&§\feøhö¡fûX\u001bx\n(*ø×!ìú£NÝ!æEæh¬¹¬âÔqöI  ò`NB\u0006¤>aé`7©Ô#ûWGÍª\u0007Ù\b\u0005yÎ\u0003·!ìÍF@{Ç-)p\t.\"ÌÌGã%~z8ø6õÃ8QE¸çxõ}â\rhÿi(CJ­ºM§\u000f_\u001cV¯`A/\u00028PFu\u0002î¾RU|ØTª\u0017Åo\u0010Â^ä|\u0015±!q!qqÂ\u001a]Ô\\Cæ¾+'Å*zuÖÈL.*U¡e¡Û¶\nrº\u0004l]M\u0003\u0000ò\u0002\f\u0010:+Biåú\u0000äÊ\u0005h:M@Ø·9à4\u0012-fGjÒÏ3·vû\tñ%8\u001c1'þp6\u0016½ßÃ\u0017«XfßÓtw)º\u0005®Y\u0019Tí\nÈøod\u0003PqíûiF\rÎU#&\u0016Ô\u0019ê$\u0010ã®ØtÙ\u000bTõQg<õæÀB#\u0011:\be6Þx»1°8.¤\u0002<G­_.jfoó:©w¥Ã\t\u0002Ñs\u0017ôVÔª³±´\u0012[\u0001¦öª¬Ú8¤HØÔ\u001b~ëÏ{X¤NL\u00065µÕ\u0005Å\u0007«._­HwWÕå\u001fì\u0005çb*B\u001fo«2\\X\rÍÙ¶êâbéÓq A¸\u001e\\b\u0002Í¢\u0016Ù2û¥ NUbÚF(\u000fh{*$ÔzÜq³v\\ßÊ\u000e\neÂ\u000f\\eð:\r\fã(ßñh\u0003Î^bL\u0015¬sß¡2\b­\"õÚ\u0015Ðú¾ºbî;/b{Ñ¢XEÑt¥Qîp9wÊî9ÏÅÞ\u0000½ÿuØjc¡\u0011\u0013Ó÷j\u0004õ\u0001:·Õ¿\u0006f#ÎW_ò\u0018v-êw\u0016\nZ±a\u0007\u000eAj\u0000´\\N1­h\t:\bj}9HG±ÝE*ÝØA`ÿ,<\u0000Y½Ñúbº\u001c¢Ã ½Æþ\bð,ÅªFÜPáóß*&qÊÙ|ãð-Ð\u0017^\nõ\u0019BoW\u0001tÛ-~{õÆ[X\u00010uÓü}\b :\u0012-¤î\":c\u0015|4Ê.ÁöñK(ª¿!{P÷a&K¥¹óµ<àVJsõRÀæF\u0005- «úª:ê|M±T\u0014±»\u001bªèèn@ªá]nIæ¸íWÖí,6\u000b\u0000$cÂs\u0006ý¥\u001c\u0002­®?§-T¾\f.\u0002R\u001eÅ?RÞÍ¹\u0012B-Ñ$&\u0012\u0013I&Ú½{\r}î[êCþªÊH©Ò»ó×AÿÐãª¢NóñH¥w¹¾ÄD\u001a,\u00013Ä±\u0004¨9\tJ¬Hç\bð?\u0004\u001anÈV\u000fÂ2cè\u00174m\u0010°{öm´\u001dÃ¯2\\Åô*×wÇï\tw4TÊ`wÛ\tÎ½\u0000ë\tº\u0015¨Ú\u001f0¶*\r]\u0012P\u0006ÅVõ\u000b÷\u0017\u0000\u000eÔTnªh}o­\t\u001eRò§Ú)¯*¥(­\u0015à²Çj\u001eg[#í¹\u000f\u0018\u0001KÊ^\u00038êð\u0002ïô\u001agièèU\u0004ZCÀv!\u0007\u001bwüde=Ä\u0016àD-Æb·}9V\u0004íñ²ÚÒYu³\u0003b¯¿¥B¢ø¦:ÅE/2di\u0010­\u0011¿\u0006uxÀÐ\u000b\u0005jjòCTà\u0012\u001a?Vk¼\u0018Ê\u001d»$ºK0§\u0015¿°mØô­æÉ5ÀQzôþø+ ÝÁ2\"Â²MÄ«·Ôå¡Á\u0007Ô¶!þ¥Ç\\\u0004ªª3è\u0007½09ë\u001b?$ò¨¬x\u001aE±ô°i'l¾0T0ù\u0014Ó\u000b ãÜì¾$:*a\u0014\u0001\u0016\t>4Uù\u0017X}{=FAÃÊK\n<ò|üõnEÒÝÝÆ\u0015¸D7%Ý<NòI<Ø@1»\u0011ñwÏDÆ¥#T´W\tk¸\u00179l¢\u0000¿W\u0010?±ÞQû}ã¥pSSÃÞ/î\u001cTe\u0002eÝ\u0007iü\u001adàT[y)éHZ#ÐúK°e÷©Ëk÷q+î>*¥×ÈÃLÄ¨#w«\u0000\u001cb\u001eõ{Ö\\\u0005¹÷\u000fë7Lx\u0010å>\u0003T\u001b]Î´Ä4\u0005î¯óPÅ*\u0003ß\tM|ú¶*\u0019>oKKä;`]\rõ¿-µ?¦:IZ\u0006Ï³^¥Ó\fÐ\u0013q?ýÁ|hÏé­\u001bôtCÿ]I«iµÔËÁíè\u0014wwdã\u000f\bfQW7J{,F8È+ð\u0000CqQéÛãn±>Ç\u001dÜÇý9&\u0001L]Ý·;w\u0015[$Ilàÿ¢Õ {-ØG\u0013$½\u000fæIõSSÇ(^\u0017Çê=\u0014(È3luÖÈK°\rÃIÅO\rûñ²\u0010©FÝV«ïü¥àø)nRyýêÖíÎ\\n,Çîc}Gï_Þ<ÜgT\bPÉûè+V\tA¿×\u0012²öî²\u0016ëhí,É°-\r§r_Ð:-uÝV{\u000bYâ5Ô\u0014t.1M¡îªOm«\u000f\"Ñ\u001fP^¢OyêIVà\u0018Nf\u0005 ¿÷ãu\u0018WÑ»Ñ\u0000\u0004ki±v°YcD[ª}ÙIU\u001b\u000e-0æÓ\u0007ª¢vg\u0001d¿K\u0010\u0015îÓÿC»\u001c\u0006x\u001bú¢\u0017rWªáMù\u000f%mSçQ,\u0002`kµVµ·8ãfSÐfÄ\u001a\u0015I5«ì×/\u0001½(+­d¶%\u0005Ø[V\u0007Sà.Ët¤%\"a\u0014¢j?·ÆümÓa\u0003<U?ËOhW\u0002\u000bù(OÇÝâ\u0002!kÃ:øsÆ-±)Ý&#´Õ÷Am\u0007¨ùW­4\u000bå\u001cºhþ¸¬úÖ\u001e~\u0013o\r \rQ@cn°ÁHdÍOÞ#Ù@\tz,ö9\bÆÛs8\u0007\u000bÖ³S~«M8w)èÃÏºI`ññ³dÐpS÷5çbR\u0012'\rUùU8\u0016\u0019!ÞÊv;`Ã´ãníþ\\þ®µwy\u0010qÍæE Û)»_\u0019þ\nKmSÞ«i±( Ûí=\u0006Â8a ÛÃ³6^O¤álè\n¤ïcU]<Ê÷ÏçFólÈ§Qàé¾û9¼Z\nQlÖÑ\u0018\u0017\b\bI\u0014Ã²÷\f4òwü\r95øÖbBr\u001aËZ4,\u0012\u0010çµÎ¢:úÀj\"ÐdFJÙÒ\u0012Òbi]ñú\u0015yÁ?ËìîÊGE \b¤U×éÄ?wóD1\u0016«¶\u0004þUe¾CýÔÐYDC<\u001fÎ\u0000¹Ùå·\u001e@JãiÕq%·\u0014\u001cW¬Öç+\u001f­çV*ÆØE³\u0016ê\u0000fÂQ'ìÖ:«k~«¼·\u0010Õ~\u001bðôo,&l¨ÓÈá¬\u0006ä_ÕÕÝ\u0012@¾C\u001ewC6FÝ\t®ó(\\J\u0011ÎríäÔR\u0005=o\u0011UFÑA\u0007lÛ\u0004]\nÛ\u001dSOÁ%ÒøåK\u001e'-\u0015ók½ÃoµÀfÇÞã£^­¾¢@dü\u0015À\u0004þVO\u0007yÇKp£\u0018ÛâwA\u001cT³15¤áÓ$\fS2V\u0015- n\u0001\u0010*¿q\f+µ>SáRÚ;ëvýÍ\u00165ÆzRÊë\u0005Nu\u00189»r\u0001¨¹H1JÑßEkL\u0005]jF¥fÅ*_\u0003²\u0014\fñp\u0000¬!\u0006\u0006i¾îÈkÀ:Ò_D\u001f\u00131ßl -ì\u001f@\u000eÃTq\u0017÷] \bh\u001cõWEå>{Ä\\mó\u0018@¹\u0001jîÑñëã@<­Ñà\tÏ)ÉÂu¥\u0018<Aè1H-\u001b´uFÜ·\u0012üµ]?`d\u0018H¿¨ó\u001aþÛÏ@;\u000b¿3Ñú,>¦\u0010\u0001Û2>æ®ÿ\u0003ri½ðØØ«ü&F\u0016=\u001a0î+jå]¿A)\bgø³\u0012`æD9\fUw}ÙdM\u0000©d1JÓN­Áa4XÏ\u0003&\tºvÑJ\bº56í\u0003\u000fR³â\u0016ÍÀ-\u0006§\u0019ÐûPYÝé´Ä«!Þs&-Ñ+Þ\r?¦\"üÇ¬@?\u0015þ~ÏîC¿¿³\u001dk­+íVlG@Ýb=¿±\u001eýØgÞ\"çÍb?oQ°Åp\u001füÉoç>f\u001c¬2ûì>ÝÈ&\rû6×cq¥N7«4\u0016ªè\u001eT\rC]\u0003\u0012@ä8ÃÄïáR%ß_òüE\u0002YLvWh¾õà\u0001P`\r1\u0019ó\u000f\\øy.A\u0013\u0017À§øLAþî?/&ÁÐ)®B5\u0017\u001bÁÞ¹V(;\u0001@årV©iUYCßÝ' «\rÐÄEê<¥ê@\\ÌFn¶2EÞW#Z^*d\u0004®\t åÝ?\u000bKÐ=ºP¼Ñ6T1÷f\u001d!*\u0004\u0007½\u0007 Oí\u0014ó÷*¸Jp}\u0012DZ¸ø®bæúâì£Á$©jY<4\u0017ú\u00034òÃYëER\u0015nW9mýBÎ!u>ÀCÇKÆàv­@¿ã>ÅÚT@í\u0017\u0013ËÂ,\u0005ÖÐ\u0017¡\u0003+s1«\u0018c?õ\u0014Òº$àÎý\u0015P­¶%¿\u0002¦Iî½\u0004¼xxÃ¬ç\u000b¹+\u0005²JÏÉTÕt\u0010x\u0005MÃò\u0015\u0014«(\u0007ÒÝ\u0007ú[A/\u0002\\Ú­\u000br \u0019®×ÚÍà¶!è¶\u000bÐzq1\u0016+¢!>¾à)Ä+hµ·\u001bõTß\u0002\npE&°W¼\u0013ö¼s<q;ï í T\u001dOÔ\u001cx¦\u0016<\u0017è\u000f;\u0000\u001bËq<a£*ãO´Vz\u0007\u000eÛ°¼>smIò\tµ2Rah\u0007P\u001eÅHº\f>øEl\"^l;\u001b¥wÑRsyÎ\u0016n§\u0003Ò\u001fôð{ë\tÔÏÙÐLãeFÛ\u0016eª\u000eû¡_æ_\f*D6j5+n~\b³?Løj4)3\u0012gä\u001aYD\u0005b4nQ\u0002·t\r&Ñ`ÞÄ¼ª\bÔ«ö\u0010VÇÎ!V|\u0015\u0016w¶9\u0004 Ì¿\u0011+ÍY\u001e^uëXVTËÏ>\u0001\fnR\u001fîKÀÉáþKÃ}õcTÂSE)wIL¿»sû$LQ\u0002cÁG\r½¬¬ 2Ù8SÖÉqë\u000eA³6YÊ1$\".pÅG\u0012ÒE·ðâÈç\u0013çkûMËu9Å8Ø¹à%õÕgßà÷\u0017a²zu\u0007\u0005CÂà$\u001cObv¼\u0019ðÔ¼xÉ\\\u0002Ý°VüÊ\u001dÐFmê\u0019\rðÂS&_ã®&\u001bõÝÂ\u001bÔæpt`fSÔ^äÃÅ=´|Ï¬\u000b~ãOÔ%¾hÜ³j\u0002\b1ÊH(Ö!f¿O\u0006¢åQijw.ä7åÊ6Õv¶ä\u001c\\vw_]]R¾\u000fâÙüãJ±ÍÚi\u0018:Ïfæe\u0007¿ñÅ%ò;14vá\u001eþÚÂí\u001eÚ<üþ¬l\u0011øu¹²\fÂÞ\u00037ýÑæPQØUm\fáØB\u0000}\u0014*s!QJ\u0018\u0004gÃ0\bÂ@\u0017Yà@Ý\u000e±úuÁÞ×vð®YQèY¦±¦ÜoXË\u0011ò\"ÈFó»è\u001a0\u001858!¶¥\u000f\u001e|H\u0017p/jy*3\u000e\u00102\u001fËïªónÁF\u0006\"Â­%FÌðL\\ºvnllRgjÆ3Þ8\u0005ß.RØ_YUyümN3Îëøÿ\u0013£Ò\u000fTN÷ßäÄ8ã\u001dqÿåx¤:µ;ñ\b¬Æø\u0017£a¸\u0018Çã¶á¹ÇáþÛîã0vÔþ\u0003Uþª*L;Wõµ_åªäÇÛ|Ñöüüh¯'ß\u001b\u001dç)Æ'\u0018&àsû}\b:>ð¨¸´ ìÑÿð\u001b§Ëå)pyóUBÂb\u001fZ#ÇüÈEpº\u001a\u0019\u000fí1\u000ew|\ng\u000e=ð«'åEù¹Á¤òLwj¡ûÑÃ\u001bî\u001eç­\u0007y7/ÕVd^\b>TQè.|\u001c(u¤%]»âP]\"V?P\\[à\u000fäUè sLÚ\u001dL\\K%/ e¢¸4?(v{òâãq=btÀïöF»â\\öè<g-Úç\u000bxìÞ¼¸¸?O\u0001G9'§-Þ«N£º:lÍvo´7ß[\u0010íõçù£ãì~¬ÙW\u0017ðÛ=î\u0002µ\u001a\rÒ0Ðü@Ui^yUQYPå-U!#X¬\"Çì¾ÉõÕêu×Ý},§\u000eúïÃ\u0007Ñøÿñì]N7Àâ_s\u001cþ+à\u001c\u001f\u0007È\u000e\u0007çh\u001c¸êYÚËD\\q*¥äoÚ;½ñ¡öê¥nL¿kowì¶7óqÛCíãT>Ëö\u001e}jª¹]¥D¨æN\u000b\u001b½¶8¬ýa£\u000bXõ¯°ÑãuÆ8N\u0017ò*âÞ¿ÃF\u000bØøoºÿGÈîrÇëcùïwï±ýîã\u001c®Ó=rPÜÿdsâaÙÿ\u0014\\T(kp¨o\u000b¿«=\u0004\u001fNÓ\u001eEBíUNÎ^pÕ³·=þ+ðätü\u0006OÑN¹Ì\u0007+ðÇÿ®½=.\u0004Þv» ÛnÍÇëtý\u0005\u001d\u001al¤½d`ºm!øv«Ýþð\rjø¯ðq\u001b¼þW\u0000èù{\"ævü\u000fØßu\u0019g\u0007&ÿç.ñzûÿ\u001d í²y¯ÇõûÁº\\\u001aCö´÷ \u0001Ë´W0º\u0017pä8ö¶\u000f\u0001ÚhïÔä)\u001cpôß\u001eòöØöV\u0002X\u0018`î\"\u0002H\rÈ!Àôzþ\u0002ÈaoÇ¶íA\u0014Oó÷ö Ó\u0007n\u0000Ï¿9h¯í¦Ûö¯@ÓtÏ¿ëÒóï×\u0011ÿ· éõþ+\u0012ëõþ³M\u0017¾úß|»E\u0002ñZ,Ò2!7ï|Ù\u000baÁ\u0016äXö\u001fÚ;ãC$Ö\u0016\u000f\fÑý[ìsü&@GCÆÜ Dà´$8Íõ÷B~Ä¡0PJVÿèþwÈt Jè_ÚïÎßkeQ ß¥¡uO{'\u0016)íÝÎßÛÇ¹þ\u0016òOü_3¾¿=ô¿\u0005MÝý¯à(\u000eé¢×¥Ã¤Ðÿ§IüCM\"\u000eÔ,ûÿ\u0003*\u001f7Ø²\u0000\u0000"
    }
  },
  "response": {
    "status": 200,
    "statusText": "",
    "httpVersion": "h3",
    "headers": [
      {
        "name": "Content-Security-Policy",
        "value": ""
      },
      {
        "name": "access-control-allow-credentials",
        "value": "true"
      },
      {
        "name": "access-control-allow-origin",
        "value": "https://www.vectal.ai"
      },
      {
        "name": "access-control-expose-headers",
        "value": "X-Accel-Buffering, Content-Type"
      },
      {
        "name": "alt-svc",
        "value": "h3=\":443\"; ma=86400"
      },
      {
        "name": "cf-cache-status",
        "value": "DYNAMIC"
      },
      {
        "name": "cf-ray",
        "value": "972483a30a23739a-JNB"
      },
      {
        "name": "content-encoding",
        "value": "br"
      },
      {
        "name": "content-type",
        "value": "application/json"
      },
      {
        "name": "date",
        "value": "Wed, 20 Aug 2025 20:06:58 GMT"
      },
      {
        "name": "priority",
        "value": "u=1,i"
      },
      {
        "name": "rndr-id",
        "value": "979ebe88-d6f7-4b90"
      },
      {
        "name": "server",
        "value": "cloudflare"
      },
      {
        "name": "server-timing",
        "value": "cfExtPri"
      },
      {
        "name": "strict-transport-security",
        "value": "max-age=31536000; includeSubDomains"
      },
      {
        "name": "vary",
        "value": "origin, access-control-request-method, access-control-request-headers, Origin"
      },
      {
        "name": "vary",
        "value": "Accept-Encoding"
      },
      {
        "name": "x-envoy-upstream-service-time",
        "value": "526"
      },
      {
        "name": "x-render-origin-server",
        "value": "uvicorn"
      }
    ],
    "cookies": [],
    "content": {
      "size": 15,
      "mimeType": "application/json",
      "text": "{\"status\":\"Ok\"}"
    },
    "redirectURL": "",
    "headersSize": -1,
    "bodySize": -1,
    "_transferSize": 382,
    "_error": null
  },
  "serverIPAddress": "216.24.57.7",
  "startedDateTime": "2025-08-20T20:06:57.195Z",
  "time": 788.1590000033611,
  "timings": {
    "blocked": 2.3850000018309805,
    "dns": -1,
    "ssl": -1,
    "connect": -1,
    "send": 2.053,
    "wait": 781.5589999972116,
    "receive": 2.162000004318543,
    "_blocked_queueing": 1.1660000018309802
  }
}