{
  "_initiator": {
    "type": "script",
    "stack": {
      "callFrames": [
        {
          "functionName": "method",
          "scriptId": "126",
          "url": "https://www.vectal.ai/_next/static/chunks/9da6db1e-ad7decc175389864.js",
          "lineNumber": 0,
          "columnNumber": 80787
        },
        {
          "functionName": "",
          "scriptId": "126",
          "url": "https://www.vectal.ai/_next/static/chunks/9da6db1e-ad7decc175389864.js",
          "lineNumber": 0,
          "columnNumber": 148111
        },
        {
          "functionName": "Pe",
          "scriptId": "126",
          "url": "https://www.vectal.ai/_next/static/chunks/9da6db1e-ad7decc175389864.js",
          "lineNumber": 0,
          "columnNumber": 148117
        },
        {
          "functionName": "retriableRequest",
          "scriptId": "126",
          "url": "https://www.vectal.ai/_next/static/chunks/9da6db1e-ad7decc175389864.js",
          "lineNumber": 0,
          "columnNumber": 118977
        },
        {
          "functionName": "Rs",
          "scriptId": "126",
          "url": "https://www.vectal.ai/_next/static/chunks/9da6db1e-ad7decc175389864.js",
          "lineNumber": 0,
          "columnNumber": 148321
        },
        {
          "functionName": "",
          "scriptId": "126",
          "url": "https://www.vectal.ai/_next/static/chunks/9da6db1e-ad7decc175389864.js",
          "lineNumber": 0,
          "columnNumber": 141725
        },
        {
          "functionName": "",
          "scriptId": "126",
          "url": "https://www.vectal.ai/_next/static/chunks/9da6db1e-ad7decc175389864.js",
          "lineNumber": 0,
          "columnNumber": 118337
        },
        {
          "functionName": "",
          "scriptId": "126",
          "url": "https://www.vectal.ai/_next/static/chunks/9da6db1e-ad7decc175389864.js",
          "lineNumber": 0,
          "columnNumber": 118343
        }
      ],
      "parent": {
        "description": "setTimeout",
        "callFrames": [
          {
            "functionName": "Er",
            "scriptId": "126",
            "url": "https://www.vectal.ai/_next/static/chunks/9da6db1e-ad7decc175389864.js",
            "lineNumber": 0,
            "columnNumber": 118125
          },
          {
            "functionName": "enqueue",
            "scriptId": "126",
            "url": "https://www.vectal.ai/_next/static/chunks/9da6db1e-ad7decc175389864.js",
            "lineNumber": 0,
            "columnNumber": 117852
          },
          {
            "functionName": "capture",
            "scriptId": "126",
            "url": "https://www.vectal.ai/_next/static/chunks/9da6db1e-ad7decc175389864.js",
            "lineNumber": 0,
            "columnNumber": 151479
          },
          {
            "functionName": "Bi",
            "scriptId": "126",
            "url": "https://www.vectal.ai/_next/static/chunks/9da6db1e-ad7decc175389864.js",
            "lineNumber": 0,
            "columnNumber": 65378
          },
          {
            "functionName": "",
            "scriptId": "126",
            "url": "https://www.vectal.ai/_next/static/chunks/9da6db1e-ad7decc175389864.js",
            "lineNumber": 0,
            "columnNumber": 64921
          },
          {
            "functionName": "ai",
            "scriptId": "126",
            "url": "https://www.vectal.ai/_next/static/chunks/9da6db1e-ad7decc175389864.js",
            "lineNumber": 0,
            "columnNumber": 64904
          },
          {
            "functionName": "",
            "scriptId": "126",
            "url": "https://www.vectal.ai/_next/static/chunks/9da6db1e-ad7decc175389864.js",
            "lineNumber": 0,
            "columnNumber": 65345
          }
        ],
        "parent": {
          "description": "setTimeout",
          "callFrames": [
            {
              "functionName": "Ui",
              "scriptId": "126",
              "url": "https://www.vectal.ai/_next/static/chunks/9da6db1e-ad7decc175389864.js",
              "lineNumber": 0,
              "columnNumber": 65324
            },
            {
              "functionName": "onRRwebEmit",
              "scriptId": "126",
              "url": "https://www.vectal.ai/_next/static/chunks/9da6db1e-ad7decc175389864.js",
              "lineNumber": 0,
              "columnNumber": 63832
            },
            {
              "functionName": "emit",
              "scriptId": "126",
              "url": "https://www.vectal.ai/_next/static/chunks/9da6db1e-ad7decc175389864.js",
              "lineNumber": 0,
              "columnNumber": 59214
            },
            {
              "functionName": "At",
              "scriptId": "159",
              "url": "https://vectal-api.onrender.com/_events/static/recorder.js?v=1.259.0",
              "lineNumber": 0,
              "columnNumber": 72562
            },
            {
              "functionName": "mousemoveCb",
              "scriptId": "159",
              "url": "https://vectal-api.onrender.com/_events/static/recorder.js?v=1.259.0",
              "lineNumber": 0,
              "columnNumber": 76208
            },
            {
              "functionName": "e.mousemoveCb",
              "scriptId": "159",
              "url": "https://vectal-api.onrender.com/_events/static/recorder.js?v=1.259.0",
              "lineNumber": 0,
              "columnNumber": 41250
            },
            {
              "functionName": "",
              "scriptId": "159",
              "url": "https://vectal-api.onrender.com/_events/static/recorder.js?v=1.259.0",
              "lineNumber": 0,
              "columnNumber": 42525
            },
            {
              "functionName": "",
              "scriptId": "159",
              "url": "https://vectal-api.onrender.com/_events/static/recorder.js?v=1.259.0",
              "lineNumber": 0,
              "columnNumber": 22821
            },
            {
              "functionName": "",
              "scriptId": "159",
              "url": "https://vectal-api.onrender.com/_events/static/recorder.js?v=1.259.0",
              "lineNumber": 0,
              "columnNumber": 42720
            },
            {
              "functionName": "",
              "scriptId": "159",
              "url": "https://vectal-api.onrender.com/_events/static/recorder.js?v=1.259.0",
              "lineNumber": 0,
              "columnNumber": 22821
            }
          ]
        }
      }
    }
  },
  "_priority": "High",
  "_resourceType": "fetch",
  "cache": {},
  "request": {
    "method": "POST",
    "url": "https://vectal-api.onrender.com/_events/s/?ip=0&_=1755720434780&ver=1.259.0&compression=gzip-js",
    "httpVersion": "h3",
    "headers": [
      {
        "name": ":authority",
        "value": "vectal-api.onrender.com"
      },
      {
        "name": ":method",
        "value": "POST"
      },
      {
        "name": ":path",
        "value": "/_events/s/?ip=0&_=1755720434780&ver=1.259.0&compression=gzip-js"
      },
      {
        "name": ":scheme",
        "value": "https"
      },
      {
        "name": "accept",
        "value": "*/*"
      },
      {
        "name": "accept-encoding",
        "value": "gzip, deflate, br"
      },
      {
        "name": "accept-language",
        "value": "en-US"
      },
      {
        "name": "content-length",
        "value": "3926"
      },
      {
        "name": "content-type",
        "value": "text/plain"
      },
      {
        "name": "origin",
        "value": "https://www.vectal.ai"
      },
      {
        "name": "referer",
        "value": "https://www.vectal.ai/"
      },
      {
        "name": "sec-ch-ua",
        "value": "\"Not(A:Brand\";v=\"24\", \"Chromium\";v=\"122\""
      },
      {
        "name": "sec-ch-ua-mobile",
        "value": "?0"
      },
      {
        "name": "sec-ch-ua-platform",
        "value": "\"Windows\""
      },
      {
        "name": "sec-fetch-dest",
        "value": "empty"
      },
      {
        "name": "sec-fetch-mode",
        "value": "cors"
      },
      {
        "name": "sec-fetch-site",
        "value": "cross-site"
      },
      {
        "name": "user-agent",
        "value": "Mozilla/5.0 (Windows NT 10.0; Win64; x64) AppleWebKit/537.36 (KHTML, like Gecko) Noi/0.4.0 Chrome/122.0.6261.130 Electron/29.1.5 Safari/537.36"
      }
    ],
    "queryString": [
      {
        "name": "ip",
        "value": "0"
      },
      {
        "name": "_",
        "value": "1755720434780"
      },
      {
        "name": "ver",
        "value": "1.259.0"
      },
      {
        "name": "compression",
        "value": "gzip-js"
      }
    ],
    "cookies": [],
    "headersSize": -1,
    "bodySize": 5856,
    "postData": {
      "mimeType": "text/plain",
      "text": "\u001f\b\u0000\u0000\u0000\u0000\u0000\u0000\u0003íyW\u0013É\u0016À¿ÁQÆÞ»Ã8ã2ò\u0014tT\\p¸t\u000eä\u0001IHÂ.3\"\u0002( È:²\u000b  £¢â9÷~±w»«I\u0002!èsÞ9ï\u000fBR}»êÖÝªëW]Òèª®\u000eú]y.^pë>· q^Ý\u00109-àõq^Íðr¾@×|&ú½~WË¬1Cq\u0012ÏH¬,\u001c§¶H4\u001c1£ñ \u0019så5&¯\\õÖÇ­&Y\u0017õf¿\u00117\\y4r¼>bºò¤\u001c\u0017kitÅÂÕQ\u001f5\tÔg8\u0016\u0007Ã!º$ë¨M\u0010Õ\u001cW½+O\u0015Å\u001c¥²èU-Ç\u0015\u000fV§\u0002IjñMXK,nTFè.MQ4E·¦jM9_>¦âIÿ3É\t2oõlË\u000b\u0012×IÝ5ò¢IK\u0017?£%u\u001b7ëâ¤¡ËSÍóB\u0000îx¼Ö7Çùl)cßíOÉþ\u0014ìOÑùJ.ï÷'<ÑÔöÔOr¨\u0011GÞjÛ{[\u0018\u0007îÀ|1v(E\u0011\u0016e\u0001°¯¨0gÏ\u001ejËæ\n¸bX§Å9ô\u0013û~-àNÚ·©Ð\tÓ0u>ûâ\u001e{\fe'Ìøq\u0016Ûì\u001a¶Ø_tèÇ[{ñ\u0001ö³+«JÃ°}ÙkààÁ\r§\u00115+Ã5[Ãömå÷oÑJsçp8Ã¼'\u001fÙñ&¶À\rû²\t·UvU6ÀK¼\u000f+ìßÆ=ø·-mÚ¿ehõî\u0001»W/Ú\u0017Ä,Æ~\u000b?ý\\\bÃð\u000f¸#Õ»iÐS\u0017?Æî^\u00189°\u000bÚ.Á<~`]C¿\u001f{áY\u0011LàÛ\\j~p©\u0010GØ\u0006½øÜ/\u001b¡\u0005ÿÂÝø\u0012^]G\nÌÛ=I?¨Ô\bã8V\u0002/=F´y\u0011ºNA\u0007LÀçp\u001bïc[ä¸'\u0004sûÉù½0\u0007Ó\u0006tã\u001b|\u0001=¸ÔhwäÞ\r]5xÓ¾Û\u000bsâoÐa·ûKÝÇ`\u0005\u0017\u0010L\u0005`4\u0019ð\u0014G\nq8¯\u001cú¡§áwh~[J{\u00050ô;®@Ï/Ý\"ã '3ðÌ\u0013ø7,ã³ë8sð¤¯þ;2Ó\u0010tGÈ¢Ç\u0007\u001f.<sî\u001c<\u000f0íØÅv\t]\u001aÛ§¡\u000b\u0017Dx\b3õv\u0014\búÎüY\u0007\u0015\u001e»ñ\u0017ú<ôW\u0016­mjª×¡ëÊq&Ý?\u001fÎß7a9Í<Ø¸\u001fÆÏt\bº=¡8´ZzwaÒ\u0019ª\u0019n\u001f'=\u001fCW\u0019¶8Ñ1ä\t\u00150@ÏÎS~\u00188\u0016÷4õãÙØÌºp\r_Ûß\fèõYÆz}Ð_Å¬\u001a8Íø\u001c;ð->cvÙm'=\u001eO\u0014æaBda\u0007ÜÎ.rÔÐHA[ßbèÖ}\u00058^Ïòà9ÎÃ-°\u001aÊØ~Ìñ»\u00178^£2ð$W­à\u0013u\u001dx\u000fnhÂ\u0019´ã[0±ëhã¡©ßá\t|Ä\u0001+ÆB¹Ô}\u001e;x3ßã¢`\u001c\u0017§âã\u001dø\u0001§áÁ\u0001hÅVy<ð¶Ñ\u0013ú\u0005c§Y`Ú÷hdõþ0ø\u00073\nyé&,A\u001f\u000e\u0017Sº-\u0015_W¿\u0006pü\"¹û).\u0003¥éG*,=l.9=\u001e×\u001fTp\u001eC\u001b\u0005Ê\u001díßN\tzÂ×ã¿@+L\u001dÇ\u000exc8\u000bã?b\u000bK&A*!¥Z*ÂxOGl¦?çà+X<³\u0007OÀS³!X;Ø?\nI£²f\u001c`«^FÅo¨\u001c\u001fa_\u0015ËZ?t\u001d¢k=çpâh\u0015¼(§y+\u001b'-'?\u0006\\ùìÓË2Mø\u0012\rú\nmðR=öøñ¥]@\u0018Ûq¥ËwÅØ\u000eÁ³¸\u0000£0\u0012Ç'ðê\bôÀ\u0007\u000eÞÕÁß¸\bw©2-Í\u000ey\u0002¦'\u0000K\u0015\u0002¯©.õ\u001cWÕ1òJKà4N>\u0006Í>|xScV \f\"ÿtbw\u0017<<\rÍ8y\u0016ðä·n¹,Öz/á\u0011Õ\u001c¦¶Oy°pZ>F½Ò¤nÀ\u0013©æU\u0016Xp;öÃBUä\u0006¥ø¯\tÿ{âR¥û:²ÀõævO¨J<!\u000bÎ\u0004àí1Xö\u0004\u000eü@]³47KáS¢ÿÂ^\u001c\u0017´zxëék÷)xöñ\u0019É\u0002\u001aèS\u0001öá\u0012|¢\u001aÖN?[pBÃ8à74SÜâi\u0011tz\nðÕÐª ò¢Ì\täÖôËk×^z\na\u000f\u0011ªJ÷¥^¡»ãõ\u0015ts£ã¢?XÇEÂ\u0011z\nã\u001a#Xax+L®6è\u0012¢:Zª2JÁÒ2ë©N\u0015¥\\]$MæEI4eÃûB¾²p4¥{1×\u001ab3ÙÄ\u0000\"¿T<jbp´\u000bG¥Á+/`TÄÌ¦¦&2Hb\u0015·­c¯¶%\u0019$·ý,öu¶3ÚÚ\b\u0005+\rë\u0011óWGí/ªtGâ\u0012)\u0016\frê/ß¬0è)1­=\u00187Y¯/\\m=f§ß\u0019z\r\u0004+*¸Ê°4M»\u0016¡\u00019²V|£!£r£fËÀ\u0015ÁÐFÈ_¥¦Õ_t#%ÙU3Dæ\\õ#ùäó\b\u0003\n\u0014û{\u0005é»[à%9R³Cqó¹ªªEêöl%\\\n¿s$åR0K\u0014rÛ\b%\u0017¾6dÕ½~²F4hÿc>j3ý^PuEÅ\u001a\u0003¥5òªó\\¾pÌôÓ¾t>ª(oc\u0003ØÐÐÿL\u001b\u001aYp'6@ÖVÏÞ0%åÕõò*%ä%GÞ\u001agÕ\u0000Ô´vÃä¶7Ekåi\u0017b°µò¢WhpK^§\u00193yOÛÀi¶§×È»\u0013\u001b¸\rä\u0005Û©ò\u001a¿Iÿ\u0010é%nm\"\u001dq«iK{X×ô­î\u000e¿²º¥\u0012\u0017¥U­\u0011¥ØÚF\u000ein{êÿ¨ÂÛ]:tÞâíèºf¨FWÄ\u0012$) õ\u0015Ò=Q÷,>«`§FF%(\u0013DZèr¬¢O'·¬¸­RG¿:1\f½S2o¾:fê]ÒíBúÞEuó¹qYÑ´\u0004ÕIË\bNÖ\u0005Ã2©%/'\u0012TtSÏkåE1)ïô/&\\¡X\u0000i]AJ\u0012Uya3y^MO)\u0018iÄGHïß\u0012ÊDd5c\r\u0010$q{\u0011\"©Â\u0016|(i¶å¶Ñ;Ípã.e}AÇ*\u001bw©¸7_Ê2fL÷mÜ%\u0015p+?³bf,F\u0001z5ò^Nðù}¦ú4NWý:G·P×\u0001MWL/=dÕ\u0006CþpígïdYõË\u0004S­{*^®e\u001dÐ«5fÔ\u001aÙz¢Î\u0015)-¸\u0014\u000fVK¤Ìw5\u001f¹¤\u001c/Uj+Ï+Åªt¡Ü(þµ¾êÒÑø¡#ùU¥Ji] $È?[_(Z]úÂ¡@°ôªß\f\u0018Õ\u001560$¥\u0015W8Q¦ëþ`,\u001e¤\u0007T¦´¢\u001an7/\u0007¸©hn²À\u0019ç¼Þ\u0000­´®\u0007LÃÚî\b¥0²ãd=;öñnÓtUç\f~\nNOm|ÂJÛ.;¶òäKØñftá\u001f\"¤iã¤\u0011ÒÅoKH\u0003Øº\u0011 Å±½Ä½¾\u0014~C3e£é\u0006;\u0001F¿\u00106¢8¢·Ö@QìÂ\u000fn\u0001û¢8ý\u0007,fÁð\u0015¸Ë:ÀÖÚ*Ãþ38qR1?v\u0013Ìúáë§þEÐæ1Nÿ\u0004sU0ÊÃËyâø\u001aÇ Æ\u001db4K»\u0006]\r9¦÷(t©ÐVr¦8È}\u0018­à<ÑFâOí\u00046G\b±Þ9hÀ+ÆO®Á\u0003l.Äç:Þ9D\u0018æ\u0001vïPà½\u0003\t?¨8gpº\u0018°ÿ\",\u0011Ö\"X±\u0001\u001e\u001b\u0000ñ\u0002\fÂ\u0014q\u0010âCnì;LãÍ]#\u001e×I\u0014e°ÕÝRFÖpJvØ©F4g\u0002ævÛí\n1È?½0\u001e;JpÙñØm\u001c'<ëÅV\u000b\u0015·\u0004ah\u0017´\u00179w\u0018\u0016\u001bÏ1\u0017\u00124\u0019ÙGf9\b\u001d?À\u000bDíz±Åç\u0018ûñ=s¼ \u0010\u000fõÖ2ó:¨QÀ9ÂA·\n²÷gã=&0\u0007Ý,²d+\u0000ÕD¼2z¡loVõ1èß\u000f÷P\u0003á¹B|Ê1\u0006ÉË>Íø ü\u0004Ü¥\u000faó\u0012lãà¡\u0003ÓÞ9y±´\u000b'Ãgñ\u0005K\u001f«\u0014x\u000b\"y¤e\u0007<=\u0002^a@Qü­Èþ¯âX\u0016´î¢`xFÜh\u0019F\u000f{\u0002~\u0016@ßÃ;2V\rpÒóp÷\n¾¿Òuø{\u0011_Ãà÷<|Â\u001eÜQ{\u001cçà£\u0003Ð5òP/¼uãØ\u00056Fí\u0000²Ë s6¶\u001cv´\u001e%®õ\u0002z/8ðNfòDÓïVá8Îï¡~Ý~e÷y¼%\u0016×_\tîw\u0006è¢P\tEgwÉe¼¯Òà­¥Uçðõåó\r\u0016w*É\fLçãJ\u000evSÂ½¾Jq<k\u0010÷]!ý)çXûzrwâB\u0003L\u0012\u0018§aNÙ¹((\u000e7_Èï7\u001að-\u0011Ê{xÇÒ8\u0010\u0010Ý\u0004öp×àÆ5bÿDXÇwBU\fÂx9,@óYlÿ®U\u0006Pù\u0019èØG×LÈúÓãSº}ZÆHÁYþ;¸SKàó$\u0013ü\r2¶H,xr¡\u0003'°ùg\u001c.VR>yo51ëª¹ØQ\u0000\u0003'gü0ôC{`/.èðüG¦\u000eÚNc\u001bïLH->ËÊÀ^øóH¶Kd¥LÍwNrZthãö]ªNý~\u001a\u0007ÃçN4Ûy\u001d¹í¸w\u0006?ìu|Ë8®í§º=k\u0002ù\r\u0017ðÝ>:Æè¡2qÛÊ)í'Ëó®¼\u0007Be8wæ\u001a\"\u001b,83îÇ\u00130ÀÓÁN?¶ÔRæÓ±Ãp\u001e<¼£\u0016ögî¦Rè´ãT\nÊ$\u001d\u0010,ãd©]Fjß©õ¯¿Ç~{¾¼zç\u001bÊ¹¿²ð)¾;·42ý8¹ú-EÍT\u001dyaa«TÐy:Rý¶ÔÚBü\u0003Tù\\A%L¡\u0011I×\u0004]ÿ\u001f¤dúmït¶Îñþ\u000fI¿\u001an\u0012É¤¼úOBRA\u0017¶óVâ@<÷f{`=\tåT¶S5Â©¼þVE²­Ê»\u0013^\u0000Y//¥È¯B¿$X\u000fñ2S9^oÙÞntK;r]þjægOþK1tz\u0013\f-¸¥Í÷îß¬ø|#Iìæë¡ë*¼ÍÊ.Rý7\u0019&Á¡-)±y>l\\\u0013Tj¶s0ñ¦U:H\u0019\u001dM­!³ës\\R\u001cP¦¼NãdâIyV\u0013t%Éõôõò¢<øp\u000e&ôäAh¥ûÚ\u0003Ã<;\tÐ­³bG^§©¯\u0007\u0019ÎÛon!Q\u0003Uy=÷$LÑ+´9ÙÛô;·°Bú¨©´Õõ|nÚ'Aëhk¼Ó¿åêò)ôÔZ\u0018m+µWåÓR¼ßÄj\u0014JiòÉã®ôþ\u0019|dâú«9bÕø´IËì\u0014]¶\u001düN±\u000eàìImbäÔåsUO:1ÝÈ)Ë§\"VhZ!)ôé\u001d¼ÛAòÉåtÓ\u0010x\u0012[¼ÞêßòD¦þ\u00055\u0019úîÕ L:=Ýì´Ö\u0017­yÚNL8==µ¤Ì©\"Yeãÿ,x«,Ø­º.ÿ\u0007üRÑÐH,\u0000\u0000"
    }
  },
  "response": {
    "status": 200,
    "statusText": "",
    "httpVersion": "h3",
    "headers": [
      {
        "name": "Content-Security-Policy",
        "value": ""
      },
      {
        "name": "access-control-allow-credentials",
        "value": "true"
      },
      {
        "name": "access-control-allow-origin",
        "value": "https://www.vectal.ai"
      },
      {
        "name": "access-control-expose-headers",
        "value": "X-Accel-Buffering, Content-Type"
      },
      {
        "name": "alt-svc",
        "value": "h3=\":443\"; ma=86400"
      },
      {
        "name": "cf-cache-status",
        "value": "DYNAMIC"
      },
      {
        "name": "cf-ray",
        "value": "97248410ffcb739a-JNB"
      },
      {
        "name": "content-encoding",
        "value": "br"
      },
      {
        "name": "content-type",
        "value": "application/json"
      },
      {
        "name": "date",
        "value": "Wed, 20 Aug 2025 20:07:16 GMT"
      },
      {
        "name": "priority",
        "value": "u=1,i"
      },
      {
        "name": "rndr-id",
        "value": "634328be-54a2-4af9"
      },
      {
        "name": "server",
        "value": "cloudflare"
      },
      {
        "name": "server-timing",
        "value": "cfExtPri"
      },
      {
        "name": "strict-transport-security",
        "value": "max-age=31536000; includeSubDomains"
      },
      {
        "name": "vary",
        "value": "origin, access-control-request-method, access-control-request-headers, Origin"
      },
      {
        "name": "vary",
        "value": "Accept-Encoding"
      },
      {
        "name": "x-envoy-upstream-service-time",
        "value": "736"
      },
      {
        "name": "x-render-origin-server",
        "value": "uvicorn"
      }
    ],
    "cookies": [],
    "content": {
      "size": 15,
      "mimeType": "application/json",
      "text": "{\"status\":\"Ok\"}"
    },
    "redirectURL": "",
    "headersSize": -1,
    "bodySize": -1,
    "_transferSize": 379,
    "_error": null
  },
  "serverIPAddress": "216.24.57.7",
  "startedDateTime": "2025-08-20T20:07:14.784Z",
  "time": 998.2299999974202,
  "timings": {
    "blocked": 3.0939999984968454,
    "dns": -1,
    "ssl": -1,
    "connect": -1,
    "send": 0.9849999999999999,
    "wait": 992.4220000029476,
    "receive": 1.7289999959757552,
    "_blocked_queueing": 1.5859999984968454
  }
}