{
  "_initiator": {
    "type": "script",
    "stack": {
      "callFrames": [
        {
          "functionName": "method",
          "scriptId": "126",
          "url": "https://www.vectal.ai/_next/static/chunks/9da6db1e-ad7decc175389864.js",
          "lineNumber": 0,
          "columnNumber": 80787
        },
        {
          "functionName": "",
          "scriptId": "126",
          "url": "https://www.vectal.ai/_next/static/chunks/9da6db1e-ad7decc175389864.js",
          "lineNumber": 0,
          "columnNumber": 148111
        },
        {
          "functionName": "Pe",
          "scriptId": "126",
          "url": "https://www.vectal.ai/_next/static/chunks/9da6db1e-ad7decc175389864.js",
          "lineNumber": 0,
          "columnNumber": 148117
        },
        {
          "functionName": "retriableRequest",
          "scriptId": "126",
          "url": "https://www.vectal.ai/_next/static/chunks/9da6db1e-ad7decc175389864.js",
          "lineNumber": 0,
          "columnNumber": 118977
        },
        {
          "functionName": "Rs",
          "scriptId": "126",
          "url": "https://www.vectal.ai/_next/static/chunks/9da6db1e-ad7decc175389864.js",
          "lineNumber": 0,
          "columnNumber": 148321
        },
        {
          "functionName": "",
          "scriptId": "126",
          "url": "https://www.vectal.ai/_next/static/chunks/9da6db1e-ad7decc175389864.js",
          "lineNumber": 0,
          "columnNumber": 141725
        },
        {
          "functionName": "",
          "scriptId": "126",
          "url": "https://www.vectal.ai/_next/static/chunks/9da6db1e-ad7decc175389864.js",
          "lineNumber": 0,
          "columnNumber": 118337
        },
        {
          "functionName": "",
          "scriptId": "126",
          "url": "https://www.vectal.ai/_next/static/chunks/9da6db1e-ad7decc175389864.js",
          "lineNumber": 0,
          "columnNumber": 118343
        }
      ],
      "parent": {
        "description": "setTimeout",
        "callFrames": [
          {
            "functionName": "Er",
            "scriptId": "126",
            "url": "https://www.vectal.ai/_next/static/chunks/9da6db1e-ad7decc175389864.js",
            "lineNumber": 0,
            "columnNumber": 118125
          },
          {
            "functionName": "enqueue",
            "scriptId": "126",
            "url": "https://www.vectal.ai/_next/static/chunks/9da6db1e-ad7decc175389864.js",
            "lineNumber": 0,
            "columnNumber": 117852
          },
          {
            "functionName": "capture",
            "scriptId": "126",
            "url": "https://www.vectal.ai/_next/static/chunks/9da6db1e-ad7decc175389864.js",
            "lineNumber": 0,
            "columnNumber": 151479
          },
          {
            "functionName": "Bi",
            "scriptId": "126",
            "url": "https://www.vectal.ai/_next/static/chunks/9da6db1e-ad7decc175389864.js",
            "lineNumber": 0,
            "columnNumber": 65378
          },
          {
            "functionName": "",
            "scriptId": "126",
            "url": "https://www.vectal.ai/_next/static/chunks/9da6db1e-ad7decc175389864.js",
            "lineNumber": 0,
            "columnNumber": 64921
          },
          {
            "functionName": "ai",
            "scriptId": "126",
            "url": "https://www.vectal.ai/_next/static/chunks/9da6db1e-ad7decc175389864.js",
            "lineNumber": 0,
            "columnNumber": 64904
          },
          {
            "functionName": "",
            "scriptId": "126",
            "url": "https://www.vectal.ai/_next/static/chunks/9da6db1e-ad7decc175389864.js",
            "lineNumber": 0,
            "columnNumber": 65345
          }
        ],
        "parent": {
          "description": "setTimeout",
          "callFrames": [
            {
              "functionName": "Ui",
              "scriptId": "126",
              "url": "https://www.vectal.ai/_next/static/chunks/9da6db1e-ad7decc175389864.js",
              "lineNumber": 0,
              "columnNumber": 65324
            },
            {
              "functionName": "onRRwebEmit",
              "scriptId": "126",
              "url": "https://www.vectal.ai/_next/static/chunks/9da6db1e-ad7decc175389864.js",
              "lineNumber": 0,
              "columnNumber": 63832
            },
            {
              "functionName": "emit",
              "scriptId": "126",
              "url": "https://www.vectal.ai/_next/static/chunks/9da6db1e-ad7decc175389864.js",
              "lineNumber": 0,
              "columnNumber": 59214
            },
            {
              "functionName": "At",
              "scriptId": "159",
              "url": "https://vectal-api.onrender.com/_events/static/recorder.js?v=1.259.0",
              "lineNumber": 0,
              "columnNumber": 72562
            },
            {
              "functionName": "mousemoveCb",
              "scriptId": "159",
              "url": "https://vectal-api.onrender.com/_events/static/recorder.js?v=1.259.0",
              "lineNumber": 0,
              "columnNumber": 76208
            },
            {
              "functionName": "e.mousemoveCb",
              "scriptId": "159",
              "url": "https://vectal-api.onrender.com/_events/static/recorder.js?v=1.259.0",
              "lineNumber": 0,
              "columnNumber": 41250
            },
            {
              "functionName": "",
              "scriptId": "159",
              "url": "https://vectal-api.onrender.com/_events/static/recorder.js?v=1.259.0",
              "lineNumber": 0,
              "columnNumber": 42525
            },
            {
              "functionName": "",
              "scriptId": "159",
              "url": "https://vectal-api.onrender.com/_events/static/recorder.js?v=1.259.0",
              "lineNumber": 0,
              "columnNumber": 22821
            },
            {
              "functionName": "",
              "scriptId": "159",
              "url": "https://vectal-api.onrender.com/_events/static/recorder.js?v=1.259.0",
              "lineNumber": 0,
              "columnNumber": 42720
            },
            {
              "functionName": "",
              "scriptId": "159",
              "url": "https://vectal-api.onrender.com/_events/static/recorder.js?v=1.259.0",
              "lineNumber": 0,
              "columnNumber": 22821
            }
          ]
        }
      }
    }
  },
  "_priority": "High",
  "_resourceType": "fetch",
  "cache": {},
  "request": {
    "method": "POST",
    "url": "https://vectal-api.onrender.com/_events/i/v0/e/?ip=0&_=1755720557331&ver=1.259.0&compression=gzip-js",
    "httpVersion": "h3",
    "headers": [
      {
        "name": ":authority",
        "value": "vectal-api.onrender.com"
      },
      {
        "name": ":method",
        "value": "POST"
      },
      {
        "name": ":path",
        "value": "/_events/i/v0/e/?ip=0&_=1755720557331&ver=1.259.0&compression=gzip-js"
      },
      {
        "name": ":scheme",
        "value": "https"
      },
      {
        "name": "accept",
        "value": "*/*"
      },
      {
        "name": "accept-encoding",
        "value": "gzip, deflate, br"
      },
      {
        "name": "accept-language",
        "value": "en-US"
      },
      {
        "name": "content-length",
        "value": "1388"
      },
      {
        "name": "content-type",
        "value": "text/plain"
      },
      {
        "name": "origin",
        "value": "https://www.vectal.ai"
      },
      {
        "name": "referer",
        "value": "https://www.vectal.ai/"
      },
      {
        "name": "sec-ch-ua",
        "value": "\"Not(A:Brand\";v=\"24\", \"Chromium\";v=\"122\""
      },
      {
        "name": "sec-ch-ua-mobile",
        "value": "?0"
      },
      {
        "name": "sec-ch-ua-platform",
        "value": "\"Windows\""
      },
      {
        "name": "sec-fetch-dest",
        "value": "empty"
      },
      {
        "name": "sec-fetch-mode",
        "value": "cors"
      },
      {
        "name": "sec-fetch-site",
        "value": "cross-site"
      },
      {
        "name": "user-agent",
        "value": "Mozilla/5.0 (Windows NT 10.0; Win64; x64) AppleWebKit/537.36 (KHTML, like Gecko) Noi/0.4.0 Chrome/122.0.6261.130 Electron/29.1.5 Safari/537.36"
      }
    ],
    "queryString": [
      {
        "name": "ip",
        "value": "0"
      },
      {
        "name": "_",
        "value": "1755720557331"
      },
      {
        "name": "ver",
        "value": "1.259.0"
      },
      {
        "name": "compression",
        "value": "gzip-js"
      }
    ],
    "cookies": [],
    "headersSize": -1,
    "bodySize": 2075,
    "postData": {
      "mimeType": "text/plain",
      "text": "\u001f\b\u0000\u0000\u0000\u0000\u0000\u0000\u0003VYoÛ8\u0010þ+\u0016d]Ôá>\u0015Û ^ØE/ EAPÔH&,*EÙIü÷\u001dÊRl·Î¦»y5\u0019~3üæøúÃ\u0019\u0006Q:+Ç\u000fòçAîæEY¹i\u0018n\u001eÀT<Ã2++çÒ-Hê\u0017\u0017k`¦e\u001dÊ:­:ÐF@ï¬~8\u0017\nÿ9,Õ®ÇSü¦[Ð½P\u0012åoEÆ3ÐøýÇZ«\u0016¬¬­à@ÍM\u0007(\u0001ýÆ(ëýÂ\u0016n´Òç\u0016-_©5\u0012úbÐõ±\u0006UUÕ\u0003ÂsÐG9\u001f´F¸tÐ\r\u001a¯éúÕr¹Ûí¼-pÃ\u001a¥µ_«ÞÆtr`å\u001d3kÉ\u0010ÞÊ\u0019õ4ÛÑ\u0001qSVï³ðVÝ¦aKâù'SÈw\u001f\u0016ïùÏ\u0016(Hâgë$~ºxÞu\r|âµ0K\u0012¥^,¼þóÃÛ7Fl`ñ\u0012øF=]¼Sbé{1ºÛ'f\u0019¡ç{I\u0004^\u0010ù«\u0006ñi%aî\u0005\u001eY¼g\u0015ÓbòxÙCÆÑÁ¸a²\u001e\u0010=b\u0007é~|l2ÑNC%®G\u0015{Þs\r é\u001aD½Æ 1µ6·t'J³vVa\u0010Å(Ü\nØuJ²\u001fdÇòI= EÕÂ¦\u001d\n{\r~\u001cóÄ\u000bIîd\u0011\u0012Ñ\u0019:²ÔÜÞÆÜp\u0011¶ÑFû)_\u001f]¦¤¡O\bñâ\fï,Eoä\u001dIXûqåV@R7ÎâÀeQé»EQ%AÊ²¬ÑÂ\bÖ[f\u0010\u0007Ý»vB?$®¹¡ÿ!ÈW$ZxI|±\u0016\\ÉJÔöÐ[ô£\u001a\fm±\u0010Ì·\u0007~ß\u0017\u001b\tÊ-\bK\\D\u001e`±1îF<Ì9Ëy$Áä¼W\rÐFÕT\u0003Wº\u0014²¦ YÑ÷iL\u0018íE \u001eÀ>Ëá -ÁìÞÐÝ4³Î \\[ªÓÏ¿@WJ·LòQ:\u001b`\u0018h?{ÆW¢[µAý,¡¬iÔ\u000e\u0011µ`°@QC\u000eMsww\u0016OËúÍè×êÕàLnY\u0010 (ëJC×°\u001bÚ³\u0016Kjf\u0010íäc:B¼¢\u001dZZ\u000ex:òèô\u001c9+:C÷OvÈ\u0006£¦LPdÍÜV\u0018£MîQÄÿö\u0006%\u0006UàC7Rl¾ù¬Ãùâ\u0012ìÃ5o\u001e¸yVdÜ-Pdóè´jX~u°¶m&Ý\u000eëÛ°sm\u001bë]ÌÄ\\rßÐz2[>®½rø}\u001f¤µVÃØ©¯ùfg}½3\rß\u0007è§ÚôS0qhK (±6ËÜe\u0001\u0001·LåE\u0001Üçc\u001f\u0018;ïªfìc\u0013ÀÎR ÌAjVª\t\u001bÌÑi_nh\tÅ`A¤ÑÐ*sIºF\u0000-3|=²ôE¿ØòÞ¬7\u0018¾\u001d³`fÚÙ;q`ýOËFÈ\rcÌòoyÆ8-a¶ú\u001f+Ü\u0014p$\u0004`¿qVyré\u0018¦k0\u0014g\u0005º)8ÍïVásµj\u000bÎÝåhØAØ÷Óî\u001bÒÆ¨\r\u000e¡Ó­95WÝ\u0017òº&»ö#ùD7ìÓÛï_^ç/®¾×¤¾®døæêýßW¯ÂCcÆìTlh\rßÆ\u001bÆcê¦¾s´ýø\u001bð»iÂS7KÊ\f÷ ?ò*ÍÈ~HíÆ\u0019ÿ¨M\u0014ÇI\u0019§|dá|\u0011ÒA[:ãä9\u0007\u0019z¢ûØnsªýÐ¦sªõËÞsßï©´o4g)(¤\u0001-YC¡Â8h\u0003²\u001eþï(÷â\u0016¯\rýSåya\u001e\u001a|Ã>Ng%Äªí\nb\u0017 O|\u0012'v\u00179`ÅN4Àt¯Óv\u000fáCoTKY'æÍ\tÞgÍÅ\u0013OIÄTö¸jûr\u001f÷]Û5íÂó3K \u001b¸\\³$`Èç\tÄàûv¯¾\u0010=ê£\u000bQ\t[\u0015Ó(ÁÕc8\u0014÷ë\u001eCÂÏJ4Ic±ÚAeß\nc[\u0015²Å¾ÓX7øNyE4oÅA\u0016Gwßþ\u0001je\u0015qó\u000b\u0000\u0000"
    }
  },
  "response": {
    "status": 200,
    "statusText": "",
    "httpVersion": "h3",
    "headers": [
      {
        "name": "Content-Security-Policy",
        "value": ""
      },
      {
        "name": "access-control-allow-credentials",
        "value": "true"
      },
      {
        "name": "access-control-allow-origin",
        "value": "https://www.vectal.ai"
      },
      {
        "name": "access-control-expose-headers",
        "value": "X-Accel-Buffering, Content-Type"
      },
      {
        "name": "alt-svc",
        "value": "h3=\":443\"; ma=86400"
      },
      {
        "name": "cf-cache-status",
        "value": "DYNAMIC"
      },
      {
        "name": "cf-ray",
        "value": "9724870ef8d973b4-JNB"
      },
      {
        "name": "content-encoding",
        "value": "br"
      },
      {
        "name": "content-type",
        "value": "application/json"
      },
      {
        "name": "date",
        "value": "Wed, 20 Aug 2025 20:09:18 GMT"
      },
      {
        "name": "priority",
        "value": "u=1,i"
      },
      {
        "name": "rndr-id",
        "value": "f30fa234-cb26-4fbc"
      },
      {
        "name": "server",
        "value": "cloudflare"
      },
      {
        "name": "server-timing",
        "value": "cfExtPri"
      },
      {
        "name": "strict-transport-security",
        "value": "max-age=31536000; includeSubDomains"
      },
      {
        "name": "vary",
        "value": "origin, access-control-request-method, access-control-request-headers, Origin"
      },
      {
        "name": "vary",
        "value": "Accept-Encoding"
      },
      {
        "name": "x-envoy-upstream-service-time",
        "value": "72"
      },
      {
        "name": "x-render-origin-server",
        "value": "uvicorn"
      }
    ],
    "cookies": [],
    "content": {
      "size": 15,
      "mimeType": "application/json",
      "text": "{\"status\":\"Ok\"}"
    },
    "redirectURL": "",
    "headersSize": -1,
    "bodySize": -1,
    "_transferSize": 416,
    "_error": null
  },
  "serverIPAddress": "216.24.57.7",
  "startedDateTime": "2025-08-20T20:09:17.333Z",
  "time": 356.9770000030985,
  "timings": {
    "blocked": 12.336000002428424,
    "dns": -1,
    "ssl": -1,
    "connect": -1,
    "send": 0.6370000000000005,
    "wait": 342.1009999967208,
    "receive": 1.9030000039492734,
    "_blocked_queueing": 1.9200000024284236
  }
}