{
  "_initiator": {
    "type": "script",
    "stack": {
      "callFrames": [
        {
          "functionName": "method",
          "scriptId": "126",
          "url": "https://www.vectal.ai/_next/static/chunks/9da6db1e-ad7decc175389864.js",
          "lineNumber": 0,
          "columnNumber": 80787
        },
        {
          "functionName": "",
          "scriptId": "126",
          "url": "https://www.vectal.ai/_next/static/chunks/9da6db1e-ad7decc175389864.js",
          "lineNumber": 0,
          "columnNumber": 148111
        },
        {
          "functionName": "Pe",
          "scriptId": "126",
          "url": "https://www.vectal.ai/_next/static/chunks/9da6db1e-ad7decc175389864.js",
          "lineNumber": 0,
          "columnNumber": 148117
        },
        {
          "functionName": "retriableRequest",
          "scriptId": "126",
          "url": "https://www.vectal.ai/_next/static/chunks/9da6db1e-ad7decc175389864.js",
          "lineNumber": 0,
          "columnNumber": 118977
        },
        {
          "functionName": "Rs",
          "scriptId": "126",
          "url": "https://www.vectal.ai/_next/static/chunks/9da6db1e-ad7decc175389864.js",
          "lineNumber": 0,
          "columnNumber": 148321
        },
        {
          "functionName": "",
          "scriptId": "126",
          "url": "https://www.vectal.ai/_next/static/chunks/9da6db1e-ad7decc175389864.js",
          "lineNumber": 0,
          "columnNumber": 141725
        },
        {
          "functionName": "",
          "scriptId": "126",
          "url": "https://www.vectal.ai/_next/static/chunks/9da6db1e-ad7decc175389864.js",
          "lineNumber": 0,
          "columnNumber": 118337
        },
        {
          "functionName": "",
          "scriptId": "126",
          "url": "https://www.vectal.ai/_next/static/chunks/9da6db1e-ad7decc175389864.js",
          "lineNumber": 0,
          "columnNumber": 118343
        }
      ],
      "parent": {
        "description": "setTimeout",
        "callFrames": [
          {
            "functionName": "Er",
            "scriptId": "126",
            "url": "https://www.vectal.ai/_next/static/chunks/9da6db1e-ad7decc175389864.js",
            "lineNumber": 0,
            "columnNumber": 118125
          },
          {
            "functionName": "enqueue",
            "scriptId": "126",
            "url": "https://www.vectal.ai/_next/static/chunks/9da6db1e-ad7decc175389864.js",
            "lineNumber": 0,
            "columnNumber": 117852
          },
          {
            "functionName": "capture",
            "scriptId": "126",
            "url": "https://www.vectal.ai/_next/static/chunks/9da6db1e-ad7decc175389864.js",
            "lineNumber": 0,
            "columnNumber": 151479
          },
          {
            "functionName": "Bi",
            "scriptId": "126",
            "url": "https://www.vectal.ai/_next/static/chunks/9da6db1e-ad7decc175389864.js",
            "lineNumber": 0,
            "columnNumber": 65378
          },
          {
            "functionName": "",
            "scriptId": "126",
            "url": "https://www.vectal.ai/_next/static/chunks/9da6db1e-ad7decc175389864.js",
            "lineNumber": 0,
            "columnNumber": 64921
          },
          {
            "functionName": "ai",
            "scriptId": "126",
            "url": "https://www.vectal.ai/_next/static/chunks/9da6db1e-ad7decc175389864.js",
            "lineNumber": 0,
            "columnNumber": 64904
          },
          {
            "functionName": "",
            "scriptId": "126",
            "url": "https://www.vectal.ai/_next/static/chunks/9da6db1e-ad7decc175389864.js",
            "lineNumber": 0,
            "columnNumber": 65345
          }
        ],
        "parent": {
          "description": "setTimeout",
          "callFrames": [
            {
              "functionName": "Ui",
              "scriptId": "126",
              "url": "https://www.vectal.ai/_next/static/chunks/9da6db1e-ad7decc175389864.js",
              "lineNumber": 0,
              "columnNumber": 65324
            },
            {
              "functionName": "onRRwebEmit",
              "scriptId": "126",
              "url": "https://www.vectal.ai/_next/static/chunks/9da6db1e-ad7decc175389864.js",
              "lineNumber": 0,
              "columnNumber": 63832
            },
            {
              "functionName": "emit",
              "scriptId": "126",
              "url": "https://www.vectal.ai/_next/static/chunks/9da6db1e-ad7decc175389864.js",
              "lineNumber": 0,
              "columnNumber": 59214
            },
            {
              "functionName": "At",
              "scriptId": "159",
              "url": "https://vectal-api.onrender.com/_events/static/recorder.js?v=1.259.0",
              "lineNumber": 0,
              "columnNumber": 72562
            },
            {
              "functionName": "mouseInteractionCb",
              "scriptId": "159",
              "url": "https://vectal-api.onrender.com/_events/static/recorder.js?v=1.259.0",
              "lineNumber": 0,
              "columnNumber": 76292
            },
            {
              "functionName": "e.mouseInteractionCb",
              "scriptId": "159",
              "url": "https://vectal-api.onrender.com/_events/static/recorder.js?v=1.259.0",
              "lineNumber": 0,
              "columnNumber": 41352
            },
            {
              "functionName": "",
              "scriptId": "159",
              "url": "https://vectal-api.onrender.com/_events/static/recorder.js?v=1.259.0",
              "lineNumber": 0,
              "columnNumber": 38745
            }
          ]
        }
      }
    }
  },
  "_priority": "High",
  "_resourceType": "fetch",
  "cache": {},
  "request": {
    "method": "POST",
    "url": "https://vectal-api.onrender.com/_events/s/?ip=0&_=1755720567101&ver=1.259.0&compression=gzip-js",
    "httpVersion": "h3",
    "headers": [
      {
        "name": ":authority",
        "value": "vectal-api.onrender.com"
      },
      {
        "name": ":method",
        "value": "POST"
      },
      {
        "name": ":path",
        "value": "/_events/s/?ip=0&_=1755720567101&ver=1.259.0&compression=gzip-js"
      },
      {
        "name": ":scheme",
        "value": "https"
      },
      {
        "name": "accept",
        "value": "*/*"
      },
      {
        "name": "accept-encoding",
        "value": "gzip, deflate, br"
      },
      {
        "name": "accept-language",
        "value": "en-US"
      },
      {
        "name": "content-length",
        "value": "2047"
      },
      {
        "name": "content-type",
        "value": "text/plain"
      },
      {
        "name": "origin",
        "value": "https://www.vectal.ai"
      },
      {
        "name": "referer",
        "value": "https://www.vectal.ai/"
      },
      {
        "name": "sec-ch-ua",
        "value": "\"Not(A:Brand\";v=\"24\", \"Chromium\";v=\"122\""
      },
      {
        "name": "sec-ch-ua-mobile",
        "value": "?0"
      },
      {
        "name": "sec-ch-ua-platform",
        "value": "\"Windows\""
      },
      {
        "name": "sec-fetch-dest",
        "value": "empty"
      },
      {
        "name": "sec-fetch-mode",
        "value": "cors"
      },
      {
        "name": "sec-fetch-site",
        "value": "cross-site"
      },
      {
        "name": "user-agent",
        "value": "Mozilla/5.0 (Windows NT 10.0; Win64; x64) AppleWebKit/537.36 (KHTML, like Gecko) Noi/0.4.0 Chrome/122.0.6261.130 Electron/29.1.5 Safari/537.36"
      }
    ],
    "queryString": [
      {
        "name": "ip",
        "value": "0"
      },
      {
        "name": "_",
        "value": "1755720567101"
      },
      {
        "name": "ver",
        "value": "1.259.0"
      },
      {
        "name": "compression",
        "value": "gzip-js"
      }
    ],
    "cookies": [],
    "headersSize": -1,
    "bodySize": 3055,
    "postData": {
      "mimeType": "text/plain",
      "text": "\u001f\b\u0000\u0000\u0000\u0000\u0000\u0000\u0003åX{W\u0013×\u0016ÿ*Ü(¡3L\u001e\b¶UiW-Ø«]<ÄAdfÂ`2\tÉË¢ÒP ÊKÞ¢\"(* ¼\n\u0002kíýÅî9\u0011i\u0005Kë\rkeMö>ûõÛ¿}Î\u0019®·¸ÒiCu\u0015¹x!\u0018\b\u0007 \u0017Rý\u001aç\u000f\u0005.¨\b:§ë\u001eA÷(!Aô]nÖ¤\u0016-?2Dª>n,'´¤eh)WQË\u0007M](kÙ\"×ãwï\u0013«¥¸(²Mh¤v»¤Å§a\u0012îNr»ìä\u0004Ñë\u0015ZIhÄ´¥Ä\u0012$òK_ä%à\u0015­îO8ãÉNk¶(\u0011æyA^9d?ñ|ã\u0019xVÏ\u001eoó-8ß\"ã6î^¯=\u0005[err¿|ÿ7A XVÒ\b¥z\u0010&Ý,\u0006my²þ\rNÃ\u0016¾·².3kO\u0000Î\u0017'aÚYëx\u0013\u0014x\u000eÝÐÈàø\r|\bëc°x\u000e:Ò,w\u0018¯À»Ð÷Ý\u0005|\u0005á%ÎVãD\u0010\u001e%pÇ±æ¯@7®¦á\u0005<\u0005ü\u001d:\u001c+©ì\u001bXtôA\u0018/Ãû\"ÌÃ\u0018l§\u001cY\u0000gp#ç}5Ü²| \u000eI-\u0016o:\"\bÿ\u0018kU=R\u0000X¨Àé\u0006t~\nüO0|ÇçØñ\u001e\u000eY0_~\u001b\u0017pô&®0 .\u0015@\u000f<Å1\u0016þ\bô·Áeq\u001d¦TØØ\u000by·Cø\u0002\u0017q(aId`\u0014ºG?\u000eg`\u0005wñÎw°\u0003áWGî«-ÆyºÚìeè§VßÁ\rc*Ø½v¾\u0018æqñ\u001a´Gð\u0017|\n\u000fCG6Ou;¬÷<Þ+\u0019\u0018iÄq\u001cÀ\u0011X\u0005X\u0015/N\u001c;[RÍ\u001cQJ¬O\u001aK+»0Ë*)½\u0005\u000fp\u0005\u0007ñ¹£\nÃ\u001a¼aDw\f³|X;\u0007]úlâ\u0012<s´ê\u000f0bÀº\u0004kØ[0\u0013ºAéOÌazA¥¿fØy¯â\u0010´ã,ìà=VpQXí\u0004ø\u001fL`ï\u0019G&HÎí,õ\u0004ô_Â\u0001x£Ã&S°\u0016¶~è'\rÂR\u0019\u0005|\u0006O°Wá\\É³DÔ~x\u0003#Ð`õ¶\u001aç°½è?ÌS>öñÜÔï.Z½\r\u001d8Ð$[N)YË!ì6Ü©W.±¬ò|è<ïÄöScÞ\u0016°Ç\u001a\nÏÒ#±\u001aÆªÓP?üVC\u0015²©¯*aü=ýòqî<´KgíØCÐíØY]èÂË¼«Øö5Nâ@>¬ü`ár\u0001è¸Ö°\u0006wÝÍùi'_Á\u0013èÉ¡ð¸\u0001;a¥êGää\tøFýg\u0018ÁejÝÓSÅ6DA;pÈnh7¯\u000b8\u000e[WÙ¨Ä\"F\u0014Bn\f¦à\u0011®|+»,ÙE÷Ï2ð~\\gÞJ\u001a`] -gR©³p\u0007o½Åz\n]EÄ¯W%nâÐDP\u000eÁ\u0016uj\ræ`©¾\b»ìõ0ÇÃì9¯«YìÇWµ°\u000b}4÷Ïáî\u001bDÊ×\u0004Òr&0\u000eÛ¸\t[`\u0019_ÛãDÝ[+;\rkWBð°°`Ó¿Á\u001c5°ðx&ª-W§¿\u001c\u0014è­b]>\u001fIâ Æ@öÑüëø3Û¾\u0004¥\u0004Ûôy­\u0015zÑ5AÂö&*³íæå¯ðåÍ\u000fÛ\u0014í\u0019Ãªl~YCd28gÃ\u0015¤/à-Áõ°¼ì,uù-;S°ê¦ sÔC6~_ËÎîD[ÖhaËEøUå0bðdæ\u0004N\u0006h¶ûÙ°ÒÄt6WÓXµÃ;èM0RÀ0íK£4þp¯\"wp,ñ8\u0019^Ü$V&aà\u00021Æ%\u00050¹m=ZJûÔVm\u000b¾¡¹düÑ\u001aèô¡]ÓY@n7\u0002°*[¸Ûp÷\u0004ñnUÌ¶\u0010\u0005ûNÃ&<ø¯¿çwÜð>ã2\rÓ\u0003èNäàöÛÅeùtìì\u0010¶\u000bnÂ;|Y\u001cû¾\u0011Û`ã\u0018¾n3ÄÝÁÂ\u001f±\u0003ï^¤\n&÷\u001dl^\"ïv³,#ã½@§Ó(ô££ ·Áç\u000eCï\u0001~:üÃMt2¼èå\u0004{å®\u0005×kÿx~ÓÍÄ¾tA_@ø£¬­l[\\\u001cTT£KÄ\u0013t÷á&Å*¡¨Æe\fÕª§$\u0004É'&é¸:te½fDêí»T Pè£j\u0011\u00146x \u0019®'÷Ü{<X´çùàUVR1Sz<\u0019ãâI#b®\"]¦´ÖÖVBbï\u0004w`qÚëµcîÿ|é¶w\bÈiÄ\u0014ËN:\u000f¹TÉbOE\u0019fÓÓfø\u0015ª\u0016U²\u0007È\rKc^¹p<mßj?¶4Úa^u#\u001aåbq2ýH \u001c¡e\u001d¤4ØAb\u001bà¨a\u001e¤¢~E4Û_ò $V3\tÎ÷}¤ü5÷h@Dq£o@\u0017ýB?ÑìÎ¤B\u000f}\u0012Í§Â!Äççy<9\u0013×?aSÀóI6í½\u0016øòZ\u0010ð~\u001e5\u001dï\u0006OI\u001a\nñ)\u0015&¦Uf:\u001aeÞß7Ü\u0015ÆSJ\bìkÃG$?ØâoC\u0016\u0006ÙÞ¤¾\u0001dÈ¨`y_¥¥DÈmÆ0Õx&¯ÞPUÍ´ßml4®PF-ÛÁ\u000e}Ò>K[$Ø\u0015\u001dOi©\u0014\rwÝ¾ws>Ä\ta5Ìù}a?\u0017ð©\u0001LDOP÷\u0007$-D¹\u001egÉÿ¥Çëõ©^X±m¢FÈ.9 \u001fuMZÒl\u001fa¢\u0014,´_¹¬ø-B£È¨\u000f×Y¥\u001aéûUH>OÕ-¥²<ÛXó­õõÅÒÆ\u0014iÖM±¬ôÇ+¥DÛe8nêF¤NÕt%\u001duÞÂ)iã%Nô^5RA;7KZò)Á ï¥ÿ:h£\u0011\u00168Å£ò\\(¤û\u0004¿\u0012\bèb_\u0000âºÒh/ôÐM¤µöÿïÈb\u001bÅ\u0010\u0000\u0000"
    }
  },
  "response": {
    "status": 200,
    "statusText": "",
    "httpVersion": "h3",
    "headers": [
      {
        "name": "Content-Security-Policy",
        "value": ""
      },
      {
        "name": "access-control-allow-credentials",
        "value": "true"
      },
      {
        "name": "access-control-allow-origin",
        "value": "https://www.vectal.ai"
      },
      {
        "name": "access-control-expose-headers",
        "value": "X-Accel-Buffering, Content-Type"
      },
      {
        "name": "alt-svc",
        "value": "h3=\":443\"; ma=86400"
      },
      {
        "name": "cf-cache-status",
        "value": "DYNAMIC"
      },
      {
        "name": "cf-ray",
        "value": "9724874bf9ee73b4-JNB"
      },
      {
        "name": "content-encoding",
        "value": "br"
      },
      {
        "name": "content-type",
        "value": "application/json"
      },
      {
        "name": "date",
        "value": "Wed, 20 Aug 2025 20:09:28 GMT"
      },
      {
        "name": "priority",
        "value": "u=1,i"
      },
      {
        "name": "rndr-id",
        "value": "b02ee937-43bd-4793"
      },
      {
        "name": "server",
        "value": "cloudflare"
      },
      {
        "name": "server-timing",
        "value": "cfExtPri"
      },
      {
        "name": "strict-transport-security",
        "value": "max-age=31536000; includeSubDomains"
      },
      {
        "name": "vary",
        "value": "origin, access-control-request-method, access-control-request-headers, Origin"
      },
      {
        "name": "vary",
        "value": "Accept-Encoding"
      },
      {
        "name": "x-envoy-upstream-service-time",
        "value": "513"
      },
      {
        "name": "x-render-origin-server",
        "value": "uvicorn"
      }
    ],
    "cookies": [],
    "content": {
      "size": 15,
      "mimeType": "application/json",
      "text": "{\"status\":\"Ok\"}"
    },
    "redirectURL": "",
    "headersSize": -1,
    "bodySize": -1,
    "_transferSize": 379,
    "_error": null
  },
  "serverIPAddress": "216.24.57.7",
  "startedDateTime": "2025-08-20T20:09:27.104Z",
  "time": 1207.1839999989606,
  "timings": {
    "blocked": 4.527999997037463,
    "dns": -1,
    "ssl": -1,
    "connect": -1,
    "send": 0.996,
    "wait": 1200.3119999966864,
    "receive": 1.3480000052368268,
    "_blocked_queueing": 2.118999997037463
  }
}